ISO-10303-21;
HEADER;
FILE_DESCRIPTION((''),'2;1');
FILE_NAME('1515','2022-12-01T14:46:01',('win'),(''),
'CREO PARAMETRIC BY PTC INC, 2020033','CREO PARAMETRIC BY PTC INC, 2020033','');
FILE_SCHEMA(('AUTOMOTIVE_DESIGN { 1 0 10303 214 1 1 1 1 }'));
ENDSEC;
DATA;
#17=DIRECTION('',(-1.E0,0.E0,2.220446049250E-14));
#18=VECTOR('',#17,1.E-2);
#19=CARTESIAN_POINT('',(-8.E0,-2.551492551204E0,1.781176863445E0));
#20=LINE('',#19,#18);
#21=DIRECTION('',(-1.E0,-4.440892098501E-14,0.E0));
#22=VECTOR('',#21,1.E-2);
#23=CARTESIAN_POINT('',(-8.E0,-2.551492551204E0,1.748156212284E0));
#24=LINE('',#23,#22);
#25=DIRECTION('',(-1.E0,-4.440892098501E-14,-4.440892098501E-14));
#26=VECTOR('',#25,1.E-2);
#27=CARTESIAN_POINT('',(-8.E0,-2.551492551204E0,1.997584932625E0));
#28=LINE('',#27,#26);
#29=DIRECTION('',(0.E0,-1.E0,0.E0));
#30=VECTOR('',#29,4.5E0);
#31=CARTESIAN_POINT('',(-8.E0,2.15E0,2.5E0));
#32=LINE('',#31,#30);
#33=DIRECTION('',(0.E0,0.E0,1.E0));
#34=VECTOR('',#33,2.2E0);
#35=CARTESIAN_POINT('',(-8.E0,-2.35E0,2.5E0));
#36=LINE('',#35,#34);
#37=DIRECTION('',(0.E0,-1.E0,0.E0));
#38=VECTOR('',#37,4.5E0);
#39=CARTESIAN_POINT('',(-8.E0,2.15E0,4.7E0));
#40=LINE('',#39,#38);
#41=DIRECTION('',(0.E0,0.E0,-1.E0));
#42=VECTOR('',#41,8.E-1);
#43=CARTESIAN_POINT('',(-8.E0,2.15E0,5.5E0));
#44=LINE('',#43,#42);
#45=DIRECTION('',(0.E0,8.395701571522E-1,5.432512781573E-1));
#46=VECTOR('',#45,2.024845673132E0);
#47=CARTESIAN_POINT('',(-8.E0,-4.7E0,2.5E0));
#48=LINE('',#47,#46);
#49=DIRECTION('',(0.E0,0.E0,1.E0));
#50=VECTOR('',#49,2.5E0);
#51=CARTESIAN_POINT('',(-8.E0,-4.7E0,0.E0));
#52=LINE('',#51,#50);
#53=DIRECTION('',(0.E0,0.E0,1.E0));
#54=VECTOR('',#53,1.2E0);
#55=CARTESIAN_POINT('',(-8.E0,-2.E-1,0.E0));
#56=LINE('',#55,#54);
#57=DIRECTION('',(0.E0,1.E0,0.E0));
#58=VECTOR('',#57,2.35E0);
#59=CARTESIAN_POINT('',(-8.E0,-2.E-1,1.2E0));
#60=LINE('',#59,#58);
#61=DIRECTION('',(0.E0,0.E0,-1.E0));
#62=VECTOR('',#61,1.3E0);
#63=CARTESIAN_POINT('',(-8.E0,2.15E0,2.5E0));
#64=LINE('',#63,#62);
#65=CARTESIAN_POINT('',(-8.E0,-1.180635715049E0,1.375397449486E0));
#66=DIRECTION('',(-1.E0,0.E0,0.E0));
#67=DIRECTION('',(0.E0,1.E0,0.E0));
#68=AXIS2_PLACEMENT_3D('',#65,#66,#67);
#70=CARTESIAN_POINT('',(-8.E0,-1.180635715049E0,1.375397449486E0));
#71=DIRECTION('',(-1.E0,0.E0,0.E0));
#72=DIRECTION('',(0.E0,-1.E0,0.E0));
#73=AXIS2_PLACEMENT_3D('',#70,#71,#72);
#75=DIRECTION('',(0.E0,0.E0,1.E0));
#76=VECTOR('',#75,3.042812069908E-2);
#77=CARTESIAN_POINT('',(-8.E0,-2.340747114350E0,1.737103845572E0));
#78=LINE('',#77,#76);
#79=DIRECTION('',(0.E0,1.E0,0.E0));
#80=VECTOR('',#79,1.062937489860E-1);
#81=CARTESIAN_POINT('',(-8.E0,-2.340747114350E0,1.767531966271E0));
#82=LINE('',#81,#80);
#83=DIRECTION('',(0.E0,0.E0,1.E0));
#84=VECTOR('',#83,2.364660680250E-1);
#85=CARTESIAN_POINT('',(-8.E0,-2.234453365364E0,1.767531966271E0));
#86=LINE('',#85,#84);
#87=DIRECTION('',(0.E0,1.E0,0.E0));
#88=VECTOR('',#87,3.445336536424E-2);
#89=CARTESIAN_POINT('',(-8.E0,-2.234453365364E0,2.003998034296E0));
#90=LINE('',#89,#88);
#91=DIRECTION('',(0.E0,0.E0,-1.E0));
#92=VECTOR('',#91,2.668941887241E-1);
#93=CARTESIAN_POINT('',(-8.E0,-2.2E0,2.003998034296E0));
#94=LINE('',#93,#92);
#95=DIRECTION('',(0.E0,-1.E0,0.E0));
#96=VECTOR('',#95,1.407471143502E-1);
#97=CARTESIAN_POINT('',(-8.E0,-2.2E0,1.737103845572E0));
#98=LINE('',#97,#96);
#99=CARTESIAN_POINT('',(-8.E0,-2.551492551204E0,1.748156212284E0));
#100=CARTESIAN_POINT('',(-8.E0,-2.551492551204E0,1.759163096004E0));
#101=CARTESIAN_POINT('',(-8.E0,-2.551492551204E0,1.770169979724E0));
#102=CARTESIAN_POINT('',(-8.E0,-2.551492551204E0,1.781176863445E0));
#104=CARTESIAN_POINT('',(-8.E0,-2.551492551204E0,1.961562404086E0));
#105=CARTESIAN_POINT('',(-8.E0,-2.532604905092E0,1.972085521203E0));
#106=CARTESIAN_POINT('',(-8.E0,-2.484495685144E0,1.985135353461E0));
#107=CARTESIAN_POINT('',(-8.E0,-2.404062281801E0,1.955316132075E0));
#108=CARTESIAN_POINT('',(-8.E0,-2.379738856413E0,1.869224997403E0));
#109=CARTESIAN_POINT('',(-8.E0,-2.402681433950E0,1.784151809270E0));
#110=CARTESIAN_POINT('',(-8.E0,-2.482057344206E0,1.755338222044E0));
#111=CARTESIAN_POINT('',(-8.E0,-2.531220421502E0,1.768843469849E0));
#112=CARTESIAN_POINT('',(-8.E0,-2.551492551204E0,1.781176863445E0));
#114=CARTESIAN_POINT('',(-8.E0,-2.551492551204E0,1.961562404086E0));
#115=CARTESIAN_POINT('',(-8.E0,-2.551492551204E0,1.973569913599E0));
#116=CARTESIAN_POINT('',(-8.E0,-2.551492551204E0,1.985577423112E0));
#117=CARTESIAN_POINT('',(-8.E0,-2.551492551204E0,1.997584932625E0));
#119=CARTESIAN_POINT('',(-8.E0,-2.551492551204E0,1.748156212284E0));
#120=CARTESIAN_POINT('',(-8.E0,-2.529233543787E0,1.736408402812E0));
#121=CARTESIAN_POINT('',(-8.E0,-2.470239706491E0,1.725043269423E0));
#122=CARTESIAN_POINT('',(-8.E0,-2.372529677345E0,1.758081549885E0));
#123=CARTESIAN_POINT('',(-8.E0,-2.340117887909E0,1.868647992789E0));
#124=CARTESIAN_POINT('',(-8.E0,-2.376186366606E0,1.980298597457E0));
#125=CARTESIAN_POINT('',(-8.E0,-2.474603423116E0,2.014891119955E0));
#126=CARTESIAN_POINT('',(-8.E0,-2.531871045879E0,2.006109029202E0));
#127=CARTESIAN_POINT('',(-8.E0,-2.551492551204E0,1.997584932625E0));
#129=DIRECTION('',(0.E0,0.E0,1.E0));
#130=VECTOR('',#129,3.042812069908E-2);
#131=CARTESIAN_POINT('',(-8.E0,-2.748456641911E0,1.737103845572E0));
#132=LINE('',#131,#130);
#133=DIRECTION('',(0.E0,1.E0,0.E0));
#134=VECTOR('',#133,1.090909529066E-1);
#135=CARTESIAN_POINT('',(-8.E0,-2.748456641911E0,1.767531966271E0));
#136=LINE('',#135,#134);
#137=DIRECTION('',(0.E0,0.E0,1.E0));
#138=VECTOR('',#137,8.978342340378E-2);
#139=CARTESIAN_POINT('',(-8.E0,-2.639365689004E0,1.767531966271E0));
#140=LINE('',#139,#138);
#141=DIRECTION('',(0.E0,-1.E0,0.E0));
#142=VECTOR('',#141,9.544605573138E-2);
#143=CARTESIAN_POINT('',(-8.E0,-2.639365689004E0,1.857315389675E0));
#144=LINE('',#143,#142);
#145=DIRECTION('',(0.E0,0.E0,1.E0));
#146=VECTOR('',#145,3.056456966988E-2);
#147=CARTESIAN_POINT('',(-8.E0,-2.734811744736E0,1.857315389675E0));
#148=LINE('',#147,#146);
#149=DIRECTION('',(0.E0,1.E0,0.E0));
#150=VECTOR('',#149,9.544605573138E-2);
#151=CARTESIAN_POINT('',(-8.E0,-2.734811744736E0,1.887879959345E0));
#152=LINE('',#151,#150);
#153=DIRECTION('',(0.E0,0.E0,1.E0));
#154=VECTOR('',#153,8.541705631068E-2);
#155=CARTESIAN_POINT('',(-8.E0,-2.639365689004E0,1.887879959345E0));
#156=LINE('',#155,#154);
#157=DIRECTION('',(0.E0,-1.E0,0.E0));
#158=VECTOR('',#157,1.030189736630E-1);
#159=CARTESIAN_POINT('',(-8.E0,-2.639365689004E0,1.973297015655E0));
#160=LINE('',#159,#158);
#161=DIRECTION('',(0.E0,0.E0,1.E0));
#162=VECTOR('',#161,3.070101864068E-2);
#163=CARTESIAN_POINT('',(-8.E0,-2.742384662667E0,1.973297015655E0));
#164=LINE('',#163,#162);
#165=DIRECTION('',(0.E0,1.E0,0.E0));
#166=VECTOR('',#165,1.374723390272E-1);
#167=CARTESIAN_POINT('',(-8.E0,-2.742384662667E0,2.003998034296E0));
#168=LINE('',#167,#166);
#169=DIRECTION('',(0.E0,0.E0,-1.E0));
#170=VECTOR('',#169,2.668941887241E-1);
#171=CARTESIAN_POINT('',(-8.E0,-2.604912323640E0,2.003998034296E0));
#172=LINE('',#171,#170);
#173=DIRECTION('',(0.E0,-1.E0,0.E0));
#174=VECTOR('',#173,1.435443182709E-1);
#175=CARTESIAN_POINT('',(-8.E0,-2.604912323640E0,1.737103845572E0));
#176=LINE('',#175,#174);
#177=CARTESIAN_POINT('',(-8.E0,-2.833327902333E0,1.973297015655E0));
#178=CARTESIAN_POINT('',(-8.E0,-2.846768126049E0,1.973297015655E0));
#179=CARTESIAN_POINT('',(-8.E0,-2.860208349764E0,1.973297015655E0));
#180=CARTESIAN_POINT('',(-8.E0,-2.873648573480E0,1.973297015655E0));
#182=CARTESIAN_POINT('',(-8.E0,-2.872079410308E0,1.767531966271E0));
#183=CARTESIAN_POINT('',(-8.E0,-2.900108088754E0,1.767531966271E0));
#184=CARTESIAN_POINT('',(-8.E0,-2.961998051261E0,1.784512475428E0));
#185=CARTESIAN_POINT('',(-8.E0,-2.989115843684E0,1.872262986207E0));
#186=CARTESIAN_POINT('',(-8.E0,-2.961049356512E0,1.959061925792E0));
#187=CARTESIAN_POINT('',(-8.E0,-2.900653225371E0,1.973297015656E0));
#188=CARTESIAN_POINT('',(-8.E0,-2.873648573480E0,1.973297015655E0));
#190=CARTESIAN_POINT('',(-8.E0,-2.872079410308E0,1.767531966271E0));
#191=CARTESIAN_POINT('',(-8.E0,-2.859162240984E0,1.767531966271E0));
#192=CARTESIAN_POINT('',(-8.E0,-2.846245071659E0,1.767531966271E0));
#193=CARTESIAN_POINT('',(-8.E0,-2.833327902335E0,1.767531966271E0));
#195=CARTESIAN_POINT('',(-8.E0,-2.833327902335E0,1.767531966271E0));
#196=CARTESIAN_POINT('',(-8.E0,-2.833327902334E0,1.836120316066E0));
#197=CARTESIAN_POINT('',(-8.E0,-2.833327902333E0,1.904708665861E0));
#198=CARTESIAN_POINT('',(-8.E0,-2.833327902333E0,1.973297015655E0));
#200=CARTESIAN_POINT('',(-8.E0,-2.798874536970E0,1.737103845572E0));
#201=CARTESIAN_POINT('',(-8.E0,-2.823344385902E0,1.737103845572E0));
#202=CARTESIAN_POINT('',(-8.E0,-2.847814234834E0,1.737103845572E0));
#203=CARTESIAN_POINT('',(-8.E0,-2.872284083766E0,1.737103845572E0));
#205=CARTESIAN_POINT('',(-8.E0,-2.875013063200E0,2.003998034296E0));
#206=CARTESIAN_POINT('',(-8.E0,-2.910650989024E0,2.003998034296E0));
#207=CARTESIAN_POINT('',(-8.E0,-2.986675969860E0,1.982276458504E0));
#208=CARTESIAN_POINT('',(-8.E0,-3.030484620959E0,1.872596154242E0));
#209=CARTESIAN_POINT('',(-8.E0,-2.987566353975E0,1.760773293473E0));
#210=CARTESIAN_POINT('',(-8.E0,-2.909007655650E0,1.737103845572E0));
#211=CARTESIAN_POINT('',(-8.E0,-2.872284083766E0,1.737103845572E0));
#213=CARTESIAN_POINT('',(-8.E0,-2.875013063200E0,2.003998034296E0));
#214=CARTESIAN_POINT('',(-8.E0,-2.849633554456E0,2.003998034296E0));
#215=CARTESIAN_POINT('',(-8.E0,-2.824254045712E0,2.003998034296E0));
#216=CARTESIAN_POINT('',(-8.E0,-2.798874536968E0,2.003998034296E0));
#218=CARTESIAN_POINT('',(-8.E0,-2.798874536968E0,2.003998034296E0));
#219=CARTESIAN_POINT('',(-8.E0,-2.798874536968E0,1.915033304721E0));
#220=CARTESIAN_POINT('',(-8.E0,-2.798874536969E0,1.826068575147E0));
#221=CARTESIAN_POINT('',(-8.E0,-2.798874536970E0,1.737103845572E0));
#223=CARTESIAN_POINT('',(-8.E0,-3.154869904240E0,1.951192282232E0));
#224=CARTESIAN_POINT('',(-8.E0,-3.152741177613E0,1.957242347382E0));
#225=CARTESIAN_POINT('',(-8.E0,-3.151383143857E0,1.963562065890E0));
#226=CARTESIAN_POINT('',(-8.E0,-3.150312974931E0,1.969885791362E0));
#228=CARTESIAN_POINT('',(-8.E0,-3.154869904240E0,1.951192282232E0));
#229=CARTESIAN_POINT('',(-8.E0,-3.168310127956E0,1.914214610890E0));
#230=CARTESIAN_POINT('',(-8.E0,-3.181750351672E0,1.877236939548E0));
#231=CARTESIAN_POINT('',(-8.E0,-3.195190575389E0,1.840259268206E0));
#233=CARTESIAN_POINT('',(-8.E0,-3.195190575389E0,1.840259268206E0));
#234=CARTESIAN_POINT('',(-8.E0,-3.165330992073E0,1.840259268206E0));
#235=CARTESIAN_POINT('',(-8.E0,-3.135471408757E0,1.840259268206E0));
#236=CARTESIAN_POINT('',(-8.E0,-3.105611825441E0,1.840259268206E0));
#238=CARTESIAN_POINT('',(-8.E0,-3.105611825441E0,1.840259268206E0));
#239=CARTESIAN_POINT('',(-8.E0,-3.118915600186E0,1.877236939548E0));
#240=CARTESIAN_POINT('',(-8.E0,-3.132219374930E0,1.914214610890E0));
#241=CARTESIAN_POINT('',(-8.E0,-3.145523149675E0,1.951192282232E0));
#243=CARTESIAN_POINT('',(-8.E0,-3.150312974931E0,1.969885791362E0));
#244=CARTESIAN_POINT('',(-8.E0,-3.149290409611E0,1.963535122534E0));
#245=CARTESIAN_POINT('',(-8.E0,-3.147781739698E0,1.957215188964E0));
#246=CARTESIAN_POINT('',(-8.E0,-3.145523149675E0,1.951192282232E0));
#248=DIRECTION('',(0.E0,3.559357243710E-1,9.345104387413E-1));
#249=VECTOR('',#248,2.855978677815E-1);
#250=CARTESIAN_POINT('',(-8.E0,-3.271124428165E0,1.737103845572E0));
#251=LINE('',#250,#249);
#252=DIRECTION('',(0.E0,1.E0,0.E0));
#253=VECTOR('',#252,3.684122236974E-2);
#254=CARTESIAN_POINT('',(-8.E0,-3.169469944217E0,2.003998034296E0));
#255=LINE('',#254,#253);
#256=DIRECTION('',(0.E0,3.559357243682E-1,-9.345104387424E-1));
#257=VECTOR('',#256,2.855978677812E-1);
#258=CARTESIAN_POINT('',(-8.E0,-3.132628721847E0,2.003998034296E0));
#259=LINE('',#258,#257);
#260=DIRECTION('',(0.E0,-1.E0,0.E0));
#261=VECTOR('',#260,3.806926311426E-2);
#262=CARTESIAN_POINT('',(-8.E0,-3.030974237901E0,1.737103845572E0));
#263=LINE('',#262,#261);
#264=DIRECTION('',(0.E0,-3.315284184081E-1,9.434452330622E-1));
#265=VECTOR('',#264,7.737619240816E-2);
#266=CARTESIAN_POINT('',(-8.E0,-3.069043501015E0,1.737103845572E0));
#267=LINE('',#266,#265);
#268=DIRECTION('',(0.E0,-1.E0,0.E0));
#269=VECTOR('',#268,1.111376874824E-1);
#270=CARTESIAN_POINT('',(-8.E0,-3.094695907706E0,1.810104045452E0));
#271=LINE('',#270,#269);
#272=DIRECTION('',(0.E0,-3.493954794714E-1,-9.369753459537E-1));
#273=VECTOR('',#272,7.791048099102E-2);
#274=CARTESIAN_POINT('',(-8.E0,-3.205833595189E0,1.810104045452E0));
#275=LINE('',#274,#273);
#276=DIRECTION('',(0.E0,-1.E0,0.E0));
#277=VECTOR('',#276,3.806926311426E-2);
#278=CARTESIAN_POINT('',(-8.E0,-3.233055165050E0,1.737103845572E0));
#279=LINE('',#278,#277);
#280=DIRECTION('',(0.E0,0.E0,1.E0));
#281=VECTOR('',#280,3.042812069908E-2);
#282=CARTESIAN_POINT('',(-8.E0,-2.343544318271E0,1.313702686261E0));
#283=LINE('',#282,#281);
#284=DIRECTION('',(0.E0,1.E0,0.E0));
#285=VECTOR('',#284,1.090909529066E-1);
#286=CARTESIAN_POINT('',(-8.E0,-2.343544318271E0,1.344130806960E0));
#287=LINE('',#286,#285);
#288=DIRECTION('',(0.E0,0.E0,1.E0));
#289=VECTOR('',#288,8.978342340378E-2);
#290=CARTESIAN_POINT('',(-8.E0,-2.234453365364E0,1.344130806960E0));
#291=LINE('',#290,#289);
#292=DIRECTION('',(0.E0,-1.E0,0.E0));
#293=VECTOR('',#292,9.544605573138E-2);
#294=CARTESIAN_POINT('',(-8.E0,-2.234453365364E0,1.433914230364E0));
#295=LINE('',#294,#293);
#296=DIRECTION('',(0.E0,0.E0,1.E0));
#297=VECTOR('',#296,3.056456966988E-2);
#298=CARTESIAN_POINT('',(-8.E0,-2.329899421096E0,1.433914230364E0));
#299=LINE('',#298,#297);
#300=DIRECTION('',(0.E0,1.E0,0.E0));
#301=VECTOR('',#300,9.544605573138E-2);
#302=CARTESIAN_POINT('',(-8.E0,-2.329899421096E0,1.464478800034E0));
#303=LINE('',#302,#301);
#304=DIRECTION('',(0.E0,0.E0,1.E0));
#305=VECTOR('',#304,8.541705631068E-2);
#306=CARTESIAN_POINT('',(-8.E0,-2.234453365364E0,1.464478800034E0));
#307=LINE('',#306,#305);
#308=DIRECTION('',(0.E0,-1.E0,0.E0));
#309=VECTOR('',#308,1.030189736630E-1);
#310=CARTESIAN_POINT('',(-8.E0,-2.234453365364E0,1.549895856345E0));
#311=LINE('',#310,#309);
#312=DIRECTION('',(0.E0,0.E0,1.E0));
#313=VECTOR('',#312,3.070101864068E-2);
#314=CARTESIAN_POINT('',(-8.E0,-2.337472339027E0,1.549895856345E0));
#315=LINE('',#314,#313);
#316=DIRECTION('',(0.E0,1.E0,0.E0));
#317=VECTOR('',#316,1.374723390272E-1);
#318=CARTESIAN_POINT('',(-8.E0,-2.337472339027E0,1.580596874985E0));
#319=LINE('',#318,#317);
#320=DIRECTION('',(0.E0,0.E0,-1.E0));
#321=VECTOR('',#320,2.668941887241E-1);
#322=CARTESIAN_POINT('',(-8.E0,-2.2E0,1.580596874985E0));
#323=LINE('',#322,#321);
#324=DIRECTION('',(0.E0,-1.E0,0.E0));
#325=VECTOR('',#324,1.435443182709E-1);
#326=CARTESIAN_POINT('',(-8.E0,-2.2E0,1.313702686261E0));
#327=LINE('',#326,#325);
#328=CARTESIAN_POINT('',(-8.E0,-2.450656761087E0,1.403349660694E0));
#329=CARTESIAN_POINT('',(-8.E0,-2.465529699007E0,1.405350912280E0));
#330=CARTESIAN_POINT('',(-8.E0,-2.480402636926E0,1.407352163866E0));
#331=CARTESIAN_POINT('',(-8.E0,-2.495275574846E0,1.409353415452E0));
#333=CARTESIAN_POINT('',(-8.E0,-2.495275574846E0,1.409353415452E0));
#334=CARTESIAN_POINT('',(-8.E0,-2.495275574846E0,1.403258694714E0));
#335=CARTESIAN_POINT('',(-8.E0,-2.495275574846E0,1.397163973976E0));
#336=CARTESIAN_POINT('',(-8.E0,-2.495275574846E0,1.391069253238E0));
#338=CARTESIAN_POINT('',(-8.E0,-2.450656761087E0,1.403349660694E0));
#339=CARTESIAN_POINT('',(-8.E0,-2.439299888984E0,1.401762674200E0));
#340=CARTESIAN_POINT('',(-8.E0,-2.416624609474E0,1.397954522859E0));
#341=CARTESIAN_POINT('',(-8.E0,-2.406086854026E0,1.367783456678E0));
#342=CARTESIAN_POINT('',(-8.E0,-2.417076919186E0,1.341477887470E0));
#343=CARTESIAN_POINT('',(-8.E0,-2.449282673995E0,1.332805853636E0));
#344=CARTESIAN_POINT('',(-8.E0,-2.485937752390E0,1.348365018970E0));
#345=CARTESIAN_POINT('',(-8.E0,-2.495275574846E0,1.377254847737E0));
#346=CARTESIAN_POINT('',(-8.E0,-2.495275574846E0,1.391069253238E0));
#348=CARTESIAN_POINT('',(-8.E0,-2.495275574846E0,1.343175664157E0));
#349=CARTESIAN_POINT('',(-8.E0,-2.495275574846E0,1.333351338192E0));
#350=CARTESIAN_POINT('',(-8.E0,-2.495275574846E0,1.323527012227E0));
#351=CARTESIAN_POINT('',(-8.E0,-2.495275574846E0,1.313702686261E0));
#353=CARTESIAN_POINT('',(-8.E0,-2.495275574846E0,1.313702686261E0));
#354=CARTESIAN_POINT('',(-8.E0,-2.506418907538E0,1.313702686261E0));
#355=CARTESIAN_POINT('',(-8.E0,-2.517562240230E0,1.313702686261E0));
#356=CARTESIAN_POINT('',(-8.E0,-2.528705572922E0,1.313702686261E0));
#358=CARTESIAN_POINT('',(-8.E0,-2.528705572922E0,1.313702686261E0));
#359=CARTESIAN_POINT('',(-8.E0,-2.528705572922E0,1.354591894793E0));
#360=CARTESIAN_POINT('',(-8.E0,-2.528705572922E0,1.395481103324E0));
#361=CARTESIAN_POINT('',(-8.E0,-2.528705572922E0,1.436370311855E0));
#363=CARTESIAN_POINT('',(-8.E0,-2.394166886785E0,1.490949900552E0));
#364=CARTESIAN_POINT('',(-8.E0,-2.413357152851E0,1.503004435916E0));
#365=CARTESIAN_POINT('',(-8.E0,-2.470466713506E0,1.526143023423E0));
#366=CARTESIAN_POINT('',(-8.E0,-2.528705572922E0,1.469666998641E0));
#367=CARTESIAN_POINT('',(-8.E0,-2.528705572922E0,1.436370311855E0));
#369=CARTESIAN_POINT('',(-8.E0,-2.394166886785E0,1.490949900552E0));
#370=CARTESIAN_POINT('',(-8.E0,-2.394166886785E0,1.480124948794E0));
#371=CARTESIAN_POINT('',(-8.E0,-2.394166886785E0,1.469299997035E0));
#372=CARTESIAN_POINT('',(-8.E0,-2.394166886785E0,1.458475045277E0));
#374=CARTESIAN_POINT('',(-8.E0,-2.495275574845E0,1.434869373167E0));
#375=CARTESIAN_POINT('',(-8.E0,-2.495275574845E0,1.455059569312E0));
#376=CARTESIAN_POINT('',(-8.E0,-2.456001371597E0,1.500215577219E0));
#377=CARTESIAN_POINT('',(-8.E0,-2.411407465317E0,1.472467398868E0));
#378=CARTESIAN_POINT('',(-8.E0,-2.394166886785E0,1.458475045277E0));
#380=CARTESIAN_POINT('',(-8.E0,-2.495275574845E0,1.434869373167E0));
#381=CARTESIAN_POINT('',(-8.E0,-2.476445616745E0,1.432231359714E0));
#382=CARTESIAN_POINT('',(-8.E0,-2.457615658644E0,1.429593346261E0));
#383=CARTESIAN_POINT('',(-8.E0,-2.438785700544E0,1.426955332808E0));
#385=CARTESIAN_POINT('',(-8.E0,-2.495275574846E0,1.343175664157E0));
#386=CARTESIAN_POINT('',(-8.E0,-2.483828190776E0,1.323483791042E0));
#387=CARTESIAN_POINT('',(-8.E0,-2.443620392410E0,1.301284983185E0));
#388=CARTESIAN_POINT('',(-8.E0,-2.388069890580E0,1.317945888143E0));
#389=CARTESIAN_POINT('',(-8.E0,-2.361482176225E0,1.381199378828E0));
#390=CARTESIAN_POINT('',(-8.E0,-2.409494625441E0,1.422879228504E0));
#391=CARTESIAN_POINT('',(-8.E0,-2.438785700544E0,1.426955332808E0));
#393=CARTESIAN_POINT('',(-8.E0,-2.574006631540E0,1.354910275727E0));
#394=CARTESIAN_POINT('',(-8.E0,-2.574006631540E0,1.343403079110E0));
#395=CARTESIAN_POINT('',(-8.E0,-2.574006631540E0,1.331895882493E0));
#396=CARTESIAN_POINT('',(-8.E0,-2.574006631540E0,1.320388685876E0));
#398=CARTESIAN_POINT('',(-8.E0,-2.693604155272E0,1.467753575355E0));
#399=CARTESIAN_POINT('',(-8.E0,-2.679472125143E0,1.476814302808E0));
#400=CARTESIAN_POINT('',(-8.E0,-2.653442500945E0,1.484090832065E0));
#401=CARTESIAN_POINT('',(-8.E0,-2.618695365562E0,1.479077306570E0));
#402=CARTESIAN_POINT('',(-8.E0,-2.604975811982E0,1.456595077240E0));
#403=CARTESIAN_POINT('',(-8.E0,-2.617681324697E0,1.430707438612E0));
#404=CARTESIAN_POINT('',(-8.E0,-2.653069335177E0,1.421191944501E0));
#405=CARTESIAN_POINT('',(-8.E0,-2.692083409586E0,1.405518559666E0));
#406=CARTESIAN_POINT('',(-8.E0,-2.708958829345E0,1.360959409821E0));
#407=CARTESIAN_POINT('',(-8.E0,-2.682498762316E0,1.314822478525E0));
#408=CARTESIAN_POINT('',(-8.E0,-2.626761277527E0,1.306018156225E0));
#409=CARTESIAN_POINT('',(-8.E0,-2.589781559526E0,1.312501221883E0));
#410=CARTESIAN_POINT('',(-8.E0,-2.574006631540E0,1.320388685876E0));
#412=CARTESIAN_POINT('',(-8.E0,-2.693604155272E0,1.467753575355E0));
#413=CARTESIAN_POINT('',(-8.E0,-2.693604155272E0,1.478578527113E0));
#414=CARTESIAN_POINT('',(-8.E0,-2.693604155272E0,1.489403478871E0));
#415=CARTESIAN_POINT('',(-8.E0,-2.693604155272E0,1.500228430629E0));
#417=CARTESIAN_POINT('',(-8.E0,-2.574006631540E0,1.354910275727E0));
#418=CARTESIAN_POINT('',(-8.E0,-2.589694201101E0,1.343615225643E0));
#419=CARTESIAN_POINT('',(-8.E0,-2.620738035184E0,1.326527502985E0));
#420=CARTESIAN_POINT('',(-8.E0,-2.677455334362E0,1.352071314077E0));
#421=CARTESIAN_POINT('',(-8.E0,-2.657192940255E0,1.388794829844E0));
#422=CARTESIAN_POINT('',(-8.E0,-2.621649517191E0,1.396946361890E0));
#423=CARTESIAN_POINT('',(-8.E0,-2.582917228178E0,1.414484001025E0));
#424=CARTESIAN_POINT('',(-8.E0,-2.568674902430E0,1.458009982214E0));
#425=CARTESIAN_POINT('',(-8.E0,-2.593921608428E0,1.502131861460E0));
#426=CARTESIAN_POINT('',(-8.E0,-2.645904144876E0,1.511743158945E0));
#427=CARTESIAN_POINT('',(-8.E0,-2.679441141247E0,1.506060259934E0));
#428=CARTESIAN_POINT('',(-8.E0,-2.693604155272E0,1.500228430629E0));
#430=CARTESIAN_POINT('',(-8.E0,-2.811854832871E0,1.345358847705E0));
#431=CARTESIAN_POINT('',(-8.E0,-2.810348012987E0,1.350589391622E0));
#432=CARTESIAN_POINT('',(-8.E0,-2.808841193102E0,1.355819935538E0));
#433=CARTESIAN_POINT('',(-8.E0,-2.807334373217E0,1.361050479455E0));
#435=CARTESIAN_POINT('',(-8.E0,-2.807334373217E0,1.361050479455E0));
#436=CARTESIAN_POINT('',(-8.E0,-2.790733081655E0,1.408807619564E0));
#437=CARTESIAN_POINT('',(-8.E0,-2.774131790094E0,1.456564759673E0));
#438=CARTESIAN_POINT('',(-8.E0,-2.757530498532E0,1.504321899782E0));
#440=CARTESIAN_POINT('',(-8.E0,-2.757530498532E0,1.504321899782E0));
#441=CARTESIAN_POINT('',(-8.E0,-2.745068159113E0,1.504321899782E0));
#442=CARTESIAN_POINT('',(-8.E0,-2.732605819695E0,1.504321899782E0));
#443=CARTESIAN_POINT('',(-8.E0,-2.720143480276E0,1.504321899782E0));
#445=CARTESIAN_POINT('',(-8.E0,-2.720143480276E0,1.504321899782E0));
#446=CARTESIAN_POINT('',(-8.E0,-2.745068159113E0,1.440918610914E0));
#447=CARTESIAN_POINT('',(-8.E0,-2.769992837951E0,1.377515322046E0));
#448=CARTESIAN_POINT('',(-8.E0,-2.794917516789E0,1.314112033177E0));
#450=CARTESIAN_POINT('',(-8.E0,-2.794917516789E0,1.314112033177E0));
#451=CARTESIAN_POINT('',(-8.E0,-2.790028095301E0,1.302559353570E0));
#452=CARTESIAN_POINT('',(-8.E0,-2.785138673814E0,1.291006673962E0));
#453=CARTESIAN_POINT('',(-8.E0,-2.780249252326E0,1.279453994354E0));
#455=CARTESIAN_POINT('',(-8.E0,-2.727034153349E0,1.256394118131E0));
#456=CARTESIAN_POINT('',(-8.E0,-2.733030595964E0,1.254020526262E0));
#457=CARTESIAN_POINT('',(-8.E0,-2.754233855769E0,1.247945377385E0));
#458=CARTESIAN_POINT('',(-8.E0,-2.774624346314E0,1.266075839513E0));
#459=CARTESIAN_POINT('',(-8.E0,-2.780249252326E0,1.279453994354E0));
#461=CARTESIAN_POINT('',(-8.E0,-2.727034153349E0,1.256394118131E0));
#462=CARTESIAN_POINT('',(-8.E0,-2.727034153349E0,1.246478826184E0));
#463=CARTESIAN_POINT('',(-8.E0,-2.727034153349E0,1.236563534237E0));
#464=CARTESIAN_POINT('',(-8.E0,-2.727034153349E0,1.226648242290E0));
#466=CARTESIAN_POINT('',(-8.E0,-2.816612903296E0,1.284911953225E0));
#467=CARTESIAN_POINT('',(-8.E0,-2.805401075417E0,1.256597337055E0));
#468=CARTESIAN_POINT('',(-8.E0,-2.772566500914E0,1.218656328589E0));
#469=CARTESIAN_POINT('',(-8.E0,-2.733974510301E0,1.224574112627E0));
#470=CARTESIAN_POINT('',(-8.E0,-2.727034153349E0,1.226648242290E0));
#472=CARTESIAN_POINT('',(-8.E0,-2.816612903296E0,1.284911953225E0));
#473=CARTESIAN_POINT('',(-8.E0,-2.845449119324E0,1.358048602077E0));
#474=CARTESIAN_POINT('',(-8.E0,-2.874285335351E0,1.431185250930E0));
#475=CARTESIAN_POINT('',(-8.E0,-2.903121551379E0,1.504321899782E0));
#477=CARTESIAN_POINT('',(-8.E0,-2.903121551379E0,1.504321899782E0));
#478=CARTESIAN_POINT('',(-8.E0,-2.891568871772E0,1.504321899782E0));
#479=CARTESIAN_POINT('',(-8.E0,-2.880016192165E0,1.504321899782E0));
#480=CARTESIAN_POINT('',(-8.E0,-2.868463512558E0,1.504321899782E0));
#482=CARTESIAN_POINT('',(-8.E0,-2.868463512558E0,1.504321899782E0));
#483=CARTESIAN_POINT('',(-8.E0,-2.851111751652E0,1.456473793692E0));
#484=CARTESIAN_POINT('',(-8.E0,-2.833759990745E0,1.408625687602E0));
#485=CARTESIAN_POINT('',(-8.E0,-2.816408229838E0,1.360777581512E0));
#487=CARTESIAN_POINT('',(-8.E0,-2.811854832871E0,1.345358847705E0));
#488=CARTESIAN_POINT('',(-8.E0,-2.812866867711E0,1.350621428879E0));
#489=CARTESIAN_POINT('',(-8.E0,-2.814839571484E0,1.355653297552E0));
#490=CARTESIAN_POINT('',(-8.E0,-2.816408229838E0,1.360777581512E0));
#492=DIRECTION('',(0.E0,0.E0,1.E0));
#493=VECTOR('',#492,3.042812069908E-2);
#494=CARTESIAN_POINT('',(-8.E0,-3.082688398190E0,1.313702686261E0));
#495=LINE('',#494,#493);
#496=DIRECTION('',(0.E0,1.E0,0.E0));
#497=VECTOR('',#496,1.090909529066E-1);
#498=CARTESIAN_POINT('',(-8.E0,-3.082688398190E0,1.344130806960E0));
#499=LINE('',#498,#497);
#500=DIRECTION('',(0.E0,0.E0,1.E0));
#501=VECTOR('',#500,8.978342340378E-2);
#502=CARTESIAN_POINT('',(-8.E0,-2.973597445283E0,1.344130806960E0));
#503=LINE('',#502,#501);
#504=DIRECTION('',(0.E0,-1.E0,0.E0));
#505=VECTOR('',#504,9.544605573138E-2);
#506=CARTESIAN_POINT('',(-8.E0,-2.973597445283E0,1.433914230364E0));
#507=LINE('',#506,#505);
#508=DIRECTION('',(0.E0,0.E0,1.E0));
#509=VECTOR('',#508,3.056456966988E-2);
#510=CARTESIAN_POINT('',(-8.E0,-3.069043501015E0,1.433914230364E0));
#511=LINE('',#510,#509);
#512=DIRECTION('',(0.E0,1.E0,0.E0));
#513=VECTOR('',#512,9.544605573138E-2);
#514=CARTESIAN_POINT('',(-8.E0,-3.069043501015E0,1.464478800034E0));
#515=LINE('',#514,#513);
#516=DIRECTION('',(0.E0,0.E0,1.E0));
#517=VECTOR('',#516,8.541705631068E-2);
#518=CARTESIAN_POINT('',(-8.E0,-2.973597445283E0,1.464478800034E0));
#519=LINE('',#518,#517);
#520=DIRECTION('',(0.E0,-1.E0,0.E0));
#521=VECTOR('',#520,1.030189736630E-1);
#522=CARTESIAN_POINT('',(-8.E0,-2.973597445283E0,1.549895856345E0));
#523=LINE('',#522,#521);
#524=DIRECTION('',(0.E0,0.E0,1.E0));
#525=VECTOR('',#524,3.070101864068E-2);
#526=CARTESIAN_POINT('',(-8.E0,-3.076616418946E0,1.549895856345E0));
#527=LINE('',#526,#525);
#528=DIRECTION('',(0.E0,1.E0,0.E0));
#529=VECTOR('',#528,1.374723390272E-1);
#530=CARTESIAN_POINT('',(-8.E0,-3.076616418946E0,1.580596874985E0));
#531=LINE('',#530,#529);
#532=DIRECTION('',(0.E0,0.E0,-1.E0));
#533=VECTOR('',#532,2.668941887241E-1);
#534=CARTESIAN_POINT('',(-8.E0,-2.939144079919E0,1.580596874985E0));
#535=LINE('',#534,#533);
#536=DIRECTION('',(0.E0,-1.E0,0.E0));
#537=VECTOR('',#536,1.435443182709E-1);
#538=CARTESIAN_POINT('',(-8.E0,-2.939144079919E0,1.313702686261E0));
#539=LINE('',#538,#537);
#540=CARTESIAN_POINT('',(-8.E0,-3.167559658611E0,1.549895856345E0));
#541=CARTESIAN_POINT('',(-8.E0,-3.180999882327E0,1.549895856345E0));
#542=CARTESIAN_POINT('',(-8.E0,-3.194440106044E0,1.549895856345E0));
#543=CARTESIAN_POINT('',(-8.E0,-3.207880329760E0,1.549895856345E0));
#545=CARTESIAN_POINT('',(-8.E0,-3.206311166586E0,1.344130806960E0));
#546=CARTESIAN_POINT('',(-8.E0,-3.234339845031E0,1.344130806960E0));
#547=CARTESIAN_POINT('',(-8.E0,-3.296229807540E0,1.361111316116E0));
#548=CARTESIAN_POINT('',(-8.E0,-3.323347599959E0,1.448861826896E0));
#549=CARTESIAN_POINT('',(-8.E0,-3.295281112790E0,1.535660766481E0));
#550=CARTESIAN_POINT('',(-8.E0,-3.234884981651E0,1.549895856345E0));
#551=CARTESIAN_POINT('',(-8.E0,-3.207880329760E0,1.549895856345E0));
#553=CARTESIAN_POINT('',(-8.E0,-3.206311166586E0,1.344130806960E0));
#554=CARTESIAN_POINT('',(-8.E0,-3.193393997261E0,1.344130806960E0));
#555=CARTESIAN_POINT('',(-8.E0,-3.180476827937E0,1.344130806960E0));
#556=CARTESIAN_POINT('',(-8.E0,-3.167559658612E0,1.344130806960E0));
#558=CARTESIAN_POINT('',(-8.E0,-3.167559658612E0,1.344130806960E0));
#559=CARTESIAN_POINT('',(-8.E0,-3.167559658612E0,1.412719156755E0));
#560=CARTESIAN_POINT('',(-8.E0,-3.167559658611E0,1.481307506550E0));
#561=CARTESIAN_POINT('',(-8.E0,-3.167559658611E0,1.549895856345E0));
#563=CARTESIAN_POINT('',(-8.E0,-3.133106293249E0,1.313702686261E0));
#564=CARTESIAN_POINT('',(-8.E0,-3.157576142181E0,1.313702686261E0));
#565=CARTESIAN_POINT('',(-8.E0,-3.182045991113E0,1.313702686261E0));
#566=CARTESIAN_POINT('',(-8.E0,-3.206515840046E0,1.313702686261E0));
#568=CARTESIAN_POINT('',(-8.E0,-3.209244819478E0,1.580596874985E0));
#569=CARTESIAN_POINT('',(-8.E0,-3.244882745302E0,1.580596874985E0));
#570=CARTESIAN_POINT('',(-8.E0,-3.320907726139E0,1.558875299194E0));
#571=CARTESIAN_POINT('',(-8.E0,-3.364716377240E0,1.449194994931E0));
#572=CARTESIAN_POINT('',(-8.E0,-3.321798110251E0,1.337372134165E0));
#573=CARTESIAN_POINT('',(-8.E0,-3.243239411929E0,1.313702686261E0));
#574=CARTESIAN_POINT('',(-8.E0,-3.206515840046E0,1.313702686261E0));
#576=CARTESIAN_POINT('',(-8.E0,-3.209244819478E0,1.580596874985E0));
#577=CARTESIAN_POINT('',(-8.E0,-3.183865310735E0,1.580596874985E0));
#578=CARTESIAN_POINT('',(-8.E0,-3.158485801991E0,1.580596874985E0));
#579=CARTESIAN_POINT('',(-8.E0,-3.133106293248E0,1.580596874985E0));
#581=CARTESIAN_POINT('',(-8.E0,-3.133106293248E0,1.580596874985E0));
#582=CARTESIAN_POINT('',(-8.E0,-3.133106293248E0,1.491632145411E0));
#583=CARTESIAN_POINT('',(-8.E0,-3.133106293248E0,1.402667415836E0));
#584=CARTESIAN_POINT('',(-8.E0,-3.133106293249E0,1.313702686261E0));
#586=CARTESIAN_POINT('',(-8.E0,-3.489101660517E0,1.527791122923E0));
#587=CARTESIAN_POINT('',(-8.E0,-3.486972491407E0,1.533842445663E0));
#588=CARTESIAN_POINT('',(-8.E0,-3.485598264768E0,1.540159592103E0));
#589=CARTESIAN_POINT('',(-8.E0,-3.484527873394E0,1.546484632049E0));
#591=CARTESIAN_POINT('',(-8.E0,-3.489101660517E0,1.527791122923E0));
#592=CARTESIAN_POINT('',(-8.E0,-3.502541884234E0,1.490813451581E0));
#593=CARTESIAN_POINT('',(-8.E0,-3.515982107952E0,1.453835780239E0));
#594=CARTESIAN_POINT('',(-8.E0,-3.529422331669E0,1.416858108897E0));
#596=CARTESIAN_POINT('',(-8.E0,-3.529422331669E0,1.416858108897E0));
#597=CARTESIAN_POINT('',(-8.E0,-3.499562748353E0,1.416858108897E0));
#598=CARTESIAN_POINT('',(-8.E0,-3.469703165037E0,1.416858108897E0));
#599=CARTESIAN_POINT('',(-8.E0,-3.439843581721E0,1.416858108897E0));
#601=CARTESIAN_POINT('',(-8.E0,-3.439843581721E0,1.416858108897E0));
#602=CARTESIAN_POINT('',(-8.E0,-3.453147356465E0,1.453835780239E0));
#603=CARTESIAN_POINT('',(-8.E0,-3.466451131209E0,1.490813451581E0));
#604=CARTESIAN_POINT('',(-8.E0,-3.479754905952E0,1.527791122923E0));
#606=CARTESIAN_POINT('',(-8.E0,-3.484527873394E0,1.546484632049E0));
#607=CARTESIAN_POINT('',(-8.E0,-3.483505529433E0,1.540135337976E0));
#608=CARTESIAN_POINT('',(-8.E0,-3.482013007055E0,1.533812725850E0));
#609=CARTESIAN_POINT('',(-8.E0,-3.479754905952E0,1.527791122923E0));
#611=DIRECTION('',(0.E0,3.559357243710E-1,9.345104387413E-1));
#612=VECTOR('',#611,2.855978677815E-1);
#613=CARTESIAN_POINT('',(-8.E0,-3.605356184444E0,1.313702686261E0));
#614=LINE('',#613,#612);
#615=DIRECTION('',(0.E0,1.E0,0.E0));
#616=VECTOR('',#615,3.684122236974E-2);
#617=CARTESIAN_POINT('',(-8.E0,-3.503701700496E0,1.580596874985E0));
#618=LINE('',#617,#616);
#619=DIRECTION('',(0.E0,3.559357243682E-1,-9.345104387424E-1));
#620=VECTOR('',#619,2.855978677812E-1);
#621=CARTESIAN_POINT('',(-8.E0,-3.466860478127E0,1.580596874985E0));
#622=LINE('',#621,#620);
#623=DIRECTION('',(0.E0,-1.E0,0.E0));
#624=VECTOR('',#623,3.806926311426E-2);
#625=CARTESIAN_POINT('',(-8.E0,-3.365205994180E0,1.313702686261E0));
#626=LINE('',#625,#624);
#627=DIRECTION('',(0.E0,-3.315284184082E-1,9.434452330622E-1));
#628=VECTOR('',#627,7.737619240816E-2);
#629=CARTESIAN_POINT('',(-8.E0,-3.403275257294E0,1.313702686261E0));
#630=LINE('',#629,#628);
#631=DIRECTION('',(0.E0,-1.E0,0.E0));
#632=VECTOR('',#631,1.111376874824E-1);
#633=CARTESIAN_POINT('',(-8.E0,-3.428927663986E0,1.386702886141E0));
#634=LINE('',#633,#632);
#635=DIRECTION('',(0.E0,-3.493954794714E-1,-9.369753459537E-1));
#636=VECTOR('',#635,7.791048099102E-2);
#637=CARTESIAN_POINT('',(-8.E0,-3.540065351468E0,1.386702886141E0));
#638=LINE('',#637,#636);
#639=DIRECTION('',(0.E0,-1.E0,0.E0));
#640=VECTOR('',#639,3.806926311426E-2);
#641=CARTESIAN_POINT('',(-8.E0,-3.567286921330E0,1.313702686261E0));
#642=LINE('',#641,#640);
#643=CARTESIAN_POINT('',(-8.E0,-1.793557431436E0,1.827023983066E0));
#644=CARTESIAN_POINT('',(-8.E0,-1.772720337506E0,1.883852499887E0));
#645=CARTESIAN_POINT('',(-8.E0,-1.682872810645E0,2.015434387579E0));
#646=CARTESIAN_POINT('',(-8.E0,-1.445631096755E0,2.106557956685E0));
#647=CARTESIAN_POINT('',(-8.E0,-1.229671081989E0,2.036235165572E0));
#648=CARTESIAN_POINT('',(-8.E0,-1.145719329074E0,1.949373807714E0));
#649=CARTESIAN_POINT('',(-8.E0,-1.121810442040E0,1.918108325212E0));
#651=CARTESIAN_POINT('',(-8.E0,-1.121810442040E0,1.918108325212E0));
#652=CARTESIAN_POINT('',(-8.E0,-1.107320122858E0,1.919919623746E0));
#653=CARTESIAN_POINT('',(-8.E0,-1.014392033434E0,1.930337083869E0));
#654=CARTESIAN_POINT('',(-8.E0,-8.360914538303E-1,1.853866470305E0));
#655=CARTESIAN_POINT('',(-8.E0,-7.400244914005E-1,1.618890407770E0));
#656=CARTESIAN_POINT('',(-8.E0,-8.230303693787E-1,1.402980557218E0));
#657=CARTESIAN_POINT('',(-8.E0,-9.451221835036E-1,1.331318050272E0));
#658=CARTESIAN_POINT('',(-8.E0,-1.002262207909E0,1.316572248864E0));
#660=CARTESIAN_POINT('',(-8.E0,-1.002262207909E0,1.316572248864E0));
#661=CARTESIAN_POINT('',(-8.E0,-1.025102998879E0,1.246292902343E0));
#662=CARTESIAN_POINT('',(-8.E0,-1.200738251327E0,1.110646992358E0));
#663=CARTESIAN_POINT('',(-8.E0,-1.375664189385E0,1.294439283608E0));
#664=CARTESIAN_POINT('',(-8.E0,-1.372292351273E0,1.389945758266E0));
#665=CARTESIAN_POINT('',(-8.E0,-1.372292351273E0,1.396271059552E0));
#667=CARTESIAN_POINT('',(-8.E0,-1.372292351273E0,1.396271059552E0));
#668=CARTESIAN_POINT('',(-8.E0,-1.460846569285E0,1.443078286660E0));
#669=CARTESIAN_POINT('',(-8.E0,-1.549400787297E0,1.489885513767E0));
#670=CARTESIAN_POINT('',(-8.E0,-1.637955005309E0,1.536692740875E0));
#672=CARTESIAN_POINT('',(-8.E0,-1.637955005309E0,1.536692740875E0));
#673=CARTESIAN_POINT('',(-8.E0,-1.618346580972E0,1.570216844932E0));
#674=CARTESIAN_POINT('',(-8.E0,-1.598738156635E0,1.603740948990E0));
#675=CARTESIAN_POINT('',(-8.E0,-1.579129732298E0,1.637265053047E0));
#677=CARTESIAN_POINT('',(-8.E0,-1.579129732298E0,1.637265053047E0));
#678=CARTESIAN_POINT('',(-8.E0,-1.494370697471E0,1.592987944042E0));
#679=CARTESIAN_POINT('',(-8.E0,-1.409611662644E0,1.548710835036E0));
#680=CARTESIAN_POINT('',(-8.E0,-1.324852627817E0,1.504433726030E0));
#682=CARTESIAN_POINT('',(-8.E0,-1.324852627817E0,1.504433726030E0));
#683=CARTESIAN_POINT('',(-8.E0,-1.290954968040E0,1.543981019716E0));
#684=CARTESIAN_POINT('',(-8.E0,-1.161860202244E0,1.606824633630E0));
#685=CARTESIAN_POINT('',(-8.E0,-1.029275394421E0,1.511881595066E0));
#686=CARTESIAN_POINT('',(-8.E0,-1.004159859825E0,1.443710819202E0));
#688=CARTESIAN_POINT('',(-8.E0,-1.004159859825E0,1.443710819202E0));
#689=CARTESIAN_POINT('',(-8.E0,-9.409743631907E-1,1.472595624549E0));
#690=CARTESIAN_POINT('',(-8.E0,-8.195171124013E-1,1.639856040216E0));
#691=CARTESIAN_POINT('',(-8.E0,-1.025653897817E0,1.840332921145E0));
#692=CARTESIAN_POINT('',(-8.E0,-1.150759951375E0,1.797509804320E0));
#693=CARTESIAN_POINT('',(-8.E0,-1.180635751243E0,1.779584331995E0));
#695=CARTESIAN_POINT('',(-8.E0,-1.180635751243E0,1.779584331995E0));
#696=CARTESIAN_POINT('',(-8.E0,-1.214135964808E0,1.878321828337E0));
#697=CARTESIAN_POINT('',(-8.E0,-1.449855069725E0,2.061617788118E0));
#698=CARTESIAN_POINT('',(-8.E0,-1.687095767904E0,1.842501646507E0));
#699=CARTESIAN_POINT('',(-8.E0,-1.700575473568E0,1.724554109461E0));
#701=CARTESIAN_POINT('',(-8.E0,-1.700575473568E0,1.724554109461E0));
#702=CARTESIAN_POINT('',(-8.E0,-1.705635709772E0,1.724554109461E0));
#703=CARTESIAN_POINT('',(-8.E0,-1.780186977092E0,1.727253563185E0));
#704=CARTESIAN_POINT('',(-8.E0,-1.937481483456E0,1.580895429508E0));
#705=CARTESIAN_POINT('',(-8.E0,-1.794106274973E0,1.433429870283E0));
#706=CARTESIAN_POINT('',(-8.E0,-1.727141695540E0,1.428530038204E0));
#708=CARTESIAN_POINT('',(-8.E0,-1.727141695540E0,1.428530038204E0));
#709=CARTESIAN_POINT('',(-8.E0,-1.698677839751E0,1.428530038204E0));
#710=CARTESIAN_POINT('',(-8.E0,-1.670213983961E0,1.428530038204E0));
#711=CARTESIAN_POINT('',(-8.E0,-1.641750128171E0,1.428530038204E0));
#713=CARTESIAN_POINT('',(-8.E0,-1.641750128171E0,1.428530038204E0));
#714=CARTESIAN_POINT('',(-8.E0,-1.637902608712E0,1.428530038204E0));
#715=CARTESIAN_POINT('',(-8.E0,-1.607258874678E0,1.439229752215E0));
#716=CARTESIAN_POINT('',(-8.E0,-1.541756144680E0,1.370561652667E0));
#717=CARTESIAN_POINT('',(-8.E0,-1.599770895317E0,1.314451937949E0));
#718=CARTESIAN_POINT('',(-8.E0,-1.626569491948E0,1.312777053613E0));
#720=CARTESIAN_POINT('',(-8.E0,-1.626569491948E0,1.312777053613E0));
#721=CARTESIAN_POINT('',(-8.E0,-1.660093583941E0,1.312777053613E0));
#722=CARTESIAN_POINT('',(-8.E0,-1.693617675934E0,1.312777053613E0));
#723=CARTESIAN_POINT('',(-8.E0,-1.727141767927E0,1.312777053613E0));
#725=CARTESIAN_POINT('',(-8.E0,-1.727141767927E0,1.312777053613E0));
#726=CARTESIAN_POINT('',(-8.E0,-1.729039353487E0,1.312777053613E0));
#727=CARTESIAN_POINT('',(-8.E0,-1.730936939047E0,1.312777053613E0));
#728=CARTESIAN_POINT('',(-8.E0,-1.732834524607E0,1.312777053613E0));
#730=CARTESIAN_POINT('',(-8.E0,-1.732834524607E0,1.312777053613E0));
#731=CARTESIAN_POINT('',(-8.E0,-1.734732110167E0,1.312777053613E0));
#732=CARTESIAN_POINT('',(-8.E0,-1.736629695728E0,1.312777053613E0));
#733=CARTESIAN_POINT('',(-8.E0,-1.738527281288E0,1.312777053613E0));
#735=CARTESIAN_POINT('',(-8.E0,-1.738527281288E0,1.312777053613E0));
#736=CARTESIAN_POINT('',(-8.E0,-1.802506171099E0,1.318260944507E0));
#737=CARTESIAN_POINT('',(-8.E0,-1.929354017545E0,1.381644992129E0));
#738=CARTESIAN_POINT('',(-8.E0,-2.028806704967E0,1.617100938365E0));
#739=CARTESIAN_POINT('',(-8.E0,-1.892598542352E0,1.795747839287E0));
#740=CARTESIAN_POINT('',(-8.E0,-1.793557431436E0,1.827023983066E0));
#742=DIRECTION('',(-1.E0,0.E0,0.E0));
#743=VECTOR('',#742,9.E-1);
#744=CARTESIAN_POINT('',(-7.1E0,2.15E0,4.7E0));
#745=LINE('',#744,#743);
#746=DIRECTION('',(0.E0,0.E0,1.E0));
#747=VECTOR('',#746,1.E0);
#748=CARTESIAN_POINT('',(-7.6E0,2.15E0,1.2E0));
#749=LINE('',#748,#747);
#750=DIRECTION('',(-1.E0,0.E0,0.E0));
#751=VECTOR('',#750,5.E-1);
#752=CARTESIAN_POINT('',(-7.1E0,2.15E0,2.2E0));
#753=LINE('',#752,#751);
#754=DIRECTION('',(-1.E0,0.E0,0.E0));
#755=VECTOR('',#754,9.E-1);
#756=CARTESIAN_POINT('',(-7.1E0,2.15E0,2.5E0));
#757=LINE('',#756,#755);
#758=DIRECTION('',(1.E0,0.E0,0.E0));
#759=VECTOR('',#758,4.E-1);
#760=CARTESIAN_POINT('',(-8.E0,2.15E0,1.2E0));
#761=LINE('',#760,#759);
#762=DIRECTION('',(0.E0,1.E0,0.E0));
#763=VECTOR('',#762,2.35E0);
#764=CARTESIAN_POINT('',(-7.6E0,-2.35E0,4.7E0));
#765=LINE('',#764,#763);
#766=DIRECTION('',(-1.E0,0.E0,0.E0));
#767=VECTOR('',#766,5.E-1);
#768=CARTESIAN_POINT('',(-7.1E0,0.E0,4.7E0));
#769=LINE('',#768,#767);
#770=DIRECTION('',(1.E0,0.E0,0.E0));
#771=VECTOR('',#770,4.E-1);
#772=CARTESIAN_POINT('',(-8.E0,-2.35E0,4.7E0));
#773=LINE('',#772,#771);
#774=DIRECTION('',(0.E0,-1.E0,0.E0));
#775=VECTOR('',#774,2.35E0);
#776=CARTESIAN_POINT('',(-7.6E0,0.E0,3.4E0));
#777=LINE('',#776,#775);
#778=DIRECTION('',(0.E0,0.E0,-1.E0));
#779=VECTOR('',#778,1.3E0);
#780=CARTESIAN_POINT('',(-7.6E0,0.E0,4.7E0));
#781=LINE('',#780,#779);
#782=DIRECTION('',(0.E0,0.E0,-1.E0));
#783=VECTOR('',#782,1.3E0);
#784=CARTESIAN_POINT('',(-7.6E0,-2.35E0,4.7E0));
#785=LINE('',#784,#783);
#786=DIRECTION('',(1.E0,0.E0,0.E0));
#787=VECTOR('',#786,9.E-1);
#788=CARTESIAN_POINT('',(-8.E0,-2.35E0,2.5E0));
#789=LINE('',#788,#787);
#790=DIRECTION('',(-1.E0,0.E0,0.E0));
#791=VECTOR('',#790,5.E-1);
#792=CARTESIAN_POINT('',(-7.1E0,-2.35E0,3.4E0));
#793=LINE('',#792,#791);
#794=DIRECTION('',(0.E0,0.E0,1.E0));
#795=VECTOR('',#794,9.E-1);
#796=CARTESIAN_POINT('',(-7.1E0,1.E0,2.5E0));
#797=LINE('',#796,#795);
#798=DIRECTION('',(0.E0,-1.E0,0.E0));
#799=VECTOR('',#798,2.E0);
#800=CARTESIAN_POINT('',(-7.1E0,3.E0,3.4E0));
#801=LINE('',#800,#799);
#802=DIRECTION('',(0.E0,0.E0,1.E0));
#803=VECTOR('',#802,8.E-1);
#804=CARTESIAN_POINT('',(-7.1E0,2.15E0,4.7E0));
#805=LINE('',#804,#803);
#806=DIRECTION('',(0.E0,1.E0,0.E0));
#807=VECTOR('',#806,2.15E0);
#808=CARTESIAN_POINT('',(-7.1E0,0.E0,4.7E0));
#809=LINE('',#808,#807);
#810=DIRECTION('',(0.E0,0.E0,-1.E0));
#811=VECTOR('',#810,1.3E0);
#812=CARTESIAN_POINT('',(-7.1E0,0.E0,4.7E0));
#813=LINE('',#812,#811);
#814=DIRECTION('',(0.E0,1.E0,0.E0));
#815=VECTOR('',#814,2.35E0);
#816=CARTESIAN_POINT('',(-7.1E0,-2.35E0,3.4E0));
#817=LINE('',#816,#815);
#818=DIRECTION('',(0.E0,0.E0,1.E0));
#819=VECTOR('',#818,9.E-1);
#820=CARTESIAN_POINT('',(-7.1E0,-2.35E0,2.5E0));
#821=LINE('',#820,#819);
#822=DIRECTION('',(0.E0,-1.E0,0.E0));
#823=VECTOR('',#822,3.35E0);
#824=CARTESIAN_POINT('',(-7.1E0,1.E0,2.5E0));
#825=LINE('',#824,#823);
#826=DIRECTION('',(0.E0,0.E0,1.E0));
#827=VECTOR('',#826,3.E-1);
#828=CARTESIAN_POINT('',(-7.1E0,2.15E0,2.2E0));
#829=LINE('',#828,#827);
#830=DIRECTION('',(0.E0,-1.E0,0.E0));
#831=VECTOR('',#830,2.35E0);
#832=CARTESIAN_POINT('',(-7.1E0,2.15E0,2.2E0));
#833=LINE('',#832,#831);
#834=DIRECTION('',(0.E0,-1.E0,0.E0));
#835=VECTOR('',#834,8.5E-1);
#836=CARTESIAN_POINT('',(-7.1E0,3.E0,2.5E0));
#837=LINE('',#836,#835);
#838=DIRECTION('',(1.E0,0.E0,0.E0));
#839=VECTOR('',#838,7.E-1);
#840=CARTESIAN_POINT('',(-7.1E0,1.E0,2.5E0));
#841=LINE('',#840,#839);
#842=DIRECTION('',(0.E0,0.E0,-1.E0));
#843=VECTOR('',#842,2.1E0);
#844=CARTESIAN_POINT('',(-6.4E0,3.E0,2.5E0));
#845=LINE('',#844,#843);
#846=DIRECTION('',(0.E0,-1.E0,0.E0));
#847=VECTOR('',#846,4.6E0);
#848=CARTESIAN_POINT('',(-6.4E0,2.8E0,6.E-1));
#849=LINE('',#848,#847);
#850=DIRECTION('',(0.E0,0.E0,-1.E0));
#851=VECTOR('',#850,1.E0);
#852=CARTESIAN_POINT('',(-6.4E0,1.3E0,5.5E0));
#853=LINE('',#852,#851);
#854=DIRECTION('',(0.E0,-1.E0,0.E0));
#855=VECTOR('',#854,2.E0);
#856=CARTESIAN_POINT('',(-6.4E0,3.E0,3.4E0));
#857=LINE('',#856,#855);
#858=DIRECTION('',(0.E0,0.E0,1.E0));
#859=VECTOR('',#858,9.E-1);
#860=CARTESIAN_POINT('',(-6.4E0,1.E0,2.5E0));
#861=LINE('',#860,#859);
#862=DIRECTION('',(0.E0,-1.E0,0.E0));
#863=VECTOR('',#862,2.E0);
#864=CARTESIAN_POINT('',(-6.4E0,3.E0,2.5E0));
#865=LINE('',#864,#863);
#866=DIRECTION('',(-1.E0,0.E0,0.E0));
#867=VECTOR('',#866,7.E-1);
#868=CARTESIAN_POINT('',(7.1E0,3.E0,3.4E0));
#869=LINE('',#868,#867);
#870=DIRECTION('',(0.E0,0.E0,1.E0));
#871=VECTOR('',#870,2.1E0);
#872=CARTESIAN_POINT('',(7.1E0,3.E0,3.4E0));
#873=LINE('',#872,#871);
#874=DIRECTION('',(0.E0,0.E0,-1.E0));
#875=VECTOR('',#874,5.E-1);
#876=CARTESIAN_POINT('',(6.4E0,3.E0,5.5E0));
#877=LINE('',#876,#875);
#878=DIRECTION('',(-1.E0,0.E0,0.E0));
#879=VECTOR('',#878,8.E-1);
#880=CARTESIAN_POINT('',(6.4E0,3.E0,5.E0));
#881=LINE('',#880,#879);
#882=DIRECTION('',(0.E0,0.E0,-1.E0));
#883=VECTOR('',#882,5.E-1);
#884=CARTESIAN_POINT('',(5.6E0,3.E0,5.5E0));
#885=LINE('',#884,#883);
#886=DIRECTION('',(0.E0,0.E0,1.E0));
#887=VECTOR('',#886,2.1E0);
#888=CARTESIAN_POINT('',(-7.1E0,3.E0,3.4E0));
#889=LINE('',#888,#887);
#890=DIRECTION('',(1.E0,0.E0,0.E0));
#891=VECTOR('',#890,7.E-1);
#892=CARTESIAN_POINT('',(-7.1E0,3.E0,3.4E0));
#893=LINE('',#892,#891);
#894=DIRECTION('',(0.E0,0.E0,1.E0));
#895=VECTOR('',#894,1.1E0);
#896=CARTESIAN_POINT('',(-6.4E0,3.E0,3.4E0));
#897=LINE('',#896,#895);
#898=DIRECTION('',(1.E0,0.E0,0.E0));
#899=VECTOR('',#898,1.9E0);
#900=CARTESIAN_POINT('',(-6.4E0,3.E0,4.5E0));
#901=LINE('',#900,#899);
#902=DIRECTION('',(0.E0,0.E0,1.E0));
#903=VECTOR('',#902,5.E-1);
#904=CARTESIAN_POINT('',(-4.5E0,3.E0,4.5E0));
#905=LINE('',#904,#903);
#906=DIRECTION('',(1.E0,0.E0,0.E0));
#907=VECTOR('',#906,9.E0);
#908=CARTESIAN_POINT('',(-4.5E0,3.E0,5.E0));
#909=LINE('',#908,#907);
#910=DIRECTION('',(-1.598721155460E-14,0.E0,-1.E0));
#911=VECTOR('',#910,5.E-1);
#912=CARTESIAN_POINT('',(4.5E0,3.E0,5.E0));
#913=LINE('',#912,#911);
#914=DIRECTION('',(1.E0,0.E0,0.E0));
#915=VECTOR('',#914,1.9E0);
#916=CARTESIAN_POINT('',(4.5E0,3.E0,4.5E0));
#917=LINE('',#916,#915);
#918=DIRECTION('',(0.E0,0.E0,-1.E0));
#919=VECTOR('',#918,1.1E0);
#920=CARTESIAN_POINT('',(6.4E0,3.E0,4.5E0));
#921=LINE('',#920,#919);
#922=DIRECTION('',(1.E0,0.E0,0.E0));
#923=VECTOR('',#922,1.28E1);
#924=CARTESIAN_POINT('',(-6.4E0,3.E0,4.E-1));
#925=LINE('',#924,#923);
#926=DIRECTION('',(1.E0,0.E0,0.E0));
#927=VECTOR('',#926,7.E-1);
#928=CARTESIAN_POINT('',(-7.1E0,3.E0,2.5E0));
#929=LINE('',#928,#927);
#930=DIRECTION('',(0.E0,0.E0,1.E0));
#931=VECTOR('',#930,2.5E0);
#932=CARTESIAN_POINT('',(-7.1E0,3.E0,0.E0));
#933=LINE('',#932,#931);
#934=DIRECTION('',(0.E0,0.E0,1.E0));
#935=VECTOR('',#934,1.E-1);
#936=CARTESIAN_POINT('',(-5.9E0,3.E0,0.E0));
#937=LINE('',#936,#935);
#938=DIRECTION('',(1.E0,0.E0,0.E0));
#939=VECTOR('',#938,1.18E1);
#940=CARTESIAN_POINT('',(-5.9E0,3.E0,1.E-1));
#941=LINE('',#940,#939);
#942=DIRECTION('',(-1.776356839400E-14,0.E0,1.E0));
#943=VECTOR('',#942,1.E-1);
#944=CARTESIAN_POINT('',(5.9E0,3.E0,0.E0));
#945=LINE('',#944,#943);
#946=DIRECTION('',(0.E0,0.E0,1.E0));
#947=VECTOR('',#946,2.5E0);
#948=CARTESIAN_POINT('',(7.1E0,3.E0,0.E0));
#949=LINE('',#948,#947);
#950=DIRECTION('',(-1.E0,0.E0,0.E0));
#951=VECTOR('',#950,7.E-1);
#952=CARTESIAN_POINT('',(7.1E0,3.E0,2.5E0));
#953=LINE('',#952,#951);
#954=DIRECTION('',(-1.E0,0.E0,0.E0));
#955=VECTOR('',#954,7.E-1);
#956=CARTESIAN_POINT('',(7.1E0,1.E0,3.4E0));
#957=LINE('',#956,#955);
#958=DIRECTION('',(-1.E0,0.E0,0.E0));
#959=VECTOR('',#958,7.E-1);
#960=CARTESIAN_POINT('',(7.1E0,1.E0,2.5E0));
#961=LINE('',#960,#959);
#962=DIRECTION('',(0.E0,0.E0,1.E0));
#963=VECTOR('',#962,9.E-1);
#964=CARTESIAN_POINT('',(7.1E0,1.E0,2.5E0));
#965=LINE('',#964,#963);
#966=DIRECTION('',(0.E0,-1.E0,0.E0));
#967=VECTOR('',#966,3.35E0);
#968=CARTESIAN_POINT('',(7.1E0,1.E0,2.5E0));
#969=LINE('',#968,#967);
#970=DIRECTION('',(0.E0,0.E0,1.E0));
#971=VECTOR('',#970,9.E-1);
#972=CARTESIAN_POINT('',(7.1E0,-2.35E0,2.5E0));
#973=LINE('',#972,#971);
#974=DIRECTION('',(0.E0,1.E0,0.E0));
#975=VECTOR('',#974,2.35E0);
#976=CARTESIAN_POINT('',(7.1E0,-2.35E0,3.4E0));
#977=LINE('',#976,#975);
#978=DIRECTION('',(0.E0,0.E0,-1.E0));
#979=VECTOR('',#978,1.3E0);
#980=CARTESIAN_POINT('',(7.1E0,0.E0,4.7E0));
#981=LINE('',#980,#979);
#982=DIRECTION('',(0.E0,1.E0,0.E0));
#983=VECTOR('',#982,2.15E0);
#984=CARTESIAN_POINT('',(7.1E0,0.E0,4.7E0));
#985=LINE('',#984,#983);
#986=DIRECTION('',(0.E0,0.E0,1.E0));
#987=VECTOR('',#986,8.E-1);
#988=CARTESIAN_POINT('',(7.1E0,2.15E0,4.7E0));
#989=LINE('',#988,#987);
#990=DIRECTION('',(0.E0,-1.E0,0.E0));
#991=VECTOR('',#990,2.E0);
#992=CARTESIAN_POINT('',(7.1E0,3.E0,3.4E0));
#993=LINE('',#992,#991);
#994=DIRECTION('',(0.E0,-1.E0,0.E0));
#995=VECTOR('',#994,2.35E0);
#996=CARTESIAN_POINT('',(7.1E0,2.15E0,2.2E0));
#997=LINE('',#996,#995);
#998=DIRECTION('',(0.E0,0.E0,1.E0));
#999=VECTOR('',#998,3.E-1);
#1000=CARTESIAN_POINT('',(7.1E0,2.15E0,2.2E0));
#1001=LINE('',#1000,#999);
#1002=DIRECTION('',(0.E0,-1.E0,0.E0));
#1003=VECTOR('',#1002,8.5E-1);
#1004=CARTESIAN_POINT('',(7.1E0,3.E0,2.5E0));
#1005=LINE('',#1004,#1003);
#1006=DIRECTION('',(0.E0,0.E0,-1.E0));
#1007=VECTOR('',#1006,1.3E0);
#1008=CARTESIAN_POINT('',(7.6E0,-2.35E0,4.7E0));
#1009=LINE('',#1008,#1007);
#1010=DIRECTION('',(1.E0,0.E0,0.E0));
#1011=VECTOR('',#1010,5.E-1);
#1012=CARTESIAN_POINT('',(7.1E0,-2.35E0,3.4E0));
#1013=LINE('',#1012,#1011);
#1014=DIRECTION('',(-1.E0,0.E0,0.E0));
#1015=VECTOR('',#1014,9.E-1);
#1016=CARTESIAN_POINT('',(8.E0,-2.35E0,2.5E0));
#1017=LINE('',#1016,#1015);
#1018=DIRECTION('',(0.E0,0.E0,-1.E0));
#1019=VECTOR('',#1018,1.3E0);
#1020=CARTESIAN_POINT('',(7.6E0,0.E0,4.7E0));
#1021=LINE('',#1020,#1019);
#1022=DIRECTION('',(0.E0,-1.E0,0.E0));
#1023=VECTOR('',#1022,2.35E0);
#1024=CARTESIAN_POINT('',(7.6E0,0.E0,3.4E0));
#1025=LINE('',#1024,#1023);
#1026=DIRECTION('',(0.E0,1.E0,0.E0));
#1027=VECTOR('',#1026,2.35E0);
#1028=CARTESIAN_POINT('',(7.6E0,-2.35E0,4.7E0));
#1029=LINE('',#1028,#1027);
#1030=DIRECTION('',(-1.E0,0.E0,0.E0));
#1031=VECTOR('',#1030,4.E-1);
#1032=CARTESIAN_POINT('',(8.E0,-2.35E0,4.7E0));
#1033=LINE('',#1032,#1031);
#1034=DIRECTION('',(1.E0,0.E0,0.E0));
#1035=VECTOR('',#1034,5.E-1);
#1036=CARTESIAN_POINT('',(7.1E0,0.E0,4.7E0));
#1037=LINE('',#1036,#1035);
#1038=DIRECTION('',(0.E0,-1.E0,0.E0));
#1039=VECTOR('',#1038,4.5E0);
#1040=CARTESIAN_POINT('',(8.E0,2.15E0,2.5E0));
#1041=LINE('',#1040,#1039);
#1042=DIRECTION('',(0.E0,0.E0,-1.E0));
#1043=VECTOR('',#1042,1.3E0);
#1044=CARTESIAN_POINT('',(8.E0,2.15E0,2.5E0));
#1045=LINE('',#1044,#1043);
#1046=DIRECTION('',(0.E0,1.E0,0.E0));
#1047=VECTOR('',#1046,2.35E0);
#1048=CARTESIAN_POINT('',(8.E0,-2.E-1,1.2E0));
#1049=LINE('',#1048,#1047);
#1050=DIRECTION('',(0.E0,0.E0,1.E0));
#1051=VECTOR('',#1050,1.2E0);
#1052=CARTESIAN_POINT('',(8.E0,-2.E-1,0.E0));
#1053=LINE('',#1052,#1051);
#1054=DIRECTION('',(0.E0,0.E0,1.E0));
#1055=VECTOR('',#1054,2.5E0);
#1056=CARTESIAN_POINT('',(8.E0,-4.7E0,0.E0));
#1057=LINE('',#1056,#1055);
#1058=DIRECTION('',(0.E0,8.395701571522E-1,5.432512781573E-1));
#1059=VECTOR('',#1058,2.024845673132E0);
#1060=CARTESIAN_POINT('',(8.E0,-4.7E0,2.5E0));
#1061=LINE('',#1060,#1059);
#1062=DIRECTION('',(0.E0,0.E0,1.E0));
#1063=VECTOR('',#1062,1.9E0);
#1064=CARTESIAN_POINT('',(8.E0,-3.E0,3.6E0));
#1065=LINE('',#1064,#1063);
#1066=DIRECTION('',(0.E0,0.E0,-1.E0));
#1067=VECTOR('',#1066,8.E-1);
#1068=CARTESIAN_POINT('',(8.E0,2.15E0,5.5E0));
#1069=LINE('',#1068,#1067);
#1070=DIRECTION('',(0.E0,-1.E0,0.E0));
#1071=VECTOR('',#1070,4.5E0);
#1072=CARTESIAN_POINT('',(8.E0,2.15E0,4.7E0));
#1073=LINE('',#1072,#1071);
#1074=DIRECTION('',(0.E0,0.E0,1.E0));
#1075=VECTOR('',#1074,2.2E0);
#1076=CARTESIAN_POINT('',(8.E0,-2.35E0,2.5E0));
#1077=LINE('',#1076,#1075);
#1078=DIRECTION('',(1.E0,0.E0,0.E0));
#1079=VECTOR('',#1078,9.E-1);
#1080=CARTESIAN_POINT('',(7.1E0,2.15E0,4.7E0));
#1081=LINE('',#1080,#1079);
#1082=DIRECTION('',(0.E0,0.E0,1.E0));
#1083=VECTOR('',#1082,1.E0);
#1084=CARTESIAN_POINT('',(7.6E0,2.15E0,1.2E0));
#1085=LINE('',#1084,#1083);
#1086=DIRECTION('',(-1.E0,0.E0,0.E0));
#1087=VECTOR('',#1086,4.E-1);
#1088=CARTESIAN_POINT('',(8.E0,2.15E0,1.2E0));
#1089=LINE('',#1088,#1087);
#1090=DIRECTION('',(1.E0,0.E0,0.E0));
#1091=VECTOR('',#1090,9.E-1);
#1092=CARTESIAN_POINT('',(7.1E0,2.15E0,2.5E0));
#1093=LINE('',#1092,#1091);
#1094=DIRECTION('',(1.E0,0.E0,0.E0));
#1095=VECTOR('',#1094,5.E-1);
#1096=CARTESIAN_POINT('',(7.1E0,2.15E0,2.2E0));
#1097=LINE('',#1096,#1095);
#1098=DIRECTION('',(0.E0,-1.E0,0.E0));
#1099=VECTOR('',#1098,8.5E-1);
#1100=CARTESIAN_POINT('',(7.1E0,3.E0,5.5E0));
#1101=LINE('',#1100,#1099);
#1102=DIRECTION('',(-1.E0,0.E0,0.E0));
#1103=VECTOR('',#1102,9.E-1);
#1104=CARTESIAN_POINT('',(8.E0,2.15E0,5.5E0));
#1105=LINE('',#1104,#1103);
#1106=DIRECTION('',(0.E0,1.E0,0.E0));
#1107=VECTOR('',#1106,5.15E0);
#1108=CARTESIAN_POINT('',(8.E0,-3.E0,5.5E0));
#1109=LINE('',#1108,#1107);
#1110=DIRECTION('',(1.E0,0.E0,0.E0));
#1111=VECTOR('',#1110,1.6E0);
#1112=CARTESIAN_POINT('',(6.4E0,-3.E0,5.5E0));
#1113=LINE('',#1112,#1111);
#1114=DIRECTION('',(0.E0,1.E0,0.E0));
#1115=VECTOR('',#1114,4.3E0);
#1116=CARTESIAN_POINT('',(6.4E0,-3.E0,5.5E0));
#1117=LINE('',#1116,#1115);
#1118=DIRECTION('',(-1.E0,0.E0,0.E0));
#1119=VECTOR('',#1118,8.E-1);
#1120=CARTESIAN_POINT('',(6.4E0,1.3E0,5.5E0));
#1121=LINE('',#1120,#1119);
#1122=DIRECTION('',(0.E0,1.E0,0.E0));
#1123=VECTOR('',#1122,4.3E0);
#1124=CARTESIAN_POINT('',(5.6E0,-3.E0,5.5E0));
#1125=LINE('',#1124,#1123);
#1126=DIRECTION('',(1.E0,0.E0,0.E0));
#1127=VECTOR('',#1126,1.12E1);
#1128=CARTESIAN_POINT('',(-5.6E0,-3.E0,5.5E0));
#1129=LINE('',#1128,#1127);
#1130=DIRECTION('',(0.E0,1.E0,0.E0));
#1131=VECTOR('',#1130,4.3E0);
#1132=CARTESIAN_POINT('',(-5.6E0,-3.E0,5.5E0));
#1133=LINE('',#1132,#1131);
#1134=DIRECTION('',(-1.E0,0.E0,0.E0));
#1135=VECTOR('',#1134,8.E-1);
#1136=CARTESIAN_POINT('',(-5.6E0,1.3E0,5.5E0));
#1137=LINE('',#1136,#1135);
#1138=DIRECTION('',(0.E0,1.E0,0.E0));
#1139=VECTOR('',#1138,4.3E0);
#1140=CARTESIAN_POINT('',(-6.4E0,-3.E0,5.5E0));
#1141=LINE('',#1140,#1139);
#1142=DIRECTION('',(1.E0,0.E0,0.E0));
#1143=VECTOR('',#1142,1.6E0);
#1144=CARTESIAN_POINT('',(-8.E0,-3.E0,5.5E0));
#1145=LINE('',#1144,#1143);
#1146=DIRECTION('',(0.E0,-1.E0,0.E0));
#1147=VECTOR('',#1146,5.15E0);
#1148=CARTESIAN_POINT('',(-8.E0,2.15E0,5.5E0));
#1149=LINE('',#1148,#1147);
#1150=DIRECTION('',(1.E0,0.E0,0.E0));
#1151=VECTOR('',#1150,9.E-1);
#1152=CARTESIAN_POINT('',(-8.E0,2.15E0,5.5E0));
#1153=LINE('',#1152,#1151);
#1154=DIRECTION('',(0.E0,-1.E0,0.E0));
#1155=VECTOR('',#1154,8.5E-1);
#1156=CARTESIAN_POINT('',(-7.1E0,3.E0,5.5E0));
#1157=LINE('',#1156,#1155);
#1158=DIRECTION('',(-1.E0,0.E0,0.E0));
#1159=VECTOR('',#1158,1.27E1);
#1160=CARTESIAN_POINT('',(5.6E0,3.E0,5.5E0));
#1161=LINE('',#1160,#1159);
#1162=DIRECTION('',(0.E0,-1.E0,0.E0));
#1163=VECTOR('',#1162,8.E-1);
#1164=CARTESIAN_POINT('',(5.6E0,3.E0,5.5E0));
#1165=LINE('',#1164,#1163);
#1166=DIRECTION('',(1.E0,0.E0,0.E0));
#1167=VECTOR('',#1166,8.E-1);
#1168=CARTESIAN_POINT('',(5.6E0,2.2E0,5.5E0));
#1169=LINE('',#1168,#1167);
#1170=DIRECTION('',(0.E0,-1.E0,0.E0));
#1171=VECTOR('',#1170,8.E-1);
#1172=CARTESIAN_POINT('',(6.4E0,3.E0,5.5E0));
#1173=LINE('',#1172,#1171);
#1174=DIRECTION('',(-1.E0,0.E0,0.E0));
#1175=VECTOR('',#1174,7.E-1);
#1176=CARTESIAN_POINT('',(7.1E0,3.E0,5.5E0));
#1177=LINE('',#1176,#1175);
#1178=DIRECTION('',(0.E0,0.E0,-1.E0));
#1179=VECTOR('',#1178,8.E-1);
#1180=CARTESIAN_POINT('',(-5.E0,-3.E0,5.1E0));
#1181=LINE('',#1180,#1179);
#1182=DIRECTION('',(1.E0,0.E0,0.E0));
#1183=VECTOR('',#1182,1.E1);
#1184=CARTESIAN_POINT('',(-5.E0,-3.E0,4.3E0));
#1185=LINE('',#1184,#1183);
#1186=DIRECTION('',(0.E0,0.E0,1.E0));
#1187=VECTOR('',#1186,8.E-1);
#1188=CARTESIAN_POINT('',(5.E0,-3.E0,4.3E0));
#1189=LINE('',#1188,#1187);
#1190=DIRECTION('',(-1.E0,0.E0,0.E0));
#1191=VECTOR('',#1190,1.E1);
#1192=CARTESIAN_POINT('',(5.E0,-3.E0,5.1E0));
#1193=LINE('',#1192,#1191);
#1194=DIRECTION('',(0.E0,0.E0,1.E0));
#1195=VECTOR('',#1194,9.E-1);
#1196=CARTESIAN_POINT('',(5.3E0,-3.E0,1.E-1));
#1197=LINE('',#1196,#1195);
#1198=DIRECTION('',(1.E0,0.E0,0.E0));
#1199=VECTOR('',#1198,1.9E0);
#1200=CARTESIAN_POINT('',(5.3E0,-3.E0,1.E0));
#1201=LINE('',#1200,#1199);
#1202=DIRECTION('',(0.E0,0.E0,1.E0));
#1203=VECTOR('',#1202,1.E0);
#1204=CARTESIAN_POINT('',(7.2E0,-3.E0,0.E0));
#1205=LINE('',#1204,#1203);
#1206=DIRECTION('',(-1.776356839400E-14,0.E0,1.E0));
#1207=VECTOR('',#1206,1.E-1);
#1208=CARTESIAN_POINT('',(5.9E0,-3.E0,0.E0));
#1209=LINE('',#1208,#1207);
#1210=DIRECTION('',(1.E0,0.E0,0.E0));
#1211=VECTOR('',#1210,6.000000000002E-1);
#1212=CARTESIAN_POINT('',(5.3E0,-3.E0,1.E-1));
#1213=LINE('',#1212,#1211);
#1214=DIRECTION('',(0.E0,0.E0,1.E0));
#1215=VECTOR('',#1214,9.E-1);
#1216=CARTESIAN_POINT('',(3.3E0,-3.E0,1.E-1));
#1217=LINE('',#1216,#1215);
#1218=DIRECTION('',(1.E0,0.E0,0.E0));
#1219=VECTOR('',#1218,1.4E0);
#1220=CARTESIAN_POINT('',(3.3E0,-3.E0,1.E0));
#1221=LINE('',#1220,#1219);
#1222=DIRECTION('',(0.E0,0.E0,1.E0));
#1223=VECTOR('',#1222,9.E-1);
#1224=CARTESIAN_POINT('',(4.7E0,-3.E0,1.E-1));
#1225=LINE('',#1224,#1223);
#1226=DIRECTION('',(1.E0,0.E0,0.E0));
#1227=VECTOR('',#1226,1.4E0);
#1228=CARTESIAN_POINT('',(3.3E0,-3.E0,1.E-1));
#1229=LINE('',#1228,#1227);
#1230=DIRECTION('',(0.E0,0.E0,1.E0));
#1231=VECTOR('',#1230,9.E-1);
#1232=CARTESIAN_POINT('',(1.3E0,-3.E0,1.E-1));
#1233=LINE('',#1232,#1231);
#1234=DIRECTION('',(1.E0,0.E0,0.E0));
#1235=VECTOR('',#1234,1.4E0);
#1236=CARTESIAN_POINT('',(1.3E0,-3.E0,1.E0));
#1237=LINE('',#1236,#1235);
#1238=DIRECTION('',(0.E0,0.E0,1.E0));
#1239=VECTOR('',#1238,9.E-1);
#1240=CARTESIAN_POINT('',(2.7E0,-3.E0,1.E-1));
#1241=LINE('',#1240,#1239);
#1242=DIRECTION('',(1.E0,0.E0,0.E0));
#1243=VECTOR('',#1242,1.4E0);
#1244=CARTESIAN_POINT('',(1.3E0,-3.E0,1.E-1));
#1245=LINE('',#1244,#1243);
#1246=DIRECTION('',(0.E0,0.E0,1.E0));
#1247=VECTOR('',#1246,9.E-1);
#1248=CARTESIAN_POINT('',(-7.E-1,-3.E0,1.E-1));
#1249=LINE('',#1248,#1247);
#1250=DIRECTION('',(1.E0,0.E0,0.E0));
#1251=VECTOR('',#1250,1.4E0);
#1252=CARTESIAN_POINT('',(-7.E-1,-3.E0,1.E0));
#1253=LINE('',#1252,#1251);
#1254=DIRECTION('',(0.E0,0.E0,1.E0));
#1255=VECTOR('',#1254,9.E-1);
#1256=CARTESIAN_POINT('',(7.E-1,-3.E0,1.E-1));
#1257=LINE('',#1256,#1255);
#1258=DIRECTION('',(1.E0,0.E0,0.E0));
#1259=VECTOR('',#1258,1.4E0);
#1260=CARTESIAN_POINT('',(-7.E-1,-3.E0,1.E-1));
#1261=LINE('',#1260,#1259);
#1262=DIRECTION('',(0.E0,0.E0,1.E0));
#1263=VECTOR('',#1262,9.E-1);
#1264=CARTESIAN_POINT('',(-2.7E0,-3.E0,1.E-1));
#1265=LINE('',#1264,#1263);
#1266=DIRECTION('',(1.E0,0.E0,0.E0));
#1267=VECTOR('',#1266,1.4E0);
#1268=CARTESIAN_POINT('',(-2.7E0,-3.E0,1.E0));
#1269=LINE('',#1268,#1267);
#1270=DIRECTION('',(0.E0,0.E0,1.E0));
#1271=VECTOR('',#1270,9.E-1);
#1272=CARTESIAN_POINT('',(-1.3E0,-3.E0,1.E-1));
#1273=LINE('',#1272,#1271);
#1274=DIRECTION('',(1.E0,0.E0,0.E0));
#1275=VECTOR('',#1274,1.4E0);
#1276=CARTESIAN_POINT('',(-2.7E0,-3.E0,1.E-1));
#1277=LINE('',#1276,#1275);
#1278=DIRECTION('',(0.E0,0.E0,1.E0));
#1279=VECTOR('',#1278,9.E-1);
#1280=CARTESIAN_POINT('',(-5.3E0,-3.E0,1.E-1));
#1281=LINE('',#1280,#1279);
#1282=DIRECTION('',(1.E0,0.E0,0.E0));
#1283=VECTOR('',#1282,6.E-1);
#1284=CARTESIAN_POINT('',(-5.9E0,-3.E0,1.E-1));
#1285=LINE('',#1284,#1283);
#1286=DIRECTION('',(0.E0,0.E0,1.E0));
#1287=VECTOR('',#1286,1.E-1);
#1288=CARTESIAN_POINT('',(-5.9E0,-3.E0,0.E0));
#1289=LINE('',#1288,#1287);
#1290=DIRECTION('',(0.E0,0.E0,1.E0));
#1291=VECTOR('',#1290,1.E0);
#1292=CARTESIAN_POINT('',(-7.2E0,-3.E0,0.E0));
#1293=LINE('',#1292,#1291);
#1294=DIRECTION('',(1.E0,0.E0,0.E0));
#1295=VECTOR('',#1294,1.9E0);
#1296=CARTESIAN_POINT('',(-7.2E0,-3.E0,1.E0));
#1297=LINE('',#1296,#1295);
#1298=DIRECTION('',(0.E0,0.E0,1.E0));
#1299=VECTOR('',#1298,9.E-1);
#1300=CARTESIAN_POINT('',(-4.7E0,-3.E0,1.E-1));
#1301=LINE('',#1300,#1299);
#1302=DIRECTION('',(1.E0,0.E0,0.E0));
#1303=VECTOR('',#1302,1.4E0);
#1304=CARTESIAN_POINT('',(-4.7E0,-3.E0,1.E0));
#1305=LINE('',#1304,#1303);
#1306=DIRECTION('',(0.E0,0.E0,1.E0));
#1307=VECTOR('',#1306,9.E-1);
#1308=CARTESIAN_POINT('',(-3.3E0,-3.E0,1.E-1));
#1309=LINE('',#1308,#1307);
#1310=DIRECTION('',(1.E0,0.E0,0.E0));
#1311=VECTOR('',#1310,1.4E0);
#1312=CARTESIAN_POINT('',(-4.7E0,-3.E0,1.E-1));
#1313=LINE('',#1312,#1311);
#1314=DIRECTION('',(0.E0,0.E0,1.E0));
#1315=VECTOR('',#1314,1.010432180699E0);
#1316=CARTESIAN_POINT('',(-5.25E0,-3.E0,2.5E0));
#1317=LINE('',#1316,#1315);
#1318=DIRECTION('',(-1.E0,0.E0,0.E0));
#1319=VECTOR('',#1318,1.95E0);
#1320=CARTESIAN_POINT('',(-5.25E0,-3.E0,2.5E0));
#1321=LINE('',#1320,#1319);
#1322=DIRECTION('',(0.E0,0.E0,1.E0));
#1323=VECTOR('',#1322,1.1E0);
#1324=CARTESIAN_POINT('',(-7.2E0,-3.E0,2.5E0));
#1325=LINE('',#1324,#1323);
#1326=DIRECTION('',(1.E0,0.E0,0.E0));
#1327=VECTOR('',#1326,8.E-1);
#1328=CARTESIAN_POINT('',(-8.E0,-3.E0,3.6E0));
#1329=LINE('',#1328,#1327);
#1330=DIRECTION('',(0.E0,0.E0,1.E0));
#1331=VECTOR('',#1330,1.9E0);
#1332=CARTESIAN_POINT('',(-8.E0,-3.E0,3.6E0));
#1333=LINE('',#1332,#1331);
#1334=DIRECTION('',(0.E0,0.E0,-1.E0));
#1335=VECTOR('',#1334,1.E0);
#1336=CARTESIAN_POINT('',(-6.4E0,-3.E0,5.5E0));
#1337=LINE('',#1336,#1335);
#1338=DIRECTION('',(1.E0,0.E0,0.E0));
#1339=VECTOR('',#1338,8.E-1);
#1340=CARTESIAN_POINT('',(-6.4E0,-3.E0,4.5E0));
#1341=LINE('',#1340,#1339);
#1342=DIRECTION('',(0.E0,0.E0,-1.E0));
#1343=VECTOR('',#1342,1.E0);
#1344=CARTESIAN_POINT('',(-5.6E0,-3.E0,5.5E0));
#1345=LINE('',#1344,#1343);
#1346=DIRECTION('',(0.E0,0.E0,-1.E0));
#1347=VECTOR('',#1346,1.E0);
#1348=CARTESIAN_POINT('',(5.6E0,-3.E0,5.5E0));
#1349=LINE('',#1348,#1347);
#1350=DIRECTION('',(1.E0,0.E0,0.E0));
#1351=VECTOR('',#1350,8.E-1);
#1352=CARTESIAN_POINT('',(5.6E0,-3.E0,4.5E0));
#1353=LINE('',#1352,#1351);
#1354=DIRECTION('',(0.E0,0.E0,-1.E0));
#1355=VECTOR('',#1354,1.E0);
#1356=CARTESIAN_POINT('',(6.4E0,-3.E0,5.5E0));
#1357=LINE('',#1356,#1355);
#1358=DIRECTION('',(-1.E0,0.E0,0.E0));
#1359=VECTOR('',#1358,8.E-1);
#1360=CARTESIAN_POINT('',(8.E0,-3.E0,3.6E0));
#1361=LINE('',#1360,#1359);
#1362=DIRECTION('',(0.E0,0.E0,1.E0));
#1363=VECTOR('',#1362,1.1E0);
#1364=CARTESIAN_POINT('',(7.2E0,-3.E0,2.5E0));
#1365=LINE('',#1364,#1363);
#1366=DIRECTION('',(-1.E0,0.E0,0.E0));
#1367=VECTOR('',#1366,1.95E0);
#1368=CARTESIAN_POINT('',(7.2E0,-3.E0,2.5E0));
#1369=LINE('',#1368,#1367);
#1370=DIRECTION('',(0.E0,0.E0,1.E0));
#1371=VECTOR('',#1370,1.010432180699E0);
#1372=CARTESIAN_POINT('',(5.25E0,-3.E0,2.5E0));
#1373=LINE('',#1372,#1371);
#1374=DIRECTION('',(1.E0,0.E0,0.E0));
#1375=VECTOR('',#1374,5.E-1);
#1376=CARTESIAN_POINT('',(4.75E0,-3.E0,3.510432180699E0));
#1377=LINE('',#1376,#1375);
#1378=DIRECTION('',(0.E0,0.E0,1.E0));
#1379=VECTOR('',#1378,1.010432180699E0);
#1380=CARTESIAN_POINT('',(4.75E0,-3.E0,2.5E0));
#1381=LINE('',#1380,#1379);
#1382=DIRECTION('',(-1.E0,0.E0,0.E0));
#1383=VECTOR('',#1382,1.5E0);
#1384=CARTESIAN_POINT('',(4.75E0,-3.E0,2.5E0));
#1385=LINE('',#1384,#1383);
#1386=DIRECTION('',(0.E0,0.E0,1.E0));
#1387=VECTOR('',#1386,1.010432180699E0);
#1388=CARTESIAN_POINT('',(3.25E0,-3.E0,2.5E0));
#1389=LINE('',#1388,#1387);
#1390=DIRECTION('',(1.E0,0.E0,0.E0));
#1391=VECTOR('',#1390,5.E-1);
#1392=CARTESIAN_POINT('',(2.75E0,-3.E0,3.510432180699E0));
#1393=LINE('',#1392,#1391);
#1394=DIRECTION('',(0.E0,0.E0,1.E0));
#1395=VECTOR('',#1394,1.010432180699E0);
#1396=CARTESIAN_POINT('',(2.75E0,-3.E0,2.5E0));
#1397=LINE('',#1396,#1395);
#1398=DIRECTION('',(-1.E0,0.E0,0.E0));
#1399=VECTOR('',#1398,1.5E0);
#1400=CARTESIAN_POINT('',(2.75E0,-3.E0,2.5E0));
#1401=LINE('',#1400,#1399);
#1402=DIRECTION('',(0.E0,0.E0,1.E0));
#1403=VECTOR('',#1402,1.010432180699E0);
#1404=CARTESIAN_POINT('',(1.25E0,-3.E0,2.5E0));
#1405=LINE('',#1404,#1403);
#1406=DIRECTION('',(1.E0,0.E0,0.E0));
#1407=VECTOR('',#1406,5.E-1);
#1408=CARTESIAN_POINT('',(7.5E-1,-3.E0,3.510432180699E0));
#1409=LINE('',#1408,#1407);
#1410=DIRECTION('',(0.E0,0.E0,1.E0));
#1411=VECTOR('',#1410,1.010432180699E0);
#1412=CARTESIAN_POINT('',(7.5E-1,-3.E0,2.5E0));
#1413=LINE('',#1412,#1411);
#1414=DIRECTION('',(-1.E0,0.E0,0.E0));
#1415=VECTOR('',#1414,1.5E0);
#1416=CARTESIAN_POINT('',(7.5E-1,-3.E0,2.5E0));
#1417=LINE('',#1416,#1415);
#1418=DIRECTION('',(0.E0,0.E0,1.E0));
#1419=VECTOR('',#1418,1.010432180699E0);
#1420=CARTESIAN_POINT('',(-7.5E-1,-3.E0,2.5E0));
#1421=LINE('',#1420,#1419);
#1422=DIRECTION('',(1.E0,0.E0,0.E0));
#1423=VECTOR('',#1422,5.E-1);
#1424=CARTESIAN_POINT('',(-1.25E0,-3.E0,3.510432180699E0));
#1425=LINE('',#1424,#1423);
#1426=DIRECTION('',(0.E0,0.E0,1.E0));
#1427=VECTOR('',#1426,1.010432180699E0);
#1428=CARTESIAN_POINT('',(-1.25E0,-3.E0,2.5E0));
#1429=LINE('',#1428,#1427);
#1430=DIRECTION('',(-1.E0,0.E0,0.E0));
#1431=VECTOR('',#1430,1.5E0);
#1432=CARTESIAN_POINT('',(-1.25E0,-3.E0,2.5E0));
#1433=LINE('',#1432,#1431);
#1434=DIRECTION('',(0.E0,0.E0,1.E0));
#1435=VECTOR('',#1434,1.010432180699E0);
#1436=CARTESIAN_POINT('',(-2.75E0,-3.E0,2.5E0));
#1437=LINE('',#1436,#1435);
#1438=DIRECTION('',(1.E0,0.E0,0.E0));
#1439=VECTOR('',#1438,5.E-1);
#1440=CARTESIAN_POINT('',(-3.25E0,-3.E0,3.510432180699E0));
#1441=LINE('',#1440,#1439);
#1442=DIRECTION('',(0.E0,0.E0,1.E0));
#1443=VECTOR('',#1442,1.010432180699E0);
#1444=CARTESIAN_POINT('',(-3.25E0,-3.E0,2.5E0));
#1445=LINE('',#1444,#1443);
#1446=DIRECTION('',(-1.E0,0.E0,0.E0));
#1447=VECTOR('',#1446,1.5E0);
#1448=CARTESIAN_POINT('',(-3.25E0,-3.E0,2.5E0));
#1449=LINE('',#1448,#1447);
#1450=DIRECTION('',(0.E0,0.E0,1.E0));
#1451=VECTOR('',#1450,1.010432180699E0);
#1452=CARTESIAN_POINT('',(-4.75E0,-3.E0,2.5E0));
#1453=LINE('',#1452,#1451);
#1454=DIRECTION('',(1.E0,0.E0,0.E0));
#1455=VECTOR('',#1454,5.E-1);
#1456=CARTESIAN_POINT('',(-5.25E0,-3.E0,3.510432180699E0));
#1457=LINE('',#1456,#1455);
#1458=DIRECTION('',(0.E0,1.E0,0.E0));
#1459=VECTOR('',#1458,6.E-1);
#1460=CARTESIAN_POINT('',(-5.E0,-3.E0,5.1E0));
#1461=LINE('',#1460,#1459);
#1462=DIRECTION('',(0.E0,1.E0,0.E0));
#1463=VECTOR('',#1462,6.E-1);
#1464=CARTESIAN_POINT('',(5.E0,-3.E0,5.1E0));
#1465=LINE('',#1464,#1463);
#1466=DIRECTION('',(0.E0,1.E0,0.E0));
#1467=VECTOR('',#1466,6.E-1);
#1468=CARTESIAN_POINT('',(5.E0,-3.E0,4.3E0));
#1469=LINE('',#1468,#1467);
#1470=DIRECTION('',(0.E0,1.E0,0.E0));
#1471=VECTOR('',#1470,6.E-1);
#1472=CARTESIAN_POINT('',(-5.E0,-3.E0,4.3E0));
#1473=LINE('',#1472,#1471);
#1474=DIRECTION('',(0.E0,0.E0,-1.E0));
#1475=VECTOR('',#1474,8.E-1);
#1476=CARTESIAN_POINT('',(-5.E0,-2.4E0,5.1E0));
#1477=LINE('',#1476,#1475);
#1478=DIRECTION('',(-1.E0,0.E0,0.E0));
#1479=VECTOR('',#1478,1.E1);
#1480=CARTESIAN_POINT('',(5.E0,-2.4E0,5.1E0));
#1481=LINE('',#1480,#1479);
#1482=DIRECTION('',(0.E0,0.E0,1.E0));
#1483=VECTOR('',#1482,8.E-1);
#1484=CARTESIAN_POINT('',(5.E0,-2.4E0,4.3E0));
#1485=LINE('',#1484,#1483);
#1486=DIRECTION('',(1.E0,0.E0,0.E0));
#1487=VECTOR('',#1486,1.E1);
#1488=CARTESIAN_POINT('',(-5.E0,-2.4E0,4.3E0));
#1489=LINE('',#1488,#1487);
#1490=DIRECTION('',(1.E0,0.E0,0.E0));
#1491=VECTOR('',#1490,1.4E0);
#1492=CARTESIAN_POINT('',(-4.7E0,-2.400397888530E0,1.E0));
#1493=LINE('',#1492,#1491);
#1494=DIRECTION('',(0.E0,-4.420983234059E-4,-9.999999022745E-1));
#1495=VECTOR('',#1494,9.000000879529E-1);
#1496=CARTESIAN_POINT('',(-4.7E0,-2.400397888530E0,1.E0));
#1497=LINE('',#1496,#1495);
#1498=DIRECTION('',(9.999999780727E-1,-2.094150111708E-4,0.E0));
#1499=VECTOR('',#1498,1.900000041662E0);
#1500=CARTESIAN_POINT('',(-7.2E0,-2.4E0,1.E0));
#1501=LINE('',#1500,#1499);
#1502=DIRECTION('',(0.E0,0.E0,-1.E0));
#1503=VECTOR('',#1502,1.5E0);
#1504=CARTESIAN_POINT('',(-7.2E0,-2.4E0,2.5E0));
#1505=LINE('',#1504,#1503);
#1506=DIRECTION('',(-1.E0,0.E0,0.E0));
#1507=VECTOR('',#1506,1.44E1);
#1508=CARTESIAN_POINT('',(7.2E0,-2.4E0,2.5E0));
#1509=LINE('',#1508,#1507);
#1510=DIRECTION('',(0.E0,0.E0,1.E0));
#1511=VECTOR('',#1510,1.5E0);
#1512=CARTESIAN_POINT('',(7.2E0,-2.4E0,1.E0));
#1513=LINE('',#1512,#1511);
#1514=DIRECTION('',(9.999999780727E-1,2.094150111706E-4,0.E0));
#1515=VECTOR('',#1514,1.900000041662E0);
#1516=CARTESIAN_POINT('',(5.3E0,-2.400397888530E0,1.E0));
#1517=LINE('',#1516,#1515);
#1518=DIRECTION('',(0.E0,-4.420983234059E-4,-9.999999022745E-1));
#1519=VECTOR('',#1518,9.000000879529E-1);
#1520=CARTESIAN_POINT('',(5.3E0,-2.400397888530E0,1.E0));
#1521=LINE('',#1520,#1519);
#1522=DIRECTION('',(1.E0,0.E0,0.E0));
#1523=VECTOR('',#1522,1.4E0);
#1524=CARTESIAN_POINT('',(3.3E0,-2.400397888530E0,1.E0));
#1525=LINE('',#1524,#1523);
#1526=DIRECTION('',(0.E0,-4.420983234059E-4,-9.999999022745E-1));
#1527=VECTOR('',#1526,9.000000879529E-1);
#1528=CARTESIAN_POINT('',(3.3E0,-2.400397888530E0,1.E0));
#1529=LINE('',#1528,#1527);
#1530=DIRECTION('',(1.E0,0.E0,0.E0));
#1531=VECTOR('',#1530,1.4E0);
#1532=CARTESIAN_POINT('',(1.3E0,-2.400397888530E0,1.E0));
#1533=LINE('',#1532,#1531);
#1534=DIRECTION('',(0.E0,-4.420983234059E-4,-9.999999022745E-1));
#1535=VECTOR('',#1534,9.000000879529E-1);
#1536=CARTESIAN_POINT('',(1.3E0,-2.400397888530E0,1.E0));
#1537=LINE('',#1536,#1535);
#1538=DIRECTION('',(1.E0,0.E0,0.E0));
#1539=VECTOR('',#1538,1.4E0);
#1540=CARTESIAN_POINT('',(-7.E-1,-2.400397888530E0,1.E0));
#1541=LINE('',#1540,#1539);
#1542=DIRECTION('',(0.E0,-4.420983234059E-4,-9.999999022745E-1));
#1543=VECTOR('',#1542,9.000000879529E-1);
#1544=CARTESIAN_POINT('',(-7.E-1,-2.400397888530E0,1.E0));
#1545=LINE('',#1544,#1543);
#1546=DIRECTION('',(1.E0,0.E0,0.E0));
#1547=VECTOR('',#1546,1.4E0);
#1548=CARTESIAN_POINT('',(-2.7E0,-2.400397888530E0,1.E0));
#1549=LINE('',#1548,#1547);
#1550=DIRECTION('',(0.E0,-4.420983234059E-4,-9.999999022745E-1));
#1551=VECTOR('',#1550,9.000000879529E-1);
#1552=CARTESIAN_POINT('',(-2.7E0,-2.400397888530E0,1.E0));
#1553=LINE('',#1552,#1551);
#1554=DIRECTION('',(0.E0,1.E0,0.E0));
#1555=VECTOR('',#1554,5.996021114701E-1);
#1556=CARTESIAN_POINT('',(5.3E0,-3.E0,1.E0));
#1557=LINE('',#1556,#1555);
#1558=DIRECTION('',(0.E0,1.E0,0.E0));
#1559=VECTOR('',#1558,5.996021114701E-1);
#1560=CARTESIAN_POINT('',(3.3E0,-3.E0,1.E0));
#1561=LINE('',#1560,#1559);
#1562=DIRECTION('',(0.E0,1.E0,0.E0));
#1563=VECTOR('',#1562,5.996021114701E-1);
#1564=CARTESIAN_POINT('',(4.7E0,-3.E0,1.E0));
#1565=LINE('',#1564,#1563);
#1566=DIRECTION('',(0.E0,1.E0,0.E0));
#1567=VECTOR('',#1566,5.996021114701E-1);
#1568=CARTESIAN_POINT('',(1.3E0,-3.E0,1.E0));
#1569=LINE('',#1568,#1567);
#1570=DIRECTION('',(0.E0,1.E0,0.E0));
#1571=VECTOR('',#1570,5.996021114701E-1);
#1572=CARTESIAN_POINT('',(2.7E0,-3.E0,1.E0));
#1573=LINE('',#1572,#1571);
#1574=DIRECTION('',(0.E0,1.E0,0.E0));
#1575=VECTOR('',#1574,5.996021114701E-1);
#1576=CARTESIAN_POINT('',(-7.E-1,-3.E0,1.E0));
#1577=LINE('',#1576,#1575);
#1578=DIRECTION('',(0.E0,1.E0,0.E0));
#1579=VECTOR('',#1578,5.996021114701E-1);
#1580=CARTESIAN_POINT('',(7.E-1,-3.E0,1.E0));
#1581=LINE('',#1580,#1579);
#1582=DIRECTION('',(0.E0,1.E0,0.E0));
#1583=VECTOR('',#1582,5.996021114701E-1);
#1584=CARTESIAN_POINT('',(-2.7E0,-3.E0,1.E0));
#1585=LINE('',#1584,#1583);
#1586=DIRECTION('',(0.E0,1.E0,0.E0));
#1587=VECTOR('',#1586,5.996021114701E-1);
#1588=CARTESIAN_POINT('',(-1.3E0,-3.E0,1.E0));
#1589=LINE('',#1588,#1587);
#1590=DIRECTION('',(0.E0,1.E0,0.E0));
#1591=VECTOR('',#1590,5.996021114701E-1);
#1592=CARTESIAN_POINT('',(-5.3E0,-3.E0,1.E0));
#1593=LINE('',#1592,#1591);
#1594=DIRECTION('',(0.E0,1.E0,0.E0));
#1595=VECTOR('',#1594,6.E-1);
#1596=CARTESIAN_POINT('',(-7.2E0,-3.E0,1.E0));
#1597=LINE('',#1596,#1595);
#1598=DIRECTION('',(0.E0,1.E0,0.E0));
#1599=VECTOR('',#1598,5.996021114701E-1);
#1600=CARTESIAN_POINT('',(-4.7E0,-3.E0,1.E0));
#1601=LINE('',#1600,#1599);
#1602=DIRECTION('',(0.E0,1.E0,0.E0));
#1603=VECTOR('',#1602,5.996021114701E-1);
#1604=CARTESIAN_POINT('',(-3.3E0,-3.E0,1.E0));
#1605=LINE('',#1604,#1603);
#1606=DIRECTION('',(0.E0,1.E0,0.E0));
#1607=VECTOR('',#1606,5.992042229401E-1);
#1608=CARTESIAN_POINT('',(-5.3E0,-3.E0,1.E-1));
#1609=LINE('',#1608,#1607);
#1610=DIRECTION('',(-1.E0,0.E0,0.E0));
#1611=VECTOR('',#1610,6.E-1);
#1612=CARTESIAN_POINT('',(-4.7E0,-2.400795777060E0,1.E-1));
#1613=LINE('',#1612,#1611);
#1614=DIRECTION('',(0.E0,1.E0,0.E0));
#1615=VECTOR('',#1614,5.992042229401E-1);
#1616=CARTESIAN_POINT('',(-4.7E0,-3.E0,1.E-1));
#1617=LINE('',#1616,#1615);
#1618=DIRECTION('',(0.E0,1.E0,0.E0));
#1619=VECTOR('',#1618,5.992042229401E-1);
#1620=CARTESIAN_POINT('',(-3.3E0,-3.E0,1.E-1));
#1621=LINE('',#1620,#1619);
#1622=DIRECTION('',(-1.E0,0.E0,0.E0));
#1623=VECTOR('',#1622,6.E-1);
#1624=CARTESIAN_POINT('',(-2.7E0,-2.400795777060E0,1.E-1));
#1625=LINE('',#1624,#1623);
#1626=DIRECTION('',(0.E0,1.E0,0.E0));
#1627=VECTOR('',#1626,5.992042229401E-1);
#1628=CARTESIAN_POINT('',(-2.7E0,-3.E0,1.E-1));
#1629=LINE('',#1628,#1627);
#1630=DIRECTION('',(0.E0,1.E0,0.E0));
#1631=VECTOR('',#1630,5.992042229401E-1);
#1632=CARTESIAN_POINT('',(-1.3E0,-3.E0,1.E-1));
#1633=LINE('',#1632,#1631);
#1634=DIRECTION('',(-1.E0,0.E0,0.E0));
#1635=VECTOR('',#1634,6.E-1);
#1636=CARTESIAN_POINT('',(-7.E-1,-2.400795777060E0,1.E-1));
#1637=LINE('',#1636,#1635);
#1638=DIRECTION('',(0.E0,1.E0,0.E0));
#1639=VECTOR('',#1638,5.992042229401E-1);
#1640=CARTESIAN_POINT('',(-7.E-1,-3.E0,1.E-1));
#1641=LINE('',#1640,#1639);
#1642=DIRECTION('',(0.E0,1.E0,0.E0));
#1643=VECTOR('',#1642,5.992042229401E-1);
#1644=CARTESIAN_POINT('',(7.E-1,-3.E0,1.E-1));
#1645=LINE('',#1644,#1643);
#1646=DIRECTION('',(-1.E0,0.E0,0.E0));
#1647=VECTOR('',#1646,6.E-1);
#1648=CARTESIAN_POINT('',(1.3E0,-2.400795777060E0,1.E-1));
#1649=LINE('',#1648,#1647);
#1650=DIRECTION('',(0.E0,1.E0,0.E0));
#1651=VECTOR('',#1650,5.992042229401E-1);
#1652=CARTESIAN_POINT('',(1.3E0,-3.E0,1.E-1));
#1653=LINE('',#1652,#1651);
#1654=DIRECTION('',(0.E0,1.E0,0.E0));
#1655=VECTOR('',#1654,5.992042229401E-1);
#1656=CARTESIAN_POINT('',(2.7E0,-3.E0,1.E-1));
#1657=LINE('',#1656,#1655);
#1658=DIRECTION('',(-1.E0,0.E0,0.E0));
#1659=VECTOR('',#1658,6.E-1);
#1660=CARTESIAN_POINT('',(3.3E0,-2.400795777060E0,1.E-1));
#1661=LINE('',#1660,#1659);
#1662=DIRECTION('',(0.E0,1.E0,0.E0));
#1663=VECTOR('',#1662,5.992042229401E-1);
#1664=CARTESIAN_POINT('',(3.3E0,-3.E0,1.E-1));
#1665=LINE('',#1664,#1663);
#1666=DIRECTION('',(0.E0,1.E0,0.E0));
#1667=VECTOR('',#1666,5.992042229401E-1);
#1668=CARTESIAN_POINT('',(4.7E0,-3.E0,1.E-1));
#1669=LINE('',#1668,#1667);
#1670=DIRECTION('',(-1.E0,0.E0,0.E0));
#1671=VECTOR('',#1670,6.E-1);
#1672=CARTESIAN_POINT('',(5.3E0,-2.400795777060E0,1.E-1));
#1673=LINE('',#1672,#1671);
#1674=DIRECTION('',(0.E0,1.E0,0.E0));
#1675=VECTOR('',#1674,5.992042229401E-1);
#1676=CARTESIAN_POINT('',(5.3E0,-3.E0,1.E-1));
#1677=LINE('',#1676,#1675);
#1678=DIRECTION('',(0.E0,-1.E0,0.E0));
#1679=VECTOR('',#1678,6.E0);
#1680=CARTESIAN_POINT('',(-5.9E0,3.E0,1.E-1));
#1681=LINE('',#1680,#1679);
#1682=DIRECTION('',(0.E0,-4.420983234059E-4,-9.999999022745E-1));
#1683=VECTOR('',#1682,9.000000879529E-1);
#1684=CARTESIAN_POINT('',(-5.3E0,-2.400397888530E0,1.E0));
#1685=LINE('',#1684,#1683);
#1686=DIRECTION('',(0.E0,-4.420983234059E-4,-9.999999022745E-1));
#1687=VECTOR('',#1686,9.000000879529E-1);
#1688=CARTESIAN_POINT('',(-3.3E0,-2.400397888530E0,1.E0));
#1689=LINE('',#1688,#1687);
#1690=DIRECTION('',(0.E0,-4.420983234059E-4,-9.999999022745E-1));
#1691=VECTOR('',#1690,9.000000879529E-1);
#1692=CARTESIAN_POINT('',(-1.3E0,-2.400397888530E0,1.E0));
#1693=LINE('',#1692,#1691);
#1694=DIRECTION('',(0.E0,-4.420983234059E-4,-9.999999022745E-1));
#1695=VECTOR('',#1694,9.000000879529E-1);
#1696=CARTESIAN_POINT('',(7.E-1,-2.400397888530E0,1.E0));
#1697=LINE('',#1696,#1695);
#1698=DIRECTION('',(0.E0,-4.420983234059E-4,-9.999999022745E-1));
#1699=VECTOR('',#1698,9.000000879529E-1);
#1700=CARTESIAN_POINT('',(2.7E0,-2.400397888530E0,1.E0));
#1701=LINE('',#1700,#1699);
#1702=DIRECTION('',(0.E0,-4.420983234059E-4,-9.999999022745E-1));
#1703=VECTOR('',#1702,9.000000879529E-1);
#1704=CARTESIAN_POINT('',(4.7E0,-2.400397888530E0,1.E0));
#1705=LINE('',#1704,#1703);
#1706=DIRECTION('',(0.E0,-1.E0,0.E0));
#1707=VECTOR('',#1706,6.E0);
#1708=CARTESIAN_POINT('',(5.9E0,3.E0,1.E-1));
#1709=LINE('',#1708,#1707);
#1710=DIRECTION('',(0.E0,-1.E0,0.E0));
#1711=VECTOR('',#1710,3.2E0);
#1712=CARTESIAN_POINT('',(-7.1E0,3.E0,0.E0));
#1713=LINE('',#1712,#1711);
#1714=DIRECTION('',(1.E0,0.E0,0.E0));
#1715=VECTOR('',#1714,9.E-1);
#1716=CARTESIAN_POINT('',(-8.E0,-2.E-1,0.E0));
#1717=LINE('',#1716,#1715);
#1718=DIRECTION('',(0.E0,-1.E0,0.E0));
#1719=VECTOR('',#1718,4.5E0);
#1720=CARTESIAN_POINT('',(-8.E0,-2.E-1,0.E0));
#1721=LINE('',#1720,#1719);
#1722=DIRECTION('',(1.E0,0.E0,0.E0));
#1723=VECTOR('',#1722,1.3E0);
#1724=CARTESIAN_POINT('',(-7.2E0,-3.E0,0.E0));
#1725=LINE('',#1724,#1723);
#1726=DIRECTION('',(0.E0,1.E0,0.E0));
#1727=VECTOR('',#1726,6.E0);
#1728=CARTESIAN_POINT('',(-5.9E0,-3.E0,0.E0));
#1729=LINE('',#1728,#1727);
#1730=DIRECTION('',(-1.E0,0.E0,0.E0));
#1731=VECTOR('',#1730,1.2E0);
#1732=CARTESIAN_POINT('',(-5.9E0,3.E0,0.E0));
#1733=LINE('',#1732,#1731);
#1734=DIRECTION('',(0.E0,-1.E0,0.E0));
#1735=VECTOR('',#1734,3.2E0);
#1736=CARTESIAN_POINT('',(7.1E0,3.E0,0.E0));
#1737=LINE('',#1736,#1735);
#1738=DIRECTION('',(-1.E0,0.E0,0.E0));
#1739=VECTOR('',#1738,1.2E0);
#1740=CARTESIAN_POINT('',(7.1E0,3.E0,0.E0));
#1741=LINE('',#1740,#1739);
#1742=DIRECTION('',(0.E0,1.E0,0.E0));
#1743=VECTOR('',#1742,6.E0);
#1744=CARTESIAN_POINT('',(5.9E0,-3.E0,0.E0));
#1745=LINE('',#1744,#1743);
#1746=DIRECTION('',(1.E0,0.E0,0.E0));
#1747=VECTOR('',#1746,1.3E0);
#1748=CARTESIAN_POINT('',(5.9E0,-3.E0,0.E0));
#1749=LINE('',#1748,#1747);
#1750=DIRECTION('',(0.E0,1.E0,0.E0));
#1751=VECTOR('',#1750,4.5E0);
#1752=CARTESIAN_POINT('',(8.E0,-4.7E0,0.E0));
#1753=LINE('',#1752,#1751);
#1754=DIRECTION('',(-1.E0,0.E0,0.E0));
#1755=VECTOR('',#1754,9.E-1);
#1756=CARTESIAN_POINT('',(8.E0,-2.E-1,0.E0));
#1757=LINE('',#1756,#1755);
#1758=DIRECTION('',(0.E0,0.E0,1.E0));
#1759=VECTOR('',#1758,2.2E0);
#1760=CARTESIAN_POINT('',(-7.1E0,-2.E-1,0.E0));
#1761=LINE('',#1760,#1759);
#1762=DIRECTION('',(1.E0,0.E0,0.E0));
#1763=VECTOR('',#1762,5.E-1);
#1764=CARTESIAN_POINT('',(-7.6E0,-2.E-1,2.2E0));
#1765=LINE('',#1764,#1763);
#1766=DIRECTION('',(0.E0,0.E0,1.E0));
#1767=VECTOR('',#1766,1.E0);
#1768=CARTESIAN_POINT('',(-7.6E0,-2.E-1,1.2E0));
#1769=LINE('',#1768,#1767);
#1770=DIRECTION('',(0.E0,-1.E0,0.E0));
#1771=VECTOR('',#1770,2.35E0);
#1772=CARTESIAN_POINT('',(-7.6E0,2.15E0,2.2E0));
#1773=LINE('',#1772,#1771);
#1774=DIRECTION('',(0.E0,1.E0,0.E0));
#1775=VECTOR('',#1774,2.35E0);
#1776=CARTESIAN_POINT('',(-7.6E0,-2.E-1,1.2E0));
#1777=LINE('',#1776,#1775);
#1778=DIRECTION('',(1.E0,0.E0,0.E0));
#1779=VECTOR('',#1778,4.E-1);
#1780=CARTESIAN_POINT('',(-8.E0,-2.E-1,1.2E0));
#1781=LINE('',#1780,#1779);
#1782=DIRECTION('',(1.E0,0.E0,0.E0));
#1783=VECTOR('',#1782,8.E-1);
#1784=CARTESIAN_POINT('',(-8.E0,-4.7E0,0.E0));
#1785=LINE('',#1784,#1783);
#1786=DIRECTION('',(1.E0,0.E0,0.E0));
#1787=VECTOR('',#1786,8.E-1);
#1788=CARTESIAN_POINT('',(-8.E0,-4.7E0,2.5E0));
#1789=LINE('',#1788,#1787);
#1790=DIRECTION('',(0.E0,1.E0,0.E0));
#1791=VECTOR('',#1790,6.E-1);
#1792=CARTESIAN_POINT('',(-7.2E0,-3.E0,2.5E0));
#1793=LINE('',#1792,#1791);
#1794=DIRECTION('',(0.E0,-1.E0,0.E0));
#1795=VECTOR('',#1794,1.7E0);
#1796=CARTESIAN_POINT('',(-7.2E0,-3.E0,0.E0));
#1797=LINE('',#1796,#1795);
#1798=DIRECTION('',(0.E0,0.E0,1.E0));
#1799=VECTOR('',#1798,2.5E0);
#1800=CARTESIAN_POINT('',(-7.2E0,-4.7E0,0.E0));
#1801=LINE('',#1800,#1799);
#1802=DIRECTION('',(0.E0,8.395701571522E-1,5.432512781573E-1));
#1803=VECTOR('',#1802,2.024845673132E0);
#1804=CARTESIAN_POINT('',(-7.2E0,-4.7E0,2.5E0));
#1805=LINE('',#1804,#1803);
#1806=DIRECTION('',(0.E0,-1.E0,0.E0));
#1807=VECTOR('',#1806,2.5E-1);
#1808=CARTESIAN_POINT('',(-5.25E0,-2.75E0,2.5E0));
#1809=LINE('',#1808,#1807);
#1810=DIRECTION('',(1.E0,0.E0,0.E0));
#1811=VECTOR('',#1810,5.E-1);
#1812=CARTESIAN_POINT('',(-5.25E0,-2.75E0,2.5E0));
#1813=LINE('',#1812,#1811);
#1814=DIRECTION('',(0.E0,-1.E0,0.E0));
#1815=VECTOR('',#1814,2.5E-1);
#1816=CARTESIAN_POINT('',(-4.75E0,-2.75E0,2.5E0));
#1817=LINE('',#1816,#1815);
#1818=DIRECTION('',(0.E0,-1.E0,0.E0));
#1819=VECTOR('',#1818,2.5E-1);
#1820=CARTESIAN_POINT('',(-3.25E0,-2.75E0,2.5E0));
#1821=LINE('',#1820,#1819);
#1822=DIRECTION('',(1.E0,0.E0,0.E0));
#1823=VECTOR('',#1822,5.E-1);
#1824=CARTESIAN_POINT('',(-3.25E0,-2.75E0,2.5E0));
#1825=LINE('',#1824,#1823);
#1826=DIRECTION('',(0.E0,-1.E0,0.E0));
#1827=VECTOR('',#1826,2.5E-1);
#1828=CARTESIAN_POINT('',(-2.75E0,-2.75E0,2.5E0));
#1829=LINE('',#1828,#1827);
#1830=DIRECTION('',(0.E0,-1.E0,0.E0));
#1831=VECTOR('',#1830,2.5E-1);
#1832=CARTESIAN_POINT('',(-1.25E0,-2.75E0,2.5E0));
#1833=LINE('',#1832,#1831);
#1834=DIRECTION('',(1.E0,0.E0,0.E0));
#1835=VECTOR('',#1834,5.E-1);
#1836=CARTESIAN_POINT('',(-1.25E0,-2.75E0,2.5E0));
#1837=LINE('',#1836,#1835);
#1838=DIRECTION('',(0.E0,-1.E0,0.E0));
#1839=VECTOR('',#1838,2.5E-1);
#1840=CARTESIAN_POINT('',(-7.5E-1,-2.75E0,2.5E0));
#1841=LINE('',#1840,#1839);
#1842=DIRECTION('',(0.E0,-1.E0,0.E0));
#1843=VECTOR('',#1842,2.5E-1);
#1844=CARTESIAN_POINT('',(7.5E-1,-2.75E0,2.5E0));
#1845=LINE('',#1844,#1843);
#1846=DIRECTION('',(1.E0,0.E0,0.E0));
#1847=VECTOR('',#1846,5.E-1);
#1848=CARTESIAN_POINT('',(7.5E-1,-2.75E0,2.5E0));
#1849=LINE('',#1848,#1847);
#1850=DIRECTION('',(0.E0,-1.E0,0.E0));
#1851=VECTOR('',#1850,2.5E-1);
#1852=CARTESIAN_POINT('',(1.25E0,-2.75E0,2.5E0));
#1853=LINE('',#1852,#1851);
#1854=DIRECTION('',(0.E0,-1.E0,0.E0));
#1855=VECTOR('',#1854,2.5E-1);
#1856=CARTESIAN_POINT('',(2.75E0,-2.75E0,2.5E0));
#1857=LINE('',#1856,#1855);
#1858=DIRECTION('',(1.E0,0.E0,0.E0));
#1859=VECTOR('',#1858,5.E-1);
#1860=CARTESIAN_POINT('',(2.75E0,-2.75E0,2.5E0));
#1861=LINE('',#1860,#1859);
#1862=DIRECTION('',(0.E0,-1.E0,0.E0));
#1863=VECTOR('',#1862,2.5E-1);
#1864=CARTESIAN_POINT('',(3.25E0,-2.75E0,2.5E0));
#1865=LINE('',#1864,#1863);
#1866=DIRECTION('',(0.E0,-1.E0,0.E0));
#1867=VECTOR('',#1866,2.5E-1);
#1868=CARTESIAN_POINT('',(4.75E0,-2.75E0,2.5E0));
#1869=LINE('',#1868,#1867);
#1870=DIRECTION('',(1.E0,0.E0,0.E0));
#1871=VECTOR('',#1870,5.E-1);
#1872=CARTESIAN_POINT('',(4.75E0,-2.75E0,2.5E0));
#1873=LINE('',#1872,#1871);
#1874=DIRECTION('',(0.E0,-1.E0,0.E0));
#1875=VECTOR('',#1874,2.5E-1);
#1876=CARTESIAN_POINT('',(5.25E0,-2.75E0,2.5E0));
#1877=LINE('',#1876,#1875);
#1878=DIRECTION('',(0.E0,1.E0,0.E0));
#1879=VECTOR('',#1878,6.E-1);
#1880=CARTESIAN_POINT('',(7.2E0,-3.E0,2.5E0));
#1881=LINE('',#1880,#1879);
#1882=DIRECTION('',(0.E0,0.E0,1.E0));
#1883=VECTOR('',#1882,5.E-1);
#1884=CARTESIAN_POINT('',(-5.25E0,1.823155889677E0,3.15E0));
#1885=LINE('',#1884,#1883);
#1886=DIRECTION('',(0.E0,-1.E0,0.E0));
#1887=VECTOR('',#1886,3.623155889677E0);
#1888=CARTESIAN_POINT('',(-5.25E0,1.823155889677E0,3.65E0));
#1889=LINE('',#1888,#1887);
#1890=DIRECTION('',(0.E0,0.E0,-1.E0));
#1891=VECTOR('',#1890,5.E-1);
#1892=CARTESIAN_POINT('',(-5.25E0,-5.2E0,4.E-1));
#1893=LINE('',#1892,#1891);
#1894=CARTESIAN_POINT('',(-5.25E0,-2.596265737617E0,2.996265737617E0));
#1895=DIRECTION('',(1.E0,0.E0,0.E0));
#1896=DIRECTION('',(0.E0,-6.175816162842E-1,7.865068004969E-1));
#1897=AXIS2_PLACEMENT_3D('',#1894,#1895,#1896);
#1899=DIRECTION('',(0.E0,0.E0,-1.E0));
#1900=VECTOR('',#1899,2.371745904465E0);
#1901=CARTESIAN_POINT('',(-5.25E0,-3.25E0,2.996265737617E0));
#1902=LINE('',#1901,#1900);
#1903=CARTESIAN_POINT('',(-5.25E0,-3.474519833153E0,6.245198331529E-1));
#1904=DIRECTION('',(-1.E0,0.E0,0.E0));
#1905=DIRECTION('',(0.E0,1.E0,1.780155825223E-14));
#1906=AXIS2_PLACEMENT_3D('',#1903,#1904,#1905);
#1908=DIRECTION('',(0.E0,-1.E0,0.E0));
#1909=VECTOR('',#1908,1.725480166847E0);
#1910=CARTESIAN_POINT('',(-5.25E0,-3.474519833153E0,4.E-1));
#1911=LINE('',#1910,#1909);
#1912=DIRECTION('',(3.015113445778E-1,9.045340337333E-1,-3.015113445778E-1));
#1913=VECTOR('',#1912,3.316624790355E-1);
#1914=CARTESIAN_POINT('',(-5.25E0,1.823155889677E0,3.65E0));
#1915=LINE('',#1914,#1913);
#1916=DIRECTION('',(0.E0,0.E0,-1.E0));
#1917=VECTOR('',#1916,3.E-1);
#1918=CARTESIAN_POINT('',(-4.85E0,2.123155889677E0,3.55E0));
#1919=LINE('',#1918,#1917);
#1920=DIRECTION('',(1.E0,0.E0,0.E0));
#1921=VECTOR('',#1920,3.E-1);
#1922=CARTESIAN_POINT('',(-5.15E0,2.123155889677E0,3.55E0));
#1923=LINE('',#1922,#1921);
#1924=DIRECTION('',(0.E0,0.E0,1.E0));
#1925=VECTOR('',#1924,3.E-1);
#1926=CARTESIAN_POINT('',(-5.15E0,2.123155889677E0,3.25E0));
#1927=LINE('',#1926,#1925);
#1928=DIRECTION('',(-1.E0,0.E0,0.E0));
#1929=VECTOR('',#1928,3.E-1);
#1930=CARTESIAN_POINT('',(-4.85E0,2.123155889677E0,3.25E0));
#1931=LINE('',#1930,#1929);
#1932=DIRECTION('',(-3.015113445778E-1,9.045340337333E-1,3.015113445778E-1));
#1933=VECTOR('',#1932,3.316624790355E-1);
#1934=CARTESIAN_POINT('',(-4.75E0,1.823155889677E0,3.15E0));
#1935=LINE('',#1934,#1933);
#1936=DIRECTION('',(0.E0,0.E0,-1.E0));
#1937=VECTOR('',#1936,5.E-1);
#1938=CARTESIAN_POINT('',(-4.75E0,1.823155889677E0,3.65E0));
#1939=LINE('',#1938,#1937);
#1940=DIRECTION('',(0.E0,-1.E0,0.E0));
#1941=VECTOR('',#1940,3.623155889677E0);
#1942=CARTESIAN_POINT('',(-4.75E0,1.823155889677E0,3.15E0));
#1943=LINE('',#1942,#1941);
#1944=DIRECTION('',(0.E0,0.E0,1.E0));
#1945=VECTOR('',#1944,5.E-1);
#1946=CARTESIAN_POINT('',(-4.75E0,-5.2E0,-1.E-1));
#1947=LINE('',#1946,#1945);
#1948=DIRECTION('',(0.E0,0.E0,-1.E0));
#1949=VECTOR('',#1948,1.875480166847E0);
#1950=CARTESIAN_POINT('',(-4.75E0,-2.75E0,2.5E0));
#1951=LINE('',#1950,#1949);
#1952=CARTESIAN_POINT('',(-4.75E0,-3.474519833153E0,6.245198331529E-1));
#1953=DIRECTION('',(-1.E0,0.E0,0.E0));
#1954=DIRECTION('',(0.E0,1.E0,0.E0));
#1955=AXIS2_PLACEMENT_3D('',#1952,#1953,#1954);
#1957=DIRECTION('',(0.E0,-1.E0,0.E0));
#1958=VECTOR('',#1957,1.725480166847E0);
#1959=CARTESIAN_POINT('',(-4.75E0,-3.474519833153E0,-1.E-1));
#1960=LINE('',#1959,#1958);
#1961=DIRECTION('',(-1.E0,0.E0,0.E0));
#1962=VECTOR('',#1961,5.E-1);
#1963=CARTESIAN_POINT('',(-4.75E0,1.823155889677E0,3.15E0));
#1964=LINE('',#1963,#1962);
#1965=DIRECTION('',(0.E0,-1.E0,0.E0));
#1966=VECTOR('',#1965,3.623155889677E0);
#1967=CARTESIAN_POINT('',(-5.25E0,1.823155889677E0,3.15E0));
#1968=LINE('',#1967,#1966);
#1969=DIRECTION('',(3.015113445778E-1,9.045340337333E-1,3.015113445778E-1));
#1970=VECTOR('',#1969,3.316624790355E-1);
#1971=CARTESIAN_POINT('',(-5.25E0,1.823155889677E0,3.15E0));
#1972=LINE('',#1971,#1970);
#1973=DIRECTION('',(0.E0,0.E0,1.E0));
#1974=VECTOR('',#1973,2.5E-1);
#1975=CARTESIAN_POINT('',(-4.1E0,-1.8E0,6.E-1));
#1976=LINE('',#1975,#1974);
#1977=DIRECTION('',(1.E0,0.E0,0.E0));
#1978=VECTOR('',#1977,2.E-1);
#1979=CARTESIAN_POINT('',(-4.1E0,-1.8E0,8.5E-1));
#1980=LINE('',#1979,#1978);
#1981=DIRECTION('',(-1.065814103640E-14,0.E0,1.E0));
#1982=VECTOR('',#1981,2.5E-1);
#1983=CARTESIAN_POINT('',(-3.9E0,-1.8E0,6.E-1));
#1984=LINE('',#1983,#1982);
#1985=DIRECTION('',(-1.E0,0.E0,0.E0));
#1986=VECTOR('',#1985,1.8E0);
#1987=CARTESIAN_POINT('',(-2.1E0,-1.8E0,6.E-1));
#1988=LINE('',#1987,#1986);
#1989=DIRECTION('',(-1.065814103640E-14,0.E0,1.E0));
#1990=VECTOR('',#1989,2.5E-1);
#1991=CARTESIAN_POINT('',(-2.1E0,-1.8E0,6.E-1));
#1992=LINE('',#1991,#1990);
#1993=DIRECTION('',(1.E0,0.E0,0.E0));
#1994=VECTOR('',#1993,2.E-1);
#1995=CARTESIAN_POINT('',(-2.1E0,-1.8E0,8.5E-1));
#1996=LINE('',#1995,#1994);
#1997=DIRECTION('',(-1.065814103640E-14,0.E0,1.E0));
#1998=VECTOR('',#1997,2.5E-1);
#1999=CARTESIAN_POINT('',(-1.9E0,-1.8E0,6.E-1));
#2000=LINE('',#1999,#1998);
#2001=DIRECTION('',(-1.E0,0.E0,0.E0));
#2002=VECTOR('',#2001,1.8E0);
#2003=CARTESIAN_POINT('',(-1.E-1,-1.8E0,6.E-1));
#2004=LINE('',#2003,#2002);
#2005=DIRECTION('',(-1.010302952409E-14,0.E0,1.E0));
#2006=VECTOR('',#2005,2.5E-1);
#2007=CARTESIAN_POINT('',(-1.E-1,-1.8E0,6.E-1));
#2008=LINE('',#2007,#2006);
#2009=DIRECTION('',(1.E0,0.E0,0.E0));
#2010=VECTOR('',#2009,2.E-1);
#2011=CARTESIAN_POINT('',(-1.E-1,-1.8E0,8.5E-1));
#2012=LINE('',#2011,#2010);
#2013=DIRECTION('',(-1.038058528025E-14,0.E0,1.E0));
#2014=VECTOR('',#2013,2.5E-1);
#2015=CARTESIAN_POINT('',(1.E-1,-1.8E0,6.E-1));
#2016=LINE('',#2015,#2014);
#2017=DIRECTION('',(-1.E0,0.E0,0.E0));
#2018=VECTOR('',#2017,1.8E0);
#2019=CARTESIAN_POINT('',(1.9E0,-1.8E0,6.E-1));
#2020=LINE('',#2019,#2018);
#2021=DIRECTION('',(0.E0,0.E0,1.E0));
#2022=VECTOR('',#2021,2.5E-1);
#2023=CARTESIAN_POINT('',(1.9E0,-1.8E0,6.E-1));
#2024=LINE('',#2023,#2022);
#2025=DIRECTION('',(1.E0,0.E0,0.E0));
#2026=VECTOR('',#2025,2.E-1);
#2027=CARTESIAN_POINT('',(1.9E0,-1.8E0,8.5E-1));
#2028=LINE('',#2027,#2026);
#2029=DIRECTION('',(-1.065814103640E-14,0.E0,1.E0));
#2030=VECTOR('',#2029,2.5E-1);
#2031=CARTESIAN_POINT('',(2.1E0,-1.8E0,6.E-1));
#2032=LINE('',#2031,#2030);
#2033=DIRECTION('',(-1.E0,0.E0,0.E0));
#2034=VECTOR('',#2033,1.8E0);
#2035=CARTESIAN_POINT('',(3.9E0,-1.8E0,6.E-1));
#2036=LINE('',#2035,#2034);
#2037=DIRECTION('',(0.E0,0.E0,1.E0));
#2038=VECTOR('',#2037,2.5E-1);
#2039=CARTESIAN_POINT('',(3.9E0,-1.8E0,6.E-1));
#2040=LINE('',#2039,#2038);
#2041=DIRECTION('',(1.E0,0.E0,0.E0));
#2042=VECTOR('',#2041,2.E-1);
#2043=CARTESIAN_POINT('',(3.9E0,-1.8E0,8.5E-1));
#2044=LINE('',#2043,#2042);
#2045=DIRECTION('',(0.E0,0.E0,1.E0));
#2046=VECTOR('',#2045,2.5E-1);
#2047=CARTESIAN_POINT('',(4.1E0,-1.8E0,6.E-1));
#2048=LINE('',#2047,#2046);
#2049=DIRECTION('',(-1.E0,0.E0,0.E0));
#2050=VECTOR('',#2049,2.3E0);
#2051=CARTESIAN_POINT('',(6.4E0,-1.8E0,6.E-1));
#2052=LINE('',#2051,#2050);
#2053=DIRECTION('',(0.E0,0.E0,-1.E0));
#2054=VECTOR('',#2053,3.9E0);
#2055=CARTESIAN_POINT('',(6.4E0,-1.8E0,4.5E0));
#2056=LINE('',#2055,#2054);
#2057=DIRECTION('',(1.E0,0.E0,0.E0));
#2058=VECTOR('',#2057,8.E-1);
#2059=CARTESIAN_POINT('',(5.6E0,-1.8E0,4.5E0));
#2060=LINE('',#2059,#2058);
#2061=DIRECTION('',(1.E0,0.E0,0.E0));
#2062=VECTOR('',#2061,1.1E0);
#2063=CARTESIAN_POINT('',(4.5E0,-1.8E0,4.5E0));
#2064=LINE('',#2063,#2062);
#2065=DIRECTION('',(-1.598721155460E-14,0.E0,-1.E0));
#2066=VECTOR('',#2065,5.E-1);
#2067=CARTESIAN_POINT('',(4.5E0,-1.8E0,5.E0));
#2068=LINE('',#2067,#2066);
#2069=DIRECTION('',(1.E0,0.E0,0.E0));
#2070=VECTOR('',#2069,9.E0);
#2071=CARTESIAN_POINT('',(-4.5E0,-1.8E0,5.E0));
#2072=LINE('',#2071,#2070);
#2073=DIRECTION('',(0.E0,0.E0,1.E0));
#2074=VECTOR('',#2073,5.E-1);
#2075=CARTESIAN_POINT('',(-4.5E0,-1.8E0,4.5E0));
#2076=LINE('',#2075,#2074);
#2077=DIRECTION('',(1.E0,0.E0,0.E0));
#2078=VECTOR('',#2077,1.1E0);
#2079=CARTESIAN_POINT('',(-5.6E0,-1.8E0,4.5E0));
#2080=LINE('',#2079,#2078);
#2081=DIRECTION('',(1.E0,0.E0,0.E0));
#2082=VECTOR('',#2081,8.E-1);
#2083=CARTESIAN_POINT('',(-6.4E0,-1.8E0,4.5E0));
#2084=LINE('',#2083,#2082);
#2085=DIRECTION('',(0.E0,0.E0,1.E0));
#2086=VECTOR('',#2085,3.9E0);
#2087=CARTESIAN_POINT('',(-6.4E0,-1.8E0,6.E-1));
#2088=LINE('',#2087,#2086);
#2089=DIRECTION('',(-1.E0,0.E0,0.E0));
#2090=VECTOR('',#2089,2.3E0);
#2091=CARTESIAN_POINT('',(-4.1E0,-1.8E0,6.E-1));
#2092=LINE('',#2091,#2090);
#2093=DIRECTION('',(-1.E0,0.E0,0.E0));
#2094=VECTOR('',#2093,5.E-1);
#2095=CARTESIAN_POINT('',(5.25E0,-1.8E0,3.65E0));
#2096=LINE('',#2095,#2094);
#2097=DIRECTION('',(0.E0,0.E0,1.E0));
#2098=VECTOR('',#2097,5.E-1);
#2099=CARTESIAN_POINT('',(5.25E0,-1.8E0,3.15E0));
#2100=LINE('',#2099,#2098);
#2101=DIRECTION('',(1.E0,0.E0,0.E0));
#2102=VECTOR('',#2101,5.E-1);
#2103=CARTESIAN_POINT('',(4.75E0,-1.8E0,3.15E0));
#2104=LINE('',#2103,#2102);
#2105=DIRECTION('',(0.E0,0.E0,1.E0));
#2106=VECTOR('',#2105,5.E-1);
#2107=CARTESIAN_POINT('',(4.75E0,-1.8E0,3.15E0));
#2108=LINE('',#2107,#2106);
#2109=DIRECTION('',(-1.E0,0.E0,0.E0));
#2110=VECTOR('',#2109,5.E-1);
#2111=CARTESIAN_POINT('',(3.25E0,-1.8E0,3.65E0));
#2112=LINE('',#2111,#2110);
#2113=DIRECTION('',(0.E0,0.E0,1.E0));
#2114=VECTOR('',#2113,5.E-1);
#2115=CARTESIAN_POINT('',(3.25E0,-1.8E0,3.15E0));
#2116=LINE('',#2115,#2114);
#2117=DIRECTION('',(1.E0,0.E0,0.E0));
#2118=VECTOR('',#2117,5.E-1);
#2119=CARTESIAN_POINT('',(2.75E0,-1.8E0,3.15E0));
#2120=LINE('',#2119,#2118);
#2121=DIRECTION('',(0.E0,0.E0,1.E0));
#2122=VECTOR('',#2121,5.E-1);
#2123=CARTESIAN_POINT('',(2.75E0,-1.8E0,3.15E0));
#2124=LINE('',#2123,#2122);
#2125=DIRECTION('',(-1.E0,0.E0,0.E0));
#2126=VECTOR('',#2125,5.E-1);
#2127=CARTESIAN_POINT('',(1.25E0,-1.8E0,3.65E0));
#2128=LINE('',#2127,#2126);
#2129=DIRECTION('',(0.E0,0.E0,1.E0));
#2130=VECTOR('',#2129,5.E-1);
#2131=CARTESIAN_POINT('',(1.25E0,-1.8E0,3.15E0));
#2132=LINE('',#2131,#2130);
#2133=DIRECTION('',(1.E0,0.E0,0.E0));
#2134=VECTOR('',#2133,5.E-1);
#2135=CARTESIAN_POINT('',(7.5E-1,-1.8E0,3.15E0));
#2136=LINE('',#2135,#2134);
#2137=DIRECTION('',(0.E0,0.E0,1.E0));
#2138=VECTOR('',#2137,5.E-1);
#2139=CARTESIAN_POINT('',(7.5E-1,-1.8E0,3.15E0));
#2140=LINE('',#2139,#2138);
#2141=DIRECTION('',(-1.E0,0.E0,0.E0));
#2142=VECTOR('',#2141,5.E-1);
#2143=CARTESIAN_POINT('',(-7.5E-1,-1.8E0,3.65E0));
#2144=LINE('',#2143,#2142);
#2145=DIRECTION('',(0.E0,0.E0,1.E0));
#2146=VECTOR('',#2145,5.E-1);
#2147=CARTESIAN_POINT('',(-7.5E-1,-1.8E0,3.15E0));
#2148=LINE('',#2147,#2146);
#2149=DIRECTION('',(1.E0,0.E0,0.E0));
#2150=VECTOR('',#2149,5.E-1);
#2151=CARTESIAN_POINT('',(-1.25E0,-1.8E0,3.15E0));
#2152=LINE('',#2151,#2150);
#2153=DIRECTION('',(0.E0,0.E0,1.E0));
#2154=VECTOR('',#2153,5.E-1);
#2155=CARTESIAN_POINT('',(-1.25E0,-1.8E0,3.15E0));
#2156=LINE('',#2155,#2154);
#2157=DIRECTION('',(-1.E0,0.E0,0.E0));
#2158=VECTOR('',#2157,5.E-1);
#2159=CARTESIAN_POINT('',(-2.75E0,-1.8E0,3.65E0));
#2160=LINE('',#2159,#2158);
#2161=DIRECTION('',(0.E0,0.E0,1.E0));
#2162=VECTOR('',#2161,5.E-1);
#2163=CARTESIAN_POINT('',(-2.75E0,-1.8E0,3.15E0));
#2164=LINE('',#2163,#2162);
#2165=DIRECTION('',(1.E0,0.E0,0.E0));
#2166=VECTOR('',#2165,5.E-1);
#2167=CARTESIAN_POINT('',(-3.25E0,-1.8E0,3.15E0));
#2168=LINE('',#2167,#2166);
#2169=DIRECTION('',(0.E0,0.E0,1.E0));
#2170=VECTOR('',#2169,5.E-1);
#2171=CARTESIAN_POINT('',(-3.25E0,-1.8E0,3.15E0));
#2172=LINE('',#2171,#2170);
#2173=DIRECTION('',(-1.E0,0.E0,0.E0));
#2174=VECTOR('',#2173,5.E-1);
#2175=CARTESIAN_POINT('',(-4.75E0,-1.8E0,3.65E0));
#2176=LINE('',#2175,#2174);
#2177=DIRECTION('',(0.E0,0.E0,1.E0));
#2178=VECTOR('',#2177,5.E-1);
#2179=CARTESIAN_POINT('',(-4.75E0,-1.8E0,3.15E0));
#2180=LINE('',#2179,#2178);
#2181=DIRECTION('',(1.E0,0.E0,0.E0));
#2182=VECTOR('',#2181,5.E-1);
#2183=CARTESIAN_POINT('',(-5.25E0,-1.8E0,3.15E0));
#2184=LINE('',#2183,#2182);
#2185=DIRECTION('',(0.E0,0.E0,1.E0));
#2186=VECTOR('',#2185,5.E-1);
#2187=CARTESIAN_POINT('',(-5.25E0,-1.8E0,3.15E0));
#2188=LINE('',#2187,#2186);
#2189=DIRECTION('',(-1.E0,0.E0,0.E0));
#2190=VECTOR('',#2189,2.E-1);
#2191=CARTESIAN_POINT('',(-3.9E0,1.E0,6.E-1));
#2192=LINE('',#2191,#2190);
#2193=DIRECTION('',(0.E0,1.E0,0.E0));
#2194=VECTOR('',#2193,2.8E0);
#2195=CARTESIAN_POINT('',(-4.1E0,-1.8E0,6.E-1));
#2196=LINE('',#2195,#2194);
#2197=DIRECTION('',(1.E0,0.E0,0.E0));
#2198=VECTOR('',#2197,1.28E1);
#2199=CARTESIAN_POINT('',(-6.4E0,2.8E0,6.E-1));
#2200=LINE('',#2199,#2198);
#2201=DIRECTION('',(0.E0,-1.E0,0.E0));
#2202=VECTOR('',#2201,4.6E0);
#2203=CARTESIAN_POINT('',(6.4E0,2.8E0,6.E-1));
#2204=LINE('',#2203,#2202);
#2205=DIRECTION('',(0.E0,1.E0,0.E0));
#2206=VECTOR('',#2205,2.8E0);
#2207=CARTESIAN_POINT('',(4.1E0,-1.8E0,6.E-1));
#2208=LINE('',#2207,#2206);
#2209=DIRECTION('',(-1.E0,0.E0,0.E0));
#2210=VECTOR('',#2209,2.E-1);
#2211=CARTESIAN_POINT('',(4.1E0,1.E0,6.E-1));
#2212=LINE('',#2211,#2210);
#2213=DIRECTION('',(0.E0,1.E0,0.E0));
#2214=VECTOR('',#2213,2.8E0);
#2215=CARTESIAN_POINT('',(3.9E0,-1.8E0,6.E-1));
#2216=LINE('',#2215,#2214);
#2217=DIRECTION('',(0.E0,1.E0,0.E0));
#2218=VECTOR('',#2217,2.8E0);
#2219=CARTESIAN_POINT('',(2.1E0,-1.8E0,6.E-1));
#2220=LINE('',#2219,#2218);
#2221=DIRECTION('',(-1.E0,0.E0,0.E0));
#2222=VECTOR('',#2221,2.E-1);
#2223=CARTESIAN_POINT('',(2.1E0,1.E0,6.E-1));
#2224=LINE('',#2223,#2222);
#2225=DIRECTION('',(0.E0,1.E0,0.E0));
#2226=VECTOR('',#2225,2.8E0);
#2227=CARTESIAN_POINT('',(1.9E0,-1.8E0,6.E-1));
#2228=LINE('',#2227,#2226);
#2229=DIRECTION('',(0.E0,1.E0,0.E0));
#2230=VECTOR('',#2229,2.8E0);
#2231=CARTESIAN_POINT('',(1.E-1,-1.8E0,6.E-1));
#2232=LINE('',#2231,#2230);
#2233=DIRECTION('',(-1.E0,0.E0,0.E0));
#2234=VECTOR('',#2233,2.E-1);
#2235=CARTESIAN_POINT('',(1.E-1,1.E0,6.E-1));
#2236=LINE('',#2235,#2234);
#2237=DIRECTION('',(0.E0,1.E0,0.E0));
#2238=VECTOR('',#2237,2.8E0);
#2239=CARTESIAN_POINT('',(-1.E-1,-1.8E0,6.E-1));
#2240=LINE('',#2239,#2238);
#2241=DIRECTION('',(0.E0,1.E0,0.E0));
#2242=VECTOR('',#2241,2.8E0);
#2243=CARTESIAN_POINT('',(-1.9E0,-1.8E0,6.E-1));
#2244=LINE('',#2243,#2242);
#2245=DIRECTION('',(-1.E0,0.E0,0.E0));
#2246=VECTOR('',#2245,2.E-1);
#2247=CARTESIAN_POINT('',(-1.9E0,1.E0,6.E-1));
#2248=LINE('',#2247,#2246);
#2249=DIRECTION('',(0.E0,1.E0,0.E0));
#2250=VECTOR('',#2249,2.8E0);
#2251=CARTESIAN_POINT('',(-2.1E0,-1.8E0,6.E-1));
#2252=LINE('',#2251,#2250);
#2253=DIRECTION('',(0.E0,1.E0,0.E0));
#2254=VECTOR('',#2253,2.8E0);
#2255=CARTESIAN_POINT('',(-3.9E0,-1.8E0,6.E-1));
#2256=LINE('',#2255,#2254);
#2257=DIRECTION('',(0.E0,0.E0,-1.E0));
#2258=VECTOR('',#2257,2.5E-1);
#2259=CARTESIAN_POINT('',(-3.9E0,1.E0,8.5E-1));
#2260=LINE('',#2259,#2258);
#2261=DIRECTION('',(1.E0,0.E0,0.E0));
#2262=VECTOR('',#2261,2.E-1);
#2263=CARTESIAN_POINT('',(-4.1E0,1.E0,8.5E-1));
#2264=LINE('',#2263,#2262);
#2265=DIRECTION('',(0.E0,0.E0,1.E0));
#2266=VECTOR('',#2265,2.5E-1);
#2267=CARTESIAN_POINT('',(-4.1E0,1.E0,6.E-1));
#2268=LINE('',#2267,#2266);
#2269=DIRECTION('',(0.E0,1.E0,0.E0));
#2270=VECTOR('',#2269,2.8E0);
#2271=CARTESIAN_POINT('',(-3.9E0,-1.8E0,8.5E-1));
#2272=LINE('',#2271,#2270);
#2273=DIRECTION('',(0.E0,1.E0,0.E0));
#2274=VECTOR('',#2273,2.8E0);
#2275=CARTESIAN_POINT('',(-4.1E0,-1.8E0,8.5E-1));
#2276=LINE('',#2275,#2274);
#2277=DIRECTION('',(0.E0,7.071067811865E-1,-7.071067811865E-1));
#2278=VECTOR('',#2277,2.828427124746E-1);
#2279=CARTESIAN_POINT('',(-6.4E0,2.8E0,6.E-1));
#2280=LINE('',#2279,#2278);
#2281=DIRECTION('',(0.E0,-7.071067811865E-1,7.071067811865E-1));
#2282=VECTOR('',#2281,2.828427124746E-1);
#2283=CARTESIAN_POINT('',(6.4E0,3.E0,4.E-1));
#2284=LINE('',#2283,#2282);
#2285=DIRECTION('',(0.E0,0.E0,1.E0));
#2286=VECTOR('',#2285,2.1E0);
#2287=CARTESIAN_POINT('',(6.4E0,3.E0,4.E-1));
#2288=LINE('',#2287,#2286);
#2289=DIRECTION('',(0.E0,-1.E0,0.E0));
#2290=VECTOR('',#2289,2.E0);
#2291=CARTESIAN_POINT('',(6.4E0,3.E0,2.5E0));
#2292=LINE('',#2291,#2290);
#2293=DIRECTION('',(0.E0,0.E0,1.E0));
#2294=VECTOR('',#2293,9.E-1);
#2295=CARTESIAN_POINT('',(6.4E0,1.E0,2.5E0));
#2296=LINE('',#2295,#2294);
#2297=DIRECTION('',(0.E0,-1.E0,0.E0));
#2298=VECTOR('',#2297,2.E0);
#2299=CARTESIAN_POINT('',(6.4E0,3.E0,3.4E0));
#2300=LINE('',#2299,#2298);
#2301=DIRECTION('',(0.E0,-1.E0,0.E0));
#2302=VECTOR('',#2301,1.7E0);
#2303=CARTESIAN_POINT('',(6.4E0,3.E0,4.5E0));
#2304=LINE('',#2303,#2302);
#2305=DIRECTION('',(-1.E0,0.E0,0.E0));
#2306=VECTOR('',#2305,8.E-1);
#2307=CARTESIAN_POINT('',(6.4E0,1.3E0,4.5E0));
#2308=LINE('',#2307,#2306);
#2309=DIRECTION('',(0.E0,-1.E0,0.E0));
#2310=VECTOR('',#2309,4.8E0);
#2311=CARTESIAN_POINT('',(4.5E0,3.E0,4.5E0));
#2312=LINE('',#2311,#2310);
#2313=DIRECTION('',(0.E0,1.E0,0.E0));
#2314=VECTOR('',#2313,3.1E0);
#2315=CARTESIAN_POINT('',(5.6E0,-1.8E0,4.5E0));
#2316=LINE('',#2315,#2314);
#2317=DIRECTION('',(0.E0,0.E0,-1.E0));
#2318=VECTOR('',#2317,1.E0);
#2319=CARTESIAN_POINT('',(6.4E0,1.3E0,5.5E0));
#2320=LINE('',#2319,#2318);
#2321=DIRECTION('',(0.E0,0.E0,-1.E0));
#2322=VECTOR('',#2321,1.E0);
#2323=CARTESIAN_POINT('',(5.6E0,1.3E0,5.5E0));
#2324=LINE('',#2323,#2322);
#2325=DIRECTION('',(0.E0,-1.E0,0.E0));
#2326=VECTOR('',#2325,1.2E0);
#2327=CARTESIAN_POINT('',(-6.4E0,-1.8E0,4.5E0));
#2328=LINE('',#2327,#2326);
#2329=DIRECTION('',(0.E0,1.E0,0.E0));
#2330=VECTOR('',#2329,1.2E0);
#2331=CARTESIAN_POINT('',(-5.6E0,-3.E0,4.5E0));
#2332=LINE('',#2331,#2330);
#2333=DIRECTION('',(0.E0,-1.E0,0.E0));
#2334=VECTOR('',#2333,1.2E0);
#2335=CARTESIAN_POINT('',(5.6E0,-1.8E0,4.5E0));
#2336=LINE('',#2335,#2334);
#2337=DIRECTION('',(0.E0,1.E0,0.E0));
#2338=VECTOR('',#2337,1.2E0);
#2339=CARTESIAN_POINT('',(6.4E0,-3.E0,4.5E0));
#2340=LINE('',#2339,#2338);
#2341=DIRECTION('',(0.E0,1.E0,0.E0));
#2342=VECTOR('',#2341,3.1E0);
#2343=CARTESIAN_POINT('',(-5.6E0,-1.8E0,4.5E0));
#2344=LINE('',#2343,#2342);
#2345=DIRECTION('',(0.E0,-1.E0,0.E0));
#2346=VECTOR('',#2345,1.7E0);
#2347=CARTESIAN_POINT('',(-6.4E0,3.E0,4.5E0));
#2348=LINE('',#2347,#2346);
#2349=DIRECTION('',(1.E0,0.E0,0.E0));
#2350=VECTOR('',#2349,8.E-1);
#2351=CARTESIAN_POINT('',(-6.4E0,1.3E0,4.5E0));
#2352=LINE('',#2351,#2350);
#2353=DIRECTION('',(0.E0,-1.E0,0.E0));
#2354=VECTOR('',#2353,4.8E0);
#2355=CARTESIAN_POINT('',(-4.5E0,3.E0,4.5E0));
#2356=LINE('',#2355,#2354);
#2357=DIRECTION('',(0.E0,-1.E0,0.E0));
#2358=VECTOR('',#2357,4.8E0);
#2359=CARTESIAN_POINT('',(-4.5E0,3.E0,5.E0));
#2360=LINE('',#2359,#2358);
#2361=DIRECTION('',(0.E0,-1.E0,0.E0));
#2362=VECTOR('',#2361,4.8E0);
#2363=CARTESIAN_POINT('',(4.5E0,3.E0,5.E0));
#2364=LINE('',#2363,#2362);
#2365=DIRECTION('',(0.E0,0.E0,-1.E0));
#2366=VECTOR('',#2365,1.E0);
#2367=CARTESIAN_POINT('',(-5.6E0,1.3E0,5.5E0));
#2368=LINE('',#2367,#2366);
#2369=DIRECTION('',(0.E0,1.E0,0.E0));
#2370=VECTOR('',#2369,2.8E0);
#2371=CARTESIAN_POINT('',(4.1E0,-1.8E0,8.5E-1));
#2372=LINE('',#2371,#2370);
#2373=DIRECTION('',(0.E0,1.E0,0.E0));
#2374=VECTOR('',#2373,2.8E0);
#2375=CARTESIAN_POINT('',(3.9E0,-1.8E0,8.5E-1));
#2376=LINE('',#2375,#2374);
#2377=DIRECTION('',(0.E0,0.E0,-1.E0));
#2378=VECTOR('',#2377,2.5E-1);
#2379=CARTESIAN_POINT('',(4.1E0,1.E0,8.5E-1));
#2380=LINE('',#2379,#2378);
#2381=DIRECTION('',(1.E0,0.E0,0.E0));
#2382=VECTOR('',#2381,2.E-1);
#2383=CARTESIAN_POINT('',(3.9E0,1.E0,8.5E-1));
#2384=LINE('',#2383,#2382);
#2385=DIRECTION('',(0.E0,0.E0,1.E0));
#2386=VECTOR('',#2385,2.5E-1);
#2387=CARTESIAN_POINT('',(3.9E0,1.E0,6.E-1));
#2388=LINE('',#2387,#2386);
#2389=DIRECTION('',(0.E0,1.E0,0.E0));
#2390=VECTOR('',#2389,2.8E0);
#2391=CARTESIAN_POINT('',(2.1E0,-1.8E0,8.5E-1));
#2392=LINE('',#2391,#2390);
#2393=DIRECTION('',(0.E0,1.E0,0.E0));
#2394=VECTOR('',#2393,2.8E0);
#2395=CARTESIAN_POINT('',(1.9E0,-1.8E0,8.5E-1));
#2396=LINE('',#2395,#2394);
#2397=DIRECTION('',(1.065814103640E-14,0.E0,-1.E0));
#2398=VECTOR('',#2397,2.5E-1);
#2399=CARTESIAN_POINT('',(2.1E0,1.E0,8.5E-1));
#2400=LINE('',#2399,#2398);
#2401=DIRECTION('',(1.E0,0.E0,0.E0));
#2402=VECTOR('',#2401,2.E-1);
#2403=CARTESIAN_POINT('',(1.9E0,1.E0,8.5E-1));
#2404=LINE('',#2403,#2402);
#2405=DIRECTION('',(0.E0,0.E0,1.E0));
#2406=VECTOR('',#2405,2.5E-1);
#2407=CARTESIAN_POINT('',(1.9E0,1.E0,6.E-1));
#2408=LINE('',#2407,#2406);
#2409=DIRECTION('',(0.E0,1.E0,0.E0));
#2410=VECTOR('',#2409,2.8E0);
#2411=CARTESIAN_POINT('',(1.E-1,-1.8E0,8.5E-1));
#2412=LINE('',#2411,#2410);
#2413=DIRECTION('',(0.E0,1.E0,0.E0));
#2414=VECTOR('',#2413,2.8E0);
#2415=CARTESIAN_POINT('',(-1.E-1,-1.8E0,8.5E-1));
#2416=LINE('',#2415,#2414);
#2417=DIRECTION('',(1.038058528025E-14,0.E0,-1.E0));
#2418=VECTOR('',#2417,2.5E-1);
#2419=CARTESIAN_POINT('',(1.E-1,1.E0,8.5E-1));
#2420=LINE('',#2419,#2418);
#2421=DIRECTION('',(1.E0,0.E0,0.E0));
#2422=VECTOR('',#2421,2.E-1);
#2423=CARTESIAN_POINT('',(-1.E-1,1.E0,8.5E-1));
#2424=LINE('',#2423,#2422);
#2425=DIRECTION('',(-1.010302952409E-14,0.E0,1.E0));
#2426=VECTOR('',#2425,2.5E-1);
#2427=CARTESIAN_POINT('',(-1.E-1,1.E0,6.E-1));
#2428=LINE('',#2427,#2426);
#2429=DIRECTION('',(0.E0,1.E0,0.E0));
#2430=VECTOR('',#2429,2.8E0);
#2431=CARTESIAN_POINT('',(-1.9E0,-1.8E0,8.5E-1));
#2432=LINE('',#2431,#2430);
#2433=DIRECTION('',(0.E0,1.E0,0.E0));
#2434=VECTOR('',#2433,2.8E0);
#2435=CARTESIAN_POINT('',(-2.1E0,-1.8E0,8.5E-1));
#2436=LINE('',#2435,#2434);
#2437=DIRECTION('',(1.065814103640E-14,0.E0,-1.E0));
#2438=VECTOR('',#2437,2.5E-1);
#2439=CARTESIAN_POINT('',(-1.9E0,1.E0,8.5E-1));
#2440=LINE('',#2439,#2438);
#2441=DIRECTION('',(1.E0,0.E0,0.E0));
#2442=VECTOR('',#2441,2.E-1);
#2443=CARTESIAN_POINT('',(-2.1E0,1.E0,8.5E-1));
#2444=LINE('',#2443,#2442);
#2445=DIRECTION('',(-1.065814103640E-14,0.E0,1.E0));
#2446=VECTOR('',#2445,2.5E-1);
#2447=CARTESIAN_POINT('',(-2.1E0,1.E0,6.E-1));
#2448=LINE('',#2447,#2446);
#2449=DIRECTION('',(1.E0,0.E0,0.E0));
#2450=VECTOR('',#2449,5.E-1);
#2451=CARTESIAN_POINT('',(4.75E0,1.823155889677E0,3.65E0));
#2452=LINE('',#2451,#2450);
#2453=DIRECTION('',(0.E0,-1.E0,0.E0));
#2454=VECTOR('',#2453,3.623155889677E0);
#2455=CARTESIAN_POINT('',(5.25E0,1.823155889677E0,3.65E0));
#2456=LINE('',#2455,#2454);
#2457=DIRECTION('',(-3.015113445778E-1,9.045340337333E-1,-3.015113445778E-1));
#2458=VECTOR('',#2457,3.316624790355E-1);
#2459=CARTESIAN_POINT('',(5.25E0,1.823155889677E0,3.65E0));
#2460=LINE('',#2459,#2458);
#2461=DIRECTION('',(3.015113445778E-1,9.045340337333E-1,-3.015113445778E-1));
#2462=VECTOR('',#2461,3.316624790355E-1);
#2463=CARTESIAN_POINT('',(4.75E0,1.823155889677E0,3.65E0));
#2464=LINE('',#2463,#2462);
#2465=DIRECTION('',(0.E0,0.E0,-1.E0));
#2466=VECTOR('',#2465,3.E-1);
#2467=CARTESIAN_POINT('',(5.15E0,2.123155889677E0,3.55E0));
#2468=LINE('',#2467,#2466);
#2469=DIRECTION('',(1.E0,0.E0,0.E0));
#2470=VECTOR('',#2469,3.E-1);
#2471=CARTESIAN_POINT('',(4.85E0,2.123155889677E0,3.55E0));
#2472=LINE('',#2471,#2470);
#2473=DIRECTION('',(0.E0,0.E0,1.E0));
#2474=VECTOR('',#2473,3.E-1);
#2475=CARTESIAN_POINT('',(4.85E0,2.123155889677E0,3.25E0));
#2476=LINE('',#2475,#2474);
#2477=DIRECTION('',(-1.E0,0.E0,0.E0));
#2478=VECTOR('',#2477,3.E-1);
#2479=CARTESIAN_POINT('',(5.15E0,2.123155889677E0,3.25E0));
#2480=LINE('',#2479,#2478);
#2481=DIRECTION('',(-3.015113445778E-1,9.045340337333E-1,3.015113445778E-1));
#2482=VECTOR('',#2481,3.316624790355E-1);
#2483=CARTESIAN_POINT('',(5.25E0,1.823155889677E0,3.15E0));
#2484=LINE('',#2483,#2482);
#2485=DIRECTION('',(0.E0,0.E0,-1.E0));
#2486=VECTOR('',#2485,5.E-1);
#2487=CARTESIAN_POINT('',(5.25E0,1.823155889677E0,3.65E0));
#2488=LINE('',#2487,#2486);
#2489=DIRECTION('',(0.E0,-1.E0,0.E0));
#2490=VECTOR('',#2489,3.623155889677E0);
#2491=CARTESIAN_POINT('',(5.25E0,1.823155889677E0,3.15E0));
#2492=LINE('',#2491,#2490);
#2493=DIRECTION('',(0.E0,0.E0,1.E0));
#2494=VECTOR('',#2493,5.E-1);
#2495=CARTESIAN_POINT('',(5.25E0,-5.2E0,-1.E-1));
#2496=LINE('',#2495,#2494);
#2497=DIRECTION('',(0.E0,0.E0,-1.E0));
#2498=VECTOR('',#2497,1.875480166847E0);
#2499=CARTESIAN_POINT('',(5.25E0,-2.75E0,2.5E0));
#2500=LINE('',#2499,#2498);
#2501=CARTESIAN_POINT('',(5.25E0,-3.474519833153E0,6.245198331529E-1));
#2502=DIRECTION('',(-1.E0,0.E0,0.E0));
#2503=DIRECTION('',(0.E0,1.E0,0.E0));
#2504=AXIS2_PLACEMENT_3D('',#2501,#2502,#2503);
#2506=DIRECTION('',(0.E0,-1.E0,0.E0));
#2507=VECTOR('',#2506,1.725480166847E0);
#2508=CARTESIAN_POINT('',(5.25E0,-3.474519833153E0,-1.E-1));
#2509=LINE('',#2508,#2507);
#2510=DIRECTION('',(-1.E0,0.E0,0.E0));
#2511=VECTOR('',#2510,5.E-1);
#2512=CARTESIAN_POINT('',(5.25E0,1.823155889677E0,3.15E0));
#2513=LINE('',#2512,#2511);
#2514=DIRECTION('',(0.E0,-1.E0,0.E0));
#2515=VECTOR('',#2514,3.623155889677E0);
#2516=CARTESIAN_POINT('',(4.75E0,1.823155889677E0,3.15E0));
#2517=LINE('',#2516,#2515);
#2518=DIRECTION('',(3.015113445778E-1,9.045340337333E-1,3.015113445778E-1));
#2519=VECTOR('',#2518,3.316624790355E-1);
#2520=CARTESIAN_POINT('',(4.75E0,1.823155889677E0,3.15E0));
#2521=LINE('',#2520,#2519);
#2522=DIRECTION('',(0.E0,0.E0,1.E0));
#2523=VECTOR('',#2522,5.E-1);
#2524=CARTESIAN_POINT('',(4.75E0,1.823155889677E0,3.15E0));
#2525=LINE('',#2524,#2523);
#2526=DIRECTION('',(0.E0,-1.E0,0.E0));
#2527=VECTOR('',#2526,3.623155889677E0);
#2528=CARTESIAN_POINT('',(4.75E0,1.823155889677E0,3.65E0));
#2529=LINE('',#2528,#2527);
#2530=DIRECTION('',(0.E0,0.E0,-1.E0));
#2531=VECTOR('',#2530,5.E-1);
#2532=CARTESIAN_POINT('',(4.75E0,-5.2E0,4.E-1));
#2533=LINE('',#2532,#2531);
#2534=CARTESIAN_POINT('',(4.75E0,-2.596265737617E0,2.996265737617E0));
#2535=DIRECTION('',(1.E0,0.E0,0.E0));
#2536=DIRECTION('',(0.E0,-6.175816162842E-1,7.865068004969E-1));
#2537=AXIS2_PLACEMENT_3D('',#2534,#2535,#2536);
#2539=DIRECTION('',(0.E0,0.E0,-1.E0));
#2540=VECTOR('',#2539,2.371745904465E0);
#2541=CARTESIAN_POINT('',(4.75E0,-3.25E0,2.996265737617E0));
#2542=LINE('',#2541,#2540);
#2543=CARTESIAN_POINT('',(4.75E0,-3.474519833153E0,6.245198331529E-1));
#2544=DIRECTION('',(-1.E0,0.E0,0.E0));
#2545=DIRECTION('',(0.E0,1.E0,1.780155825223E-14));
#2546=AXIS2_PLACEMENT_3D('',#2543,#2544,#2545);
#2548=DIRECTION('',(0.E0,-1.E0,0.E0));
#2549=VECTOR('',#2548,1.725480166847E0);
#2550=CARTESIAN_POINT('',(4.75E0,-3.474519833153E0,4.E-1));
#2551=LINE('',#2550,#2549);
#2552=DIRECTION('',(3.015113445778E-1,-9.045340337333E-1,-3.015113445778E-1));
#2553=VECTOR('',#2552,3.316624790355E-1);
#2554=CARTESIAN_POINT('',(4.75E0,-5.2E0,4.E-1));
#2555=LINE('',#2554,#2553);
#2556=DIRECTION('',(3.015113445778E-1,9.045340337333E-1,3.015113445778E-1));
#2557=VECTOR('',#2556,3.316624790355E-1);
#2558=CARTESIAN_POINT('',(5.15E0,-5.5E0,3.E-1));
#2559=LINE('',#2558,#2557);
#2560=DIRECTION('',(0.E0,0.E0,1.E0));
#2561=VECTOR('',#2560,3.E-1);
#2562=CARTESIAN_POINT('',(5.15E0,-5.5E0,0.E0));
#2563=LINE('',#2562,#2561);
#2564=DIRECTION('',(1.E0,0.E0,0.E0));
#2565=VECTOR('',#2564,3.E-1);
#2566=CARTESIAN_POINT('',(4.85E0,-5.5E0,0.E0));
#2567=LINE('',#2566,#2565);
#2568=DIRECTION('',(0.E0,0.E0,-1.E0));
#2569=VECTOR('',#2568,3.E-1);
#2570=CARTESIAN_POINT('',(4.85E0,-5.5E0,3.E-1));
#2571=LINE('',#2570,#2569);
#2572=DIRECTION('',(-1.E0,0.E0,0.E0));
#2573=VECTOR('',#2572,3.E-1);
#2574=CARTESIAN_POINT('',(5.15E0,-5.5E0,3.E-1));
#2575=LINE('',#2574,#2573);
#2576=DIRECTION('',(-3.015113445778E-1,9.045340337333E-1,-3.015113445778E-1));
#2577=VECTOR('',#2576,3.316624790355E-1);
#2578=CARTESIAN_POINT('',(4.85E0,-5.5E0,0.E0));
#2579=LINE('',#2578,#2577);
#2580=DIRECTION('',(-3.015113445778E-1,-9.045340337333E-1,3.015113445778E-1));
#2581=VECTOR('',#2580,3.316624790355E-1);
#2582=CARTESIAN_POINT('',(5.25E0,-5.2E0,-1.E-1));
#2583=LINE('',#2582,#2581);
#2584=DIRECTION('',(1.E0,0.E0,0.E0));
#2585=VECTOR('',#2584,5.E-1);
#2586=CARTESIAN_POINT('',(4.75E0,-5.2E0,-1.E-1));
#2587=LINE('',#2586,#2585);
#2588=DIRECTION('',(1.E0,0.E0,0.E0));
#2589=VECTOR('',#2588,5.E-1);
#2590=CARTESIAN_POINT('',(4.75E0,-3.474519833153E0,-1.E-1));
#2591=LINE('',#2590,#2589);
#2592=DIRECTION('',(0.E0,-1.E0,0.E0));
#2593=VECTOR('',#2592,1.725480166847E0);
#2594=CARTESIAN_POINT('',(4.75E0,-3.474519833153E0,-1.E-1));
#2595=LINE('',#2594,#2593);
#2596=DIRECTION('',(1.E0,0.E0,0.E0));
#2597=VECTOR('',#2596,5.E-1);
#2598=CARTESIAN_POINT('',(4.75E0,-2.75E0,6.245198331529E-1));
#2599=LINE('',#2598,#2597);
#2600=CARTESIAN_POINT('',(4.75E0,-3.474519833153E0,6.245198331529E-1));
#2601=DIRECTION('',(-1.E0,0.E0,0.E0));
#2602=DIRECTION('',(0.E0,1.E0,0.E0));
#2603=AXIS2_PLACEMENT_3D('',#2600,#2601,#2602);
#2605=DIRECTION('',(0.E0,0.E0,-1.E0));
#2606=VECTOR('',#2605,1.875480166847E0);
#2607=CARTESIAN_POINT('',(4.75E0,-2.75E0,2.5E0));
#2608=LINE('',#2607,#2606);
#2609=DIRECTION('',(-1.E0,0.E0,0.E0));
#2610=VECTOR('',#2609,5.E-1);
#2611=CARTESIAN_POINT('',(5.25E0,-5.2E0,4.E-1));
#2612=LINE('',#2611,#2610);
#2613=DIRECTION('',(-1.E0,0.E0,0.E0));
#2614=VECTOR('',#2613,5.E-1);
#2615=CARTESIAN_POINT('',(5.25E0,-3.474519833153E0,4.E-1));
#2616=LINE('',#2615,#2614);
#2617=DIRECTION('',(0.E0,-1.E0,0.E0));
#2618=VECTOR('',#2617,1.725480166847E0);
#2619=CARTESIAN_POINT('',(5.25E0,-3.474519833153E0,4.E-1));
#2620=LINE('',#2619,#2618);
#2621=DIRECTION('',(-1.E0,0.E0,0.E0));
#2622=VECTOR('',#2621,5.E-1);
#2623=CARTESIAN_POINT('',(5.25E0,-3.25E0,6.245198331529E-1));
#2624=LINE('',#2623,#2622);
#2625=CARTESIAN_POINT('',(5.25E0,-3.474519833153E0,6.245198331529E-1));
#2626=DIRECTION('',(-1.E0,0.E0,0.E0));
#2627=DIRECTION('',(0.E0,1.E0,1.780155825223E-14));
#2628=AXIS2_PLACEMENT_3D('',#2625,#2626,#2627);
#2630=DIRECTION('',(-1.E0,0.E0,0.E0));
#2631=VECTOR('',#2630,5.E-1);
#2632=CARTESIAN_POINT('',(5.25E0,-3.25E0,2.996265737617E0));
#2633=LINE('',#2632,#2631);
#2634=DIRECTION('',(0.E0,0.E0,-1.E0));
#2635=VECTOR('',#2634,2.371745904465E0);
#2636=CARTESIAN_POINT('',(5.25E0,-3.25E0,2.996265737617E0));
#2637=LINE('',#2636,#2635);
#2638=CARTESIAN_POINT('',(5.25E0,-2.596265737617E0,2.996265737617E0));
#2639=DIRECTION('',(1.E0,0.E0,0.E0));
#2640=DIRECTION('',(0.E0,-6.175816162842E-1,7.865068004969E-1));
#2641=AXIS2_PLACEMENT_3D('',#2638,#2639,#2640);
#2643=DIRECTION('',(1.E0,0.E0,0.E0));
#2644=VECTOR('',#2643,5.E-1);
#2645=CARTESIAN_POINT('',(2.75E0,1.823155889677E0,3.65E0));
#2646=LINE('',#2645,#2644);
#2647=DIRECTION('',(0.E0,-1.E0,0.E0));
#2648=VECTOR('',#2647,3.623155889677E0);
#2649=CARTESIAN_POINT('',(3.25E0,1.823155889677E0,3.65E0));
#2650=LINE('',#2649,#2648);
#2651=DIRECTION('',(-3.015113445778E-1,9.045340337333E-1,-3.015113445778E-1));
#2652=VECTOR('',#2651,3.316624790355E-1);
#2653=CARTESIAN_POINT('',(3.25E0,1.823155889677E0,3.65E0));
#2654=LINE('',#2653,#2652);
#2655=DIRECTION('',(3.015113445778E-1,9.045340337333E-1,-3.015113445778E-1));
#2656=VECTOR('',#2655,3.316624790355E-1);
#2657=CARTESIAN_POINT('',(2.75E0,1.823155889677E0,3.65E0));
#2658=LINE('',#2657,#2656);
#2659=DIRECTION('',(0.E0,0.E0,-1.E0));
#2660=VECTOR('',#2659,3.E-1);
#2661=CARTESIAN_POINT('',(3.15E0,2.123155889677E0,3.55E0));
#2662=LINE('',#2661,#2660);
#2663=DIRECTION('',(1.E0,0.E0,0.E0));
#2664=VECTOR('',#2663,3.E-1);
#2665=CARTESIAN_POINT('',(2.85E0,2.123155889677E0,3.55E0));
#2666=LINE('',#2665,#2664);
#2667=DIRECTION('',(0.E0,0.E0,1.E0));
#2668=VECTOR('',#2667,3.E-1);
#2669=CARTESIAN_POINT('',(2.85E0,2.123155889677E0,3.25E0));
#2670=LINE('',#2669,#2668);
#2671=DIRECTION('',(-1.E0,0.E0,0.E0));
#2672=VECTOR('',#2671,3.E-1);
#2673=CARTESIAN_POINT('',(3.15E0,2.123155889677E0,3.25E0));
#2674=LINE('',#2673,#2672);
#2675=DIRECTION('',(-3.015113445778E-1,9.045340337333E-1,3.015113445778E-1));
#2676=VECTOR('',#2675,3.316624790355E-1);
#2677=CARTESIAN_POINT('',(3.25E0,1.823155889677E0,3.15E0));
#2678=LINE('',#2677,#2676);
#2679=DIRECTION('',(0.E0,0.E0,-1.E0));
#2680=VECTOR('',#2679,5.E-1);
#2681=CARTESIAN_POINT('',(3.25E0,1.823155889677E0,3.65E0));
#2682=LINE('',#2681,#2680);
#2683=DIRECTION('',(0.E0,-1.E0,0.E0));
#2684=VECTOR('',#2683,3.623155889677E0);
#2685=CARTESIAN_POINT('',(3.25E0,1.823155889677E0,3.15E0));
#2686=LINE('',#2685,#2684);
#2687=DIRECTION('',(0.E0,0.E0,1.E0));
#2688=VECTOR('',#2687,5.E-1);
#2689=CARTESIAN_POINT('',(3.25E0,-5.2E0,-1.E-1));
#2690=LINE('',#2689,#2688);
#2691=DIRECTION('',(0.E0,0.E0,-1.E0));
#2692=VECTOR('',#2691,1.875480166847E0);
#2693=CARTESIAN_POINT('',(3.25E0,-2.75E0,2.5E0));
#2694=LINE('',#2693,#2692);
#2695=CARTESIAN_POINT('',(3.25E0,-3.474519833153E0,6.245198331529E-1));
#2696=DIRECTION('',(-1.E0,0.E0,0.E0));
#2697=DIRECTION('',(0.E0,1.E0,0.E0));
#2698=AXIS2_PLACEMENT_3D('',#2695,#2696,#2697);
#2700=DIRECTION('',(0.E0,-1.E0,0.E0));
#2701=VECTOR('',#2700,1.725480166847E0);
#2702=CARTESIAN_POINT('',(3.25E0,-3.474519833153E0,-1.E-1));
#2703=LINE('',#2702,#2701);
#2704=DIRECTION('',(-1.E0,0.E0,0.E0));
#2705=VECTOR('',#2704,5.E-1);
#2706=CARTESIAN_POINT('',(3.25E0,1.823155889677E0,3.15E0));
#2707=LINE('',#2706,#2705);
#2708=DIRECTION('',(0.E0,-1.E0,0.E0));
#2709=VECTOR('',#2708,3.623155889677E0);
#2710=CARTESIAN_POINT('',(2.75E0,1.823155889677E0,3.15E0));
#2711=LINE('',#2710,#2709);
#2712=DIRECTION('',(3.015113445778E-1,9.045340337333E-1,3.015113445778E-1));
#2713=VECTOR('',#2712,3.316624790355E-1);
#2714=CARTESIAN_POINT('',(2.75E0,1.823155889677E0,3.15E0));
#2715=LINE('',#2714,#2713);
#2716=DIRECTION('',(0.E0,0.E0,1.E0));
#2717=VECTOR('',#2716,5.E-1);
#2718=CARTESIAN_POINT('',(2.75E0,1.823155889677E0,3.15E0));
#2719=LINE('',#2718,#2717);
#2720=DIRECTION('',(0.E0,-1.E0,0.E0));
#2721=VECTOR('',#2720,3.623155889677E0);
#2722=CARTESIAN_POINT('',(2.75E0,1.823155889677E0,3.65E0));
#2723=LINE('',#2722,#2721);
#2724=DIRECTION('',(0.E0,0.E0,-1.E0));
#2725=VECTOR('',#2724,5.E-1);
#2726=CARTESIAN_POINT('',(2.75E0,-5.2E0,4.E-1));
#2727=LINE('',#2726,#2725);
#2728=CARTESIAN_POINT('',(2.75E0,-2.596265737617E0,2.996265737617E0));
#2729=DIRECTION('',(1.E0,0.E0,0.E0));
#2730=DIRECTION('',(0.E0,-6.175816162842E-1,7.865068004969E-1));
#2731=AXIS2_PLACEMENT_3D('',#2728,#2729,#2730);
#2733=DIRECTION('',(0.E0,0.E0,-1.E0));
#2734=VECTOR('',#2733,2.371745904465E0);
#2735=CARTESIAN_POINT('',(2.75E0,-3.25E0,2.996265737617E0));
#2736=LINE('',#2735,#2734);
#2737=CARTESIAN_POINT('',(2.75E0,-3.474519833153E0,6.245198331529E-1));
#2738=DIRECTION('',(-1.E0,0.E0,0.E0));
#2739=DIRECTION('',(0.E0,1.E0,1.780155825223E-14));
#2740=AXIS2_PLACEMENT_3D('',#2737,#2738,#2739);
#2742=DIRECTION('',(0.E0,-1.E0,0.E0));
#2743=VECTOR('',#2742,1.725480166847E0);
#2744=CARTESIAN_POINT('',(2.75E0,-3.474519833153E0,4.E-1));
#2745=LINE('',#2744,#2743);
#2746=DIRECTION('',(3.015113445778E-1,-9.045340337333E-1,-3.015113445778E-1));
#2747=VECTOR('',#2746,3.316624790355E-1);
#2748=CARTESIAN_POINT('',(2.75E0,-5.2E0,4.E-1));
#2749=LINE('',#2748,#2747);
#2750=DIRECTION('',(3.015113445778E-1,9.045340337333E-1,3.015113445778E-1));
#2751=VECTOR('',#2750,3.316624790355E-1);
#2752=CARTESIAN_POINT('',(3.15E0,-5.5E0,3.E-1));
#2753=LINE('',#2752,#2751);
#2754=DIRECTION('',(0.E0,0.E0,1.E0));
#2755=VECTOR('',#2754,3.E-1);
#2756=CARTESIAN_POINT('',(3.15E0,-5.5E0,0.E0));
#2757=LINE('',#2756,#2755);
#2758=DIRECTION('',(1.E0,0.E0,0.E0));
#2759=VECTOR('',#2758,3.E-1);
#2760=CARTESIAN_POINT('',(2.85E0,-5.5E0,0.E0));
#2761=LINE('',#2760,#2759);
#2762=DIRECTION('',(0.E0,0.E0,-1.E0));
#2763=VECTOR('',#2762,3.E-1);
#2764=CARTESIAN_POINT('',(2.85E0,-5.5E0,3.E-1));
#2765=LINE('',#2764,#2763);
#2766=DIRECTION('',(-1.E0,0.E0,0.E0));
#2767=VECTOR('',#2766,3.E-1);
#2768=CARTESIAN_POINT('',(3.15E0,-5.5E0,3.E-1));
#2769=LINE('',#2768,#2767);
#2770=DIRECTION('',(-3.015113445778E-1,9.045340337333E-1,-3.015113445778E-1));
#2771=VECTOR('',#2770,3.316624790355E-1);
#2772=CARTESIAN_POINT('',(2.85E0,-5.5E0,0.E0));
#2773=LINE('',#2772,#2771);
#2774=DIRECTION('',(-3.015113445778E-1,-9.045340337333E-1,3.015113445778E-1));
#2775=VECTOR('',#2774,3.316624790355E-1);
#2776=CARTESIAN_POINT('',(3.25E0,-5.2E0,-1.E-1));
#2777=LINE('',#2776,#2775);
#2778=DIRECTION('',(1.E0,0.E0,0.E0));
#2779=VECTOR('',#2778,5.E-1);
#2780=CARTESIAN_POINT('',(2.75E0,-5.2E0,-1.E-1));
#2781=LINE('',#2780,#2779);
#2782=DIRECTION('',(1.E0,0.E0,0.E0));
#2783=VECTOR('',#2782,5.E-1);
#2784=CARTESIAN_POINT('',(2.75E0,-3.474519833153E0,-1.E-1));
#2785=LINE('',#2784,#2783);
#2786=DIRECTION('',(0.E0,-1.E0,0.E0));
#2787=VECTOR('',#2786,1.725480166847E0);
#2788=CARTESIAN_POINT('',(2.75E0,-3.474519833153E0,-1.E-1));
#2789=LINE('',#2788,#2787);
#2790=DIRECTION('',(1.E0,0.E0,0.E0));
#2791=VECTOR('',#2790,5.E-1);
#2792=CARTESIAN_POINT('',(2.75E0,-2.75E0,6.245198331529E-1));
#2793=LINE('',#2792,#2791);
#2794=CARTESIAN_POINT('',(2.75E0,-3.474519833153E0,6.245198331529E-1));
#2795=DIRECTION('',(-1.E0,0.E0,0.E0));
#2796=DIRECTION('',(0.E0,1.E0,0.E0));
#2797=AXIS2_PLACEMENT_3D('',#2794,#2795,#2796);
#2799=DIRECTION('',(0.E0,0.E0,-1.E0));
#2800=VECTOR('',#2799,1.875480166847E0);
#2801=CARTESIAN_POINT('',(2.75E0,-2.75E0,2.5E0));
#2802=LINE('',#2801,#2800);
#2803=DIRECTION('',(-1.E0,0.E0,0.E0));
#2804=VECTOR('',#2803,5.E-1);
#2805=CARTESIAN_POINT('',(3.25E0,-5.2E0,4.E-1));
#2806=LINE('',#2805,#2804);
#2807=DIRECTION('',(-1.E0,0.E0,0.E0));
#2808=VECTOR('',#2807,5.E-1);
#2809=CARTESIAN_POINT('',(3.25E0,-3.474519833153E0,4.E-1));
#2810=LINE('',#2809,#2808);
#2811=DIRECTION('',(0.E0,-1.E0,0.E0));
#2812=VECTOR('',#2811,1.725480166847E0);
#2813=CARTESIAN_POINT('',(3.25E0,-3.474519833153E0,4.E-1));
#2814=LINE('',#2813,#2812);
#2815=DIRECTION('',(-1.E0,0.E0,0.E0));
#2816=VECTOR('',#2815,5.E-1);
#2817=CARTESIAN_POINT('',(3.25E0,-3.25E0,6.245198331529E-1));
#2818=LINE('',#2817,#2816);
#2819=CARTESIAN_POINT('',(3.25E0,-3.474519833153E0,6.245198331529E-1));
#2820=DIRECTION('',(-1.E0,0.E0,0.E0));
#2821=DIRECTION('',(0.E0,1.E0,1.780155825223E-14));
#2822=AXIS2_PLACEMENT_3D('',#2819,#2820,#2821);
#2824=DIRECTION('',(-1.E0,0.E0,0.E0));
#2825=VECTOR('',#2824,5.E-1);
#2826=CARTESIAN_POINT('',(3.25E0,-3.25E0,2.996265737617E0));
#2827=LINE('',#2826,#2825);
#2828=DIRECTION('',(0.E0,0.E0,-1.E0));
#2829=VECTOR('',#2828,2.371745904465E0);
#2830=CARTESIAN_POINT('',(3.25E0,-3.25E0,2.996265737617E0));
#2831=LINE('',#2830,#2829);
#2832=CARTESIAN_POINT('',(3.25E0,-2.596265737617E0,2.996265737617E0));
#2833=DIRECTION('',(1.E0,0.E0,0.E0));
#2834=DIRECTION('',(0.E0,-6.175816162842E-1,7.865068004969E-1));
#2835=AXIS2_PLACEMENT_3D('',#2832,#2833,#2834);
#2837=DIRECTION('',(1.E0,0.E0,0.E0));
#2838=VECTOR('',#2837,5.E-1);
#2839=CARTESIAN_POINT('',(7.5E-1,1.823155889677E0,3.65E0));
#2840=LINE('',#2839,#2838);
#2841=DIRECTION('',(0.E0,-1.E0,0.E0));
#2842=VECTOR('',#2841,3.623155889677E0);
#2843=CARTESIAN_POINT('',(1.25E0,1.823155889677E0,3.65E0));
#2844=LINE('',#2843,#2842);
#2845=DIRECTION('',(-3.015113445778E-1,9.045340337333E-1,-3.015113445778E-1));
#2846=VECTOR('',#2845,3.316624790355E-1);
#2847=CARTESIAN_POINT('',(1.25E0,1.823155889677E0,3.65E0));
#2848=LINE('',#2847,#2846);
#2849=DIRECTION('',(3.015113445778E-1,9.045340337333E-1,-3.015113445778E-1));
#2850=VECTOR('',#2849,3.316624790355E-1);
#2851=CARTESIAN_POINT('',(7.5E-1,1.823155889677E0,3.65E0));
#2852=LINE('',#2851,#2850);
#2853=DIRECTION('',(0.E0,0.E0,-1.E0));
#2854=VECTOR('',#2853,3.E-1);
#2855=CARTESIAN_POINT('',(1.15E0,2.123155889677E0,3.55E0));
#2856=LINE('',#2855,#2854);
#2857=DIRECTION('',(1.E0,0.E0,0.E0));
#2858=VECTOR('',#2857,3.E-1);
#2859=CARTESIAN_POINT('',(8.5E-1,2.123155889677E0,3.55E0));
#2860=LINE('',#2859,#2858);
#2861=DIRECTION('',(0.E0,0.E0,1.E0));
#2862=VECTOR('',#2861,3.E-1);
#2863=CARTESIAN_POINT('',(8.5E-1,2.123155889677E0,3.25E0));
#2864=LINE('',#2863,#2862);
#2865=DIRECTION('',(-1.E0,0.E0,0.E0));
#2866=VECTOR('',#2865,3.E-1);
#2867=CARTESIAN_POINT('',(1.15E0,2.123155889677E0,3.25E0));
#2868=LINE('',#2867,#2866);
#2869=DIRECTION('',(-3.015113445778E-1,9.045340337333E-1,3.015113445778E-1));
#2870=VECTOR('',#2869,3.316624790355E-1);
#2871=CARTESIAN_POINT('',(1.25E0,1.823155889677E0,3.15E0));
#2872=LINE('',#2871,#2870);
#2873=DIRECTION('',(0.E0,0.E0,-1.E0));
#2874=VECTOR('',#2873,5.E-1);
#2875=CARTESIAN_POINT('',(1.25E0,1.823155889677E0,3.65E0));
#2876=LINE('',#2875,#2874);
#2877=DIRECTION('',(0.E0,-1.E0,0.E0));
#2878=VECTOR('',#2877,3.623155889677E0);
#2879=CARTESIAN_POINT('',(1.25E0,1.823155889677E0,3.15E0));
#2880=LINE('',#2879,#2878);
#2881=DIRECTION('',(0.E0,0.E0,1.E0));
#2882=VECTOR('',#2881,5.E-1);
#2883=CARTESIAN_POINT('',(1.25E0,-5.2E0,-1.E-1));
#2884=LINE('',#2883,#2882);
#2885=DIRECTION('',(0.E0,0.E0,-1.E0));
#2886=VECTOR('',#2885,1.875480166847E0);
#2887=CARTESIAN_POINT('',(1.25E0,-2.75E0,2.5E0));
#2888=LINE('',#2887,#2886);
#2889=CARTESIAN_POINT('',(1.25E0,-3.474519833153E0,6.245198331529E-1));
#2890=DIRECTION('',(-1.E0,0.E0,0.E0));
#2891=DIRECTION('',(0.E0,1.E0,0.E0));
#2892=AXIS2_PLACEMENT_3D('',#2889,#2890,#2891);
#2894=DIRECTION('',(0.E0,-1.E0,0.E0));
#2895=VECTOR('',#2894,1.725480166847E0);
#2896=CARTESIAN_POINT('',(1.25E0,-3.474519833153E0,-1.E-1));
#2897=LINE('',#2896,#2895);
#2898=DIRECTION('',(-1.E0,0.E0,0.E0));
#2899=VECTOR('',#2898,5.E-1);
#2900=CARTESIAN_POINT('',(1.25E0,1.823155889677E0,3.15E0));
#2901=LINE('',#2900,#2899);
#2902=DIRECTION('',(0.E0,-1.E0,0.E0));
#2903=VECTOR('',#2902,3.623155889677E0);
#2904=CARTESIAN_POINT('',(7.5E-1,1.823155889677E0,3.15E0));
#2905=LINE('',#2904,#2903);
#2906=DIRECTION('',(3.015113445778E-1,9.045340337333E-1,3.015113445778E-1));
#2907=VECTOR('',#2906,3.316624790355E-1);
#2908=CARTESIAN_POINT('',(7.5E-1,1.823155889677E0,3.15E0));
#2909=LINE('',#2908,#2907);
#2910=DIRECTION('',(0.E0,0.E0,1.E0));
#2911=VECTOR('',#2910,5.E-1);
#2912=CARTESIAN_POINT('',(7.5E-1,1.823155889677E0,3.15E0));
#2913=LINE('',#2912,#2911);
#2914=DIRECTION('',(0.E0,-1.E0,0.E0));
#2915=VECTOR('',#2914,3.623155889677E0);
#2916=CARTESIAN_POINT('',(7.5E-1,1.823155889677E0,3.65E0));
#2917=LINE('',#2916,#2915);
#2918=DIRECTION('',(0.E0,0.E0,-1.E0));
#2919=VECTOR('',#2918,5.E-1);
#2920=CARTESIAN_POINT('',(7.5E-1,-5.2E0,4.E-1));
#2921=LINE('',#2920,#2919);
#2922=CARTESIAN_POINT('',(7.5E-1,-2.596265737617E0,2.996265737617E0));
#2923=DIRECTION('',(1.E0,0.E0,0.E0));
#2924=DIRECTION('',(0.E0,-6.175816162842E-1,7.865068004969E-1));
#2925=AXIS2_PLACEMENT_3D('',#2922,#2923,#2924);
#2927=DIRECTION('',(0.E0,0.E0,-1.E0));
#2928=VECTOR('',#2927,2.371745904465E0);
#2929=CARTESIAN_POINT('',(7.5E-1,-3.25E0,2.996265737617E0));
#2930=LINE('',#2929,#2928);
#2931=CARTESIAN_POINT('',(7.5E-1,-3.474519833153E0,6.245198331529E-1));
#2932=DIRECTION('',(-1.E0,0.E0,0.E0));
#2933=DIRECTION('',(0.E0,1.E0,1.780155825223E-14));
#2934=AXIS2_PLACEMENT_3D('',#2931,#2932,#2933);
#2936=DIRECTION('',(0.E0,-1.E0,0.E0));
#2937=VECTOR('',#2936,1.725480166847E0);
#2938=CARTESIAN_POINT('',(7.5E-1,-3.474519833153E0,4.E-1));
#2939=LINE('',#2938,#2937);
#2940=DIRECTION('',(3.015113445778E-1,-9.045340337333E-1,-3.015113445778E-1));
#2941=VECTOR('',#2940,3.316624790355E-1);
#2942=CARTESIAN_POINT('',(7.5E-1,-5.2E0,4.E-1));
#2943=LINE('',#2942,#2941);
#2944=DIRECTION('',(3.015113445778E-1,9.045340337333E-1,3.015113445778E-1));
#2945=VECTOR('',#2944,3.316624790355E-1);
#2946=CARTESIAN_POINT('',(1.15E0,-5.5E0,3.E-1));
#2947=LINE('',#2946,#2945);
#2948=DIRECTION('',(0.E0,0.E0,1.E0));
#2949=VECTOR('',#2948,3.E-1);
#2950=CARTESIAN_POINT('',(1.15E0,-5.5E0,0.E0));
#2951=LINE('',#2950,#2949);
#2952=DIRECTION('',(1.E0,0.E0,0.E0));
#2953=VECTOR('',#2952,3.E-1);
#2954=CARTESIAN_POINT('',(8.5E-1,-5.5E0,0.E0));
#2955=LINE('',#2954,#2953);
#2956=DIRECTION('',(0.E0,0.E0,-1.E0));
#2957=VECTOR('',#2956,3.E-1);
#2958=CARTESIAN_POINT('',(8.5E-1,-5.5E0,3.E-1));
#2959=LINE('',#2958,#2957);
#2960=DIRECTION('',(-1.E0,0.E0,0.E0));
#2961=VECTOR('',#2960,3.E-1);
#2962=CARTESIAN_POINT('',(1.15E0,-5.5E0,3.E-1));
#2963=LINE('',#2962,#2961);
#2964=DIRECTION('',(-3.015113445778E-1,9.045340337333E-1,-3.015113445778E-1));
#2965=VECTOR('',#2964,3.316624790355E-1);
#2966=CARTESIAN_POINT('',(8.5E-1,-5.5E0,0.E0));
#2967=LINE('',#2966,#2965);
#2968=DIRECTION('',(-3.015113445778E-1,-9.045340337333E-1,3.015113445778E-1));
#2969=VECTOR('',#2968,3.316624790355E-1);
#2970=CARTESIAN_POINT('',(1.25E0,-5.2E0,-1.E-1));
#2971=LINE('',#2970,#2969);
#2972=DIRECTION('',(1.E0,0.E0,0.E0));
#2973=VECTOR('',#2972,5.E-1);
#2974=CARTESIAN_POINT('',(7.5E-1,-5.2E0,-1.E-1));
#2975=LINE('',#2974,#2973);
#2976=DIRECTION('',(1.E0,0.E0,0.E0));
#2977=VECTOR('',#2976,5.E-1);
#2978=CARTESIAN_POINT('',(7.5E-1,-3.474519833153E0,-1.E-1));
#2979=LINE('',#2978,#2977);
#2980=DIRECTION('',(0.E0,-1.E0,0.E0));
#2981=VECTOR('',#2980,1.725480166847E0);
#2982=CARTESIAN_POINT('',(7.5E-1,-3.474519833153E0,-1.E-1));
#2983=LINE('',#2982,#2981);
#2984=DIRECTION('',(1.E0,0.E0,0.E0));
#2985=VECTOR('',#2984,5.E-1);
#2986=CARTESIAN_POINT('',(7.5E-1,-2.75E0,6.245198331529E-1));
#2987=LINE('',#2986,#2985);
#2988=CARTESIAN_POINT('',(7.5E-1,-3.474519833153E0,6.245198331529E-1));
#2989=DIRECTION('',(-1.E0,0.E0,0.E0));
#2990=DIRECTION('',(0.E0,1.E0,0.E0));
#2991=AXIS2_PLACEMENT_3D('',#2988,#2989,#2990);
#2993=DIRECTION('',(0.E0,0.E0,-1.E0));
#2994=VECTOR('',#2993,1.875480166847E0);
#2995=CARTESIAN_POINT('',(7.5E-1,-2.75E0,2.5E0));
#2996=LINE('',#2995,#2994);
#2997=DIRECTION('',(-1.E0,0.E0,0.E0));
#2998=VECTOR('',#2997,5.E-1);
#2999=CARTESIAN_POINT('',(1.25E0,-5.2E0,4.E-1));
#3000=LINE('',#2999,#2998);
#3001=DIRECTION('',(-1.E0,0.E0,0.E0));
#3002=VECTOR('',#3001,5.E-1);
#3003=CARTESIAN_POINT('',(1.25E0,-3.474519833153E0,4.E-1));
#3004=LINE('',#3003,#3002);
#3005=DIRECTION('',(0.E0,-1.E0,0.E0));
#3006=VECTOR('',#3005,1.725480166847E0);
#3007=CARTESIAN_POINT('',(1.25E0,-3.474519833153E0,4.E-1));
#3008=LINE('',#3007,#3006);
#3009=DIRECTION('',(-1.E0,0.E0,0.E0));
#3010=VECTOR('',#3009,5.E-1);
#3011=CARTESIAN_POINT('',(1.25E0,-3.25E0,6.245198331529E-1));
#3012=LINE('',#3011,#3010);
#3013=CARTESIAN_POINT('',(1.25E0,-3.474519833153E0,6.245198331529E-1));
#3014=DIRECTION('',(-1.E0,0.E0,0.E0));
#3015=DIRECTION('',(0.E0,1.E0,1.780155825223E-14));
#3016=AXIS2_PLACEMENT_3D('',#3013,#3014,#3015);
#3018=DIRECTION('',(-1.E0,0.E0,0.E0));
#3019=VECTOR('',#3018,5.E-1);
#3020=CARTESIAN_POINT('',(1.25E0,-3.25E0,2.996265737617E0));
#3021=LINE('',#3020,#3019);
#3022=DIRECTION('',(0.E0,0.E0,-1.E0));
#3023=VECTOR('',#3022,2.371745904465E0);
#3024=CARTESIAN_POINT('',(1.25E0,-3.25E0,2.996265737617E0));
#3025=LINE('',#3024,#3023);
#3026=CARTESIAN_POINT('',(1.25E0,-2.596265737617E0,2.996265737617E0));
#3027=DIRECTION('',(1.E0,0.E0,0.E0));
#3028=DIRECTION('',(0.E0,-6.175816162842E-1,7.865068004969E-1));
#3029=AXIS2_PLACEMENT_3D('',#3026,#3027,#3028);
#3031=DIRECTION('',(1.E0,0.E0,0.E0));
#3032=VECTOR('',#3031,5.E-1);
#3033=CARTESIAN_POINT('',(-1.25E0,1.823155889677E0,3.65E0));
#3034=LINE('',#3033,#3032);
#3035=DIRECTION('',(0.E0,-1.E0,0.E0));
#3036=VECTOR('',#3035,3.623155889677E0);
#3037=CARTESIAN_POINT('',(-7.5E-1,1.823155889677E0,3.65E0));
#3038=LINE('',#3037,#3036);
#3039=DIRECTION('',(-3.015113445778E-1,9.045340337333E-1,-3.015113445778E-1));
#3040=VECTOR('',#3039,3.316624790355E-1);
#3041=CARTESIAN_POINT('',(-7.5E-1,1.823155889677E0,3.65E0));
#3042=LINE('',#3041,#3040);
#3043=DIRECTION('',(3.015113445778E-1,9.045340337333E-1,-3.015113445778E-1));
#3044=VECTOR('',#3043,3.316624790355E-1);
#3045=CARTESIAN_POINT('',(-1.25E0,1.823155889677E0,3.65E0));
#3046=LINE('',#3045,#3044);
#3047=DIRECTION('',(0.E0,0.E0,-1.E0));
#3048=VECTOR('',#3047,3.E-1);
#3049=CARTESIAN_POINT('',(-8.5E-1,2.123155889677E0,3.55E0));
#3050=LINE('',#3049,#3048);
#3051=DIRECTION('',(1.E0,0.E0,0.E0));
#3052=VECTOR('',#3051,3.E-1);
#3053=CARTESIAN_POINT('',(-1.15E0,2.123155889677E0,3.55E0));
#3054=LINE('',#3053,#3052);
#3055=DIRECTION('',(0.E0,0.E0,1.E0));
#3056=VECTOR('',#3055,3.E-1);
#3057=CARTESIAN_POINT('',(-1.15E0,2.123155889677E0,3.25E0));
#3058=LINE('',#3057,#3056);
#3059=DIRECTION('',(-1.E0,0.E0,0.E0));
#3060=VECTOR('',#3059,3.E-1);
#3061=CARTESIAN_POINT('',(-8.5E-1,2.123155889677E0,3.25E0));
#3062=LINE('',#3061,#3060);
#3063=DIRECTION('',(-3.015113445778E-1,9.045340337333E-1,3.015113445778E-1));
#3064=VECTOR('',#3063,3.316624790355E-1);
#3065=CARTESIAN_POINT('',(-7.5E-1,1.823155889677E0,3.15E0));
#3066=LINE('',#3065,#3064);
#3067=DIRECTION('',(0.E0,0.E0,-1.E0));
#3068=VECTOR('',#3067,5.E-1);
#3069=CARTESIAN_POINT('',(-7.5E-1,1.823155889677E0,3.65E0));
#3070=LINE('',#3069,#3068);
#3071=DIRECTION('',(0.E0,-1.E0,0.E0));
#3072=VECTOR('',#3071,3.623155889677E0);
#3073=CARTESIAN_POINT('',(-7.5E-1,1.823155889677E0,3.15E0));
#3074=LINE('',#3073,#3072);
#3075=DIRECTION('',(0.E0,0.E0,1.E0));
#3076=VECTOR('',#3075,5.E-1);
#3077=CARTESIAN_POINT('',(-7.5E-1,-5.2E0,-1.E-1));
#3078=LINE('',#3077,#3076);
#3079=DIRECTION('',(0.E0,0.E0,-1.E0));
#3080=VECTOR('',#3079,1.875480166847E0);
#3081=CARTESIAN_POINT('',(-7.5E-1,-2.75E0,2.5E0));
#3082=LINE('',#3081,#3080);
#3083=CARTESIAN_POINT('',(-7.5E-1,-3.474519833153E0,6.245198331529E-1));
#3084=DIRECTION('',(-1.E0,0.E0,0.E0));
#3085=DIRECTION('',(0.E0,1.E0,0.E0));
#3086=AXIS2_PLACEMENT_3D('',#3083,#3084,#3085);
#3088=DIRECTION('',(0.E0,-1.E0,0.E0));
#3089=VECTOR('',#3088,1.725480166847E0);
#3090=CARTESIAN_POINT('',(-7.5E-1,-3.474519833153E0,-1.E-1));
#3091=LINE('',#3090,#3089);
#3092=DIRECTION('',(-1.E0,0.E0,0.E0));
#3093=VECTOR('',#3092,5.E-1);
#3094=CARTESIAN_POINT('',(-7.5E-1,1.823155889677E0,3.15E0));
#3095=LINE('',#3094,#3093);
#3096=DIRECTION('',(0.E0,-1.E0,0.E0));
#3097=VECTOR('',#3096,3.623155889677E0);
#3098=CARTESIAN_POINT('',(-1.25E0,1.823155889677E0,3.15E0));
#3099=LINE('',#3098,#3097);
#3100=DIRECTION('',(3.015113445778E-1,9.045340337333E-1,3.015113445778E-1));
#3101=VECTOR('',#3100,3.316624790355E-1);
#3102=CARTESIAN_POINT('',(-1.25E0,1.823155889677E0,3.15E0));
#3103=LINE('',#3102,#3101);
#3104=DIRECTION('',(0.E0,0.E0,1.E0));
#3105=VECTOR('',#3104,5.E-1);
#3106=CARTESIAN_POINT('',(-1.25E0,1.823155889677E0,3.15E0));
#3107=LINE('',#3106,#3105);
#3108=DIRECTION('',(0.E0,-1.E0,0.E0));
#3109=VECTOR('',#3108,3.623155889677E0);
#3110=CARTESIAN_POINT('',(-1.25E0,1.823155889677E0,3.65E0));
#3111=LINE('',#3110,#3109);
#3112=DIRECTION('',(0.E0,0.E0,-1.E0));
#3113=VECTOR('',#3112,5.E-1);
#3114=CARTESIAN_POINT('',(-1.25E0,-5.2E0,4.E-1));
#3115=LINE('',#3114,#3113);
#3116=CARTESIAN_POINT('',(-1.25E0,-2.596265737617E0,2.996265737617E0));
#3117=DIRECTION('',(1.E0,0.E0,0.E0));
#3118=DIRECTION('',(0.E0,-6.175816162842E-1,7.865068004969E-1));
#3119=AXIS2_PLACEMENT_3D('',#3116,#3117,#3118);
#3121=DIRECTION('',(0.E0,0.E0,-1.E0));
#3122=VECTOR('',#3121,2.371745904465E0);
#3123=CARTESIAN_POINT('',(-1.25E0,-3.25E0,2.996265737617E0));
#3124=LINE('',#3123,#3122);
#3125=CARTESIAN_POINT('',(-1.25E0,-3.474519833153E0,6.245198331529E-1));
#3126=DIRECTION('',(-1.E0,0.E0,0.E0));
#3127=DIRECTION('',(0.E0,1.E0,1.780155825223E-14));
#3128=AXIS2_PLACEMENT_3D('',#3125,#3126,#3127);
#3130=DIRECTION('',(0.E0,-1.E0,0.E0));
#3131=VECTOR('',#3130,1.725480166847E0);
#3132=CARTESIAN_POINT('',(-1.25E0,-3.474519833153E0,4.E-1));
#3133=LINE('',#3132,#3131);
#3134=DIRECTION('',(3.015113445778E-1,-9.045340337333E-1,-3.015113445778E-1));
#3135=VECTOR('',#3134,3.316624790355E-1);
#3136=CARTESIAN_POINT('',(-1.25E0,-5.2E0,4.E-1));
#3137=LINE('',#3136,#3135);
#3138=DIRECTION('',(3.015113445778E-1,9.045340337333E-1,3.015113445778E-1));
#3139=VECTOR('',#3138,3.316624790355E-1);
#3140=CARTESIAN_POINT('',(-8.5E-1,-5.5E0,3.E-1));
#3141=LINE('',#3140,#3139);
#3142=DIRECTION('',(0.E0,0.E0,1.E0));
#3143=VECTOR('',#3142,3.E-1);
#3144=CARTESIAN_POINT('',(-8.5E-1,-5.5E0,0.E0));
#3145=LINE('',#3144,#3143);
#3146=DIRECTION('',(1.E0,0.E0,0.E0));
#3147=VECTOR('',#3146,3.E-1);
#3148=CARTESIAN_POINT('',(-1.15E0,-5.5E0,0.E0));
#3149=LINE('',#3148,#3147);
#3150=DIRECTION('',(0.E0,0.E0,-1.E0));
#3151=VECTOR('',#3150,3.E-1);
#3152=CARTESIAN_POINT('',(-1.15E0,-5.5E0,3.E-1));
#3153=LINE('',#3152,#3151);
#3154=DIRECTION('',(-1.E0,0.E0,0.E0));
#3155=VECTOR('',#3154,3.E-1);
#3156=CARTESIAN_POINT('',(-8.5E-1,-5.5E0,3.E-1));
#3157=LINE('',#3156,#3155);
#3158=DIRECTION('',(-3.015113445778E-1,9.045340337333E-1,-3.015113445778E-1));
#3159=VECTOR('',#3158,3.316624790355E-1);
#3160=CARTESIAN_POINT('',(-1.15E0,-5.5E0,0.E0));
#3161=LINE('',#3160,#3159);
#3162=DIRECTION('',(-3.015113445778E-1,-9.045340337333E-1,3.015113445778E-1));
#3163=VECTOR('',#3162,3.316624790355E-1);
#3164=CARTESIAN_POINT('',(-7.5E-1,-5.2E0,-1.E-1));
#3165=LINE('',#3164,#3163);
#3166=DIRECTION('',(1.E0,0.E0,0.E0));
#3167=VECTOR('',#3166,5.E-1);
#3168=CARTESIAN_POINT('',(-1.25E0,-5.2E0,-1.E-1));
#3169=LINE('',#3168,#3167);
#3170=DIRECTION('',(1.E0,0.E0,0.E0));
#3171=VECTOR('',#3170,5.E-1);
#3172=CARTESIAN_POINT('',(-1.25E0,-3.474519833153E0,-1.E-1));
#3173=LINE('',#3172,#3171);
#3174=DIRECTION('',(0.E0,-1.E0,0.E0));
#3175=VECTOR('',#3174,1.725480166847E0);
#3176=CARTESIAN_POINT('',(-1.25E0,-3.474519833153E0,-1.E-1));
#3177=LINE('',#3176,#3175);
#3178=DIRECTION('',(1.E0,0.E0,0.E0));
#3179=VECTOR('',#3178,5.E-1);
#3180=CARTESIAN_POINT('',(-1.25E0,-2.75E0,6.245198331529E-1));
#3181=LINE('',#3180,#3179);
#3182=CARTESIAN_POINT('',(-1.25E0,-3.474519833153E0,6.245198331529E-1));
#3183=DIRECTION('',(-1.E0,0.E0,0.E0));
#3184=DIRECTION('',(0.E0,1.E0,0.E0));
#3185=AXIS2_PLACEMENT_3D('',#3182,#3183,#3184);
#3187=DIRECTION('',(0.E0,0.E0,-1.E0));
#3188=VECTOR('',#3187,1.875480166847E0);
#3189=CARTESIAN_POINT('',(-1.25E0,-2.75E0,2.5E0));
#3190=LINE('',#3189,#3188);
#3191=DIRECTION('',(-1.E0,0.E0,0.E0));
#3192=VECTOR('',#3191,5.E-1);
#3193=CARTESIAN_POINT('',(-7.5E-1,-5.2E0,4.E-1));
#3194=LINE('',#3193,#3192);
#3195=DIRECTION('',(-1.E0,0.E0,0.E0));
#3196=VECTOR('',#3195,5.E-1);
#3197=CARTESIAN_POINT('',(-7.5E-1,-3.474519833153E0,4.E-1));
#3198=LINE('',#3197,#3196);
#3199=DIRECTION('',(0.E0,-1.E0,0.E0));
#3200=VECTOR('',#3199,1.725480166847E0);
#3201=CARTESIAN_POINT('',(-7.5E-1,-3.474519833153E0,4.E-1));
#3202=LINE('',#3201,#3200);
#3203=DIRECTION('',(-1.E0,0.E0,0.E0));
#3204=VECTOR('',#3203,5.E-1);
#3205=CARTESIAN_POINT('',(-7.5E-1,-3.25E0,6.245198331529E-1));
#3206=LINE('',#3205,#3204);
#3207=CARTESIAN_POINT('',(-7.5E-1,-3.474519833153E0,6.245198331529E-1));
#3208=DIRECTION('',(-1.E0,0.E0,0.E0));
#3209=DIRECTION('',(0.E0,1.E0,1.780155825223E-14));
#3210=AXIS2_PLACEMENT_3D('',#3207,#3208,#3209);
#3212=DIRECTION('',(-1.E0,0.E0,0.E0));
#3213=VECTOR('',#3212,5.E-1);
#3214=CARTESIAN_POINT('',(-7.5E-1,-3.25E0,2.996265737617E0));
#3215=LINE('',#3214,#3213);
#3216=DIRECTION('',(0.E0,0.E0,-1.E0));
#3217=VECTOR('',#3216,2.371745904465E0);
#3218=CARTESIAN_POINT('',(-7.5E-1,-3.25E0,2.996265737617E0));
#3219=LINE('',#3218,#3217);
#3220=CARTESIAN_POINT('',(-7.5E-1,-2.596265737617E0,2.996265737617E0));
#3221=DIRECTION('',(1.E0,0.E0,0.E0));
#3222=DIRECTION('',(0.E0,-6.175816162842E-1,7.865068004969E-1));
#3223=AXIS2_PLACEMENT_3D('',#3220,#3221,#3222);
#3225=DIRECTION('',(1.E0,0.E0,0.E0));
#3226=VECTOR('',#3225,5.E-1);
#3227=CARTESIAN_POINT('',(-3.25E0,1.823155889677E0,3.65E0));
#3228=LINE('',#3227,#3226);
#3229=DIRECTION('',(0.E0,-1.E0,0.E0));
#3230=VECTOR('',#3229,3.623155889677E0);
#3231=CARTESIAN_POINT('',(-2.75E0,1.823155889677E0,3.65E0));
#3232=LINE('',#3231,#3230);
#3233=DIRECTION('',(-3.015113445778E-1,9.045340337333E-1,-3.015113445778E-1));
#3234=VECTOR('',#3233,3.316624790355E-1);
#3235=CARTESIAN_POINT('',(-2.75E0,1.823155889677E0,3.65E0));
#3236=LINE('',#3235,#3234);
#3237=DIRECTION('',(3.015113445778E-1,9.045340337333E-1,-3.015113445778E-1));
#3238=VECTOR('',#3237,3.316624790355E-1);
#3239=CARTESIAN_POINT('',(-3.25E0,1.823155889677E0,3.65E0));
#3240=LINE('',#3239,#3238);
#3241=DIRECTION('',(0.E0,0.E0,-1.E0));
#3242=VECTOR('',#3241,3.E-1);
#3243=CARTESIAN_POINT('',(-2.85E0,2.123155889677E0,3.55E0));
#3244=LINE('',#3243,#3242);
#3245=DIRECTION('',(1.E0,0.E0,0.E0));
#3246=VECTOR('',#3245,3.E-1);
#3247=CARTESIAN_POINT('',(-3.15E0,2.123155889677E0,3.55E0));
#3248=LINE('',#3247,#3246);
#3249=DIRECTION('',(0.E0,0.E0,1.E0));
#3250=VECTOR('',#3249,3.E-1);
#3251=CARTESIAN_POINT('',(-3.15E0,2.123155889677E0,3.25E0));
#3252=LINE('',#3251,#3250);
#3253=DIRECTION('',(-1.E0,0.E0,0.E0));
#3254=VECTOR('',#3253,3.E-1);
#3255=CARTESIAN_POINT('',(-2.85E0,2.123155889677E0,3.25E0));
#3256=LINE('',#3255,#3254);
#3257=DIRECTION('',(-3.015113445778E-1,9.045340337333E-1,3.015113445778E-1));
#3258=VECTOR('',#3257,3.316624790355E-1);
#3259=CARTESIAN_POINT('',(-2.75E0,1.823155889677E0,3.15E0));
#3260=LINE('',#3259,#3258);
#3261=DIRECTION('',(0.E0,0.E0,-1.E0));
#3262=VECTOR('',#3261,5.E-1);
#3263=CARTESIAN_POINT('',(-2.75E0,1.823155889677E0,3.65E0));
#3264=LINE('',#3263,#3262);
#3265=DIRECTION('',(0.E0,-1.E0,0.E0));
#3266=VECTOR('',#3265,3.623155889677E0);
#3267=CARTESIAN_POINT('',(-2.75E0,1.823155889677E0,3.15E0));
#3268=LINE('',#3267,#3266);
#3269=DIRECTION('',(0.E0,0.E0,1.E0));
#3270=VECTOR('',#3269,5.E-1);
#3271=CARTESIAN_POINT('',(-2.75E0,-5.2E0,-1.E-1));
#3272=LINE('',#3271,#3270);
#3273=DIRECTION('',(0.E0,0.E0,-1.E0));
#3274=VECTOR('',#3273,1.875480166847E0);
#3275=CARTESIAN_POINT('',(-2.75E0,-2.75E0,2.5E0));
#3276=LINE('',#3275,#3274);
#3277=CARTESIAN_POINT('',(-2.75E0,-3.474519833153E0,6.245198331529E-1));
#3278=DIRECTION('',(-1.E0,0.E0,0.E0));
#3279=DIRECTION('',(0.E0,1.E0,0.E0));
#3280=AXIS2_PLACEMENT_3D('',#3277,#3278,#3279);
#3282=DIRECTION('',(0.E0,-1.E0,0.E0));
#3283=VECTOR('',#3282,1.725480166847E0);
#3284=CARTESIAN_POINT('',(-2.75E0,-3.474519833153E0,-1.E-1));
#3285=LINE('',#3284,#3283);
#3286=DIRECTION('',(-1.E0,0.E0,0.E0));
#3287=VECTOR('',#3286,5.E-1);
#3288=CARTESIAN_POINT('',(-2.75E0,1.823155889677E0,3.15E0));
#3289=LINE('',#3288,#3287);
#3290=DIRECTION('',(0.E0,-1.E0,0.E0));
#3291=VECTOR('',#3290,3.623155889677E0);
#3292=CARTESIAN_POINT('',(-3.25E0,1.823155889677E0,3.15E0));
#3293=LINE('',#3292,#3291);
#3294=DIRECTION('',(3.015113445778E-1,9.045340337333E-1,3.015113445778E-1));
#3295=VECTOR('',#3294,3.316624790355E-1);
#3296=CARTESIAN_POINT('',(-3.25E0,1.823155889677E0,3.15E0));
#3297=LINE('',#3296,#3295);
#3298=DIRECTION('',(0.E0,0.E0,1.E0));
#3299=VECTOR('',#3298,5.E-1);
#3300=CARTESIAN_POINT('',(-3.25E0,1.823155889677E0,3.15E0));
#3301=LINE('',#3300,#3299);
#3302=DIRECTION('',(0.E0,-1.E0,0.E0));
#3303=VECTOR('',#3302,3.623155889677E0);
#3304=CARTESIAN_POINT('',(-3.25E0,1.823155889677E0,3.65E0));
#3305=LINE('',#3304,#3303);
#3306=DIRECTION('',(0.E0,0.E0,-1.E0));
#3307=VECTOR('',#3306,5.E-1);
#3308=CARTESIAN_POINT('',(-3.25E0,-5.2E0,4.E-1));
#3309=LINE('',#3308,#3307);
#3310=CARTESIAN_POINT('',(-3.25E0,-2.596265737617E0,2.996265737617E0));
#3311=DIRECTION('',(1.E0,0.E0,0.E0));
#3312=DIRECTION('',(0.E0,-6.175816162842E-1,7.865068004969E-1));
#3313=AXIS2_PLACEMENT_3D('',#3310,#3311,#3312);
#3315=DIRECTION('',(0.E0,0.E0,-1.E0));
#3316=VECTOR('',#3315,2.371745904465E0);
#3317=CARTESIAN_POINT('',(-3.25E0,-3.25E0,2.996265737617E0));
#3318=LINE('',#3317,#3316);
#3319=CARTESIAN_POINT('',(-3.25E0,-3.474519833153E0,6.245198331529E-1));
#3320=DIRECTION('',(-1.E0,0.E0,0.E0));
#3321=DIRECTION('',(0.E0,1.E0,1.780155825223E-14));
#3322=AXIS2_PLACEMENT_3D('',#3319,#3320,#3321);
#3324=DIRECTION('',(0.E0,-1.E0,0.E0));
#3325=VECTOR('',#3324,1.725480166847E0);
#3326=CARTESIAN_POINT('',(-3.25E0,-3.474519833153E0,4.E-1));
#3327=LINE('',#3326,#3325);
#3328=DIRECTION('',(3.015113445778E-1,-9.045340337333E-1,-3.015113445778E-1));
#3329=VECTOR('',#3328,3.316624790355E-1);
#3330=CARTESIAN_POINT('',(-3.25E0,-5.2E0,4.E-1));
#3331=LINE('',#3330,#3329);
#3332=DIRECTION('',(3.015113445778E-1,9.045340337333E-1,3.015113445778E-1));
#3333=VECTOR('',#3332,3.316624790355E-1);
#3334=CARTESIAN_POINT('',(-2.85E0,-5.5E0,3.E-1));
#3335=LINE('',#3334,#3333);
#3336=DIRECTION('',(0.E0,0.E0,1.E0));
#3337=VECTOR('',#3336,3.E-1);
#3338=CARTESIAN_POINT('',(-2.85E0,-5.5E0,0.E0));
#3339=LINE('',#3338,#3337);
#3340=DIRECTION('',(1.E0,0.E0,0.E0));
#3341=VECTOR('',#3340,3.E-1);
#3342=CARTESIAN_POINT('',(-3.15E0,-5.5E0,0.E0));
#3343=LINE('',#3342,#3341);
#3344=DIRECTION('',(0.E0,0.E0,-1.E0));
#3345=VECTOR('',#3344,3.E-1);
#3346=CARTESIAN_POINT('',(-3.15E0,-5.5E0,3.E-1));
#3347=LINE('',#3346,#3345);
#3348=DIRECTION('',(-1.E0,0.E0,0.E0));
#3349=VECTOR('',#3348,3.E-1);
#3350=CARTESIAN_POINT('',(-2.85E0,-5.5E0,3.E-1));
#3351=LINE('',#3350,#3349);
#3352=DIRECTION('',(-3.015113445778E-1,9.045340337333E-1,-3.015113445778E-1));
#3353=VECTOR('',#3352,3.316624790355E-1);
#3354=CARTESIAN_POINT('',(-3.15E0,-5.5E0,0.E0));
#3355=LINE('',#3354,#3353);
#3356=DIRECTION('',(-3.015113445778E-1,-9.045340337333E-1,3.015113445778E-1));
#3357=VECTOR('',#3356,3.316624790355E-1);
#3358=CARTESIAN_POINT('',(-2.75E0,-5.2E0,-1.E-1));
#3359=LINE('',#3358,#3357);
#3360=DIRECTION('',(1.E0,0.E0,0.E0));
#3361=VECTOR('',#3360,5.E-1);
#3362=CARTESIAN_POINT('',(-3.25E0,-5.2E0,-1.E-1));
#3363=LINE('',#3362,#3361);
#3364=DIRECTION('',(1.E0,0.E0,0.E0));
#3365=VECTOR('',#3364,5.E-1);
#3366=CARTESIAN_POINT('',(-3.25E0,-3.474519833153E0,-1.E-1));
#3367=LINE('',#3366,#3365);
#3368=DIRECTION('',(0.E0,-1.E0,0.E0));
#3369=VECTOR('',#3368,1.725480166847E0);
#3370=CARTESIAN_POINT('',(-3.25E0,-3.474519833153E0,-1.E-1));
#3371=LINE('',#3370,#3369);
#3372=DIRECTION('',(1.E0,0.E0,0.E0));
#3373=VECTOR('',#3372,5.E-1);
#3374=CARTESIAN_POINT('',(-3.25E0,-2.75E0,6.245198331529E-1));
#3375=LINE('',#3374,#3373);
#3376=CARTESIAN_POINT('',(-3.25E0,-3.474519833153E0,6.245198331529E-1));
#3377=DIRECTION('',(-1.E0,0.E0,0.E0));
#3378=DIRECTION('',(0.E0,1.E0,0.E0));
#3379=AXIS2_PLACEMENT_3D('',#3376,#3377,#3378);
#3381=DIRECTION('',(0.E0,0.E0,-1.E0));
#3382=VECTOR('',#3381,1.875480166847E0);
#3383=CARTESIAN_POINT('',(-3.25E0,-2.75E0,2.5E0));
#3384=LINE('',#3383,#3382);
#3385=DIRECTION('',(-1.E0,0.E0,0.E0));
#3386=VECTOR('',#3385,5.E-1);
#3387=CARTESIAN_POINT('',(-2.75E0,-5.2E0,4.E-1));
#3388=LINE('',#3387,#3386);
#3389=DIRECTION('',(-1.E0,0.E0,0.E0));
#3390=VECTOR('',#3389,5.E-1);
#3391=CARTESIAN_POINT('',(-2.75E0,-3.474519833153E0,4.E-1));
#3392=LINE('',#3391,#3390);
#3393=DIRECTION('',(0.E0,-1.E0,0.E0));
#3394=VECTOR('',#3393,1.725480166847E0);
#3395=CARTESIAN_POINT('',(-2.75E0,-3.474519833153E0,4.E-1));
#3396=LINE('',#3395,#3394);
#3397=DIRECTION('',(-1.E0,0.E0,0.E0));
#3398=VECTOR('',#3397,5.E-1);
#3399=CARTESIAN_POINT('',(-2.75E0,-3.25E0,6.245198331529E-1));
#3400=LINE('',#3399,#3398);
#3401=CARTESIAN_POINT('',(-2.75E0,-3.474519833153E0,6.245198331529E-1));
#3402=DIRECTION('',(-1.E0,0.E0,0.E0));
#3403=DIRECTION('',(0.E0,1.E0,1.780155825223E-14));
#3404=AXIS2_PLACEMENT_3D('',#3401,#3402,#3403);
#3406=DIRECTION('',(-1.E0,0.E0,0.E0));
#3407=VECTOR('',#3406,5.E-1);
#3408=CARTESIAN_POINT('',(-2.75E0,-3.25E0,2.996265737617E0));
#3409=LINE('',#3408,#3407);
#3410=DIRECTION('',(0.E0,0.E0,-1.E0));
#3411=VECTOR('',#3410,2.371745904465E0);
#3412=CARTESIAN_POINT('',(-2.75E0,-3.25E0,2.996265737617E0));
#3413=LINE('',#3412,#3411);
#3414=CARTESIAN_POINT('',(-2.75E0,-2.596265737617E0,2.996265737617E0));
#3415=DIRECTION('',(1.E0,0.E0,0.E0));
#3416=DIRECTION('',(0.E0,-6.175816162842E-1,7.865068004969E-1));
#3417=AXIS2_PLACEMENT_3D('',#3414,#3415,#3416);
#3419=DIRECTION('',(1.E0,0.E0,0.E0));
#3420=VECTOR('',#3419,5.E-1);
#3421=CARTESIAN_POINT('',(-5.25E0,1.823155889677E0,3.65E0));
#3422=LINE('',#3421,#3420);
#3423=DIRECTION('',(0.E0,-1.E0,0.E0));
#3424=VECTOR('',#3423,3.623155889677E0);
#3425=CARTESIAN_POINT('',(-4.75E0,1.823155889677E0,3.65E0));
#3426=LINE('',#3425,#3424);
#3427=DIRECTION('',(-3.015113445778E-1,9.045340337333E-1,-3.015113445778E-1));
#3428=VECTOR('',#3427,3.316624790355E-1);
#3429=CARTESIAN_POINT('',(-4.75E0,1.823155889677E0,3.65E0));
#3430=LINE('',#3429,#3428);
#3431=DIRECTION('',(-3.015113445778E-1,9.045340337333E-1,-3.015113445778E-1));
#3432=VECTOR('',#3431,3.316624790355E-1);
#3433=CARTESIAN_POINT('',(-5.15E0,-5.5E0,0.E0));
#3434=LINE('',#3433,#3432);
#3435=DIRECTION('',(-3.015113445778E-1,-9.045340337333E-1,3.015113445778E-1));
#3436=VECTOR('',#3435,3.316624790355E-1);
#3437=CARTESIAN_POINT('',(-4.75E0,-5.2E0,-1.E-1));
#3438=LINE('',#3437,#3436);
#3439=DIRECTION('',(1.E0,0.E0,0.E0));
#3440=VECTOR('',#3439,5.E-1);
#3441=CARTESIAN_POINT('',(-5.25E0,-5.2E0,-1.E-1));
#3442=LINE('',#3441,#3440);
#3443=DIRECTION('',(1.E0,0.E0,0.E0));
#3444=VECTOR('',#3443,5.E-1);
#3445=CARTESIAN_POINT('',(-5.25E0,-3.474519833153E0,-1.E-1));
#3446=LINE('',#3445,#3444);
#3447=DIRECTION('',(0.E0,-1.E0,0.E0));
#3448=VECTOR('',#3447,1.725480166847E0);
#3449=CARTESIAN_POINT('',(-5.25E0,-3.474519833153E0,-1.E-1));
#3450=LINE('',#3449,#3448);
#3451=DIRECTION('',(1.E0,0.E0,0.E0));
#3452=VECTOR('',#3451,5.E-1);
#3453=CARTESIAN_POINT('',(-5.25E0,-2.75E0,6.245198331529E-1));
#3454=LINE('',#3453,#3452);
#3455=CARTESIAN_POINT('',(-5.25E0,-3.474519833153E0,6.245198331529E-1));
#3456=DIRECTION('',(-1.E0,0.E0,0.E0));
#3457=DIRECTION('',(0.E0,1.E0,0.E0));
#3458=AXIS2_PLACEMENT_3D('',#3455,#3456,#3457);
#3460=DIRECTION('',(0.E0,0.E0,-1.E0));
#3461=VECTOR('',#3460,1.875480166847E0);
#3462=CARTESIAN_POINT('',(-5.25E0,-2.75E0,2.5E0));
#3463=LINE('',#3462,#3461);
#3464=DIRECTION('',(3.015113445778E-1,-9.045340337333E-1,-3.015113445778E-1));
#3465=VECTOR('',#3464,3.316624790355E-1);
#3466=CARTESIAN_POINT('',(-5.25E0,-5.2E0,4.E-1));
#3467=LINE('',#3466,#3465);
#3468=DIRECTION('',(3.015113445778E-1,9.045340337333E-1,3.015113445778E-1));
#3469=VECTOR('',#3468,3.316624790355E-1);
#3470=CARTESIAN_POINT('',(-4.85E0,-5.5E0,3.E-1));
#3471=LINE('',#3470,#3469);
#3472=DIRECTION('',(0.E0,0.E0,1.E0));
#3473=VECTOR('',#3472,3.E-1);
#3474=CARTESIAN_POINT('',(-4.85E0,-5.5E0,0.E0));
#3475=LINE('',#3474,#3473);
#3476=DIRECTION('',(1.E0,0.E0,0.E0));
#3477=VECTOR('',#3476,3.E-1);
#3478=CARTESIAN_POINT('',(-5.15E0,-5.5E0,0.E0));
#3479=LINE('',#3478,#3477);
#3480=DIRECTION('',(0.E0,0.E0,-1.E0));
#3481=VECTOR('',#3480,3.E-1);
#3482=CARTESIAN_POINT('',(-5.15E0,-5.5E0,3.E-1));
#3483=LINE('',#3482,#3481);
#3484=DIRECTION('',(-1.E0,0.E0,0.E0));
#3485=VECTOR('',#3484,3.E-1);
#3486=CARTESIAN_POINT('',(-4.85E0,-5.5E0,3.E-1));
#3487=LINE('',#3486,#3485);
#3488=DIRECTION('',(-1.E0,0.E0,0.E0));
#3489=VECTOR('',#3488,5.E-1);
#3490=CARTESIAN_POINT('',(-4.75E0,-5.2E0,4.E-1));
#3491=LINE('',#3490,#3489);
#3492=DIRECTION('',(-1.E0,0.E0,0.E0));
#3493=VECTOR('',#3492,5.E-1);
#3494=CARTESIAN_POINT('',(-4.75E0,-3.474519833153E0,4.E-1));
#3495=LINE('',#3494,#3493);
#3496=DIRECTION('',(0.E0,-1.E0,0.E0));
#3497=VECTOR('',#3496,1.725480166847E0);
#3498=CARTESIAN_POINT('',(-4.75E0,-3.474519833153E0,4.E-1));
#3499=LINE('',#3498,#3497);
#3500=DIRECTION('',(-1.E0,0.E0,0.E0));
#3501=VECTOR('',#3500,5.E-1);
#3502=CARTESIAN_POINT('',(-4.75E0,-3.25E0,6.245198331529E-1));
#3503=LINE('',#3502,#3501);
#3504=CARTESIAN_POINT('',(-4.75E0,-3.474519833153E0,6.245198331529E-1));
#3505=DIRECTION('',(-1.E0,0.E0,0.E0));
#3506=DIRECTION('',(0.E0,1.E0,1.780155825223E-14));
#3507=AXIS2_PLACEMENT_3D('',#3504,#3505,#3506);
#3509=DIRECTION('',(-1.E0,0.E0,0.E0));
#3510=VECTOR('',#3509,5.E-1);
#3511=CARTESIAN_POINT('',(-4.75E0,-3.25E0,2.996265737617E0));
#3512=LINE('',#3511,#3510);
#3513=DIRECTION('',(0.E0,0.E0,-1.E0));
#3514=VECTOR('',#3513,2.371745904465E0);
#3515=CARTESIAN_POINT('',(-4.75E0,-3.25E0,2.996265737617E0));
#3516=LINE('',#3515,#3514);
#3517=CARTESIAN_POINT('',(-4.75E0,-2.596265737617E0,2.996265737617E0));
#3518=DIRECTION('',(1.E0,0.E0,0.E0));
#3519=DIRECTION('',(0.E0,-6.175816162842E-1,7.865068004969E-1));
#3520=AXIS2_PLACEMENT_3D('',#3517,#3518,#3519);
#3522=DIRECTION('',(0.E0,1.E0,0.E0));
#3523=VECTOR('',#3522,6.E-1);
#3524=CARTESIAN_POINT('',(7.2E0,-3.E0,1.E0));
#3525=LINE('',#3524,#3523);
#3526=DIRECTION('',(0.E0,8.395701571522E-1,5.432512781573E-1));
#3527=VECTOR('',#3526,2.024845673132E0);
#3528=CARTESIAN_POINT('',(7.2E0,-4.7E0,2.5E0));
#3529=LINE('',#3528,#3527);
#3530=DIRECTION('',(0.E0,0.E0,1.E0));
#3531=VECTOR('',#3530,2.5E0);
#3532=CARTESIAN_POINT('',(7.2E0,-4.7E0,0.E0));
#3533=LINE('',#3532,#3531);
#3534=DIRECTION('',(0.E0,-1.E0,0.E0));
#3535=VECTOR('',#3534,1.7E0);
#3536=CARTESIAN_POINT('',(7.2E0,-3.E0,0.E0));
#3537=LINE('',#3536,#3535);
#3538=DIRECTION('',(-1.E0,0.E0,0.E0));
#3539=VECTOR('',#3538,8.E-1);
#3540=CARTESIAN_POINT('',(8.E0,-4.7E0,2.5E0));
#3541=LINE('',#3540,#3539);
#3542=DIRECTION('',(-1.E0,0.E0,0.E0));
#3543=VECTOR('',#3542,8.E-1);
#3544=CARTESIAN_POINT('',(8.E0,-4.7E0,0.E0));
#3545=LINE('',#3544,#3543);
#3546=DIRECTION('',(0.E0,0.E0,1.E0));
#3547=VECTOR('',#3546,1.E0);
#3548=CARTESIAN_POINT('',(7.6E0,-2.E-1,1.2E0));
#3549=LINE('',#3548,#3547);
#3550=DIRECTION('',(-1.E0,0.E0,0.E0));
#3551=VECTOR('',#3550,5.E-1);
#3552=CARTESIAN_POINT('',(7.6E0,-2.E-1,2.2E0));
#3553=LINE('',#3552,#3551);
#3554=DIRECTION('',(0.E0,0.E0,-1.E0));
#3555=VECTOR('',#3554,2.2E0);
#3556=CARTESIAN_POINT('',(7.1E0,-2.E-1,2.2E0));
#3557=LINE('',#3556,#3555);
#3558=DIRECTION('',(0.E0,1.E0,0.E0));
#3559=VECTOR('',#3558,2.35E0);
#3560=CARTESIAN_POINT('',(7.6E0,-2.E-1,1.2E0));
#3561=LINE('',#3560,#3559);
#3562=DIRECTION('',(-1.E0,0.E0,0.E0));
#3563=VECTOR('',#3562,4.E-1);
#3564=CARTESIAN_POINT('',(8.E0,-2.E-1,1.2E0));
#3565=LINE('',#3564,#3563);
#3566=DIRECTION('',(0.E0,-1.E0,0.E0));
#3567=VECTOR('',#3566,2.35E0);
#3568=CARTESIAN_POINT('',(7.6E0,2.15E0,2.2E0));
#3569=LINE('',#3568,#3567);
#3570=DIRECTION('',(0.E0,-1.E0,0.E0));
#3571=VECTOR('',#3570,8.E-1);
#3572=CARTESIAN_POINT('',(5.6E0,3.E0,5.E0));
#3573=LINE('',#3572,#3571);
#3574=DIRECTION('',(0.E0,-1.E0,0.E0));
#3575=VECTOR('',#3574,8.E-1);
#3576=CARTESIAN_POINT('',(6.4E0,3.E0,5.E0));
#3577=LINE('',#3576,#3575);
#3578=DIRECTION('',(0.E0,0.E0,1.E0));
#3579=VECTOR('',#3578,5.E-1);
#3580=CARTESIAN_POINT('',(5.6E0,2.2E0,5.E0));
#3581=LINE('',#3580,#3579);
#3582=DIRECTION('',(-1.E0,0.E0,0.E0));
#3583=VECTOR('',#3582,8.E-1);
#3584=CARTESIAN_POINT('',(6.4E0,2.2E0,5.E0));
#3585=LINE('',#3584,#3583);
#3586=DIRECTION('',(0.E0,0.E0,-1.E0));
#3587=VECTOR('',#3586,5.E-1);
#3588=CARTESIAN_POINT('',(6.4E0,2.2E0,5.5E0));
#3589=LINE('',#3588,#3587);
#3590=DIRECTION('',(1.E0,0.E0,0.E0));
#3591=VECTOR('',#3590,5.E-1);
#3592=CARTESIAN_POINT('',(7.1E0,0.E0,3.4E0));
#3593=LINE('',#3592,#3591);
#3594=DIRECTION('',(1.E0,0.E0,0.E0));
#3595=VECTOR('',#3594,7.E-1);
#3596=CARTESIAN_POINT('',(-7.1E0,1.E0,3.4E0));
#3597=LINE('',#3596,#3595);
#3598=DIRECTION('',(-1.E0,0.E0,0.E0));
#3599=VECTOR('',#3598,5.E-1);
#3600=CARTESIAN_POINT('',(-7.1E0,0.E0,3.4E0));
#3601=LINE('',#3600,#3599);
#3602=DIRECTION('',(-1.E0,0.E0,0.E0));
#3603=VECTOR('',#3602,1.E-2);
#3604=CARTESIAN_POINT('',(-8.E0,-1.254641750960E0,1.375397449486E0));
#3605=LINE('',#3604,#3603);
#3606=DIRECTION('',(-1.E0,0.E0,0.E0));
#3607=VECTOR('',#3606,1.E-2);
#3608=CARTESIAN_POINT('',(-8.E0,-1.106629679139E0,1.375397449486E0));
#3609=LINE('',#3608,#3607);
#3610=CARTESIAN_POINT('',(-8.01E0,-1.180635715049E0,1.375397449486E0));
#3611=DIRECTION('',(1.E0,0.E0,0.E0));
#3612=DIRECTION('',(0.E0,-1.E0,0.E0));
#3613=AXIS2_PLACEMENT_3D('',#3610,#3611,#3612);
#3615=CARTESIAN_POINT('',(-8.01E0,-1.180635715049E0,1.375397449486E0));
#3616=DIRECTION('',(1.E0,0.E0,0.E0));
#3617=DIRECTION('',(0.E0,1.E0,0.E0));
#3618=AXIS2_PLACEMENT_3D('',#3615,#3616,#3617);
#3620=DIRECTION('',(0.E0,0.E0,1.E0));
#3621=VECTOR('',#3620,3.042812069908E-2);
#3622=CARTESIAN_POINT('',(-8.01E0,-2.340747114350E0,1.737103845572E0));
#3623=LINE('',#3622,#3621);
#3624=DIRECTION('',(0.E0,-1.E0,0.E0));
#3625=VECTOR('',#3624,1.407471143502E-1);
#3626=CARTESIAN_POINT('',(-8.01E0,-2.2E0,1.737103845572E0));
#3627=LINE('',#3626,#3625);
#3628=DIRECTION('',(0.E0,0.E0,-1.E0));
#3629=VECTOR('',#3628,2.668941887241E-1);
#3630=CARTESIAN_POINT('',(-8.01E0,-2.2E0,2.003998034296E0));
#3631=LINE('',#3630,#3629);
#3632=DIRECTION('',(0.E0,1.E0,0.E0));
#3633=VECTOR('',#3632,3.445336536424E-2);
#3634=CARTESIAN_POINT('',(-8.01E0,-2.234453365364E0,2.003998034296E0));
#3635=LINE('',#3634,#3633);
#3636=DIRECTION('',(0.E0,0.E0,1.E0));
#3637=VECTOR('',#3636,2.364660680250E-1);
#3638=CARTESIAN_POINT('',(-8.01E0,-2.234453365364E0,1.767531966271E0));
#3639=LINE('',#3638,#3637);
#3640=DIRECTION('',(0.E0,1.E0,0.E0));
#3641=VECTOR('',#3640,1.062937489860E-1);
#3642=CARTESIAN_POINT('',(-8.01E0,-2.340747114350E0,1.767531966271E0));
#3643=LINE('',#3642,#3641);
#3644=CARTESIAN_POINT('',(-8.01E0,-2.551492551204E0,1.748156212284E0));
#3645=CARTESIAN_POINT('',(-8.01E0,-2.551492551204E0,1.759163096004E0));
#3646=CARTESIAN_POINT('',(-8.01E0,-2.551492551204E0,1.770169979724E0));
#3647=CARTESIAN_POINT('',(-8.01E0,-2.551492551204E0,1.781176863445E0));
#3649=CARTESIAN_POINT('',(-8.01E0,-2.551492551204E0,1.997584932625E0));
#3650=CARTESIAN_POINT('',(-8.01E0,-2.531871045879E0,2.006109029202E0));
#3651=CARTESIAN_POINT('',(-8.01E0,-2.474603423116E0,2.014891119955E0));
#3652=CARTESIAN_POINT('',(-8.01E0,-2.376186366606E0,1.980298597457E0));
#3653=CARTESIAN_POINT('',(-8.01E0,-2.340117887909E0,1.868647992789E0));
#3654=CARTESIAN_POINT('',(-8.01E0,-2.372529677345E0,1.758081549885E0));
#3655=CARTESIAN_POINT('',(-8.01E0,-2.470239706491E0,1.725043269423E0));
#3656=CARTESIAN_POINT('',(-8.01E0,-2.529233543787E0,1.736408402812E0));
#3657=CARTESIAN_POINT('',(-8.01E0,-2.551492551204E0,1.748156212284E0));
#3659=CARTESIAN_POINT('',(-8.01E0,-2.551492551204E0,1.961562404086E0));
#3660=CARTESIAN_POINT('',(-8.01E0,-2.551492551204E0,1.973569913599E0));
#3661=CARTESIAN_POINT('',(-8.01E0,-2.551492551204E0,1.985577423112E0));
#3662=CARTESIAN_POINT('',(-8.01E0,-2.551492551204E0,1.997584932625E0));
#3664=CARTESIAN_POINT('',(-8.01E0,-2.551492551204E0,1.781176863445E0));
#3665=CARTESIAN_POINT('',(-8.01E0,-2.531220421502E0,1.768843469849E0));
#3666=CARTESIAN_POINT('',(-8.01E0,-2.482057344206E0,1.755338222044E0));
#3667=CARTESIAN_POINT('',(-8.01E0,-2.402681433950E0,1.784151809270E0));
#3668=CARTESIAN_POINT('',(-8.01E0,-2.379738856413E0,1.869224997403E0));
#3669=CARTESIAN_POINT('',(-8.01E0,-2.404062281801E0,1.955316132075E0));
#3670=CARTESIAN_POINT('',(-8.01E0,-2.484495685144E0,1.985135353461E0));
#3671=CARTESIAN_POINT('',(-8.01E0,-2.532604905092E0,1.972085521203E0));
#3672=CARTESIAN_POINT('',(-8.01E0,-2.551492551204E0,1.961562404086E0));
#3674=DIRECTION('',(0.E0,0.E0,1.E0));
#3675=VECTOR('',#3674,3.042812069908E-2);
#3676=CARTESIAN_POINT('',(-8.01E0,-2.748456641911E0,1.737103845572E0));
#3677=LINE('',#3676,#3675);
#3678=DIRECTION('',(0.E0,-1.E0,0.E0));
#3679=VECTOR('',#3678,1.435443182709E-1);
#3680=CARTESIAN_POINT('',(-8.01E0,-2.604912323640E0,1.737103845572E0));
#3681=LINE('',#3680,#3679);
#3682=DIRECTION('',(0.E0,0.E0,-1.E0));
#3683=VECTOR('',#3682,2.668941887241E-1);
#3684=CARTESIAN_POINT('',(-8.01E0,-2.604912323640E0,2.003998034296E0));
#3685=LINE('',#3684,#3683);
#3686=DIRECTION('',(0.E0,1.E0,0.E0));
#3687=VECTOR('',#3686,1.374723390272E-1);
#3688=CARTESIAN_POINT('',(-8.01E0,-2.742384662667E0,2.003998034296E0));
#3689=LINE('',#3688,#3687);
#3690=DIRECTION('',(0.E0,0.E0,1.E0));
#3691=VECTOR('',#3690,3.070101864068E-2);
#3692=CARTESIAN_POINT('',(-8.01E0,-2.742384662667E0,1.973297015655E0));
#3693=LINE('',#3692,#3691);
#3694=DIRECTION('',(0.E0,-1.E0,0.E0));
#3695=VECTOR('',#3694,1.030189736630E-1);
#3696=CARTESIAN_POINT('',(-8.01E0,-2.639365689004E0,1.973297015655E0));
#3697=LINE('',#3696,#3695);
#3698=DIRECTION('',(0.E0,0.E0,1.E0));
#3699=VECTOR('',#3698,8.541705631068E-2);
#3700=CARTESIAN_POINT('',(-8.01E0,-2.639365689004E0,1.887879959345E0));
#3701=LINE('',#3700,#3699);
#3702=DIRECTION('',(0.E0,1.E0,0.E0));
#3703=VECTOR('',#3702,9.544605573138E-2);
#3704=CARTESIAN_POINT('',(-8.01E0,-2.734811744736E0,1.887879959345E0));
#3705=LINE('',#3704,#3703);
#3706=DIRECTION('',(0.E0,0.E0,1.E0));
#3707=VECTOR('',#3706,3.056456966988E-2);
#3708=CARTESIAN_POINT('',(-8.01E0,-2.734811744736E0,1.857315389675E0));
#3709=LINE('',#3708,#3707);
#3710=DIRECTION('',(0.E0,-1.E0,0.E0));
#3711=VECTOR('',#3710,9.544605573138E-2);
#3712=CARTESIAN_POINT('',(-8.01E0,-2.639365689004E0,1.857315389675E0));
#3713=LINE('',#3712,#3711);
#3714=DIRECTION('',(0.E0,0.E0,1.E0));
#3715=VECTOR('',#3714,8.978342340378E-2);
#3716=CARTESIAN_POINT('',(-8.01E0,-2.639365689004E0,1.767531966271E0));
#3717=LINE('',#3716,#3715);
#3718=DIRECTION('',(0.E0,1.E0,0.E0));
#3719=VECTOR('',#3718,1.090909529066E-1);
#3720=CARTESIAN_POINT('',(-8.01E0,-2.748456641911E0,1.767531966271E0));
#3721=LINE('',#3720,#3719);
#3722=CARTESIAN_POINT('',(-8.01E0,-2.833327902333E0,1.973297015655E0));
#3723=CARTESIAN_POINT('',(-8.01E0,-2.846768126049E0,1.973297015655E0));
#3724=CARTESIAN_POINT('',(-8.01E0,-2.860208349764E0,1.973297015655E0));
#3725=CARTESIAN_POINT('',(-8.01E0,-2.873648573480E0,1.973297015655E0));
#3727=CARTESIAN_POINT('',(-8.01E0,-2.833327902335E0,1.767531966271E0));
#3728=CARTESIAN_POINT('',(-8.01E0,-2.833327902334E0,1.836120316066E0));
#3729=CARTESIAN_POINT('',(-8.01E0,-2.833327902333E0,1.904708665861E0));
#3730=CARTESIAN_POINT('',(-8.01E0,-2.833327902333E0,1.973297015655E0));
#3732=CARTESIAN_POINT('',(-8.01E0,-2.872079410308E0,1.767531966271E0));
#3733=CARTESIAN_POINT('',(-8.01E0,-2.859162240984E0,1.767531966271E0));
#3734=CARTESIAN_POINT('',(-8.01E0,-2.846245071659E0,1.767531966271E0));
#3735=CARTESIAN_POINT('',(-8.01E0,-2.833327902335E0,1.767531966271E0));
#3737=CARTESIAN_POINT('',(-8.01E0,-2.873648573480E0,1.973297015655E0));
#3738=CARTESIAN_POINT('',(-8.01E0,-2.900653225371E0,1.973297015656E0));
#3739=CARTESIAN_POINT('',(-8.01E0,-2.961049356512E0,1.959061925792E0));
#3740=CARTESIAN_POINT('',(-8.01E0,-2.989115843684E0,1.872262986207E0));
#3741=CARTESIAN_POINT('',(-8.01E0,-2.961998051261E0,1.784512475428E0));
#3742=CARTESIAN_POINT('',(-8.01E0,-2.900108088754E0,1.767531966271E0));
#3743=CARTESIAN_POINT('',(-8.01E0,-2.872079410308E0,1.767531966271E0));
#3745=CARTESIAN_POINT('',(-8.01E0,-2.798874536970E0,1.737103845572E0));
#3746=CARTESIAN_POINT('',(-8.01E0,-2.823344385902E0,1.737103845572E0));
#3747=CARTESIAN_POINT('',(-8.01E0,-2.847814234834E0,1.737103845572E0));
#3748=CARTESIAN_POINT('',(-8.01E0,-2.872284083766E0,1.737103845572E0));
#3750=CARTESIAN_POINT('',(-8.01E0,-2.798874536968E0,2.003998034296E0));
#3751=CARTESIAN_POINT('',(-8.01E0,-2.798874536968E0,1.915033304721E0));
#3752=CARTESIAN_POINT('',(-8.01E0,-2.798874536969E0,1.826068575147E0));
#3753=CARTESIAN_POINT('',(-8.01E0,-2.798874536970E0,1.737103845572E0));
#3755=CARTESIAN_POINT('',(-8.01E0,-2.875013063200E0,2.003998034296E0));
#3756=CARTESIAN_POINT('',(-8.01E0,-2.849633554456E0,2.003998034296E0));
#3757=CARTESIAN_POINT('',(-8.01E0,-2.824254045712E0,2.003998034296E0));
#3758=CARTESIAN_POINT('',(-8.01E0,-2.798874536968E0,2.003998034296E0));
#3760=CARTESIAN_POINT('',(-8.01E0,-2.872284083766E0,1.737103845572E0));
#3761=CARTESIAN_POINT('',(-8.01E0,-2.909007655650E0,1.737103845572E0));
#3762=CARTESIAN_POINT('',(-8.01E0,-2.987566353975E0,1.760773293473E0));
#3763=CARTESIAN_POINT('',(-8.01E0,-3.030484620959E0,1.872596154242E0));
#3764=CARTESIAN_POINT('',(-8.01E0,-2.986675969860E0,1.982276458504E0));
#3765=CARTESIAN_POINT('',(-8.01E0,-2.910650989024E0,2.003998034296E0));
#3766=CARTESIAN_POINT('',(-8.01E0,-2.875013063200E0,2.003998034296E0));
#3768=CARTESIAN_POINT('',(-8.01E0,-3.150312974931E0,1.969885791362E0));
#3769=CARTESIAN_POINT('',(-8.01E0,-3.151383143857E0,1.963562065890E0));
#3770=CARTESIAN_POINT('',(-8.01E0,-3.152741177613E0,1.957242347382E0));
#3771=CARTESIAN_POINT('',(-8.01E0,-3.154869904240E0,1.951192282232E0));
#3773=CARTESIAN_POINT('',(-8.01E0,-3.145523149675E0,1.951192282232E0));
#3774=CARTESIAN_POINT('',(-8.01E0,-3.147781739698E0,1.957215188964E0));
#3775=CARTESIAN_POINT('',(-8.01E0,-3.149290409611E0,1.963535122534E0));
#3776=CARTESIAN_POINT('',(-8.01E0,-3.150312974931E0,1.969885791362E0));
#3778=CARTESIAN_POINT('',(-8.01E0,-3.105611825441E0,1.840259268206E0));
#3779=CARTESIAN_POINT('',(-8.01E0,-3.118915600186E0,1.877236939548E0));
#3780=CARTESIAN_POINT('',(-8.01E0,-3.132219374930E0,1.914214610890E0));
#3781=CARTESIAN_POINT('',(-8.01E0,-3.145523149675E0,1.951192282232E0));
#3783=CARTESIAN_POINT('',(-8.01E0,-3.195190575389E0,1.840259268206E0));
#3784=CARTESIAN_POINT('',(-8.01E0,-3.165330992073E0,1.840259268206E0));
#3785=CARTESIAN_POINT('',(-8.01E0,-3.135471408757E0,1.840259268206E0));
#3786=CARTESIAN_POINT('',(-8.01E0,-3.105611825441E0,1.840259268206E0));
#3788=CARTESIAN_POINT('',(-8.01E0,-3.154869904240E0,1.951192282232E0));
#3789=CARTESIAN_POINT('',(-8.01E0,-3.168310127956E0,1.914214610890E0));
#3790=CARTESIAN_POINT('',(-8.01E0,-3.181750351672E0,1.877236939548E0));
#3791=CARTESIAN_POINT('',(-8.01E0,-3.195190575389E0,1.840259268206E0));
#3793=DIRECTION('',(0.E0,3.559357243710E-1,9.345104387413E-1));
#3794=VECTOR('',#3793,2.855978677815E-1);
#3795=CARTESIAN_POINT('',(-8.01E0,-3.271124428165E0,1.737103845572E0));
#3796=LINE('',#3795,#3794);
#3797=DIRECTION('',(0.E0,-1.E0,0.E0));
#3798=VECTOR('',#3797,3.806926311426E-2);
#3799=CARTESIAN_POINT('',(-8.01E0,-3.233055165050E0,1.737103845572E0));
#3800=LINE('',#3799,#3798);
#3801=DIRECTION('',(0.E0,-3.493954794713E-1,-9.369753459537E-1));
#3802=VECTOR('',#3801,7.791048099102E-2);
#3803=CARTESIAN_POINT('',(-8.01E0,-3.205833595189E0,1.810104045452E0));
#3804=LINE('',#3803,#3802);
#3805=DIRECTION('',(0.E0,-1.E0,0.E0));
#3806=VECTOR('',#3805,1.111376874824E-1);
#3807=CARTESIAN_POINT('',(-8.01E0,-3.094695907706E0,1.810104045452E0));
#3808=LINE('',#3807,#3806);
#3809=DIRECTION('',(0.E0,-3.315284184081E-1,9.434452330622E-1));
#3810=VECTOR('',#3809,7.737619240816E-2);
#3811=CARTESIAN_POINT('',(-8.01E0,-3.069043501015E0,1.737103845572E0));
#3812=LINE('',#3811,#3810);
#3813=DIRECTION('',(0.E0,-1.E0,0.E0));
#3814=VECTOR('',#3813,3.806926311426E-2);
#3815=CARTESIAN_POINT('',(-8.01E0,-3.030974237901E0,1.737103845572E0));
#3816=LINE('',#3815,#3814);
#3817=DIRECTION('',(0.E0,3.559357243682E-1,-9.345104387424E-1));
#3818=VECTOR('',#3817,2.855978677812E-1);
#3819=CARTESIAN_POINT('',(-8.01E0,-3.132628721847E0,2.003998034296E0));
#3820=LINE('',#3819,#3818);
#3821=DIRECTION('',(0.E0,1.E0,0.E0));
#3822=VECTOR('',#3821,3.684122236974E-2);
#3823=CARTESIAN_POINT('',(-8.01E0,-3.169469944217E0,2.003998034296E0));
#3824=LINE('',#3823,#3822);
#3825=DIRECTION('',(0.E0,0.E0,1.E0));
#3826=VECTOR('',#3825,3.042812069908E-2);
#3827=CARTESIAN_POINT('',(-8.01E0,-2.343544318271E0,1.313702686261E0));
#3828=LINE('',#3827,#3826);
#3829=DIRECTION('',(0.E0,-1.E0,0.E0));
#3830=VECTOR('',#3829,1.435443182709E-1);
#3831=CARTESIAN_POINT('',(-8.01E0,-2.2E0,1.313702686261E0));
#3832=LINE('',#3831,#3830);
#3833=DIRECTION('',(0.E0,0.E0,-1.E0));
#3834=VECTOR('',#3833,2.668941887241E-1);
#3835=CARTESIAN_POINT('',(-8.01E0,-2.2E0,1.580596874985E0));
#3836=LINE('',#3835,#3834);
#3837=DIRECTION('',(0.E0,1.E0,0.E0));
#3838=VECTOR('',#3837,1.374723390272E-1);
#3839=CARTESIAN_POINT('',(-8.01E0,-2.337472339027E0,1.580596874985E0));
#3840=LINE('',#3839,#3838);
#3841=DIRECTION('',(0.E0,0.E0,1.E0));
#3842=VECTOR('',#3841,3.070101864068E-2);
#3843=CARTESIAN_POINT('',(-8.01E0,-2.337472339027E0,1.549895856345E0));
#3844=LINE('',#3843,#3842);
#3845=DIRECTION('',(0.E0,-1.E0,0.E0));
#3846=VECTOR('',#3845,1.030189736630E-1);
#3847=CARTESIAN_POINT('',(-8.01E0,-2.234453365364E0,1.549895856345E0));
#3848=LINE('',#3847,#3846);
#3849=DIRECTION('',(0.E0,0.E0,1.E0));
#3850=VECTOR('',#3849,8.541705631068E-2);
#3851=CARTESIAN_POINT('',(-8.01E0,-2.234453365364E0,1.464478800034E0));
#3852=LINE('',#3851,#3850);
#3853=DIRECTION('',(0.E0,1.E0,0.E0));
#3854=VECTOR('',#3853,9.544605573138E-2);
#3855=CARTESIAN_POINT('',(-8.01E0,-2.329899421096E0,1.464478800034E0));
#3856=LINE('',#3855,#3854);
#3857=DIRECTION('',(0.E0,0.E0,1.E0));
#3858=VECTOR('',#3857,3.056456966988E-2);
#3859=CARTESIAN_POINT('',(-8.01E0,-2.329899421096E0,1.433914230364E0));
#3860=LINE('',#3859,#3858);
#3861=DIRECTION('',(0.E0,-1.E0,0.E0));
#3862=VECTOR('',#3861,9.544605573138E-2);
#3863=CARTESIAN_POINT('',(-8.01E0,-2.234453365364E0,1.433914230364E0));
#3864=LINE('',#3863,#3862);
#3865=DIRECTION('',(0.E0,0.E0,1.E0));
#3866=VECTOR('',#3865,8.978342340378E-2);
#3867=CARTESIAN_POINT('',(-8.01E0,-2.234453365364E0,1.344130806960E0));
#3868=LINE('',#3867,#3866);
#3869=DIRECTION('',(0.E0,1.E0,0.E0));
#3870=VECTOR('',#3869,1.090909529066E-1);
#3871=CARTESIAN_POINT('',(-8.01E0,-2.343544318271E0,1.344130806960E0));
#3872=LINE('',#3871,#3870);
#3873=CARTESIAN_POINT('',(-8.01E0,-2.450656761087E0,1.403349660694E0));
#3874=CARTESIAN_POINT('',(-8.01E0,-2.465529699007E0,1.405350912280E0));
#3875=CARTESIAN_POINT('',(-8.01E0,-2.480402636926E0,1.407352163866E0));
#3876=CARTESIAN_POINT('',(-8.01E0,-2.495275574846E0,1.409353415452E0));
#3878=CARTESIAN_POINT('',(-8.01E0,-2.495275574846E0,1.391069253238E0));
#3879=CARTESIAN_POINT('',(-8.01E0,-2.495275574846E0,1.377254847737E0));
#3880=CARTESIAN_POINT('',(-8.01E0,-2.485937752390E0,1.348365018970E0));
#3881=CARTESIAN_POINT('',(-8.01E0,-2.449282673995E0,1.332805853636E0));
#3882=CARTESIAN_POINT('',(-8.01E0,-2.417076919186E0,1.341477887470E0));
#3883=CARTESIAN_POINT('',(-8.01E0,-2.406086854026E0,1.367783456678E0));
#3884=CARTESIAN_POINT('',(-8.01E0,-2.416624609474E0,1.397954522859E0));
#3885=CARTESIAN_POINT('',(-8.01E0,-2.439299888984E0,1.401762674200E0));
#3886=CARTESIAN_POINT('',(-8.01E0,-2.450656761087E0,1.403349660694E0));
#3888=CARTESIAN_POINT('',(-8.01E0,-2.495275574846E0,1.409353415452E0));
#3889=CARTESIAN_POINT('',(-8.01E0,-2.495275574846E0,1.403258694714E0));
#3890=CARTESIAN_POINT('',(-8.01E0,-2.495275574846E0,1.397163973976E0));
#3891=CARTESIAN_POINT('',(-8.01E0,-2.495275574846E0,1.391069253238E0));
#3893=CARTESIAN_POINT('',(-8.01E0,-2.495275574846E0,1.343175664157E0));
#3894=CARTESIAN_POINT('',(-8.01E0,-2.495275574846E0,1.333351338192E0));
#3895=CARTESIAN_POINT('',(-8.01E0,-2.495275574846E0,1.323527012227E0));
#3896=CARTESIAN_POINT('',(-8.01E0,-2.495275574846E0,1.313702686261E0));
#3898=CARTESIAN_POINT('',(-8.01E0,-2.438785700544E0,1.426955332808E0));
#3899=CARTESIAN_POINT('',(-8.01E0,-2.409494625441E0,1.422879228504E0));
#3900=CARTESIAN_POINT('',(-8.01E0,-2.361482176225E0,1.381199378828E0));
#3901=CARTESIAN_POINT('',(-8.01E0,-2.388069890580E0,1.317945888143E0));
#3902=CARTESIAN_POINT('',(-8.01E0,-2.443620392410E0,1.301284983185E0));
#3903=CARTESIAN_POINT('',(-8.01E0,-2.483828190776E0,1.323483791042E0));
#3904=CARTESIAN_POINT('',(-8.01E0,-2.495275574846E0,1.343175664157E0));
#3906=CARTESIAN_POINT('',(-8.01E0,-2.495275574845E0,1.434869373167E0));
#3907=CARTESIAN_POINT('',(-8.01E0,-2.476445616745E0,1.432231359714E0));
#3908=CARTESIAN_POINT('',(-8.01E0,-2.457615658644E0,1.429593346261E0));
#3909=CARTESIAN_POINT('',(-8.01E0,-2.438785700544E0,1.426955332808E0));
#3911=CARTESIAN_POINT('',(-8.01E0,-2.394166886785E0,1.458475045277E0));
#3912=CARTESIAN_POINT('',(-8.01E0,-2.411407465317E0,1.472467398868E0));
#3913=CARTESIAN_POINT('',(-8.01E0,-2.456001371597E0,1.500215577219E0));
#3914=CARTESIAN_POINT('',(-8.01E0,-2.495275574845E0,1.455059569312E0));
#3915=CARTESIAN_POINT('',(-8.01E0,-2.495275574845E0,1.434869373167E0));
#3917=CARTESIAN_POINT('',(-8.01E0,-2.394166886785E0,1.490949900552E0));
#3918=CARTESIAN_POINT('',(-8.01E0,-2.394166886785E0,1.480124948794E0));
#3919=CARTESIAN_POINT('',(-8.01E0,-2.394166886785E0,1.469299997035E0));
#3920=CARTESIAN_POINT('',(-8.01E0,-2.394166886785E0,1.458475045277E0));
#3922=CARTESIAN_POINT('',(-8.01E0,-2.528705572922E0,1.436370311855E0));
#3923=CARTESIAN_POINT('',(-8.01E0,-2.528705572922E0,1.469666998641E0));
#3924=CARTESIAN_POINT('',(-8.01E0,-2.470466713506E0,1.526143023423E0));
#3925=CARTESIAN_POINT('',(-8.01E0,-2.413357152851E0,1.503004435916E0));
#3926=CARTESIAN_POINT('',(-8.01E0,-2.394166886785E0,1.490949900552E0));
#3928=CARTESIAN_POINT('',(-8.01E0,-2.528705572922E0,1.313702686261E0));
#3929=CARTESIAN_POINT('',(-8.01E0,-2.528705572922E0,1.354591894793E0));
#3930=CARTESIAN_POINT('',(-8.01E0,-2.528705572922E0,1.395481103324E0));
#3931=CARTESIAN_POINT('',(-8.01E0,-2.528705572922E0,1.436370311855E0));
#3933=CARTESIAN_POINT('',(-8.01E0,-2.495275574846E0,1.313702686261E0));
#3934=CARTESIAN_POINT('',(-8.01E0,-2.506418907538E0,1.313702686261E0));
#3935=CARTESIAN_POINT('',(-8.01E0,-2.517562240230E0,1.313702686261E0));
#3936=CARTESIAN_POINT('',(-8.01E0,-2.528705572922E0,1.313702686261E0));
#3938=CARTESIAN_POINT('',(-8.01E0,-2.574006631540E0,1.354910275727E0));
#3939=CARTESIAN_POINT('',(-8.01E0,-2.574006631540E0,1.343403079110E0));
#3940=CARTESIAN_POINT('',(-8.01E0,-2.574006631540E0,1.331895882493E0));
#3941=CARTESIAN_POINT('',(-8.01E0,-2.574006631540E0,1.320388685876E0));
#3943=CARTESIAN_POINT('',(-8.01E0,-2.693604155272E0,1.500228430629E0));
#3944=CARTESIAN_POINT('',(-8.01E0,-2.679441141247E0,1.506060259934E0));
#3945=CARTESIAN_POINT('',(-8.01E0,-2.645904144876E0,1.511743158945E0));
#3946=CARTESIAN_POINT('',(-8.01E0,-2.593921608428E0,1.502131861460E0));
#3947=CARTESIAN_POINT('',(-8.01E0,-2.568674902430E0,1.458009982214E0));
#3948=CARTESIAN_POINT('',(-8.01E0,-2.582917228178E0,1.414484001025E0));
#3949=CARTESIAN_POINT('',(-8.01E0,-2.621649517191E0,1.396946361890E0));
#3950=CARTESIAN_POINT('',(-8.01E0,-2.657192940255E0,1.388794829844E0));
#3951=CARTESIAN_POINT('',(-8.01E0,-2.677455334362E0,1.352071314077E0));
#3952=CARTESIAN_POINT('',(-8.01E0,-2.620738035184E0,1.326527502985E0));
#3953=CARTESIAN_POINT('',(-8.01E0,-2.589694201101E0,1.343615225643E0));
#3954=CARTESIAN_POINT('',(-8.01E0,-2.574006631540E0,1.354910275727E0));
#3956=CARTESIAN_POINT('',(-8.01E0,-2.693604155272E0,1.467753575355E0));
#3957=CARTESIAN_POINT('',(-8.01E0,-2.693604155272E0,1.478578527113E0));
#3958=CARTESIAN_POINT('',(-8.01E0,-2.693604155272E0,1.489403478871E0));
#3959=CARTESIAN_POINT('',(-8.01E0,-2.693604155272E0,1.500228430629E0));
#3961=CARTESIAN_POINT('',(-8.01E0,-2.574006631540E0,1.320388685876E0));
#3962=CARTESIAN_POINT('',(-8.01E0,-2.589781559526E0,1.312501221883E0));
#3963=CARTESIAN_POINT('',(-8.01E0,-2.626761277527E0,1.306018156225E0));
#3964=CARTESIAN_POINT('',(-8.01E0,-2.682498762316E0,1.314822478525E0));
#3965=CARTESIAN_POINT('',(-8.01E0,-2.708958829345E0,1.360959409821E0));
#3966=CARTESIAN_POINT('',(-8.01E0,-2.692083409586E0,1.405518559666E0));
#3967=CARTESIAN_POINT('',(-8.01E0,-2.653069335177E0,1.421191944501E0));
#3968=CARTESIAN_POINT('',(-8.01E0,-2.617681324697E0,1.430707438612E0));
#3969=CARTESIAN_POINT('',(-8.01E0,-2.604975811982E0,1.456595077240E0));
#3970=CARTESIAN_POINT('',(-8.01E0,-2.618695365562E0,1.479077306570E0));
#3971=CARTESIAN_POINT('',(-8.01E0,-2.653442500945E0,1.484090832065E0));
#3972=CARTESIAN_POINT('',(-8.01E0,-2.679472125143E0,1.476814302808E0));
#3973=CARTESIAN_POINT('',(-8.01E0,-2.693604155272E0,1.467753575355E0));
#3975=CARTESIAN_POINT('',(-8.01E0,-2.811854832871E0,1.345358847705E0));
#3976=CARTESIAN_POINT('',(-8.01E0,-2.810348012987E0,1.350589391622E0));
#3977=CARTESIAN_POINT('',(-8.01E0,-2.808841193102E0,1.355819935538E0));
#3978=CARTESIAN_POINT('',(-8.01E0,-2.807334373217E0,1.361050479455E0));
#3980=CARTESIAN_POINT('',(-8.01E0,-2.816408229838E0,1.360777581512E0));
#3981=CARTESIAN_POINT('',(-8.01E0,-2.814839571484E0,1.355653297552E0));
#3982=CARTESIAN_POINT('',(-8.01E0,-2.812866867711E0,1.350621428879E0));
#3983=CARTESIAN_POINT('',(-8.01E0,-2.811854832871E0,1.345358847705E0));
#3985=CARTESIAN_POINT('',(-8.01E0,-2.868463512558E0,1.504321899782E0));
#3986=CARTESIAN_POINT('',(-8.01E0,-2.851111751652E0,1.456473793692E0));
#3987=CARTESIAN_POINT('',(-8.01E0,-2.833759990745E0,1.408625687602E0));
#3988=CARTESIAN_POINT('',(-8.01E0,-2.816408229838E0,1.360777581512E0));
#3990=CARTESIAN_POINT('',(-8.01E0,-2.903121551379E0,1.504321899782E0));
#3991=CARTESIAN_POINT('',(-8.01E0,-2.891568871772E0,1.504321899782E0));
#3992=CARTESIAN_POINT('',(-8.01E0,-2.880016192165E0,1.504321899782E0));
#3993=CARTESIAN_POINT('',(-8.01E0,-2.868463512558E0,1.504321899782E0));
#3995=CARTESIAN_POINT('',(-8.01E0,-2.816612903296E0,1.284911953225E0));
#3996=CARTESIAN_POINT('',(-8.01E0,-2.845449119324E0,1.358048602077E0));
#3997=CARTESIAN_POINT('',(-8.01E0,-2.874285335351E0,1.431185250930E0));
#3998=CARTESIAN_POINT('',(-8.01E0,-2.903121551379E0,1.504321899782E0));
#4000=CARTESIAN_POINT('',(-8.01E0,-2.727034153349E0,1.226648242290E0));
#4001=CARTESIAN_POINT('',(-8.01E0,-2.733974510301E0,1.224574112627E0));
#4002=CARTESIAN_POINT('',(-8.01E0,-2.772566500914E0,1.218656328589E0));
#4003=CARTESIAN_POINT('',(-8.01E0,-2.805401075417E0,1.256597337055E0));
#4004=CARTESIAN_POINT('',(-8.01E0,-2.816612903296E0,1.284911953225E0));
#4006=CARTESIAN_POINT('',(-8.01E0,-2.727034153349E0,1.256394118131E0));
#4007=CARTESIAN_POINT('',(-8.01E0,-2.727034153349E0,1.246478826184E0));
#4008=CARTESIAN_POINT('',(-8.01E0,-2.727034153349E0,1.236563534237E0));
#4009=CARTESIAN_POINT('',(-8.01E0,-2.727034153349E0,1.226648242290E0));
#4011=CARTESIAN_POINT('',(-8.01E0,-2.780249252326E0,1.279453994354E0));
#4012=CARTESIAN_POINT('',(-8.01E0,-2.774624346314E0,1.266075839513E0));
#4013=CARTESIAN_POINT('',(-8.01E0,-2.754233855769E0,1.247945377385E0));
#4014=CARTESIAN_POINT('',(-8.01E0,-2.733030595964E0,1.254020526262E0));
#4015=CARTESIAN_POINT('',(-8.01E0,-2.727034153349E0,1.256394118131E0));
#4017=CARTESIAN_POINT('',(-8.01E0,-2.794917516789E0,1.314112033177E0));
#4018=CARTESIAN_POINT('',(-8.01E0,-2.790028095301E0,1.302559353570E0));
#4019=CARTESIAN_POINT('',(-8.01E0,-2.785138673814E0,1.291006673962E0));
#4020=CARTESIAN_POINT('',(-8.01E0,-2.780249252326E0,1.279453994354E0));
#4022=CARTESIAN_POINT('',(-8.01E0,-2.720143480276E0,1.504321899782E0));
#4023=CARTESIAN_POINT('',(-8.01E0,-2.745068159113E0,1.440918610914E0));
#4024=CARTESIAN_POINT('',(-8.01E0,-2.769992837951E0,1.377515322046E0));
#4025=CARTESIAN_POINT('',(-8.01E0,-2.794917516789E0,1.314112033177E0));
#4027=CARTESIAN_POINT('',(-8.01E0,-2.757530498532E0,1.504321899782E0));
#4028=CARTESIAN_POINT('',(-8.01E0,-2.745068159113E0,1.504321899782E0));
#4029=CARTESIAN_POINT('',(-8.01E0,-2.732605819695E0,1.504321899782E0));
#4030=CARTESIAN_POINT('',(-8.01E0,-2.720143480276E0,1.504321899782E0));
#4032=CARTESIAN_POINT('',(-8.01E0,-2.807334373217E0,1.361050479455E0));
#4033=CARTESIAN_POINT('',(-8.01E0,-2.790733081655E0,1.408807619564E0));
#4034=CARTESIAN_POINT('',(-8.01E0,-2.774131790094E0,1.456564759673E0));
#4035=CARTESIAN_POINT('',(-8.01E0,-2.757530498532E0,1.504321899782E0));
#4037=DIRECTION('',(0.E0,0.E0,1.E0));
#4038=VECTOR('',#4037,3.042812069908E-2);
#4039=CARTESIAN_POINT('',(-8.01E0,-3.082688398190E0,1.313702686261E0));
#4040=LINE('',#4039,#4038);
#4041=DIRECTION('',(0.E0,-1.E0,0.E0));
#4042=VECTOR('',#4041,1.435443182709E-1);
#4043=CARTESIAN_POINT('',(-8.01E0,-2.939144079919E0,1.313702686261E0));
#4044=LINE('',#4043,#4042);
#4045=DIRECTION('',(0.E0,0.E0,-1.E0));
#4046=VECTOR('',#4045,2.668941887241E-1);
#4047=CARTESIAN_POINT('',(-8.01E0,-2.939144079919E0,1.580596874985E0));
#4048=LINE('',#4047,#4046);
#4049=DIRECTION('',(0.E0,1.E0,0.E0));
#4050=VECTOR('',#4049,1.374723390272E-1);
#4051=CARTESIAN_POINT('',(-8.01E0,-3.076616418946E0,1.580596874985E0));
#4052=LINE('',#4051,#4050);
#4053=DIRECTION('',(0.E0,0.E0,1.E0));
#4054=VECTOR('',#4053,3.070101864068E-2);
#4055=CARTESIAN_POINT('',(-8.01E0,-3.076616418946E0,1.549895856345E0));
#4056=LINE('',#4055,#4054);
#4057=DIRECTION('',(0.E0,-1.E0,0.E0));
#4058=VECTOR('',#4057,1.030189736630E-1);
#4059=CARTESIAN_POINT('',(-8.01E0,-2.973597445283E0,1.549895856345E0));
#4060=LINE('',#4059,#4058);
#4061=DIRECTION('',(0.E0,0.E0,1.E0));
#4062=VECTOR('',#4061,8.541705631068E-2);
#4063=CARTESIAN_POINT('',(-8.01E0,-2.973597445283E0,1.464478800034E0));
#4064=LINE('',#4063,#4062);
#4065=DIRECTION('',(0.E0,1.E0,0.E0));
#4066=VECTOR('',#4065,9.544605573138E-2);
#4067=CARTESIAN_POINT('',(-8.01E0,-3.069043501015E0,1.464478800034E0));
#4068=LINE('',#4067,#4066);
#4069=DIRECTION('',(0.E0,0.E0,1.E0));
#4070=VECTOR('',#4069,3.056456966988E-2);
#4071=CARTESIAN_POINT('',(-8.01E0,-3.069043501015E0,1.433914230364E0));
#4072=LINE('',#4071,#4070);
#4073=DIRECTION('',(0.E0,-1.E0,0.E0));
#4074=VECTOR('',#4073,9.544605573138E-2);
#4075=CARTESIAN_POINT('',(-8.01E0,-2.973597445283E0,1.433914230364E0));
#4076=LINE('',#4075,#4074);
#4077=DIRECTION('',(0.E0,0.E0,1.E0));
#4078=VECTOR('',#4077,8.978342340378E-2);
#4079=CARTESIAN_POINT('',(-8.01E0,-2.973597445283E0,1.344130806960E0));
#4080=LINE('',#4079,#4078);
#4081=DIRECTION('',(0.E0,1.E0,0.E0));
#4082=VECTOR('',#4081,1.090909529066E-1);
#4083=CARTESIAN_POINT('',(-8.01E0,-3.082688398190E0,1.344130806960E0));
#4084=LINE('',#4083,#4082);
#4085=CARTESIAN_POINT('',(-8.01E0,-3.167559658611E0,1.549895856345E0));
#4086=CARTESIAN_POINT('',(-8.01E0,-3.180999882327E0,1.549895856345E0));
#4087=CARTESIAN_POINT('',(-8.01E0,-3.194440106044E0,1.549895856345E0));
#4088=CARTESIAN_POINT('',(-8.01E0,-3.207880329760E0,1.549895856345E0));
#4090=CARTESIAN_POINT('',(-8.01E0,-3.167559658612E0,1.344130806960E0));
#4091=CARTESIAN_POINT('',(-8.01E0,-3.167559658612E0,1.412719156755E0));
#4092=CARTESIAN_POINT('',(-8.01E0,-3.167559658611E0,1.481307506550E0));
#4093=CARTESIAN_POINT('',(-8.01E0,-3.167559658611E0,1.549895856345E0));
#4095=CARTESIAN_POINT('',(-8.01E0,-3.206311166586E0,1.344130806960E0));
#4096=CARTESIAN_POINT('',(-8.01E0,-3.193393997261E0,1.344130806960E0));
#4097=CARTESIAN_POINT('',(-8.01E0,-3.180476827937E0,1.344130806960E0));
#4098=CARTESIAN_POINT('',(-8.01E0,-3.167559658612E0,1.344130806960E0));
#4100=CARTESIAN_POINT('',(-8.01E0,-3.207880329760E0,1.549895856345E0));
#4101=CARTESIAN_POINT('',(-8.01E0,-3.234884981651E0,1.549895856345E0));
#4102=CARTESIAN_POINT('',(-8.01E0,-3.295281112790E0,1.535660766481E0));
#4103=CARTESIAN_POINT('',(-8.01E0,-3.323347599959E0,1.448861826896E0));
#4104=CARTESIAN_POINT('',(-8.01E0,-3.296229807540E0,1.361111316116E0));
#4105=CARTESIAN_POINT('',(-8.01E0,-3.234339845031E0,1.344130806960E0));
#4106=CARTESIAN_POINT('',(-8.01E0,-3.206311166586E0,1.344130806960E0));
#4108=CARTESIAN_POINT('',(-8.01E0,-3.133106293249E0,1.313702686261E0));
#4109=CARTESIAN_POINT('',(-8.01E0,-3.157576142181E0,1.313702686261E0));
#4110=CARTESIAN_POINT('',(-8.01E0,-3.182045991113E0,1.313702686261E0));
#4111=CARTESIAN_POINT('',(-8.01E0,-3.206515840046E0,1.313702686261E0));
#4113=CARTESIAN_POINT('',(-8.01E0,-3.133106293248E0,1.580596874985E0));
#4114=CARTESIAN_POINT('',(-8.01E0,-3.133106293248E0,1.491632145411E0));
#4115=CARTESIAN_POINT('',(-8.01E0,-3.133106293248E0,1.402667415836E0));
#4116=CARTESIAN_POINT('',(-8.01E0,-3.133106293249E0,1.313702686261E0));
#4118=CARTESIAN_POINT('',(-8.01E0,-3.209244819478E0,1.580596874985E0));
#4119=CARTESIAN_POINT('',(-8.01E0,-3.183865310735E0,1.580596874985E0));
#4120=CARTESIAN_POINT('',(-8.01E0,-3.158485801991E0,1.580596874985E0));
#4121=CARTESIAN_POINT('',(-8.01E0,-3.133106293248E0,1.580596874985E0));
#4123=CARTESIAN_POINT('',(-8.01E0,-3.206515840046E0,1.313702686261E0));
#4124=CARTESIAN_POINT('',(-8.01E0,-3.243239411929E0,1.313702686261E0));
#4125=CARTESIAN_POINT('',(-8.01E0,-3.321798110251E0,1.337372134165E0));
#4126=CARTESIAN_POINT('',(-8.01E0,-3.364716377240E0,1.449194994931E0));
#4127=CARTESIAN_POINT('',(-8.01E0,-3.320907726139E0,1.558875299194E0));
#4128=CARTESIAN_POINT('',(-8.01E0,-3.244882745302E0,1.580596874985E0));
#4129=CARTESIAN_POINT('',(-8.01E0,-3.209244819478E0,1.580596874985E0));
#4131=CARTESIAN_POINT('',(-8.01E0,-3.484527873394E0,1.546484632049E0));
#4132=CARTESIAN_POINT('',(-8.01E0,-3.485598264768E0,1.540159592103E0));
#4133=CARTESIAN_POINT('',(-8.01E0,-3.486972491407E0,1.533842445663E0));
#4134=CARTESIAN_POINT('',(-8.01E0,-3.489101660517E0,1.527791122923E0));
#4136=CARTESIAN_POINT('',(-8.01E0,-3.479754905952E0,1.527791122923E0));
#4137=CARTESIAN_POINT('',(-8.01E0,-3.482013007055E0,1.533812725850E0));
#4138=CARTESIAN_POINT('',(-8.01E0,-3.483505529433E0,1.540135337976E0));
#4139=CARTESIAN_POINT('',(-8.01E0,-3.484527873394E0,1.546484632049E0));
#4141=CARTESIAN_POINT('',(-8.01E0,-3.439843581721E0,1.416858108897E0));
#4142=CARTESIAN_POINT('',(-8.01E0,-3.453147356465E0,1.453835780239E0));
#4143=CARTESIAN_POINT('',(-8.01E0,-3.466451131209E0,1.490813451581E0));
#4144=CARTESIAN_POINT('',(-8.01E0,-3.479754905952E0,1.527791122923E0));
#4146=CARTESIAN_POINT('',(-8.01E0,-3.529422331669E0,1.416858108897E0));
#4147=CARTESIAN_POINT('',(-8.01E0,-3.499562748353E0,1.416858108897E0));
#4148=CARTESIAN_POINT('',(-8.01E0,-3.469703165037E0,1.416858108897E0));
#4149=CARTESIAN_POINT('',(-8.01E0,-3.439843581721E0,1.416858108897E0));
#4151=CARTESIAN_POINT('',(-8.01E0,-3.489101660517E0,1.527791122923E0));
#4152=CARTESIAN_POINT('',(-8.01E0,-3.502541884234E0,1.490813451581E0));
#4153=CARTESIAN_POINT('',(-8.01E0,-3.515982107952E0,1.453835780239E0));
#4154=CARTESIAN_POINT('',(-8.01E0,-3.529422331669E0,1.416858108897E0));
#4156=DIRECTION('',(0.E0,3.559357243710E-1,9.345104387413E-1));
#4157=VECTOR('',#4156,2.855978677815E-1);
#4158=CARTESIAN_POINT('',(-8.01E0,-3.605356184444E0,1.313702686261E0));
#4159=LINE('',#4158,#4157);
#4160=DIRECTION('',(0.E0,-1.E0,0.E0));
#4161=VECTOR('',#4160,3.806926311426E-2);
#4162=CARTESIAN_POINT('',(-8.01E0,-3.567286921330E0,1.313702686261E0));
#4163=LINE('',#4162,#4161);
#4164=DIRECTION('',(0.E0,-3.493954794714E-1,-9.369753459537E-1));
#4165=VECTOR('',#4164,7.791048099102E-2);
#4166=CARTESIAN_POINT('',(-8.01E0,-3.540065351468E0,1.386702886141E0));
#4167=LINE('',#4166,#4165);
#4168=DIRECTION('',(0.E0,-1.E0,0.E0));
#4169=VECTOR('',#4168,1.111376874824E-1);
#4170=CARTESIAN_POINT('',(-8.01E0,-3.428927663986E0,1.386702886141E0));
#4171=LINE('',#4170,#4169);
#4172=DIRECTION('',(0.E0,-3.315284184081E-1,9.434452330622E-1));
#4173=VECTOR('',#4172,7.737619240816E-2);
#4174=CARTESIAN_POINT('',(-8.01E0,-3.403275257294E0,1.313702686261E0));
#4175=LINE('',#4174,#4173);
#4176=DIRECTION('',(0.E0,-1.E0,0.E0));
#4177=VECTOR('',#4176,3.806926311426E-2);
#4178=CARTESIAN_POINT('',(-8.01E0,-3.365205994180E0,1.313702686261E0));
#4179=LINE('',#4178,#4177);
#4180=DIRECTION('',(0.E0,3.559357243682E-1,-9.345104387424E-1));
#4181=VECTOR('',#4180,2.855978677812E-1);
#4182=CARTESIAN_POINT('',(-8.01E0,-3.466860478127E0,1.580596874985E0));
#4183=LINE('',#4182,#4181);
#4184=DIRECTION('',(0.E0,1.E0,0.E0));
#4185=VECTOR('',#4184,3.684122236974E-2);
#4186=CARTESIAN_POINT('',(-8.01E0,-3.503701700496E0,1.580596874985E0));
#4187=LINE('',#4186,#4185);
#4188=CARTESIAN_POINT('',(-8.01E0,-1.793557431436E0,1.827023983066E0));
#4189=CARTESIAN_POINT('',(-8.01E0,-1.772720337506E0,1.883852499887E0));
#4190=CARTESIAN_POINT('',(-8.01E0,-1.682872810645E0,2.015434387579E0));
#4191=CARTESIAN_POINT('',(-8.01E0,-1.445631096755E0,2.106557956685E0));
#4192=CARTESIAN_POINT('',(-8.01E0,-1.229671081989E0,2.036235165572E0));
#4193=CARTESIAN_POINT('',(-8.01E0,-1.145719329074E0,1.949373807714E0));
#4194=CARTESIAN_POINT('',(-8.01E0,-1.121810442040E0,1.918108325212E0));
#4196=CARTESIAN_POINT('',(-8.01E0,-1.738527281288E0,1.312777053613E0));
#4197=CARTESIAN_POINT('',(-8.01E0,-1.802506171099E0,1.318260944507E0));
#4198=CARTESIAN_POINT('',(-8.01E0,-1.929354017545E0,1.381644992129E0));
#4199=CARTESIAN_POINT('',(-8.01E0,-2.028806704967E0,1.617100938365E0));
#4200=CARTESIAN_POINT('',(-8.01E0,-1.892598542352E0,1.795747839287E0));
#4201=CARTESIAN_POINT('',(-8.01E0,-1.793557431436E0,1.827023983066E0));
#4203=CARTESIAN_POINT('',(-8.01E0,-1.732834524607E0,1.312777053613E0));
#4204=CARTESIAN_POINT('',(-8.01E0,-1.734732110167E0,1.312777053613E0));
#4205=CARTESIAN_POINT('',(-8.01E0,-1.736629695728E0,1.312777053613E0));
#4206=CARTESIAN_POINT('',(-8.01E0,-1.738527281288E0,1.312777053613E0));
#4208=CARTESIAN_POINT('',(-8.01E0,-1.727141767927E0,1.312777053613E0));
#4209=CARTESIAN_POINT('',(-8.01E0,-1.729039353487E0,1.312777053613E0));
#4210=CARTESIAN_POINT('',(-8.01E0,-1.730936939047E0,1.312777053613E0));
#4211=CARTESIAN_POINT('',(-8.01E0,-1.732834524607E0,1.312777053613E0));
#4213=CARTESIAN_POINT('',(-8.01E0,-1.626569491948E0,1.312777053613E0));
#4214=CARTESIAN_POINT('',(-8.01E0,-1.660093583941E0,1.312777053613E0));
#4215=CARTESIAN_POINT('',(-8.01E0,-1.693617675934E0,1.312777053613E0));
#4216=CARTESIAN_POINT('',(-8.01E0,-1.727141767927E0,1.312777053613E0));
#4218=CARTESIAN_POINT('',(-8.01E0,-1.641750128171E0,1.428530038204E0));
#4219=CARTESIAN_POINT('',(-8.01E0,-1.637902608712E0,1.428530038204E0));
#4220=CARTESIAN_POINT('',(-8.01E0,-1.607258874678E0,1.439229752215E0));
#4221=CARTESIAN_POINT('',(-8.01E0,-1.541756144680E0,1.370561652667E0));
#4222=CARTESIAN_POINT('',(-8.01E0,-1.599770895317E0,1.314451937949E0));
#4223=CARTESIAN_POINT('',(-8.01E0,-1.626569491948E0,1.312777053613E0));
#4225=CARTESIAN_POINT('',(-8.01E0,-1.727141695540E0,1.428530038204E0));
#4226=CARTESIAN_POINT('',(-8.01E0,-1.698677839751E0,1.428530038204E0));
#4227=CARTESIAN_POINT('',(-8.01E0,-1.670213983961E0,1.428530038204E0));
#4228=CARTESIAN_POINT('',(-8.01E0,-1.641750128171E0,1.428530038204E0));
#4230=CARTESIAN_POINT('',(-8.01E0,-1.700575473568E0,1.724554109461E0));
#4231=CARTESIAN_POINT('',(-8.01E0,-1.705635709772E0,1.724554109461E0));
#4232=CARTESIAN_POINT('',(-8.01E0,-1.780186977092E0,1.727253563185E0));
#4233=CARTESIAN_POINT('',(-8.01E0,-1.937481483456E0,1.580895429508E0));
#4234=CARTESIAN_POINT('',(-8.01E0,-1.794106274973E0,1.433429870283E0));
#4235=CARTESIAN_POINT('',(-8.01E0,-1.727141695540E0,1.428530038204E0));
#4237=CARTESIAN_POINT('',(-8.01E0,-1.180635751243E0,1.779584331995E0));
#4238=CARTESIAN_POINT('',(-8.01E0,-1.214135964808E0,1.878321828337E0));
#4239=CARTESIAN_POINT('',(-8.01E0,-1.449855069725E0,2.061617788118E0));
#4240=CARTESIAN_POINT('',(-8.01E0,-1.687095767904E0,1.842501646507E0));
#4241=CARTESIAN_POINT('',(-8.01E0,-1.700575473568E0,1.724554109461E0));
#4243=CARTESIAN_POINT('',(-8.01E0,-1.004159859825E0,1.443710819202E0));
#4244=CARTESIAN_POINT('',(-8.01E0,-9.409743631907E-1,1.472595624549E0));
#4245=CARTESIAN_POINT('',(-8.01E0,-8.195171124013E-1,1.639856040216E0));
#4246=CARTESIAN_POINT('',(-8.01E0,-1.025653897817E0,1.840332921145E0));
#4247=CARTESIAN_POINT('',(-8.01E0,-1.150759951375E0,1.797509804320E0));
#4248=CARTESIAN_POINT('',(-8.01E0,-1.180635751243E0,1.779584331995E0));
#4250=CARTESIAN_POINT('',(-8.01E0,-1.324852627817E0,1.504433726030E0));
#4251=CARTESIAN_POINT('',(-8.01E0,-1.290954968040E0,1.543981019716E0));
#4252=CARTESIAN_POINT('',(-8.01E0,-1.161860202244E0,1.606824633630E0));
#4253=CARTESIAN_POINT('',(-8.01E0,-1.029275394421E0,1.511881595066E0));
#4254=CARTESIAN_POINT('',(-8.01E0,-1.004159859825E0,1.443710819202E0));
#4256=CARTESIAN_POINT('',(-8.01E0,-1.579129732298E0,1.637265053047E0));
#4257=CARTESIAN_POINT('',(-8.01E0,-1.494370697471E0,1.592987944042E0));
#4258=CARTESIAN_POINT('',(-8.01E0,-1.409611662644E0,1.548710835036E0));
#4259=CARTESIAN_POINT('',(-8.01E0,-1.324852627817E0,1.504433726030E0));
#4261=CARTESIAN_POINT('',(-8.01E0,-1.637955005309E0,1.536692740875E0));
#4262=CARTESIAN_POINT('',(-8.01E0,-1.618346580972E0,1.570216844932E0));
#4263=CARTESIAN_POINT('',(-8.01E0,-1.598738156635E0,1.603740948990E0));
#4264=CARTESIAN_POINT('',(-8.01E0,-1.579129732298E0,1.637265053047E0));
#4266=CARTESIAN_POINT('',(-8.01E0,-1.372292351273E0,1.396271059552E0));
#4267=CARTESIAN_POINT('',(-8.01E0,-1.460846569285E0,1.443078286660E0));
#4268=CARTESIAN_POINT('',(-8.01E0,-1.549400787297E0,1.489885513767E0));
#4269=CARTESIAN_POINT('',(-8.01E0,-1.637955005309E0,1.536692740875E0));
#4271=CARTESIAN_POINT('',(-8.01E0,-1.002262207909E0,1.316572248864E0));
#4272=CARTESIAN_POINT('',(-8.01E0,-1.025102998879E0,1.246292902343E0));
#4273=CARTESIAN_POINT('',(-8.01E0,-1.200738251327E0,1.110646992358E0));
#4274=CARTESIAN_POINT('',(-8.01E0,-1.375664189385E0,1.294439283608E0));
#4275=CARTESIAN_POINT('',(-8.01E0,-1.372292351273E0,1.389945758266E0));
#4276=CARTESIAN_POINT('',(-8.01E0,-1.372292351273E0,1.396271059552E0));
#4278=CARTESIAN_POINT('',(-8.01E0,-1.121810442040E0,1.918108325212E0));
#4279=CARTESIAN_POINT('',(-8.01E0,-1.107320122858E0,1.919919623746E0));
#4280=CARTESIAN_POINT('',(-8.01E0,-1.014392033434E0,1.930337083869E0));
#4281=CARTESIAN_POINT('',(-8.01E0,-8.360914538303E-1,1.853866470305E0));
#4282=CARTESIAN_POINT('',(-8.01E0,-7.400244914005E-1,1.618890407770E0));
#4283=CARTESIAN_POINT('',(-8.01E0,-8.230303693787E-1,1.402980557218E0));
#4284=CARTESIAN_POINT('',(-8.01E0,-9.451221835036E-1,1.331318050272E0));
#4285=CARTESIAN_POINT('',(-8.01E0,-1.002262207909E0,1.316572248864E0));
#4287=DIRECTION('',(-1.E0,0.E0,0.E0));
#4288=VECTOR('',#4287,1.E-2);
#4289=CARTESIAN_POINT('',(-8.E0,-2.340747114350E0,1.737103845572E0));
#4290=LINE('',#4289,#4288);
#4291=DIRECTION('',(-1.E0,0.E0,0.E0));
#4292=VECTOR('',#4291,1.E-2);
#4293=CARTESIAN_POINT('',(-8.E0,-2.2E0,1.737103845572E0));
#4294=LINE('',#4293,#4292);
#4295=DIRECTION('',(-1.E0,0.E0,0.E0));
#4296=VECTOR('',#4295,1.E-2);
#4297=CARTESIAN_POINT('',(-8.E0,-2.2E0,2.003998034296E0));
#4298=LINE('',#4297,#4296);
#4299=DIRECTION('',(-1.E0,0.E0,0.E0));
#4300=VECTOR('',#4299,1.E-2);
#4301=CARTESIAN_POINT('',(-8.E0,-2.234453365364E0,2.003998034296E0));
#4302=LINE('',#4301,#4300);
#4303=DIRECTION('',(-1.E0,0.E0,0.E0));
#4304=VECTOR('',#4303,1.E-2);
#4305=CARTESIAN_POINT('',(-8.E0,-2.234453365364E0,1.767531966271E0));
#4306=LINE('',#4305,#4304);
#4307=DIRECTION('',(-1.E0,0.E0,0.E0));
#4308=VECTOR('',#4307,1.E-2);
#4309=CARTESIAN_POINT('',(-8.E0,-2.340747114350E0,1.767531966271E0));
#4310=LINE('',#4309,#4308);
#4311=DIRECTION('',(-1.E0,0.E0,0.E0));
#4312=VECTOR('',#4311,1.E-2);
#4313=CARTESIAN_POINT('',(-8.E0,-2.551492551204E0,1.961562404086E0));
#4314=LINE('',#4313,#4312);
#4315=DIRECTION('',(-1.E0,0.E0,0.E0));
#4316=VECTOR('',#4315,1.E-2);
#4317=CARTESIAN_POINT('',(-8.E0,-2.748456641911E0,1.737103845572E0));
#4318=LINE('',#4317,#4316);
#4319=DIRECTION('',(-1.E0,0.E0,0.E0));
#4320=VECTOR('',#4319,1.E-2);
#4321=CARTESIAN_POINT('',(-8.E0,-2.604912323640E0,1.737103845572E0));
#4322=LINE('',#4321,#4320);
#4323=DIRECTION('',(-1.E0,0.E0,0.E0));
#4324=VECTOR('',#4323,1.E-2);
#4325=CARTESIAN_POINT('',(-8.E0,-2.604912323640E0,2.003998034296E0));
#4326=LINE('',#4325,#4324);
#4327=DIRECTION('',(-1.E0,8.881784197001E-14,0.E0));
#4328=VECTOR('',#4327,1.E-2);
#4329=CARTESIAN_POINT('',(-8.E0,-2.742384662667E0,2.003998034296E0));
#4330=LINE('',#4329,#4328);
#4331=DIRECTION('',(-1.E0,8.881784197001E-14,0.E0));
#4332=VECTOR('',#4331,1.E-2);
#4333=CARTESIAN_POINT('',(-8.E0,-2.742384662667E0,1.973297015655E0));
#4334=LINE('',#4333,#4332);
#4335=DIRECTION('',(-1.E0,0.E0,0.E0));
#4336=VECTOR('',#4335,1.E-2);
#4337=CARTESIAN_POINT('',(-8.E0,-2.639365689004E0,1.973297015655E0));
#4338=LINE('',#4337,#4336);
#4339=DIRECTION('',(-1.E0,0.E0,0.E0));
#4340=VECTOR('',#4339,1.E-2);
#4341=CARTESIAN_POINT('',(-8.E0,-2.639365689004E0,1.887879959345E0));
#4342=LINE('',#4341,#4340);
#4343=DIRECTION('',(-1.E0,0.E0,0.E0));
#4344=VECTOR('',#4343,1.E-2);
#4345=CARTESIAN_POINT('',(-8.E0,-2.734811744736E0,1.887879959345E0));
#4346=LINE('',#4345,#4344);
#4347=DIRECTION('',(-1.E0,0.E0,0.E0));
#4348=VECTOR('',#4347,1.E-2);
#4349=CARTESIAN_POINT('',(-8.E0,-2.734811744736E0,1.857315389675E0));
#4350=LINE('',#4349,#4348);
#4351=DIRECTION('',(-1.E0,0.E0,0.E0));
#4352=VECTOR('',#4351,1.E-2);
#4353=CARTESIAN_POINT('',(-8.E0,-2.639365689004E0,1.857315389675E0));
#4354=LINE('',#4353,#4352);
#4355=DIRECTION('',(-1.E0,0.E0,0.E0));
#4356=VECTOR('',#4355,1.E-2);
#4357=CARTESIAN_POINT('',(-8.E0,-2.639365689004E0,1.767531966271E0));
#4358=LINE('',#4357,#4356);
#4359=DIRECTION('',(-1.E0,0.E0,0.E0));
#4360=VECTOR('',#4359,1.E-2);
#4361=CARTESIAN_POINT('',(-8.E0,-2.748456641911E0,1.767531966271E0));
#4362=LINE('',#4361,#4360);
#4363=DIRECTION('',(-1.E0,0.E0,0.E0));
#4364=VECTOR('',#4363,1.E-2);
#4365=CARTESIAN_POINT('',(-8.E0,-2.833327902333E0,1.973297015655E0));
#4366=LINE('',#4365,#4364);
#4367=DIRECTION('',(-1.E0,0.E0,0.E0));
#4368=VECTOR('',#4367,1.E-2);
#4369=CARTESIAN_POINT('',(-8.E0,-2.833327902335E0,1.767531966271E0));
#4370=LINE('',#4369,#4368);
#4371=DIRECTION('',(-1.E0,-8.881784197001E-14,0.E0));
#4372=VECTOR('',#4371,1.E-2);
#4373=CARTESIAN_POINT('',(-8.E0,-2.872079410308E0,1.767531966271E0));
#4374=LINE('',#4373,#4372);
#4375=DIRECTION('',(-1.E0,0.E0,0.E0));
#4376=VECTOR('',#4375,1.E-2);
#4377=CARTESIAN_POINT('',(-8.E0,-2.873648573480E0,1.973297015655E0));
#4378=LINE('',#4377,#4376);
#4379=DIRECTION('',(-1.E0,0.E0,0.E0));
#4380=VECTOR('',#4379,1.E-2);
#4381=CARTESIAN_POINT('',(-8.E0,-2.798874536970E0,1.737103845572E0));
#4382=LINE('',#4381,#4380);
#4383=DIRECTION('',(-1.E0,0.E0,0.E0));
#4384=VECTOR('',#4383,1.E-2);
#4385=CARTESIAN_POINT('',(-8.E0,-2.798874536968E0,2.003998034296E0));
#4386=LINE('',#4385,#4384);
#4387=DIRECTION('',(-1.E0,0.E0,0.E0));
#4388=VECTOR('',#4387,1.E-2);
#4389=CARTESIAN_POINT('',(-8.E0,-2.875013063200E0,2.003998034296E0));
#4390=LINE('',#4389,#4388);
#4391=DIRECTION('',(-1.E0,4.440892098501E-14,2.220446049250E-14));
#4392=VECTOR('',#4391,1.E-2);
#4393=CARTESIAN_POINT('',(-8.E0,-2.872284083766E0,1.737103845572E0));
#4394=LINE('',#4393,#4392);
#4395=DIRECTION('',(-1.E0,-8.881784197001E-14,-2.220446049250E-14));
#4396=VECTOR('',#4395,1.E-2);
#4397=CARTESIAN_POINT('',(-8.E0,-3.150312974931E0,1.969885791362E0));
#4398=LINE('',#4397,#4396);
#4399=DIRECTION('',(-1.E0,3.108624468951E-13,-9.547918011777E-13));
#4400=VECTOR('',#4399,1.E-2);
#4401=CARTESIAN_POINT('',(-8.E0,-3.145523149675E0,1.951192282232E0));
#4402=LINE('',#4401,#4400);
#4403=DIRECTION('',(-1.E0,0.E0,0.E0));
#4404=VECTOR('',#4403,1.E-2);
#4405=CARTESIAN_POINT('',(-8.E0,-3.105611825441E0,1.840259268206E0));
#4406=LINE('',#4405,#4404);
#4407=DIRECTION('',(-1.E0,0.E0,0.E0));
#4408=VECTOR('',#4407,1.E-2);
#4409=CARTESIAN_POINT('',(-8.E0,-3.195190575389E0,1.840259268206E0));
#4410=LINE('',#4409,#4408);
#4411=DIRECTION('',(-1.E0,-1.332267629550E-13,-1.998401444325E-13));
#4412=VECTOR('',#4411,1.E-2);
#4413=CARTESIAN_POINT('',(-8.E0,-3.154869904240E0,1.951192282232E0));
#4414=LINE('',#4413,#4412);
#4415=DIRECTION('',(-1.E0,0.E0,0.E0));
#4416=VECTOR('',#4415,1.E-2);
#4417=CARTESIAN_POINT('',(-8.E0,-3.271124428165E0,1.737103845572E0));
#4418=LINE('',#4417,#4416);
#4419=DIRECTION('',(-1.E0,0.E0,0.E0));
#4420=VECTOR('',#4419,1.E-2);
#4421=CARTESIAN_POINT('',(-8.E0,-3.233055165050E0,1.737103845572E0));
#4422=LINE('',#4421,#4420);
#4423=DIRECTION('',(-1.E0,-4.440892098501E-14,0.E0));
#4424=VECTOR('',#4423,1.E-2);
#4425=CARTESIAN_POINT('',(-8.E0,-3.205833595189E0,1.810104045452E0));
#4426=LINE('',#4425,#4424);
#4427=DIRECTION('',(-1.E0,0.E0,0.E0));
#4428=VECTOR('',#4427,1.E-2);
#4429=CARTESIAN_POINT('',(-8.E0,-3.094695907706E0,1.810104045452E0));
#4430=LINE('',#4429,#4428);
#4431=DIRECTION('',(-1.E0,0.E0,0.E0));
#4432=VECTOR('',#4431,1.E-2);
#4433=CARTESIAN_POINT('',(-8.E0,-3.069043501015E0,1.737103845572E0));
#4434=LINE('',#4433,#4432);
#4435=DIRECTION('',(-1.E0,0.E0,-2.220446049250E-14));
#4436=VECTOR('',#4435,1.E-2);
#4437=CARTESIAN_POINT('',(-8.E0,-3.030974237901E0,1.737103845572E0));
#4438=LINE('',#4437,#4436);
#4439=DIRECTION('',(-1.E0,0.E0,0.E0));
#4440=VECTOR('',#4439,1.E-2);
#4441=CARTESIAN_POINT('',(-8.E0,-3.132628721847E0,2.003998034296E0));
#4442=LINE('',#4441,#4440);
#4443=DIRECTION('',(-1.E0,0.E0,0.E0));
#4444=VECTOR('',#4443,1.E-2);
#4445=CARTESIAN_POINT('',(-8.E0,-3.169469944217E0,2.003998034296E0));
#4446=LINE('',#4445,#4444);
#4447=DIRECTION('',(-1.E0,0.E0,0.E0));
#4448=VECTOR('',#4447,1.E-2);
#4449=CARTESIAN_POINT('',(-8.E0,-2.343544318271E0,1.313702686261E0));
#4450=LINE('',#4449,#4448);
#4451=DIRECTION('',(-1.E0,0.E0,0.E0));
#4452=VECTOR('',#4451,1.E-2);
#4453=CARTESIAN_POINT('',(-8.E0,-2.2E0,1.313702686261E0));
#4454=LINE('',#4453,#4452);
#4455=DIRECTION('',(-1.E0,0.E0,0.E0));
#4456=VECTOR('',#4455,1.E-2);
#4457=CARTESIAN_POINT('',(-8.E0,-2.2E0,1.580596874985E0));
#4458=LINE('',#4457,#4456);
#4459=DIRECTION('',(-1.E0,0.E0,0.E0));
#4460=VECTOR('',#4459,1.E-2);
#4461=CARTESIAN_POINT('',(-8.E0,-2.337472339027E0,1.580596874985E0));
#4462=LINE('',#4461,#4460);
#4463=DIRECTION('',(-1.E0,0.E0,0.E0));
#4464=VECTOR('',#4463,1.E-2);
#4465=CARTESIAN_POINT('',(-8.E0,-2.337472339027E0,1.549895856345E0));
#4466=LINE('',#4465,#4464);
#4467=DIRECTION('',(-1.E0,0.E0,0.E0));
#4468=VECTOR('',#4467,1.E-2);
#4469=CARTESIAN_POINT('',(-8.E0,-2.234453365364E0,1.549895856345E0));
#4470=LINE('',#4469,#4468);
#4471=DIRECTION('',(-1.E0,0.E0,0.E0));
#4472=VECTOR('',#4471,1.E-2);
#4473=CARTESIAN_POINT('',(-8.E0,-2.234453365364E0,1.464478800034E0));
#4474=LINE('',#4473,#4472);
#4475=DIRECTION('',(-1.E0,0.E0,0.E0));
#4476=VECTOR('',#4475,1.E-2);
#4477=CARTESIAN_POINT('',(-8.E0,-2.329899421096E0,1.464478800034E0));
#4478=LINE('',#4477,#4476);
#4479=DIRECTION('',(-1.E0,0.E0,0.E0));
#4480=VECTOR('',#4479,1.E-2);
#4481=CARTESIAN_POINT('',(-8.E0,-2.329899421096E0,1.433914230364E0));
#4482=LINE('',#4481,#4480);
#4483=DIRECTION('',(-1.E0,0.E0,0.E0));
#4484=VECTOR('',#4483,1.E-2);
#4485=CARTESIAN_POINT('',(-8.E0,-2.234453365364E0,1.433914230364E0));
#4486=LINE('',#4485,#4484);
#4487=DIRECTION('',(-1.E0,0.E0,0.E0));
#4488=VECTOR('',#4487,1.E-2);
#4489=CARTESIAN_POINT('',(-8.E0,-2.234453365364E0,1.344130806960E0));
#4490=LINE('',#4489,#4488);
#4491=DIRECTION('',(-1.E0,0.E0,0.E0));
#4492=VECTOR('',#4491,1.E-2);
#4493=CARTESIAN_POINT('',(-8.E0,-2.343544318271E0,1.344130806960E0));
#4494=LINE('',#4493,#4492);
#4495=DIRECTION('',(-1.E0,0.E0,0.E0));
#4496=VECTOR('',#4495,1.E-2);
#4497=CARTESIAN_POINT('',(-8.E0,-2.450656761087E0,1.403349660694E0));
#4498=LINE('',#4497,#4496);
#4499=DIRECTION('',(-1.E0,0.E0,8.881784197001E-14));
#4500=VECTOR('',#4499,1.E-2);
#4501=CARTESIAN_POINT('',(-8.E0,-2.495275574846E0,1.391069253238E0));
#4502=LINE('',#4501,#4500);
#4503=DIRECTION('',(-1.E0,0.E0,0.E0));
#4504=VECTOR('',#4503,1.E-2);
#4505=CARTESIAN_POINT('',(-8.E0,-2.495275574846E0,1.409353415452E0));
#4506=LINE('',#4505,#4504);
#4507=DIRECTION('',(-1.E0,0.E0,-2.220446049250E-14));
#4508=VECTOR('',#4507,1.E-2);
#4509=CARTESIAN_POINT('',(-8.E0,-2.495275574846E0,1.343175664157E0));
#4510=LINE('',#4509,#4508);
#4511=DIRECTION('',(-1.E0,0.E0,0.E0));
#4512=VECTOR('',#4511,1.E-2);
#4513=CARTESIAN_POINT('',(-8.E0,-2.438785700544E0,1.426955332808E0));
#4514=LINE('',#4513,#4512);
#4515=DIRECTION('',(-1.E0,0.E0,0.E0));
#4516=VECTOR('',#4515,1.E-2);
#4517=CARTESIAN_POINT('',(-8.E0,-2.495275574845E0,1.434869373167E0));
#4518=LINE('',#4517,#4516);
#4519=DIRECTION('',(-1.E0,0.E0,0.E0));
#4520=VECTOR('',#4519,1.E-2);
#4521=CARTESIAN_POINT('',(-8.E0,-2.394166886785E0,1.458475045277E0));
#4522=LINE('',#4521,#4520);
#4523=DIRECTION('',(-1.E0,0.E0,0.E0));
#4524=VECTOR('',#4523,1.E-2);
#4525=CARTESIAN_POINT('',(-8.E0,-2.394166886785E0,1.490949900552E0));
#4526=LINE('',#4525,#4524);
#4527=DIRECTION('',(-1.E0,0.E0,0.E0));
#4528=VECTOR('',#4527,1.E-2);
#4529=CARTESIAN_POINT('',(-8.E0,-2.528705572922E0,1.436370311855E0));
#4530=LINE('',#4529,#4528);
#4531=DIRECTION('',(-1.E0,0.E0,0.E0));
#4532=VECTOR('',#4531,1.E-2);
#4533=CARTESIAN_POINT('',(-8.E0,-2.528705572922E0,1.313702686261E0));
#4534=LINE('',#4533,#4532);
#4535=DIRECTION('',(-1.E0,0.E0,0.E0));
#4536=VECTOR('',#4535,1.E-2);
#4537=CARTESIAN_POINT('',(-8.E0,-2.495275574846E0,1.313702686261E0));
#4538=LINE('',#4537,#4536);
#4539=DIRECTION('',(-1.E0,0.E0,0.E0));
#4540=VECTOR('',#4539,1.E-2);
#4541=CARTESIAN_POINT('',(-8.E0,-2.574006631540E0,1.354910275727E0));
#4542=LINE('',#4541,#4540);
#4543=DIRECTION('',(-1.E0,0.E0,0.E0));
#4544=VECTOR('',#4543,1.E-2);
#4545=CARTESIAN_POINT('',(-8.E0,-2.693604155272E0,1.500228430629E0));
#4546=LINE('',#4545,#4544);
#4547=DIRECTION('',(-1.E0,0.E0,-2.220446049250E-14));
#4548=VECTOR('',#4547,1.E-2);
#4549=CARTESIAN_POINT('',(-8.E0,-2.693604155272E0,1.467753575355E0));
#4550=LINE('',#4549,#4548);
#4551=DIRECTION('',(-1.E0,0.E0,-4.440892098501E-14));
#4552=VECTOR('',#4551,1.E-2);
#4553=CARTESIAN_POINT('',(-8.E0,-2.574006631540E0,1.320388685876E0));
#4554=LINE('',#4553,#4552);
#4555=DIRECTION('',(-1.E0,0.E0,0.E0));
#4556=VECTOR('',#4555,1.E-2);
#4557=CARTESIAN_POINT('',(-8.E0,-2.811854832871E0,1.345358847705E0));
#4558=LINE('',#4557,#4556);
#4559=DIRECTION('',(-1.E0,0.E0,0.E0));
#4560=VECTOR('',#4559,1.E-2);
#4561=CARTESIAN_POINT('',(-8.E0,-2.816408229838E0,1.360777581512E0));
#4562=LINE('',#4561,#4560);
#4563=DIRECTION('',(-1.E0,0.E0,2.220446049250E-14));
#4564=VECTOR('',#4563,1.E-2);
#4565=CARTESIAN_POINT('',(-8.E0,-2.868463512558E0,1.504321899782E0));
#4566=LINE('',#4565,#4564);
#4567=DIRECTION('',(-1.E0,0.E0,0.E0));
#4568=VECTOR('',#4567,1.E-2);
#4569=CARTESIAN_POINT('',(-8.E0,-2.903121551379E0,1.504321899782E0));
#4570=LINE('',#4569,#4568);
#4571=DIRECTION('',(-1.E0,-4.440892098501E-14,1.554312234475E-13));
#4572=VECTOR('',#4571,1.E-2);
#4573=CARTESIAN_POINT('',(-8.E0,-2.816612903296E0,1.284911953225E0));
#4574=LINE('',#4573,#4572);
#4575=DIRECTION('',(-1.E0,4.440892098501E-14,0.E0));
#4576=VECTOR('',#4575,1.E-2);
#4577=CARTESIAN_POINT('',(-8.E0,-2.727034153349E0,1.226648242290E0));
#4578=LINE('',#4577,#4576);
#4579=DIRECTION('',(-1.E0,0.E0,0.E0));
#4580=VECTOR('',#4579,1.E-2);
#4581=CARTESIAN_POINT('',(-8.E0,-2.727034153349E0,1.256394118131E0));
#4582=LINE('',#4581,#4580);
#4583=DIRECTION('',(-1.E0,0.E0,2.220446049250E-14));
#4584=VECTOR('',#4583,1.E-2);
#4585=CARTESIAN_POINT('',(-8.E0,-2.780249252326E0,1.279453994354E0));
#4586=LINE('',#4585,#4584);
#4587=DIRECTION('',(-1.E0,0.E0,-6.661338147751E-14));
#4588=VECTOR('',#4587,1.E-2);
#4589=CARTESIAN_POINT('',(-8.E0,-2.794917516789E0,1.314112033177E0));
#4590=LINE('',#4589,#4588);
#4591=DIRECTION('',(-1.E0,-4.440892098501E-14,0.E0));
#4592=VECTOR('',#4591,1.E-2);
#4593=CARTESIAN_POINT('',(-8.E0,-2.720143480276E0,1.504321899782E0));
#4594=LINE('',#4593,#4592);
#4595=DIRECTION('',(-1.E0,-4.440892098501E-14,0.E0));
#4596=VECTOR('',#4595,1.E-2);
#4597=CARTESIAN_POINT('',(-8.E0,-2.757530498532E0,1.504321899782E0));
#4598=LINE('',#4597,#4596);
#4599=DIRECTION('',(-1.E0,4.440892098501E-14,2.664535259100E-13));
#4600=VECTOR('',#4599,1.E-2);
#4601=CARTESIAN_POINT('',(-8.E0,-2.807334373217E0,1.361050479455E0));
#4602=LINE('',#4601,#4600);
#4603=DIRECTION('',(-1.E0,0.E0,0.E0));
#4604=VECTOR('',#4603,1.E-2);
#4605=CARTESIAN_POINT('',(-8.E0,-3.082688398190E0,1.313702686261E0));
#4606=LINE('',#4605,#4604);
#4607=DIRECTION('',(-1.E0,0.E0,0.E0));
#4608=VECTOR('',#4607,1.E-2);
#4609=CARTESIAN_POINT('',(-8.E0,-2.939144079919E0,1.313702686261E0));
#4610=LINE('',#4609,#4608);
#4611=DIRECTION('',(-1.E0,0.E0,0.E0));
#4612=VECTOR('',#4611,1.E-2);
#4613=CARTESIAN_POINT('',(-8.E0,-2.939144079919E0,1.580596874985E0));
#4614=LINE('',#4613,#4612);
#4615=DIRECTION('',(-1.E0,0.E0,0.E0));
#4616=VECTOR('',#4615,1.E-2);
#4617=CARTESIAN_POINT('',(-8.E0,-3.076616418946E0,1.580596874985E0));
#4618=LINE('',#4617,#4616);
#4619=DIRECTION('',(-1.E0,0.E0,0.E0));
#4620=VECTOR('',#4619,1.E-2);
#4621=CARTESIAN_POINT('',(-8.E0,-3.076616418946E0,1.549895856345E0));
#4622=LINE('',#4621,#4620);
#4623=DIRECTION('',(-1.E0,0.E0,0.E0));
#4624=VECTOR('',#4623,1.E-2);
#4625=CARTESIAN_POINT('',(-8.E0,-2.973597445283E0,1.549895856345E0));
#4626=LINE('',#4625,#4624);
#4627=DIRECTION('',(-1.E0,0.E0,0.E0));
#4628=VECTOR('',#4627,1.E-2);
#4629=CARTESIAN_POINT('',(-8.E0,-2.973597445283E0,1.464478800034E0));
#4630=LINE('',#4629,#4628);
#4631=DIRECTION('',(-1.E0,-4.440892098501E-14,0.E0));
#4632=VECTOR('',#4631,1.E-2);
#4633=CARTESIAN_POINT('',(-8.E0,-3.069043501015E0,1.464478800034E0));
#4634=LINE('',#4633,#4632);
#4635=DIRECTION('',(-1.E0,-4.440892098501E-14,0.E0));
#4636=VECTOR('',#4635,1.E-2);
#4637=CARTESIAN_POINT('',(-8.E0,-3.069043501015E0,1.433914230364E0));
#4638=LINE('',#4637,#4636);
#4639=DIRECTION('',(-1.E0,0.E0,0.E0));
#4640=VECTOR('',#4639,1.E-2);
#4641=CARTESIAN_POINT('',(-8.E0,-2.973597445283E0,1.433914230364E0));
#4642=LINE('',#4641,#4640);
#4643=DIRECTION('',(-1.E0,0.E0,0.E0));
#4644=VECTOR('',#4643,1.E-2);
#4645=CARTESIAN_POINT('',(-8.E0,-2.973597445283E0,1.344130806960E0));
#4646=LINE('',#4645,#4644);
#4647=DIRECTION('',(-1.E0,0.E0,0.E0));
#4648=VECTOR('',#4647,1.E-2);
#4649=CARTESIAN_POINT('',(-8.E0,-3.082688398190E0,1.344130806960E0));
#4650=LINE('',#4649,#4648);
#4651=DIRECTION('',(-1.E0,-4.440892098501E-14,0.E0));
#4652=VECTOR('',#4651,1.E-2);
#4653=CARTESIAN_POINT('',(-8.E0,-3.167559658611E0,1.549895856345E0));
#4654=LINE('',#4653,#4652);
#4655=DIRECTION('',(-1.E0,0.E0,2.220446049250E-14));
#4656=VECTOR('',#4655,1.E-2);
#4657=CARTESIAN_POINT('',(-8.E0,-3.167559658612E0,1.344130806960E0));
#4658=LINE('',#4657,#4656);
#4659=DIRECTION('',(-1.E0,0.E0,0.E0));
#4660=VECTOR('',#4659,1.E-2);
#4661=CARTESIAN_POINT('',(-8.E0,-3.206311166586E0,1.344130806960E0));
#4662=LINE('',#4661,#4660);
#4663=DIRECTION('',(-1.E0,0.E0,2.220446049250E-14));
#4664=VECTOR('',#4663,1.E-2);
#4665=CARTESIAN_POINT('',(-8.E0,-3.207880329760E0,1.549895856345E0));
#4666=LINE('',#4665,#4664);
#4667=DIRECTION('',(-1.E0,0.E0,0.E0));
#4668=VECTOR('',#4667,1.E-2);
#4669=CARTESIAN_POINT('',(-8.E0,-3.133106293249E0,1.313702686261E0));
#4670=LINE('',#4669,#4668);
#4671=DIRECTION('',(-1.E0,4.440892098501E-14,0.E0));
#4672=VECTOR('',#4671,1.E-2);
#4673=CARTESIAN_POINT('',(-8.E0,-3.133106293248E0,1.580596874985E0));
#4674=LINE('',#4673,#4672);
#4675=DIRECTION('',(-1.E0,0.E0,0.E0));
#4676=VECTOR('',#4675,1.E-2);
#4677=CARTESIAN_POINT('',(-8.E0,-3.209244819478E0,1.580596874985E0));
#4678=LINE('',#4677,#4676);
#4679=DIRECTION('',(-1.E0,-4.440892098501E-14,0.E0));
#4680=VECTOR('',#4679,1.E-2);
#4681=CARTESIAN_POINT('',(-8.E0,-3.206515840046E0,1.313702686261E0));
#4682=LINE('',#4681,#4680);
#4683=DIRECTION('',(-1.E0,0.E0,0.E0));
#4684=VECTOR('',#4683,1.E-2);
#4685=CARTESIAN_POINT('',(-8.E0,-3.484527873394E0,1.546484632049E0));
#4686=LINE('',#4685,#4684);
#4687=DIRECTION('',(-1.E0,4.440892098501E-14,-2.442490654175E-13));
#4688=VECTOR('',#4687,1.E-2);
#4689=CARTESIAN_POINT('',(-8.E0,-3.479754905952E0,1.527791122923E0));
#4690=LINE('',#4689,#4688);
#4691=DIRECTION('',(-1.E0,-8.881784197001E-14,0.E0));
#4692=VECTOR('',#4691,1.E-2);
#4693=CARTESIAN_POINT('',(-8.E0,-3.439843581721E0,1.416858108897E0));
#4694=LINE('',#4693,#4692);
#4695=DIRECTION('',(-1.E0,0.E0,-2.220446049250E-14));
#4696=VECTOR('',#4695,1.E-2);
#4697=CARTESIAN_POINT('',(-8.E0,-3.529422331669E0,1.416858108897E0));
#4698=LINE('',#4697,#4696);
#4699=DIRECTION('',(-1.E0,0.E0,2.220446049250E-14));
#4700=VECTOR('',#4699,1.E-2);
#4701=CARTESIAN_POINT('',(-8.E0,-3.489101660517E0,1.527791122923E0));
#4702=LINE('',#4701,#4700);
#4703=DIRECTION('',(-1.E0,8.881784197001E-14,0.E0));
#4704=VECTOR('',#4703,1.E-2);
#4705=CARTESIAN_POINT('',(-8.E0,-3.605356184444E0,1.313702686261E0));
#4706=LINE('',#4705,#4704);
#4707=DIRECTION('',(-1.E0,0.E0,0.E0));
#4708=VECTOR('',#4707,1.E-2);
#4709=CARTESIAN_POINT('',(-8.E0,-3.567286921330E0,1.313702686261E0));
#4710=LINE('',#4709,#4708);
#4711=DIRECTION('',(-1.E0,0.E0,0.E0));
#4712=VECTOR('',#4711,1.E-2);
#4713=CARTESIAN_POINT('',(-8.E0,-3.540065351468E0,1.386702886141E0));
#4714=LINE('',#4713,#4712);
#4715=DIRECTION('',(-1.E0,8.881784197001E-14,-2.220446049250E-14));
#4716=VECTOR('',#4715,1.E-2);
#4717=CARTESIAN_POINT('',(-8.E0,-3.428927663986E0,1.386702886141E0));
#4718=LINE('',#4717,#4716);
#4719=DIRECTION('',(-1.E0,0.E0,0.E0));
#4720=VECTOR('',#4719,1.E-2);
#4721=CARTESIAN_POINT('',(-8.E0,-3.403275257294E0,1.313702686261E0));
#4722=LINE('',#4721,#4720);
#4723=DIRECTION('',(-1.E0,0.E0,0.E0));
#4724=VECTOR('',#4723,1.E-2);
#4725=CARTESIAN_POINT('',(-8.E0,-3.365205994180E0,1.313702686261E0));
#4726=LINE('',#4725,#4724);
#4727=DIRECTION('',(-1.E0,-4.440892098501E-14,0.E0));
#4728=VECTOR('',#4727,1.E-2);
#4729=CARTESIAN_POINT('',(-8.E0,-3.466860478127E0,1.580596874985E0));
#4730=LINE('',#4729,#4728);
#4731=DIRECTION('',(-1.E0,-4.440892098501E-14,0.E0));
#4732=VECTOR('',#4731,1.E-2);
#4733=CARTESIAN_POINT('',(-8.E0,-3.503701700496E0,1.580596874985E0));
#4734=LINE('',#4733,#4732);
#4735=DIRECTION('',(-1.E0,0.E0,0.E0));
#4736=VECTOR('',#4735,1.E-2);
#4737=CARTESIAN_POINT('',(-8.E0,-1.793557431436E0,1.827023983066E0));
#4738=LINE('',#4737,#4736);
#4739=DIRECTION('',(-1.E0,0.E0,0.E0));
#4740=VECTOR('',#4739,1.E-2);
#4741=CARTESIAN_POINT('',(-8.E0,-1.738527281288E0,1.312777053613E0));
#4742=LINE('',#4741,#4740);
#4743=DIRECTION('',(-1.E0,0.E0,0.E0));
#4744=VECTOR('',#4743,1.E-2);
#4745=CARTESIAN_POINT('',(-8.E0,-1.732834524607E0,1.312777053613E0));
#4746=LINE('',#4745,#4744);
#4747=DIRECTION('',(-1.E0,0.E0,0.E0));
#4748=VECTOR('',#4747,1.E-2);
#4749=CARTESIAN_POINT('',(-8.E0,-1.727141767927E0,1.312777053613E0));
#4750=LINE('',#4749,#4748);
#4751=DIRECTION('',(-1.E0,0.E0,0.E0));
#4752=VECTOR('',#4751,1.E-2);
#4753=CARTESIAN_POINT('',(-8.E0,-1.626569491948E0,1.312777053613E0));
#4754=LINE('',#4753,#4752);
#4755=DIRECTION('',(-1.E0,0.E0,0.E0));
#4756=VECTOR('',#4755,1.E-2);
#4757=CARTESIAN_POINT('',(-8.E0,-1.641750128171E0,1.428530038204E0));
#4758=LINE('',#4757,#4756);
#4759=DIRECTION('',(-1.E0,6.661338147751E-14,0.E0));
#4760=VECTOR('',#4759,1.E-2);
#4761=CARTESIAN_POINT('',(-8.E0,-1.727141695540E0,1.428530038204E0));
#4762=LINE('',#4761,#4760);
#4763=DIRECTION('',(-1.E0,-2.220446049250E-14,0.E0));
#4764=VECTOR('',#4763,1.E-2);
#4765=CARTESIAN_POINT('',(-8.E0,-1.700575473568E0,1.724554109461E0));
#4766=LINE('',#4765,#4764);
#4767=DIRECTION('',(-1.E0,-2.220446049250E-14,0.E0));
#4768=VECTOR('',#4767,1.E-2);
#4769=CARTESIAN_POINT('',(-8.E0,-1.180635751243E0,1.779584331995E0));
#4770=LINE('',#4769,#4768);
#4771=DIRECTION('',(-1.E0,-2.220446049250E-14,0.E0));
#4772=VECTOR('',#4771,1.E-2);
#4773=CARTESIAN_POINT('',(-8.E0,-1.004159859825E0,1.443710819202E0));
#4774=LINE('',#4773,#4772);
#4775=DIRECTION('',(-1.E0,0.E0,0.E0));
#4776=VECTOR('',#4775,1.E-2);
#4777=CARTESIAN_POINT('',(-8.E0,-1.324852627817E0,1.504433726030E0));
#4778=LINE('',#4777,#4776);
#4779=DIRECTION('',(-1.E0,4.440892098501E-14,4.440892098501E-14));
#4780=VECTOR('',#4779,1.E-2);
#4781=CARTESIAN_POINT('',(-8.E0,-1.579129732298E0,1.637265053047E0));
#4782=LINE('',#4781,#4780);
#4783=DIRECTION('',(-1.E0,4.440892098501E-14,2.220446049250E-14));
#4784=VECTOR('',#4783,1.E-2);
#4785=CARTESIAN_POINT('',(-8.E0,-1.637955005309E0,1.536692740875E0));
#4786=LINE('',#4785,#4784);
#4787=DIRECTION('',(-1.E0,4.440892098501E-14,0.E0));
#4788=VECTOR('',#4787,1.E-2);
#4789=CARTESIAN_POINT('',(-8.E0,-1.372292351273E0,1.396271059552E0));
#4790=LINE('',#4789,#4788);
#4791=DIRECTION('',(-1.E0,0.E0,0.E0));
#4792=VECTOR('',#4791,1.E-2);
#4793=CARTESIAN_POINT('',(-8.E0,-1.002262207909E0,1.316572248864E0));
#4794=LINE('',#4793,#4792);
#4795=DIRECTION('',(-1.E0,0.E0,0.E0));
#4796=VECTOR('',#4795,1.E-2);
#4797=CARTESIAN_POINT('',(-8.E0,-1.121810442040E0,1.918108325212E0));
#4798=LINE('',#4797,#4796);
#4799=CARTESIAN_POINT('',(-8.E0,-4.7E0,0.E0));
#4800=CARTESIAN_POINT('',(-8.E0,-4.7E0,2.5E0));
#4801=VERTEX_POINT('',#4799);
#4802=VERTEX_POINT('',#4800);
#4803=CARTESIAN_POINT('',(-7.2E0,-4.7E0,0.E0));
#4804=CARTESIAN_POINT('',(-7.2E0,-4.7E0,2.5E0));
#4805=VERTEX_POINT('',#4803);
#4806=VERTEX_POINT('',#4804);
#4807=CARTESIAN_POINT('',(-8.E0,-3.E0,3.6E0));
#4808=CARTESIAN_POINT('',(-7.2E0,-3.E0,3.6E0));
#4809=VERTEX_POINT('',#4807);
#4810=VERTEX_POINT('',#4808);
#4811=CARTESIAN_POINT('',(-8.E0,-3.E0,5.5E0));
#4812=VERTEX_POINT('',#4811);
#4813=CARTESIAN_POINT('',(-7.2E0,-3.E0,0.E0));
#4814=VERTEX_POINT('',#4813);
#4815=CARTESIAN_POINT('',(8.E0,-4.7E0,0.E0));
#4816=CARTESIAN_POINT('',(8.E0,-4.7E0,2.5E0));
#4817=VERTEX_POINT('',#4815);
#4818=VERTEX_POINT('',#4816);
#4819=CARTESIAN_POINT('',(7.2E0,-4.7E0,0.E0));
#4820=CARTESIAN_POINT('',(7.2E0,-4.7E0,2.5E0));
#4821=VERTEX_POINT('',#4819);
#4822=VERTEX_POINT('',#4820);
#4823=CARTESIAN_POINT('',(8.E0,-3.E0,3.6E0));
#4824=VERTEX_POINT('',#4823);
#4825=CARTESIAN_POINT('',(7.2E0,-3.E0,0.E0));
#4826=VERTEX_POINT('',#4825);
#4827=CARTESIAN_POINT('',(7.2E0,-3.E0,3.6E0));
#4828=VERTEX_POINT('',#4827);
#4829=CARTESIAN_POINT('',(8.E0,-3.E0,5.5E0));
#4830=VERTEX_POINT('',#4829);
#4831=CARTESIAN_POINT('',(-4.5E0,-1.8E0,4.5E0));
#4832=CARTESIAN_POINT('',(-4.5E0,-1.8E0,5.E0));
#4833=VERTEX_POINT('',#4831);
#4834=VERTEX_POINT('',#4832);
#4835=CARTESIAN_POINT('',(4.5E0,-1.8E0,5.E0));
#4836=VERTEX_POINT('',#4835);
#4837=CARTESIAN_POINT('',(4.5E0,-1.8E0,4.5E0));
#4838=VERTEX_POINT('',#4837);
#4839=CARTESIAN_POINT('',(-6.4E0,3.E0,4.5E0));
#4840=CARTESIAN_POINT('',(-4.5E0,3.E0,4.5E0));
#4841=VERTEX_POINT('',#4839);
#4842=VERTEX_POINT('',#4840);
#4843=CARTESIAN_POINT('',(-4.5E0,3.E0,5.E0));
#4844=VERTEX_POINT('',#4843);
#4845=CARTESIAN_POINT('',(4.5E0,3.E0,5.E0));
#4846=VERTEX_POINT('',#4845);
#4847=CARTESIAN_POINT('',(4.5E0,3.E0,4.5E0));
#4848=VERTEX_POINT('',#4847);
#4849=CARTESIAN_POINT('',(6.4E0,3.E0,4.5E0));
#4850=VERTEX_POINT('',#4849);
#4851=CARTESIAN_POINT('',(-6.4E0,-3.E0,5.5E0));
#4852=CARTESIAN_POINT('',(-6.4E0,1.3E0,5.5E0));
#4853=VERTEX_POINT('',#4851);
#4854=VERTEX_POINT('',#4852);
#4855=CARTESIAN_POINT('',(-5.6E0,-3.E0,5.5E0));
#4856=CARTESIAN_POINT('',(-5.6E0,1.3E0,5.5E0));
#4857=VERTEX_POINT('',#4855);
#4858=VERTEX_POINT('',#4856);
#4859=CARTESIAN_POINT('',(6.4E0,1.3E0,5.5E0));
#4860=CARTESIAN_POINT('',(5.6E0,1.3E0,5.5E0));
#4861=VERTEX_POINT('',#4859);
#4862=VERTEX_POINT('',#4860);
#4863=CARTESIAN_POINT('',(5.6E0,-3.E0,5.5E0));
#4864=VERTEX_POINT('',#4863);
#4865=CARTESIAN_POINT('',(6.4E0,-3.E0,5.5E0));
#4866=VERTEX_POINT('',#4865);
#4867=CARTESIAN_POINT('',(-6.4E0,-3.E0,4.5E0));
#4868=VERTEX_POINT('',#4867);
#4869=CARTESIAN_POINT('',(-5.6E0,-3.E0,4.5E0));
#4870=VERTEX_POINT('',#4869);
#4871=CARTESIAN_POINT('',(5.6E0,-3.E0,4.5E0));
#4872=VERTEX_POINT('',#4871);
#4873=CARTESIAN_POINT('',(6.4E0,-3.E0,4.5E0));
#4874=VERTEX_POINT('',#4873);
#4875=CARTESIAN_POINT('',(-6.4E0,-1.8E0,4.5E0));
#4876=CARTESIAN_POINT('',(-5.6E0,-1.8E0,4.5E0));
#4877=VERTEX_POINT('',#4875);
#4878=VERTEX_POINT('',#4876);
#4879=CARTESIAN_POINT('',(5.6E0,-1.8E0,4.5E0));
#4880=CARTESIAN_POINT('',(6.4E0,-1.8E0,4.5E0));
#4881=VERTEX_POINT('',#4879);
#4882=VERTEX_POINT('',#4880);
#4883=CARTESIAN_POINT('',(-5.6E0,1.3E0,4.5E0));
#4884=VERTEX_POINT('',#4883);
#4885=CARTESIAN_POINT('',(-6.4E0,1.3E0,4.5E0));
#4886=VERTEX_POINT('',#4885);
#4887=CARTESIAN_POINT('',(6.4E0,1.3E0,4.5E0));
#4888=CARTESIAN_POINT('',(5.6E0,1.3E0,4.5E0));
#4889=VERTEX_POINT('',#4887);
#4890=VERTEX_POINT('',#4888);
#4891=CARTESIAN_POINT('',(-6.4E0,-1.8E0,6.E-1));
#4892=VERTEX_POINT('',#4891);
#4893=CARTESIAN_POINT('',(6.4E0,-1.8E0,6.E-1));
#4894=VERTEX_POINT('',#4893);
#4895=CARTESIAN_POINT('',(5.9E0,-3.E0,0.E0));
#4896=CARTESIAN_POINT('',(5.9E0,3.E0,0.E0));
#4897=VERTEX_POINT('',#4895);
#4898=VERTEX_POINT('',#4896);
#4899=CARTESIAN_POINT('',(-5.9E0,-3.E0,0.E0));
#4900=CARTESIAN_POINT('',(-5.9E0,3.E0,0.E0));
#4901=VERTEX_POINT('',#4899);
#4902=VERTEX_POINT('',#4900);
#4903=CARTESIAN_POINT('',(5.9E0,-3.E0,1.E-1));
#4904=VERTEX_POINT('',#4903);
#4905=CARTESIAN_POINT('',(-5.9E0,-3.E0,1.E-1));
#4906=VERTEX_POINT('',#4905);
#4907=CARTESIAN_POINT('',(5.9E0,3.E0,1.E-1));
#4908=VERTEX_POINT('',#4907);
#4909=CARTESIAN_POINT('',(-5.9E0,3.E0,1.E-1));
#4910=VERTEX_POINT('',#4909);
#4911=CARTESIAN_POINT('',(6.4E0,2.2E0,5.E0));
#4912=CARTESIAN_POINT('',(5.6E0,2.2E0,5.E0));
#4913=VERTEX_POINT('',#4911);
#4914=VERTEX_POINT('',#4912);
#4915=CARTESIAN_POINT('',(5.6E0,2.2E0,5.5E0));
#4916=CARTESIAN_POINT('',(6.4E0,2.2E0,5.5E0));
#4917=VERTEX_POINT('',#4915);
#4918=VERTEX_POINT('',#4916);
#4919=CARTESIAN_POINT('',(6.4E0,3.E0,5.5E0));
#4920=VERTEX_POINT('',#4919);
#4921=CARTESIAN_POINT('',(5.6E0,3.E0,5.5E0));
#4922=VERTEX_POINT('',#4921);
#4923=CARTESIAN_POINT('',(6.4E0,3.E0,5.E0));
#4924=VERTEX_POINT('',#4923);
#4925=CARTESIAN_POINT('',(5.6E0,3.E0,5.E0));
#4926=VERTEX_POINT('',#4925);
#4927=CARTESIAN_POINT('',(-7.1E0,3.E0,0.E0));
#4928=CARTESIAN_POINT('',(-7.1E0,-2.E-1,0.E0));
#4929=VERTEX_POINT('',#4927);
#4930=VERTEX_POINT('',#4928);
#4931=CARTESIAN_POINT('',(-8.E0,-2.E-1,0.E0));
#4932=VERTEX_POINT('',#4931);
#4933=CARTESIAN_POINT('',(-7.1E0,3.E0,5.5E0));
#4934=CARTESIAN_POINT('',(-7.1E0,2.15E0,5.5E0));
#4935=VERTEX_POINT('',#4933);
#4936=VERTEX_POINT('',#4934);
#4937=CARTESIAN_POINT('',(-8.E0,2.15E0,5.5E0));
#4938=VERTEX_POINT('',#4937);
#4939=CARTESIAN_POINT('',(-8.E0,-2.E-1,1.2E0));
#4940=VERTEX_POINT('',#4939);
#4941=CARTESIAN_POINT('',(-8.E0,2.15E0,1.2E0));
#4942=VERTEX_POINT('',#4941);
#4943=CARTESIAN_POINT('',(-8.E0,2.15E0,2.5E0));
#4944=CARTESIAN_POINT('',(-8.E0,-2.35E0,2.5E0));
#4945=VERTEX_POINT('',#4943);
#4946=VERTEX_POINT('',#4944);
#4947=CARTESIAN_POINT('',(-8.E0,-2.35E0,4.7E0));
#4948=VERTEX_POINT('',#4947);
#4949=CARTESIAN_POINT('',(-8.E0,2.15E0,4.7E0));
#4950=VERTEX_POINT('',#4949);
#4951=CARTESIAN_POINT('',(-7.1E0,2.15E0,4.7E0));
#4952=VERTEX_POINT('',#4951);
#4953=CARTESIAN_POINT('',(-7.1E0,-2.35E0,2.5E0));
#4954=VERTEX_POINT('',#4953);
#4955=CARTESIAN_POINT('',(-7.1E0,0.E0,4.7E0));
#4956=CARTESIAN_POINT('',(-7.1E0,0.E0,3.4E0));
#4957=VERTEX_POINT('',#4955);
#4958=VERTEX_POINT('',#4956);
#4959=CARTESIAN_POINT('',(-7.1E0,-2.35E0,3.4E0));
#4960=VERTEX_POINT('',#4959);
#4961=CARTESIAN_POINT('',(-7.6E0,-2.35E0,4.7E0));
#4962=CARTESIAN_POINT('',(-7.6E0,-2.35E0,3.4E0));
#4963=VERTEX_POINT('',#4961);
#4964=VERTEX_POINT('',#4962);
#4965=CARTESIAN_POINT('',(-7.6E0,0.E0,4.7E0));
#4966=VERTEX_POINT('',#4965);
#4967=CARTESIAN_POINT('',(-7.6E0,0.E0,3.4E0));
#4968=VERTEX_POINT('',#4967);
#4969=CARTESIAN_POINT('',(-7.1E0,3.E0,2.5E0));
#4970=CARTESIAN_POINT('',(-6.4E0,3.E0,2.5E0));
#4971=VERTEX_POINT('',#4969);
#4972=VERTEX_POINT('',#4970);
#4973=CARTESIAN_POINT('',(-7.1E0,3.E0,3.4E0));
#4974=CARTESIAN_POINT('',(-6.4E0,3.E0,3.4E0));
#4975=VERTEX_POINT('',#4973);
#4976=VERTEX_POINT('',#4974);
#4977=CARTESIAN_POINT('',(-6.4E0,1.E0,2.5E0));
#4978=VERTEX_POINT('',#4977);
#4979=CARTESIAN_POINT('',(-6.4E0,1.E0,3.4E0));
#4980=VERTEX_POINT('',#4979);
#4981=CARTESIAN_POINT('',(-7.1E0,2.15E0,2.5E0));
#4982=VERTEX_POINT('',#4981);
#4983=CARTESIAN_POINT('',(-7.1E0,1.E0,2.5E0));
#4984=CARTESIAN_POINT('',(-7.1E0,1.E0,3.4E0));
#4985=VERTEX_POINT('',#4983);
#4986=VERTEX_POINT('',#4984);
#4987=CARTESIAN_POINT('',(-7.6E0,-2.E-1,2.2E0));
#4988=CARTESIAN_POINT('',(-7.1E0,-2.E-1,2.2E0));
#4989=VERTEX_POINT('',#4987);
#4990=VERTEX_POINT('',#4988);
#4991=CARTESIAN_POINT('',(-7.6E0,-2.E-1,1.2E0));
#4992=CARTESIAN_POINT('',(-7.6E0,2.15E0,1.2E0));
#4993=VERTEX_POINT('',#4991);
#4994=VERTEX_POINT('',#4992);
#4995=CARTESIAN_POINT('',(-7.6E0,2.15E0,2.2E0));
#4996=VERTEX_POINT('',#4995);
#4997=CARTESIAN_POINT('',(-7.1E0,2.15E0,2.2E0));
#4998=VERTEX_POINT('',#4997);
#4999=CARTESIAN_POINT('',(8.E0,-2.35E0,2.5E0));
#5000=CARTESIAN_POINT('',(7.1E0,-2.35E0,2.5E0));
#5001=VERTEX_POINT('',#4999);
#5002=VERTEX_POINT('',#5000);
#5003=CARTESIAN_POINT('',(7.6E0,0.E0,4.7E0));
#5004=CARTESIAN_POINT('',(7.6E0,0.E0,3.4E0));
#5005=VERTEX_POINT('',#5003);
#5006=VERTEX_POINT('',#5004);
#5007=CARTESIAN_POINT('',(7.6E0,-2.35E0,3.4E0));
#5008=VERTEX_POINT('',#5007);
#5009=CARTESIAN_POINT('',(7.1E0,0.E0,3.4E0));
#5010=VERTEX_POINT('',#5009);
#5011=CARTESIAN_POINT('',(7.1E0,1.E0,2.5E0));
#5012=CARTESIAN_POINT('',(6.4E0,1.E0,2.5E0));
#5013=VERTEX_POINT('',#5011);
#5014=VERTEX_POINT('',#5012);
#5015=CARTESIAN_POINT('',(7.1E0,1.E0,3.4E0));
#5016=CARTESIAN_POINT('',(6.4E0,1.E0,3.4E0));
#5017=VERTEX_POINT('',#5015);
#5018=VERTEX_POINT('',#5016);
#5019=CARTESIAN_POINT('',(7.6E0,-2.E-1,2.2E0));
#5020=CARTESIAN_POINT('',(7.1E0,-2.E-1,2.2E0));
#5021=VERTEX_POINT('',#5019);
#5022=VERTEX_POINT('',#5020);
#5023=CARTESIAN_POINT('',(7.6E0,-2.E-1,1.2E0));
#5024=VERTEX_POINT('',#5023);
#5025=CARTESIAN_POINT('',(7.1E0,2.15E0,2.2E0));
#5026=VERTEX_POINT('',#5025);
#5027=CARTESIAN_POINT('',(7.6E0,2.15E0,2.2E0));
#5028=VERTEX_POINT('',#5027);
#5029=CARTESIAN_POINT('',(7.1E0,3.E0,0.E0));
#5030=CARTESIAN_POINT('',(7.1E0,-2.E-1,0.E0));
#5031=VERTEX_POINT('',#5029);
#5032=VERTEX_POINT('',#5030);
#5033=CARTESIAN_POINT('',(8.E0,-2.E-1,0.E0));
#5034=VERTEX_POINT('',#5033);
#5035=CARTESIAN_POINT('',(7.1E0,3.E0,5.5E0));
#5036=CARTESIAN_POINT('',(7.1E0,2.15E0,5.5E0));
#5037=VERTEX_POINT('',#5035);
#5038=VERTEX_POINT('',#5036);
#5039=CARTESIAN_POINT('',(8.E0,2.15E0,5.5E0));
#5040=VERTEX_POINT('',#5039);
#5041=CARTESIAN_POINT('',(8.E0,-2.E-1,1.2E0));
#5042=VERTEX_POINT('',#5041);
#5043=CARTESIAN_POINT('',(8.E0,2.15E0,1.2E0));
#5044=VERTEX_POINT('',#5043);
#5045=CARTESIAN_POINT('',(8.E0,2.15E0,2.5E0));
#5046=VERTEX_POINT('',#5045);
#5047=CARTESIAN_POINT('',(8.E0,-2.35E0,4.7E0));
#5048=VERTEX_POINT('',#5047);
#5049=CARTESIAN_POINT('',(8.E0,2.15E0,4.7E0));
#5050=VERTEX_POINT('',#5049);
#5051=CARTESIAN_POINT('',(7.1E0,2.15E0,4.7E0));
#5052=VERTEX_POINT('',#5051);
#5053=CARTESIAN_POINT('',(7.1E0,0.E0,4.7E0));
#5054=VERTEX_POINT('',#5053);
#5055=CARTESIAN_POINT('',(7.1E0,-2.35E0,3.4E0));
#5056=VERTEX_POINT('',#5055);
#5057=CARTESIAN_POINT('',(7.6E0,-2.35E0,4.7E0));
#5058=VERTEX_POINT('',#5057);
#5059=CARTESIAN_POINT('',(7.1E0,3.E0,2.5E0));
#5060=CARTESIAN_POINT('',(6.4E0,3.E0,2.5E0));
#5061=VERTEX_POINT('',#5059);
#5062=VERTEX_POINT('',#5060);
#5063=CARTESIAN_POINT('',(7.1E0,3.E0,3.4E0));
#5064=CARTESIAN_POINT('',(6.4E0,3.E0,3.4E0));
#5065=VERTEX_POINT('',#5063);
#5066=VERTEX_POINT('',#5064);
#5067=CARTESIAN_POINT('',(7.1E0,2.15E0,2.5E0));
#5068=VERTEX_POINT('',#5067);
#5069=CARTESIAN_POINT('',(7.6E0,2.15E0,1.2E0));
#5070=VERTEX_POINT('',#5069);
#5071=CARTESIAN_POINT('',(-6.4E0,2.8E0,6.E-1));
#5072=CARTESIAN_POINT('',(6.4E0,2.8E0,6.E-1));
#5073=VERTEX_POINT('',#5071);
#5074=VERTEX_POINT('',#5072);
#5075=CARTESIAN_POINT('',(-6.4E0,3.E0,4.E-1));
#5076=CARTESIAN_POINT('',(6.4E0,3.E0,4.E-1));
#5077=VERTEX_POINT('',#5075);
#5078=VERTEX_POINT('',#5076);
#5079=CARTESIAN_POINT('',(7.2E0,-2.4E0,2.5E0));
#5080=CARTESIAN_POINT('',(-7.2E0,-2.4E0,2.5E0));
#5081=VERTEX_POINT('',#5079);
#5082=VERTEX_POINT('',#5080);
#5083=CARTESIAN_POINT('',(-7.2E0,-2.4E0,1.E0));
#5084=VERTEX_POINT('',#5083);
#5085=CARTESIAN_POINT('',(7.2E0,-2.4E0,1.E0));
#5086=VERTEX_POINT('',#5085);
#5087=CARTESIAN_POINT('',(-5.E0,-2.4E0,5.1E0));
#5088=CARTESIAN_POINT('',(-5.E0,-2.4E0,4.3E0));
#5089=VERTEX_POINT('',#5087);
#5090=VERTEX_POINT('',#5088);
#5091=CARTESIAN_POINT('',(5.E0,-2.4E0,4.3E0));
#5092=VERTEX_POINT('',#5091);
#5093=CARTESIAN_POINT('',(5.E0,-2.4E0,5.1E0));
#5094=VERTEX_POINT('',#5093);
#5095=CARTESIAN_POINT('',(-5.E0,-3.E0,5.1E0));
#5096=CARTESIAN_POINT('',(-5.E0,-3.E0,4.3E0));
#5097=VERTEX_POINT('',#5095);
#5098=VERTEX_POINT('',#5096);
#5099=CARTESIAN_POINT('',(5.E0,-3.E0,4.3E0));
#5100=VERTEX_POINT('',#5099);
#5101=CARTESIAN_POINT('',(5.E0,-3.E0,5.1E0));
#5102=VERTEX_POINT('',#5101);
#5103=CARTESIAN_POINT('',(-7.2E0,-3.E0,1.E0));
#5104=VERTEX_POINT('',#5103);
#5105=CARTESIAN_POINT('',(-7.2E0,-3.E0,2.5E0));
#5106=VERTEX_POINT('',#5105);
#5107=CARTESIAN_POINT('',(7.2E0,-3.E0,1.E0));
#5108=VERTEX_POINT('',#5107);
#5109=CARTESIAN_POINT('',(7.2E0,-3.E0,2.5E0));
#5110=VERTEX_POINT('',#5109);
#5111=CARTESIAN_POINT('',(4.7E0,-3.E0,1.E-1));
#5112=CARTESIAN_POINT('',(4.7E0,-3.E0,1.E0));
#5113=VERTEX_POINT('',#5111);
#5114=VERTEX_POINT('',#5112);
#5115=CARTESIAN_POINT('',(5.3E0,-3.E0,1.E-1));
#5116=CARTESIAN_POINT('',(5.3E0,-3.E0,1.E0));
#5117=VERTEX_POINT('',#5115);
#5118=VERTEX_POINT('',#5116);
#5119=CARTESIAN_POINT('',(4.7E0,-2.400795777060E0,1.E-1));
#5120=VERTEX_POINT('',#5119);
#5121=CARTESIAN_POINT('',(5.3E0,-2.400795777060E0,1.E-1));
#5122=VERTEX_POINT('',#5121);
#5123=CARTESIAN_POINT('',(4.7E0,-2.400397888530E0,1.E0));
#5124=VERTEX_POINT('',#5123);
#5125=CARTESIAN_POINT('',(5.3E0,-2.400397888530E0,1.E0));
#5126=VERTEX_POINT('',#5125);
#5127=CARTESIAN_POINT('',(2.7E0,-3.E0,1.E-1));
#5128=CARTESIAN_POINT('',(2.7E0,-3.E0,1.E0));
#5129=VERTEX_POINT('',#5127);
#5130=VERTEX_POINT('',#5128);
#5131=CARTESIAN_POINT('',(3.3E0,-3.E0,1.E-1));
#5132=CARTESIAN_POINT('',(3.3E0,-3.E0,1.E0));
#5133=VERTEX_POINT('',#5131);
#5134=VERTEX_POINT('',#5132);
#5135=CARTESIAN_POINT('',(2.7E0,-2.400795777060E0,1.E-1));
#5136=VERTEX_POINT('',#5135);
#5137=CARTESIAN_POINT('',(3.3E0,-2.400795777060E0,1.E-1));
#5138=VERTEX_POINT('',#5137);
#5139=CARTESIAN_POINT('',(2.7E0,-2.400397888530E0,1.E0));
#5140=VERTEX_POINT('',#5139);
#5141=CARTESIAN_POINT('',(3.3E0,-2.400397888530E0,1.E0));
#5142=VERTEX_POINT('',#5141);
#5143=CARTESIAN_POINT('',(7.E-1,-3.E0,1.E-1));
#5144=CARTESIAN_POINT('',(7.E-1,-3.E0,1.E0));
#5145=VERTEX_POINT('',#5143);
#5146=VERTEX_POINT('',#5144);
#5147=CARTESIAN_POINT('',(1.3E0,-3.E0,1.E-1));
#5148=CARTESIAN_POINT('',(1.3E0,-3.E0,1.E0));
#5149=VERTEX_POINT('',#5147);
#5150=VERTEX_POINT('',#5148);
#5151=CARTESIAN_POINT('',(7.E-1,-2.400795777060E0,1.E-1));
#5152=VERTEX_POINT('',#5151);
#5153=CARTESIAN_POINT('',(1.3E0,-2.400795777060E0,1.E-1));
#5154=VERTEX_POINT('',#5153);
#5155=CARTESIAN_POINT('',(7.E-1,-2.400397888530E0,1.E0));
#5156=VERTEX_POINT('',#5155);
#5157=CARTESIAN_POINT('',(1.3E0,-2.400397888530E0,1.E0));
#5158=VERTEX_POINT('',#5157);
#5159=CARTESIAN_POINT('',(-1.3E0,-3.E0,1.E-1));
#5160=CARTESIAN_POINT('',(-1.3E0,-3.E0,1.E0));
#5161=VERTEX_POINT('',#5159);
#5162=VERTEX_POINT('',#5160);
#5163=CARTESIAN_POINT('',(-7.E-1,-3.E0,1.E-1));
#5164=CARTESIAN_POINT('',(-7.E-1,-3.E0,1.E0));
#5165=VERTEX_POINT('',#5163);
#5166=VERTEX_POINT('',#5164);
#5167=CARTESIAN_POINT('',(-1.3E0,-2.400795777060E0,1.E-1));
#5168=VERTEX_POINT('',#5167);
#5169=CARTESIAN_POINT('',(-7.E-1,-2.400795777060E0,1.E-1));
#5170=VERTEX_POINT('',#5169);
#5171=CARTESIAN_POINT('',(-1.3E0,-2.400397888530E0,1.E0));
#5172=VERTEX_POINT('',#5171);
#5173=CARTESIAN_POINT('',(-7.E-1,-2.400397888530E0,1.E0));
#5174=VERTEX_POINT('',#5173);
#5175=CARTESIAN_POINT('',(5.25E0,-3.25E0,2.996265737617E0));
#5176=CARTESIAN_POINT('',(4.75E0,-3.25E0,2.996265737617E0));
#5177=VERTEX_POINT('',#5175);
#5178=VERTEX_POINT('',#5176);
#5179=CARTESIAN_POINT('',(5.25E0,-3.25E0,6.245198331529E-1));
#5180=CARTESIAN_POINT('',(4.75E0,-3.25E0,6.245198331529E-1));
#5181=VERTEX_POINT('',#5179);
#5182=VERTEX_POINT('',#5180);
#5183=CARTESIAN_POINT('',(4.75E0,-2.75E0,6.245198331529E-1));
#5184=CARTESIAN_POINT('',(5.25E0,-2.75E0,6.245198331529E-1));
#5185=VERTEX_POINT('',#5183);
#5186=VERTEX_POINT('',#5184);
#5187=CARTESIAN_POINT('',(5.25E0,-3.474519833153E0,4.E-1));
#5188=CARTESIAN_POINT('',(4.75E0,-3.474519833153E0,4.E-1));
#5189=VERTEX_POINT('',#5187);
#5190=VERTEX_POINT('',#5188);
#5191=CARTESIAN_POINT('',(4.75E0,-3.474519833153E0,-1.E-1));
#5192=CARTESIAN_POINT('',(5.25E0,-3.474519833153E0,-1.E-1));
#5193=VERTEX_POINT('',#5191);
#5194=VERTEX_POINT('',#5192);
#5195=CARTESIAN_POINT('',(4.75E0,-3.E0,2.5E0));
#5196=CARTESIAN_POINT('',(4.75E0,-3.E0,3.510432180699E0));
#5197=VERTEX_POINT('',#5195);
#5198=VERTEX_POINT('',#5196);
#5199=CARTESIAN_POINT('',(5.25E0,-3.E0,2.5E0));
#5200=CARTESIAN_POINT('',(5.25E0,-3.E0,3.510432180699E0));
#5201=VERTEX_POINT('',#5199);
#5202=VERTEX_POINT('',#5200);
#5203=CARTESIAN_POINT('',(5.25E0,-1.8E0,3.65E0));
#5204=CARTESIAN_POINT('',(4.75E0,-1.8E0,3.65E0));
#5205=VERTEX_POINT('',#5203);
#5206=VERTEX_POINT('',#5204);
#5207=CARTESIAN_POINT('',(4.75E0,-1.8E0,3.15E0));
#5208=VERTEX_POINT('',#5207);
#5209=CARTESIAN_POINT('',(5.25E0,-1.8E0,3.15E0));
#5210=VERTEX_POINT('',#5209);
#5211=CARTESIAN_POINT('',(4.75E0,-2.75E0,2.5E0));
#5212=VERTEX_POINT('',#5211);
#5213=CARTESIAN_POINT('',(5.25E0,-2.75E0,2.5E0));
#5214=VERTEX_POINT('',#5213);
#5215=CARTESIAN_POINT('',(5.25E0,1.823155889677E0,3.65E0));
#5216=CARTESIAN_POINT('',(5.25E0,1.823155889677E0,3.15E0));
#5217=VERTEX_POINT('',#5215);
#5218=VERTEX_POINT('',#5216);
#5219=CARTESIAN_POINT('',(5.15E0,2.123155889677E0,3.55E0));
#5220=CARTESIAN_POINT('',(5.15E0,2.123155889677E0,3.25E0));
#5221=VERTEX_POINT('',#5219);
#5222=VERTEX_POINT('',#5220);
#5223=CARTESIAN_POINT('',(4.75E0,1.823155889677E0,3.65E0));
#5224=VERTEX_POINT('',#5223);
#5225=CARTESIAN_POINT('',(4.85E0,2.123155889677E0,3.55E0));
#5226=VERTEX_POINT('',#5225);
#5227=CARTESIAN_POINT('',(4.85E0,2.123155889677E0,3.25E0));
#5228=VERTEX_POINT('',#5227);
#5229=CARTESIAN_POINT('',(4.75E0,1.823155889677E0,3.15E0));
#5230=VERTEX_POINT('',#5229);
#5231=CARTESIAN_POINT('',(5.25E0,-5.2E0,-1.E-1));
#5232=CARTESIAN_POINT('',(5.25E0,-5.2E0,4.E-1));
#5233=VERTEX_POINT('',#5231);
#5234=VERTEX_POINT('',#5232);
#5235=CARTESIAN_POINT('',(5.15E0,-5.5E0,0.E0));
#5236=CARTESIAN_POINT('',(5.15E0,-5.5E0,3.E-1));
#5237=VERTEX_POINT('',#5235);
#5238=VERTEX_POINT('',#5236);
#5239=CARTESIAN_POINT('',(4.85E0,-5.5E0,3.E-1));
#5240=VERTEX_POINT('',#5239);
#5241=CARTESIAN_POINT('',(4.75E0,-5.2E0,4.E-1));
#5242=VERTEX_POINT('',#5241);
#5243=CARTESIAN_POINT('',(4.75E0,-5.2E0,-1.E-1));
#5244=VERTEX_POINT('',#5243);
#5245=CARTESIAN_POINT('',(4.85E0,-5.5E0,0.E0));
#5246=VERTEX_POINT('',#5245);
#5247=CARTESIAN_POINT('',(3.25E0,-3.25E0,2.996265737617E0));
#5248=CARTESIAN_POINT('',(2.75E0,-3.25E0,2.996265737617E0));
#5249=VERTEX_POINT('',#5247);
#5250=VERTEX_POINT('',#5248);
#5251=CARTESIAN_POINT('',(3.25E0,-3.25E0,6.245198331529E-1));
#5252=CARTESIAN_POINT('',(2.75E0,-3.25E0,6.245198331529E-1));
#5253=VERTEX_POINT('',#5251);
#5254=VERTEX_POINT('',#5252);
#5255=CARTESIAN_POINT('',(2.75E0,-2.75E0,6.245198331529E-1));
#5256=CARTESIAN_POINT('',(3.25E0,-2.75E0,6.245198331529E-1));
#5257=VERTEX_POINT('',#5255);
#5258=VERTEX_POINT('',#5256);
#5259=CARTESIAN_POINT('',(3.25E0,-3.474519833153E0,4.E-1));
#5260=CARTESIAN_POINT('',(2.75E0,-3.474519833153E0,4.E-1));
#5261=VERTEX_POINT('',#5259);
#5262=VERTEX_POINT('',#5260);
#5263=CARTESIAN_POINT('',(2.75E0,-3.474519833153E0,-1.E-1));
#5264=CARTESIAN_POINT('',(3.25E0,-3.474519833153E0,-1.E-1));
#5265=VERTEX_POINT('',#5263);
#5266=VERTEX_POINT('',#5264);
#5267=CARTESIAN_POINT('',(3.25E0,-3.E0,3.510432180699E0));
#5268=VERTEX_POINT('',#5267);
#5269=CARTESIAN_POINT('',(2.75E0,-3.E0,3.510432180699E0));
#5270=VERTEX_POINT('',#5269);
#5271=CARTESIAN_POINT('',(2.75E0,-2.75E0,2.5E0));
#5272=VERTEX_POINT('',#5271);
#5273=CARTESIAN_POINT('',(3.25E0,-2.75E0,2.5E0));
#5274=VERTEX_POINT('',#5273);
#5275=CARTESIAN_POINT('',(1.25E0,-3.25E0,2.996265737617E0));
#5276=CARTESIAN_POINT('',(7.5E-1,-3.25E0,2.996265737617E0));
#5277=VERTEX_POINT('',#5275);
#5278=VERTEX_POINT('',#5276);
#5279=CARTESIAN_POINT('',(1.25E0,-3.25E0,6.245198331529E-1));
#5280=CARTESIAN_POINT('',(7.5E-1,-3.25E0,6.245198331529E-1));
#5281=VERTEX_POINT('',#5279);
#5282=VERTEX_POINT('',#5280);
#5283=CARTESIAN_POINT('',(7.5E-1,-2.75E0,6.245198331529E-1));
#5284=CARTESIAN_POINT('',(1.25E0,-2.75E0,6.245198331529E-1));
#5285=VERTEX_POINT('',#5283);
#5286=VERTEX_POINT('',#5284);
#5287=CARTESIAN_POINT('',(1.25E0,-3.474519833153E0,4.E-1));
#5288=CARTESIAN_POINT('',(7.5E-1,-3.474519833153E0,4.E-1));
#5289=VERTEX_POINT('',#5287);
#5290=VERTEX_POINT('',#5288);
#5291=CARTESIAN_POINT('',(7.5E-1,-3.474519833153E0,-1.E-1));
#5292=CARTESIAN_POINT('',(1.25E0,-3.474519833153E0,-1.E-1));
#5293=VERTEX_POINT('',#5291);
#5294=VERTEX_POINT('',#5292);
#5295=CARTESIAN_POINT('',(1.25E0,-3.E0,3.510432180699E0));
#5296=VERTEX_POINT('',#5295);
#5297=CARTESIAN_POINT('',(7.5E-1,-3.E0,3.510432180699E0));
#5298=VERTEX_POINT('',#5297);
#5299=CARTESIAN_POINT('',(7.5E-1,-2.75E0,2.5E0));
#5300=VERTEX_POINT('',#5299);
#5301=CARTESIAN_POINT('',(1.25E0,-2.75E0,2.5E0));
#5302=VERTEX_POINT('',#5301);
#5303=CARTESIAN_POINT('',(-7.5E-1,-3.25E0,2.996265737617E0));
#5304=CARTESIAN_POINT('',(-1.25E0,-3.25E0,2.996265737617E0));
#5305=VERTEX_POINT('',#5303);
#5306=VERTEX_POINT('',#5304);
#5307=CARTESIAN_POINT('',(-7.5E-1,-3.25E0,6.245198331529E-1));
#5308=CARTESIAN_POINT('',(-1.25E0,-3.25E0,6.245198331529E-1));
#5309=VERTEX_POINT('',#5307);
#5310=VERTEX_POINT('',#5308);
#5311=CARTESIAN_POINT('',(-1.25E0,-2.75E0,6.245198331529E-1));
#5312=CARTESIAN_POINT('',(-7.5E-1,-2.75E0,6.245198331529E-1));
#5313=VERTEX_POINT('',#5311);
#5314=VERTEX_POINT('',#5312);
#5315=CARTESIAN_POINT('',(-7.5E-1,-3.474519833153E0,4.E-1));
#5316=CARTESIAN_POINT('',(-1.25E0,-3.474519833153E0,4.E-1));
#5317=VERTEX_POINT('',#5315);
#5318=VERTEX_POINT('',#5316);
#5319=CARTESIAN_POINT('',(-1.25E0,-3.474519833153E0,-1.E-1));
#5320=CARTESIAN_POINT('',(-7.5E-1,-3.474519833153E0,-1.E-1));
#5321=VERTEX_POINT('',#5319);
#5322=VERTEX_POINT('',#5320);
#5323=CARTESIAN_POINT('',(-7.5E-1,-3.E0,3.510432180699E0));
#5324=VERTEX_POINT('',#5323);
#5325=CARTESIAN_POINT('',(-1.25E0,-3.E0,3.510432180699E0));
#5326=VERTEX_POINT('',#5325);
#5327=CARTESIAN_POINT('',(-1.25E0,-2.75E0,2.5E0));
#5328=VERTEX_POINT('',#5327);
#5329=CARTESIAN_POINT('',(-7.5E-1,-2.75E0,2.5E0));
#5330=VERTEX_POINT('',#5329);
#5331=CARTESIAN_POINT('',(2.75E0,-3.E0,2.5E0));
#5332=VERTEX_POINT('',#5331);
#5333=CARTESIAN_POINT('',(3.25E0,-3.E0,2.5E0));
#5334=VERTEX_POINT('',#5333);
#5335=CARTESIAN_POINT('',(3.25E0,-1.8E0,3.65E0));
#5336=CARTESIAN_POINT('',(2.75E0,-1.8E0,3.65E0));
#5337=VERTEX_POINT('',#5335);
#5338=VERTEX_POINT('',#5336);
#5339=CARTESIAN_POINT('',(2.75E0,-1.8E0,3.15E0));
#5340=VERTEX_POINT('',#5339);
#5341=CARTESIAN_POINT('',(3.25E0,-1.8E0,3.15E0));
#5342=VERTEX_POINT('',#5341);
#5343=CARTESIAN_POINT('',(3.25E0,1.823155889677E0,3.65E0));
#5344=CARTESIAN_POINT('',(3.25E0,1.823155889677E0,3.15E0));
#5345=VERTEX_POINT('',#5343);
#5346=VERTEX_POINT('',#5344);
#5347=CARTESIAN_POINT('',(3.15E0,2.123155889677E0,3.55E0));
#5348=CARTESIAN_POINT('',(3.15E0,2.123155889677E0,3.25E0));
#5349=VERTEX_POINT('',#5347);
#5350=VERTEX_POINT('',#5348);
#5351=CARTESIAN_POINT('',(2.75E0,1.823155889677E0,3.65E0));
#5352=VERTEX_POINT('',#5351);
#5353=CARTESIAN_POINT('',(2.85E0,2.123155889677E0,3.55E0));
#5354=VERTEX_POINT('',#5353);
#5355=CARTESIAN_POINT('',(2.85E0,2.123155889677E0,3.25E0));
#5356=VERTEX_POINT('',#5355);
#5357=CARTESIAN_POINT('',(2.75E0,1.823155889677E0,3.15E0));
#5358=VERTEX_POINT('',#5357);
#5359=CARTESIAN_POINT('',(3.25E0,-5.2E0,-1.E-1));
#5360=CARTESIAN_POINT('',(3.25E0,-5.2E0,4.E-1));
#5361=VERTEX_POINT('',#5359);
#5362=VERTEX_POINT('',#5360);
#5363=CARTESIAN_POINT('',(3.15E0,-5.5E0,0.E0));
#5364=CARTESIAN_POINT('',(3.15E0,-5.5E0,3.E-1));
#5365=VERTEX_POINT('',#5363);
#5366=VERTEX_POINT('',#5364);
#5367=CARTESIAN_POINT('',(2.85E0,-5.5E0,3.E-1));
#5368=VERTEX_POINT('',#5367);
#5369=CARTESIAN_POINT('',(2.75E0,-5.2E0,4.E-1));
#5370=VERTEX_POINT('',#5369);
#5371=CARTESIAN_POINT('',(2.75E0,-5.2E0,-1.E-1));
#5372=VERTEX_POINT('',#5371);
#5373=CARTESIAN_POINT('',(2.85E0,-5.5E0,0.E0));
#5374=VERTEX_POINT('',#5373);
#5375=CARTESIAN_POINT('',(7.5E-1,-3.E0,2.5E0));
#5376=VERTEX_POINT('',#5375);
#5377=CARTESIAN_POINT('',(1.25E0,-3.E0,2.5E0));
#5378=VERTEX_POINT('',#5377);
#5379=CARTESIAN_POINT('',(1.25E0,-1.8E0,3.65E0));
#5380=CARTESIAN_POINT('',(7.5E-1,-1.8E0,3.65E0));
#5381=VERTEX_POINT('',#5379);
#5382=VERTEX_POINT('',#5380);
#5383=CARTESIAN_POINT('',(7.5E-1,-1.8E0,3.15E0));
#5384=VERTEX_POINT('',#5383);
#5385=CARTESIAN_POINT('',(1.25E0,-1.8E0,3.15E0));
#5386=VERTEX_POINT('',#5385);
#5387=CARTESIAN_POINT('',(1.25E0,1.823155889677E0,3.65E0));
#5388=CARTESIAN_POINT('',(1.25E0,1.823155889677E0,3.15E0));
#5389=VERTEX_POINT('',#5387);
#5390=VERTEX_POINT('',#5388);
#5391=CARTESIAN_POINT('',(1.15E0,2.123155889677E0,3.55E0));
#5392=CARTESIAN_POINT('',(1.15E0,2.123155889677E0,3.25E0));
#5393=VERTEX_POINT('',#5391);
#5394=VERTEX_POINT('',#5392);
#5395=CARTESIAN_POINT('',(7.5E-1,1.823155889677E0,3.65E0));
#5396=VERTEX_POINT('',#5395);
#5397=CARTESIAN_POINT('',(8.5E-1,2.123155889677E0,3.55E0));
#5398=VERTEX_POINT('',#5397);
#5399=CARTESIAN_POINT('',(8.5E-1,2.123155889677E0,3.25E0));
#5400=VERTEX_POINT('',#5399);
#5401=CARTESIAN_POINT('',(7.5E-1,1.823155889677E0,3.15E0));
#5402=VERTEX_POINT('',#5401);
#5403=CARTESIAN_POINT('',(1.25E0,-5.2E0,-1.E-1));
#5404=CARTESIAN_POINT('',(1.25E0,-5.2E0,4.E-1));
#5405=VERTEX_POINT('',#5403);
#5406=VERTEX_POINT('',#5404);
#5407=CARTESIAN_POINT('',(1.15E0,-5.5E0,0.E0));
#5408=CARTESIAN_POINT('',(1.15E0,-5.5E0,3.E-1));
#5409=VERTEX_POINT('',#5407);
#5410=VERTEX_POINT('',#5408);
#5411=CARTESIAN_POINT('',(8.5E-1,-5.5E0,3.E-1));
#5412=VERTEX_POINT('',#5411);
#5413=CARTESIAN_POINT('',(7.5E-1,-5.2E0,4.E-1));
#5414=VERTEX_POINT('',#5413);
#5415=CARTESIAN_POINT('',(7.5E-1,-5.2E0,-1.E-1));
#5416=VERTEX_POINT('',#5415);
#5417=CARTESIAN_POINT('',(8.5E-1,-5.5E0,0.E0));
#5418=VERTEX_POINT('',#5417);
#5419=CARTESIAN_POINT('',(-1.25E0,-3.E0,2.5E0));
#5420=VERTEX_POINT('',#5419);
#5421=CARTESIAN_POINT('',(-7.5E-1,-3.E0,2.5E0));
#5422=VERTEX_POINT('',#5421);
#5423=CARTESIAN_POINT('',(-7.5E-1,-1.8E0,3.65E0));
#5424=CARTESIAN_POINT('',(-1.25E0,-1.8E0,3.65E0));
#5425=VERTEX_POINT('',#5423);
#5426=VERTEX_POINT('',#5424);
#5427=CARTESIAN_POINT('',(-1.25E0,-1.8E0,3.15E0));
#5428=VERTEX_POINT('',#5427);
#5429=CARTESIAN_POINT('',(-7.5E-1,-1.8E0,3.15E0));
#5430=VERTEX_POINT('',#5429);
#5431=CARTESIAN_POINT('',(-7.5E-1,1.823155889677E0,3.65E0));
#5432=CARTESIAN_POINT('',(-7.5E-1,1.823155889677E0,3.15E0));
#5433=VERTEX_POINT('',#5431);
#5434=VERTEX_POINT('',#5432);
#5435=CARTESIAN_POINT('',(-8.5E-1,2.123155889677E0,3.55E0));
#5436=CARTESIAN_POINT('',(-8.5E-1,2.123155889677E0,3.25E0));
#5437=VERTEX_POINT('',#5435);
#5438=VERTEX_POINT('',#5436);
#5439=CARTESIAN_POINT('',(-1.25E0,1.823155889677E0,3.65E0));
#5440=VERTEX_POINT('',#5439);
#5441=CARTESIAN_POINT('',(-1.15E0,2.123155889677E0,3.55E0));
#5442=VERTEX_POINT('',#5441);
#5443=CARTESIAN_POINT('',(-1.15E0,2.123155889677E0,3.25E0));
#5444=VERTEX_POINT('',#5443);
#5445=CARTESIAN_POINT('',(-1.25E0,1.823155889677E0,3.15E0));
#5446=VERTEX_POINT('',#5445);
#5447=CARTESIAN_POINT('',(-7.5E-1,-5.2E0,-1.E-1));
#5448=CARTESIAN_POINT('',(-7.5E-1,-5.2E0,4.E-1));
#5449=VERTEX_POINT('',#5447);
#5450=VERTEX_POINT('',#5448);
#5451=CARTESIAN_POINT('',(-8.5E-1,-5.5E0,0.E0));
#5452=CARTESIAN_POINT('',(-8.5E-1,-5.5E0,3.E-1));
#5453=VERTEX_POINT('',#5451);
#5454=VERTEX_POINT('',#5452);
#5455=CARTESIAN_POINT('',(-1.15E0,-5.5E0,3.E-1));
#5456=VERTEX_POINT('',#5455);
#5457=CARTESIAN_POINT('',(-1.25E0,-5.2E0,4.E-1));
#5458=VERTEX_POINT('',#5457);
#5459=CARTESIAN_POINT('',(-1.25E0,-5.2E0,-1.E-1));
#5460=VERTEX_POINT('',#5459);
#5461=CARTESIAN_POINT('',(-1.15E0,-5.5E0,0.E0));
#5462=VERTEX_POINT('',#5461);
#5463=CARTESIAN_POINT('',(-3.3E0,-3.E0,1.E-1));
#5464=CARTESIAN_POINT('',(-3.3E0,-3.E0,1.E0));
#5465=VERTEX_POINT('',#5463);
#5466=VERTEX_POINT('',#5464);
#5467=CARTESIAN_POINT('',(-2.7E0,-3.E0,1.E-1));
#5468=CARTESIAN_POINT('',(-2.7E0,-3.E0,1.E0));
#5469=VERTEX_POINT('',#5467);
#5470=VERTEX_POINT('',#5468);
#5471=CARTESIAN_POINT('',(-3.3E0,-2.400795777060E0,1.E-1));
#5472=VERTEX_POINT('',#5471);
#5473=CARTESIAN_POINT('',(-2.7E0,-2.400795777060E0,1.E-1));
#5474=VERTEX_POINT('',#5473);
#5475=CARTESIAN_POINT('',(-3.3E0,-2.400397888530E0,1.E0));
#5476=VERTEX_POINT('',#5475);
#5477=CARTESIAN_POINT('',(-2.7E0,-2.400397888530E0,1.E0));
#5478=VERTEX_POINT('',#5477);
#5479=CARTESIAN_POINT('',(-2.75E0,-3.25E0,2.996265737617E0));
#5480=CARTESIAN_POINT('',(-3.25E0,-3.25E0,2.996265737617E0));
#5481=VERTEX_POINT('',#5479);
#5482=VERTEX_POINT('',#5480);
#5483=CARTESIAN_POINT('',(-2.75E0,-3.25E0,6.245198331529E-1));
#5484=CARTESIAN_POINT('',(-3.25E0,-3.25E0,6.245198331529E-1));
#5485=VERTEX_POINT('',#5483);
#5486=VERTEX_POINT('',#5484);
#5487=CARTESIAN_POINT('',(-3.25E0,-2.75E0,6.245198331529E-1));
#5488=CARTESIAN_POINT('',(-2.75E0,-2.75E0,6.245198331529E-1));
#5489=VERTEX_POINT('',#5487);
#5490=VERTEX_POINT('',#5488);
#5491=CARTESIAN_POINT('',(-2.75E0,-3.474519833153E0,4.E-1));
#5492=CARTESIAN_POINT('',(-3.25E0,-3.474519833153E0,4.E-1));
#5493=VERTEX_POINT('',#5491);
#5494=VERTEX_POINT('',#5492);
#5495=CARTESIAN_POINT('',(-3.25E0,-3.474519833153E0,-1.E-1));
#5496=CARTESIAN_POINT('',(-2.75E0,-3.474519833153E0,-1.E-1));
#5497=VERTEX_POINT('',#5495);
#5498=VERTEX_POINT('',#5496);
#5499=CARTESIAN_POINT('',(-2.75E0,-3.E0,3.510432180699E0));
#5500=VERTEX_POINT('',#5499);
#5501=CARTESIAN_POINT('',(-3.25E0,-3.E0,3.510432180699E0));
#5502=VERTEX_POINT('',#5501);
#5503=CARTESIAN_POINT('',(-3.25E0,-2.75E0,2.5E0));
#5504=VERTEX_POINT('',#5503);
#5505=CARTESIAN_POINT('',(-2.75E0,-2.75E0,2.5E0));
#5506=VERTEX_POINT('',#5505);
#5507=CARTESIAN_POINT('',(-3.25E0,-3.E0,2.5E0));
#5508=VERTEX_POINT('',#5507);
#5509=CARTESIAN_POINT('',(-2.75E0,-3.E0,2.5E0));
#5510=VERTEX_POINT('',#5509);
#5511=CARTESIAN_POINT('',(-2.75E0,-1.8E0,3.65E0));
#5512=CARTESIAN_POINT('',(-3.25E0,-1.8E0,3.65E0));
#5513=VERTEX_POINT('',#5511);
#5514=VERTEX_POINT('',#5512);
#5515=CARTESIAN_POINT('',(-3.25E0,-1.8E0,3.15E0));
#5516=VERTEX_POINT('',#5515);
#5517=CARTESIAN_POINT('',(-2.75E0,-1.8E0,3.15E0));
#5518=VERTEX_POINT('',#5517);
#5519=CARTESIAN_POINT('',(-2.75E0,1.823155889677E0,3.65E0));
#5520=CARTESIAN_POINT('',(-2.75E0,1.823155889677E0,3.15E0));
#5521=VERTEX_POINT('',#5519);
#5522=VERTEX_POINT('',#5520);
#5523=CARTESIAN_POINT('',(-2.85E0,2.123155889677E0,3.55E0));
#5524=CARTESIAN_POINT('',(-2.85E0,2.123155889677E0,3.25E0));
#5525=VERTEX_POINT('',#5523);
#5526=VERTEX_POINT('',#5524);
#5527=CARTESIAN_POINT('',(-3.25E0,1.823155889677E0,3.65E0));
#5528=VERTEX_POINT('',#5527);
#5529=CARTESIAN_POINT('',(-3.15E0,2.123155889677E0,3.55E0));
#5530=VERTEX_POINT('',#5529);
#5531=CARTESIAN_POINT('',(-3.15E0,2.123155889677E0,3.25E0));
#5532=VERTEX_POINT('',#5531);
#5533=CARTESIAN_POINT('',(-3.25E0,1.823155889677E0,3.15E0));
#5534=VERTEX_POINT('',#5533);
#5535=CARTESIAN_POINT('',(-2.75E0,-5.2E0,-1.E-1));
#5536=CARTESIAN_POINT('',(-2.75E0,-5.2E0,4.E-1));
#5537=VERTEX_POINT('',#5535);
#5538=VERTEX_POINT('',#5536);
#5539=CARTESIAN_POINT('',(-2.85E0,-5.5E0,0.E0));
#5540=CARTESIAN_POINT('',(-2.85E0,-5.5E0,3.E-1));
#5541=VERTEX_POINT('',#5539);
#5542=VERTEX_POINT('',#5540);
#5543=CARTESIAN_POINT('',(-3.15E0,-5.5E0,3.E-1));
#5544=VERTEX_POINT('',#5543);
#5545=CARTESIAN_POINT('',(-3.25E0,-5.2E0,4.E-1));
#5546=VERTEX_POINT('',#5545);
#5547=CARTESIAN_POINT('',(-3.25E0,-5.2E0,-1.E-1));
#5548=VERTEX_POINT('',#5547);
#5549=CARTESIAN_POINT('',(-3.15E0,-5.5E0,0.E0));
#5550=VERTEX_POINT('',#5549);
#5551=CARTESIAN_POINT('',(-5.3E0,-3.E0,1.E-1));
#5552=CARTESIAN_POINT('',(-5.3E0,-3.E0,1.E0));
#5553=VERTEX_POINT('',#5551);
#5554=VERTEX_POINT('',#5552);
#5555=CARTESIAN_POINT('',(-4.7E0,-3.E0,1.E-1));
#5556=CARTESIAN_POINT('',(-4.7E0,-3.E0,1.E0));
#5557=VERTEX_POINT('',#5555);
#5558=VERTEX_POINT('',#5556);
#5559=CARTESIAN_POINT('',(-5.3E0,-2.400795777060E0,1.E-1));
#5560=VERTEX_POINT('',#5559);
#5561=CARTESIAN_POINT('',(-4.7E0,-2.400795777060E0,1.E-1));
#5562=VERTEX_POINT('',#5561);
#5563=CARTESIAN_POINT('',(-5.3E0,-2.400397888530E0,1.E0));
#5564=VERTEX_POINT('',#5563);
#5565=CARTESIAN_POINT('',(-4.7E0,-2.400397888530E0,1.E0));
#5566=VERTEX_POINT('',#5565);
#5567=CARTESIAN_POINT('',(-4.75E0,-3.25E0,2.996265737617E0));
#5568=CARTESIAN_POINT('',(-5.25E0,-3.25E0,2.996265737617E0));
#5569=VERTEX_POINT('',#5567);
#5570=VERTEX_POINT('',#5568);
#5571=CARTESIAN_POINT('',(-4.75E0,-3.25E0,6.245198331529E-1));
#5572=CARTESIAN_POINT('',(-5.25E0,-3.25E0,6.245198331529E-1));
#5573=VERTEX_POINT('',#5571);
#5574=VERTEX_POINT('',#5572);
#5575=CARTESIAN_POINT('',(-5.25E0,-2.75E0,6.245198331529E-1));
#5576=CARTESIAN_POINT('',(-4.75E0,-2.75E0,6.245198331529E-1));
#5577=VERTEX_POINT('',#5575);
#5578=VERTEX_POINT('',#5576);
#5579=CARTESIAN_POINT('',(-4.75E0,-3.474519833153E0,4.E-1));
#5580=CARTESIAN_POINT('',(-5.25E0,-3.474519833153E0,4.E-1));
#5581=VERTEX_POINT('',#5579);
#5582=VERTEX_POINT('',#5580);
#5583=CARTESIAN_POINT('',(-5.25E0,-3.474519833153E0,-1.E-1));
#5584=CARTESIAN_POINT('',(-4.75E0,-3.474519833153E0,-1.E-1));
#5585=VERTEX_POINT('',#5583);
#5586=VERTEX_POINT('',#5584);
#5587=CARTESIAN_POINT('',(-4.75E0,-3.E0,3.510432180699E0));
#5588=VERTEX_POINT('',#5587);
#5589=CARTESIAN_POINT('',(-5.25E0,-3.E0,3.510432180699E0));
#5590=VERTEX_POINT('',#5589);
#5591=CARTESIAN_POINT('',(-5.25E0,-2.75E0,2.5E0));
#5592=VERTEX_POINT('',#5591);
#5593=CARTESIAN_POINT('',(-4.75E0,-2.75E0,2.5E0));
#5594=VERTEX_POINT('',#5593);
#5595=CARTESIAN_POINT('',(-5.25E0,-3.E0,2.5E0));
#5596=VERTEX_POINT('',#5595);
#5597=CARTESIAN_POINT('',(-4.75E0,-3.E0,2.5E0));
#5598=VERTEX_POINT('',#5597);
#5599=CARTESIAN_POINT('',(-4.75E0,-1.8E0,3.65E0));
#5600=CARTESIAN_POINT('',(-5.25E0,-1.8E0,3.65E0));
#5601=VERTEX_POINT('',#5599);
#5602=VERTEX_POINT('',#5600);
#5603=CARTESIAN_POINT('',(-5.25E0,-1.8E0,3.15E0));
#5604=VERTEX_POINT('',#5603);
#5605=CARTESIAN_POINT('',(-4.75E0,-1.8E0,3.15E0));
#5606=VERTEX_POINT('',#5605);
#5607=CARTESIAN_POINT('',(-4.75E0,1.823155889677E0,3.65E0));
#5608=CARTESIAN_POINT('',(-4.75E0,1.823155889677E0,3.15E0));
#5609=VERTEX_POINT('',#5607);
#5610=VERTEX_POINT('',#5608);
#5611=CARTESIAN_POINT('',(-4.85E0,2.123155889677E0,3.55E0));
#5612=CARTESIAN_POINT('',(-4.85E0,2.123155889677E0,3.25E0));
#5613=VERTEX_POINT('',#5611);
#5614=VERTEX_POINT('',#5612);
#5615=CARTESIAN_POINT('',(-5.25E0,1.823155889677E0,3.65E0));
#5616=VERTEX_POINT('',#5615);
#5617=CARTESIAN_POINT('',(-5.15E0,2.123155889677E0,3.55E0));
#5618=VERTEX_POINT('',#5617);
#5619=CARTESIAN_POINT('',(-5.15E0,2.123155889677E0,3.25E0));
#5620=VERTEX_POINT('',#5619);
#5621=CARTESIAN_POINT('',(-5.25E0,1.823155889677E0,3.15E0));
#5622=VERTEX_POINT('',#5621);
#5623=CARTESIAN_POINT('',(-4.75E0,-5.2E0,-1.E-1));
#5624=CARTESIAN_POINT('',(-4.75E0,-5.2E0,4.E-1));
#5625=VERTEX_POINT('',#5623);
#5626=VERTEX_POINT('',#5624);
#5627=CARTESIAN_POINT('',(-4.85E0,-5.5E0,0.E0));
#5628=CARTESIAN_POINT('',(-4.85E0,-5.5E0,3.E-1));
#5629=VERTEX_POINT('',#5627);
#5630=VERTEX_POINT('',#5628);
#5631=CARTESIAN_POINT('',(-5.15E0,-5.5E0,3.E-1));
#5632=VERTEX_POINT('',#5631);
#5633=CARTESIAN_POINT('',(-5.25E0,-5.2E0,4.E-1));
#5634=VERTEX_POINT('',#5633);
#5635=CARTESIAN_POINT('',(-5.25E0,-5.2E0,-1.E-1));
#5636=VERTEX_POINT('',#5635);
#5637=CARTESIAN_POINT('',(-5.15E0,-5.5E0,0.E0));
#5638=VERTEX_POINT('',#5637);
#5639=CARTESIAN_POINT('',(3.9E0,1.E0,8.5E-1));
#5640=CARTESIAN_POINT('',(4.1E0,1.E0,8.5E-1));
#5641=VERTEX_POINT('',#5639);
#5642=VERTEX_POINT('',#5640);
#5643=CARTESIAN_POINT('',(3.9E0,-1.8E0,6.E-1));
#5644=CARTESIAN_POINT('',(3.9E0,-1.8E0,8.5E-1));
#5645=VERTEX_POINT('',#5643);
#5646=VERTEX_POINT('',#5644);
#5647=CARTESIAN_POINT('',(4.1E0,-1.8E0,8.5E-1));
#5648=VERTEX_POINT('',#5647);
#5649=CARTESIAN_POINT('',(4.1E0,-1.8E0,6.E-1));
#5650=VERTEX_POINT('',#5649);
#5651=CARTESIAN_POINT('',(4.1E0,1.E0,6.E-1));
#5652=CARTESIAN_POINT('',(3.9E0,1.E0,6.E-1));
#5653=VERTEX_POINT('',#5651);
#5654=VERTEX_POINT('',#5652);
#5655=CARTESIAN_POINT('',(1.9E0,1.E0,8.5E-1));
#5656=CARTESIAN_POINT('',(2.1E0,1.E0,8.5E-1));
#5657=VERTEX_POINT('',#5655);
#5658=VERTEX_POINT('',#5656);
#5659=CARTESIAN_POINT('',(1.9E0,-1.8E0,6.E-1));
#5660=CARTESIAN_POINT('',(1.9E0,-1.8E0,8.5E-1));
#5661=VERTEX_POINT('',#5659);
#5662=VERTEX_POINT('',#5660);
#5663=CARTESIAN_POINT('',(2.1E0,-1.8E0,8.5E-1));
#5664=VERTEX_POINT('',#5663);
#5665=CARTESIAN_POINT('',(2.1E0,-1.8E0,6.E-1));
#5666=VERTEX_POINT('',#5665);
#5667=CARTESIAN_POINT('',(2.1E0,1.E0,6.E-1));
#5668=CARTESIAN_POINT('',(1.9E0,1.E0,6.E-1));
#5669=VERTEX_POINT('',#5667);
#5670=VERTEX_POINT('',#5668);
#5671=CARTESIAN_POINT('',(-1.E-1,1.E0,8.5E-1));
#5672=CARTESIAN_POINT('',(1.E-1,1.E0,8.5E-1));
#5673=VERTEX_POINT('',#5671);
#5674=VERTEX_POINT('',#5672);
#5675=CARTESIAN_POINT('',(-1.E-1,-1.8E0,6.E-1));
#5676=CARTESIAN_POINT('',(-1.E-1,-1.8E0,8.5E-1));
#5677=VERTEX_POINT('',#5675);
#5678=VERTEX_POINT('',#5676);
#5679=CARTESIAN_POINT('',(1.E-1,-1.8E0,8.5E-1));
#5680=VERTEX_POINT('',#5679);
#5681=CARTESIAN_POINT('',(1.E-1,-1.8E0,6.E-1));
#5682=VERTEX_POINT('',#5681);
#5683=CARTESIAN_POINT('',(1.E-1,1.E0,6.E-1));
#5684=CARTESIAN_POINT('',(-1.E-1,1.E0,6.E-1));
#5685=VERTEX_POINT('',#5683);
#5686=VERTEX_POINT('',#5684);
#5687=CARTESIAN_POINT('',(-2.1E0,1.E0,8.5E-1));
#5688=CARTESIAN_POINT('',(-1.9E0,1.E0,8.5E-1));
#5689=VERTEX_POINT('',#5687);
#5690=VERTEX_POINT('',#5688);
#5691=CARTESIAN_POINT('',(-2.1E0,-1.8E0,6.E-1));
#5692=CARTESIAN_POINT('',(-2.1E0,-1.8E0,8.5E-1));
#5693=VERTEX_POINT('',#5691);
#5694=VERTEX_POINT('',#5692);
#5695=CARTESIAN_POINT('',(-1.9E0,-1.8E0,8.5E-1));
#5696=VERTEX_POINT('',#5695);
#5697=CARTESIAN_POINT('',(-1.9E0,-1.8E0,6.E-1));
#5698=VERTEX_POINT('',#5697);
#5699=CARTESIAN_POINT('',(-1.9E0,1.E0,6.E-1));
#5700=CARTESIAN_POINT('',(-2.1E0,1.E0,6.E-1));
#5701=VERTEX_POINT('',#5699);
#5702=VERTEX_POINT('',#5700);
#5703=CARTESIAN_POINT('',(-4.1E0,1.E0,8.5E-1));
#5704=CARTESIAN_POINT('',(-3.9E0,1.E0,8.5E-1));
#5705=VERTEX_POINT('',#5703);
#5706=VERTEX_POINT('',#5704);
#5707=CARTESIAN_POINT('',(-4.1E0,-1.8E0,6.E-1));
#5708=CARTESIAN_POINT('',(-4.1E0,-1.8E0,8.5E-1));
#5709=VERTEX_POINT('',#5707);
#5710=VERTEX_POINT('',#5708);
#5711=CARTESIAN_POINT('',(-3.9E0,-1.8E0,8.5E-1));
#5712=VERTEX_POINT('',#5711);
#5713=CARTESIAN_POINT('',(-3.9E0,-1.8E0,6.E-1));
#5714=VERTEX_POINT('',#5713);
#5715=CARTESIAN_POINT('',(-3.9E0,1.E0,6.E-1));
#5716=CARTESIAN_POINT('',(-4.1E0,1.E0,6.E-1));
#5717=VERTEX_POINT('',#5715);
#5718=VERTEX_POINT('',#5716);
#5719=CARTESIAN_POINT('',(-8.01E0,-1.254641750960E0,1.375397449486E0));
#5720=CARTESIAN_POINT('',(-8.01E0,-1.106629679139E0,1.375397449486E0));
#5721=VERTEX_POINT('',#5719);
#5722=VERTEX_POINT('',#5720);
#5723=CARTESIAN_POINT('',(-8.01E0,-2.340747114350E0,1.737103845572E0));
#5724=CARTESIAN_POINT('',(-8.01E0,-2.340747114350E0,1.767531966271E0));
#5725=VERTEX_POINT('',#5723);
#5726=VERTEX_POINT('',#5724);
#5727=CARTESIAN_POINT('',(-8.01E0,-2.234453365364E0,1.767531966271E0));
#5728=VERTEX_POINT('',#5727);
#5729=CARTESIAN_POINT('',(-8.01E0,-2.234453365364E0,2.003998034296E0));
#5730=VERTEX_POINT('',#5729);
#5731=CARTESIAN_POINT('',(-8.01E0,-2.2E0,2.003998034296E0));
#5732=VERTEX_POINT('',#5731);
#5733=CARTESIAN_POINT('',(-8.01E0,-2.2E0,1.737103845572E0));
#5734=VERTEX_POINT('',#5733);
#5735=VERTEX_POINT('',#3644);
#5736=VERTEX_POINT('',#3647);
#5737=VERTEX_POINT('',#3672);
#5738=VERTEX_POINT('',#3662);
#5739=CARTESIAN_POINT('',(-8.01E0,-2.748456641911E0,1.737103845572E0));
#5740=CARTESIAN_POINT('',(-8.01E0,-2.748456641911E0,1.767531966271E0));
#5741=VERTEX_POINT('',#5739);
#5742=VERTEX_POINT('',#5740);
#5743=CARTESIAN_POINT('',(-8.01E0,-2.639365689004E0,1.767531966271E0));
#5744=VERTEX_POINT('',#5743);
#5745=CARTESIAN_POINT('',(-8.01E0,-2.639365689004E0,1.857315389675E0));
#5746=VERTEX_POINT('',#5745);
#5747=CARTESIAN_POINT('',(-8.01E0,-2.734811744736E0,1.857315389675E0));
#5748=VERTEX_POINT('',#5747);
#5749=CARTESIAN_POINT('',(-8.01E0,-2.734811744736E0,1.887879959345E0));
#5750=VERTEX_POINT('',#5749);
#5751=CARTESIAN_POINT('',(-8.01E0,-2.639365689004E0,1.887879959345E0));
#5752=VERTEX_POINT('',#5751);
#5753=CARTESIAN_POINT('',(-8.01E0,-2.639365689004E0,1.973297015655E0));
#5754=VERTEX_POINT('',#5753);
#5755=CARTESIAN_POINT('',(-8.01E0,-2.742384662667E0,1.973297015655E0));
#5756=VERTEX_POINT('',#5755);
#5757=CARTESIAN_POINT('',(-8.01E0,-2.742384662667E0,2.003998034296E0));
#5758=VERTEX_POINT('',#5757);
#5759=CARTESIAN_POINT('',(-8.01E0,-2.604912323640E0,2.003998034296E0));
#5760=VERTEX_POINT('',#5759);
#5761=CARTESIAN_POINT('',(-8.01E0,-2.604912323640E0,1.737103845572E0));
#5762=VERTEX_POINT('',#5761);
#5763=VERTEX_POINT('',#3722);
#5764=VERTEX_POINT('',#3725);
#5765=VERTEX_POINT('',#3743);
#5766=VERTEX_POINT('',#3735);
#5767=VERTEX_POINT('',#3745);
#5768=VERTEX_POINT('',#3748);
#5769=VERTEX_POINT('',#3766);
#5770=VERTEX_POINT('',#3758);
#5771=VERTEX_POINT('',#3768);
#5772=VERTEX_POINT('',#3771);
#5773=VERTEX_POINT('',#3791);
#5774=VERTEX_POINT('',#3786);
#5775=VERTEX_POINT('',#3781);
#5776=CARTESIAN_POINT('',(-8.01E0,-3.271124428165E0,1.737103845572E0));
#5777=CARTESIAN_POINT('',(-8.01E0,-3.169469944217E0,2.003998034296E0));
#5778=VERTEX_POINT('',#5776);
#5779=VERTEX_POINT('',#5777);
#5780=CARTESIAN_POINT('',(-8.01E0,-3.132628721847E0,2.003998034296E0));
#5781=VERTEX_POINT('',#5780);
#5782=CARTESIAN_POINT('',(-8.01E0,-3.030974237901E0,1.737103845572E0));
#5783=VERTEX_POINT('',#5782);
#5784=CARTESIAN_POINT('',(-8.01E0,-3.069043501015E0,1.737103845572E0));
#5785=VERTEX_POINT('',#5784);
#5786=CARTESIAN_POINT('',(-8.01E0,-3.094695907706E0,1.810104045452E0));
#5787=VERTEX_POINT('',#5786);
#5788=CARTESIAN_POINT('',(-8.01E0,-3.205833595189E0,1.810104045452E0));
#5789=VERTEX_POINT('',#5788);
#5790=CARTESIAN_POINT('',(-8.01E0,-3.233055165050E0,1.737103845572E0));
#5791=VERTEX_POINT('',#5790);
#5792=CARTESIAN_POINT('',(-8.01E0,-2.343544318271E0,1.313702686261E0));
#5793=CARTESIAN_POINT('',(-8.01E0,-2.343544318271E0,1.344130806960E0));
#5794=VERTEX_POINT('',#5792);
#5795=VERTEX_POINT('',#5793);
#5796=CARTESIAN_POINT('',(-8.01E0,-2.234453365364E0,1.344130806960E0));
#5797=VERTEX_POINT('',#5796);
#5798=CARTESIAN_POINT('',(-8.01E0,-2.234453365364E0,1.433914230364E0));
#5799=VERTEX_POINT('',#5798);
#5800=CARTESIAN_POINT('',(-8.01E0,-2.329899421096E0,1.433914230364E0));
#5801=VERTEX_POINT('',#5800);
#5802=CARTESIAN_POINT('',(-8.01E0,-2.329899421096E0,1.464478800034E0));
#5803=VERTEX_POINT('',#5802);
#5804=CARTESIAN_POINT('',(-8.01E0,-2.234453365364E0,1.464478800034E0));
#5805=VERTEX_POINT('',#5804);
#5806=CARTESIAN_POINT('',(-8.01E0,-2.234453365364E0,1.549895856345E0));
#5807=VERTEX_POINT('',#5806);
#5808=CARTESIAN_POINT('',(-8.01E0,-2.337472339027E0,1.549895856345E0));
#5809=VERTEX_POINT('',#5808);
#5810=CARTESIAN_POINT('',(-8.01E0,-2.337472339027E0,1.580596874985E0));
#5811=VERTEX_POINT('',#5810);
#5812=CARTESIAN_POINT('',(-8.01E0,-2.2E0,1.580596874985E0));
#5813=VERTEX_POINT('',#5812);
#5814=CARTESIAN_POINT('',(-8.01E0,-2.2E0,1.313702686261E0));
#5815=VERTEX_POINT('',#5814);
#5816=VERTEX_POINT('',#3873);
#5817=VERTEX_POINT('',#3876);
#5818=VERTEX_POINT('',#3891);
#5819=VERTEX_POINT('',#3893);
#5820=VERTEX_POINT('',#3896);
#5821=VERTEX_POINT('',#3936);
#5822=VERTEX_POINT('',#3931);
#5823=VERTEX_POINT('',#3926);
#5824=VERTEX_POINT('',#3920);
#5825=VERTEX_POINT('',#3915);
#5826=VERTEX_POINT('',#3909);
#5827=VERTEX_POINT('',#3938);
#5828=VERTEX_POINT('',#3941);
#5829=VERTEX_POINT('',#3973);
#5830=VERTEX_POINT('',#3959);
#5831=VERTEX_POINT('',#3975);
#5832=VERTEX_POINT('',#3978);
#5833=VERTEX_POINT('',#4035);
#5834=VERTEX_POINT('',#4030);
#5835=VERTEX_POINT('',#4025);
#5836=VERTEX_POINT('',#4020);
#5837=VERTEX_POINT('',#4015);
#5838=VERTEX_POINT('',#4009);
#5839=VERTEX_POINT('',#4004);
#5840=VERTEX_POINT('',#3998);
#5841=VERTEX_POINT('',#3993);
#5842=VERTEX_POINT('',#3988);
#5843=CARTESIAN_POINT('',(-8.01E0,-3.082688398190E0,1.313702686261E0));
#5844=CARTESIAN_POINT('',(-8.01E0,-3.082688398190E0,1.344130806960E0));
#5845=VERTEX_POINT('',#5843);
#5846=VERTEX_POINT('',#5844);
#5847=CARTESIAN_POINT('',(-8.01E0,-2.973597445283E0,1.344130806960E0));
#5848=VERTEX_POINT('',#5847);
#5849=CARTESIAN_POINT('',(-8.01E0,-2.973597445283E0,1.433914230364E0));
#5850=VERTEX_POINT('',#5849);
#5851=CARTESIAN_POINT('',(-8.01E0,-3.069043501015E0,1.433914230364E0));
#5852=VERTEX_POINT('',#5851);
#5853=CARTESIAN_POINT('',(-8.01E0,-3.069043501015E0,1.464478800034E0));
#5854=VERTEX_POINT('',#5853);
#5855=CARTESIAN_POINT('',(-8.01E0,-2.973597445283E0,1.464478800034E0));
#5856=VERTEX_POINT('',#5855);
#5857=CARTESIAN_POINT('',(-8.01E0,-2.973597445283E0,1.549895856345E0));
#5858=VERTEX_POINT('',#5857);
#5859=CARTESIAN_POINT('',(-8.01E0,-3.076616418946E0,1.549895856345E0));
#5860=VERTEX_POINT('',#5859);
#5861=CARTESIAN_POINT('',(-8.01E0,-3.076616418946E0,1.580596874985E0));
#5862=VERTEX_POINT('',#5861);
#5863=CARTESIAN_POINT('',(-8.01E0,-2.939144079919E0,1.580596874985E0));
#5864=VERTEX_POINT('',#5863);
#5865=CARTESIAN_POINT('',(-8.01E0,-2.939144079919E0,1.313702686261E0));
#5866=VERTEX_POINT('',#5865);
#5867=VERTEX_POINT('',#4085);
#5868=VERTEX_POINT('',#4088);
#5869=VERTEX_POINT('',#4106);
#5870=VERTEX_POINT('',#4098);
#5871=VERTEX_POINT('',#4108);
#5872=VERTEX_POINT('',#4111);
#5873=VERTEX_POINT('',#4129);
#5874=VERTEX_POINT('',#4121);
#5875=VERTEX_POINT('',#4131);
#5876=VERTEX_POINT('',#4134);
#5877=VERTEX_POINT('',#4154);
#5878=VERTEX_POINT('',#4149);
#5879=VERTEX_POINT('',#4144);
#5880=CARTESIAN_POINT('',(-8.01E0,-3.605356184444E0,1.313702686261E0));
#5881=CARTESIAN_POINT('',(-8.01E0,-3.503701700496E0,1.580596874985E0));
#5882=VERTEX_POINT('',#5880);
#5883=VERTEX_POINT('',#5881);
#5884=CARTESIAN_POINT('',(-8.01E0,-3.466860478127E0,1.580596874985E0));
#5885=VERTEX_POINT('',#5884);
#5886=CARTESIAN_POINT('',(-8.01E0,-3.365205994180E0,1.313702686261E0));
#5887=VERTEX_POINT('',#5886);
#5888=CARTESIAN_POINT('',(-8.01E0,-3.403275257294E0,1.313702686261E0));
#5889=VERTEX_POINT('',#5888);
#5890=CARTESIAN_POINT('',(-8.01E0,-3.428927663986E0,1.386702886141E0));
#5891=VERTEX_POINT('',#5890);
#5892=CARTESIAN_POINT('',(-8.01E0,-3.540065351468E0,1.386702886141E0));
#5893=VERTEX_POINT('',#5892);
#5894=CARTESIAN_POINT('',(-8.01E0,-3.567286921330E0,1.313702686261E0));
#5895=VERTEX_POINT('',#5894);
#5896=VERTEX_POINT('',#4188);
#5897=VERTEX_POINT('',#4194);
#5898=VERTEX_POINT('',#4285);
#5899=VERTEX_POINT('',#4276);
#5900=VERTEX_POINT('',#4269);
#5901=VERTEX_POINT('',#4264);
#5902=VERTEX_POINT('',#4259);
#5903=VERTEX_POINT('',#4254);
#5904=VERTEX_POINT('',#4248);
#5905=VERTEX_POINT('',#4241);
#5906=VERTEX_POINT('',#4235);
#5907=VERTEX_POINT('',#4228);
#5908=VERTEX_POINT('',#4223);
#5909=VERTEX_POINT('',#4216);
#5910=VERTEX_POINT('',#4211);
#5911=VERTEX_POINT('',#4206);
#5912=CARTESIAN_POINT('',(-8.E0,-1.254641750960E0,1.375397449486E0));
#5913=VERTEX_POINT('',#5912);
#5914=CARTESIAN_POINT('',(-8.E0,-1.106629679139E0,1.375397449486E0));
#5915=VERTEX_POINT('',#5914);
#5916=CARTESIAN_POINT('',(-8.E0,-2.340747114350E0,1.737103845572E0));
#5917=VERTEX_POINT('',#5916);
#5918=CARTESIAN_POINT('',(-8.E0,-2.340747114350E0,1.767531966271E0));
#5919=VERTEX_POINT('',#5918);
#5920=CARTESIAN_POINT('',(-8.E0,-2.234453365364E0,1.767531966271E0));
#5921=VERTEX_POINT('',#5920);
#5922=CARTESIAN_POINT('',(-8.E0,-2.234453365364E0,2.003998034296E0));
#5923=VERTEX_POINT('',#5922);
#5924=CARTESIAN_POINT('',(-8.E0,-2.2E0,2.003998034296E0));
#5925=VERTEX_POINT('',#5924);
#5926=CARTESIAN_POINT('',(-8.E0,-2.2E0,1.737103845572E0));
#5927=VERTEX_POINT('',#5926);
#5928=CARTESIAN_POINT('',(-8.E0,-2.551492551204E0,1.748156212284E0));
#5929=VERTEX_POINT('',#5928);
#5930=CARTESIAN_POINT('',(-8.E0,-2.551492551204E0,1.781176863445E0));
#5931=VERTEX_POINT('',#5930);
#5932=CARTESIAN_POINT('',(-8.E0,-2.551492551204E0,1.961562404086E0));
#5933=VERTEX_POINT('',#5932);
#5934=CARTESIAN_POINT('',(-8.E0,-2.551492551204E0,1.997584932625E0));
#5935=VERTEX_POINT('',#5934);
#5936=CARTESIAN_POINT('',(-8.E0,-2.748456641911E0,1.737103845572E0));
#5937=VERTEX_POINT('',#5936);
#5938=CARTESIAN_POINT('',(-8.E0,-2.748456641911E0,1.767531966271E0));
#5939=VERTEX_POINT('',#5938);
#5940=CARTESIAN_POINT('',(-8.E0,-2.639365689004E0,1.767531966271E0));
#5941=VERTEX_POINT('',#5940);
#5942=CARTESIAN_POINT('',(-8.E0,-2.639365689004E0,1.857315389675E0));
#5943=VERTEX_POINT('',#5942);
#5944=CARTESIAN_POINT('',(-8.E0,-2.734811744736E0,1.857315389675E0));
#5945=VERTEX_POINT('',#5944);
#5946=CARTESIAN_POINT('',(-8.E0,-2.734811744736E0,1.887879959345E0));
#5947=VERTEX_POINT('',#5946);
#5948=CARTESIAN_POINT('',(-8.E0,-2.639365689004E0,1.887879959345E0));
#5949=VERTEX_POINT('',#5948);
#5950=CARTESIAN_POINT('',(-8.E0,-2.639365689004E0,1.973297015655E0));
#5951=VERTEX_POINT('',#5950);
#5952=CARTESIAN_POINT('',(-8.E0,-2.742384662667E0,1.973297015655E0));
#5953=VERTEX_POINT('',#5952);
#5954=CARTESIAN_POINT('',(-8.E0,-2.742384662667E0,2.003998034296E0));
#5955=VERTEX_POINT('',#5954);
#5956=CARTESIAN_POINT('',(-8.E0,-2.604912323640E0,2.003998034296E0));
#5957=VERTEX_POINT('',#5956);
#5958=CARTESIAN_POINT('',(-8.E0,-2.604912323640E0,1.737103845572E0));
#5959=VERTEX_POINT('',#5958);
#5960=CARTESIAN_POINT('',(-8.E0,-2.833327902333E0,1.973297015655E0));
#5961=VERTEX_POINT('',#5960);
#5962=CARTESIAN_POINT('',(-8.E0,-2.873648573480E0,1.973297015655E0));
#5963=VERTEX_POINT('',#5962);
#5964=CARTESIAN_POINT('',(-8.E0,-2.872079410308E0,1.767531966271E0));
#5965=VERTEX_POINT('',#5964);
#5966=CARTESIAN_POINT('',(-8.E0,-2.833327902335E0,1.767531966271E0));
#5967=VERTEX_POINT('',#5966);
#5968=CARTESIAN_POINT('',(-8.E0,-2.798874536970E0,1.737103845572E0));
#5969=VERTEX_POINT('',#5968);
#5970=CARTESIAN_POINT('',(-8.E0,-2.872284083766E0,1.737103845572E0));
#5971=VERTEX_POINT('',#5970);
#5972=CARTESIAN_POINT('',(-8.E0,-2.875013063200E0,2.003998034296E0));
#5973=VERTEX_POINT('',#5972);
#5974=CARTESIAN_POINT('',(-8.E0,-2.798874536968E0,2.003998034296E0));
#5975=VERTEX_POINT('',#5974);
#5976=CARTESIAN_POINT('',(-8.E0,-3.150312974931E0,1.969885791362E0));
#5977=VERTEX_POINT('',#5976);
#5978=CARTESIAN_POINT('',(-8.E0,-3.154869904240E0,1.951192282232E0));
#5979=VERTEX_POINT('',#5978);
#5980=CARTESIAN_POINT('',(-8.E0,-3.195190575389E0,1.840259268206E0));
#5981=VERTEX_POINT('',#5980);
#5982=CARTESIAN_POINT('',(-8.E0,-3.105611825441E0,1.840259268206E0));
#5983=VERTEX_POINT('',#5982);
#5984=CARTESIAN_POINT('',(-8.E0,-3.145523149675E0,1.951192282232E0));
#5985=VERTEX_POINT('',#5984);
#5986=CARTESIAN_POINT('',(-8.E0,-3.271124428165E0,1.737103845572E0));
#5987=VERTEX_POINT('',#5986);
#5988=CARTESIAN_POINT('',(-8.E0,-3.169469944217E0,2.003998034296E0));
#5989=VERTEX_POINT('',#5988);
#5990=CARTESIAN_POINT('',(-8.E0,-3.132628721847E0,2.003998034296E0));
#5991=VERTEX_POINT('',#5990);
#5992=CARTESIAN_POINT('',(-8.E0,-3.030974237901E0,1.737103845572E0));
#5993=VERTEX_POINT('',#5992);
#5994=CARTESIAN_POINT('',(-8.E0,-3.069043501015E0,1.737103845572E0));
#5995=VERTEX_POINT('',#5994);
#5996=CARTESIAN_POINT('',(-8.E0,-3.094695907706E0,1.810104045452E0));
#5997=VERTEX_POINT('',#5996);
#5998=CARTESIAN_POINT('',(-8.E0,-3.205833595189E0,1.810104045452E0));
#5999=VERTEX_POINT('',#5998);
#6000=CARTESIAN_POINT('',(-8.E0,-3.233055165050E0,1.737103845572E0));
#6001=VERTEX_POINT('',#6000);
#6002=CARTESIAN_POINT('',(-8.E0,-2.343544318271E0,1.313702686261E0));
#6003=VERTEX_POINT('',#6002);
#6004=CARTESIAN_POINT('',(-8.E0,-2.343544318271E0,1.344130806960E0));
#6005=VERTEX_POINT('',#6004);
#6006=CARTESIAN_POINT('',(-8.E0,-2.234453365364E0,1.344130806960E0));
#6007=VERTEX_POINT('',#6006);
#6008=CARTESIAN_POINT('',(-8.E0,-2.234453365364E0,1.433914230364E0));
#6009=VERTEX_POINT('',#6008);
#6010=CARTESIAN_POINT('',(-8.E0,-2.329899421096E0,1.433914230364E0));
#6011=VERTEX_POINT('',#6010);
#6012=CARTESIAN_POINT('',(-8.E0,-2.329899421096E0,1.464478800034E0));
#6013=VERTEX_POINT('',#6012);
#6014=CARTESIAN_POINT('',(-8.E0,-2.234453365364E0,1.464478800034E0));
#6015=VERTEX_POINT('',#6014);
#6016=CARTESIAN_POINT('',(-8.E0,-2.234453365364E0,1.549895856345E0));
#6017=VERTEX_POINT('',#6016);
#6018=CARTESIAN_POINT('',(-8.E0,-2.337472339027E0,1.549895856345E0));
#6019=VERTEX_POINT('',#6018);
#6020=CARTESIAN_POINT('',(-8.E0,-2.337472339027E0,1.580596874985E0));
#6021=VERTEX_POINT('',#6020);
#6022=CARTESIAN_POINT('',(-8.E0,-2.2E0,1.580596874985E0));
#6023=VERTEX_POINT('',#6022);
#6024=CARTESIAN_POINT('',(-8.E0,-2.2E0,1.313702686261E0));
#6025=VERTEX_POINT('',#6024);
#6026=CARTESIAN_POINT('',(-8.E0,-2.450656761087E0,1.403349660694E0));
#6027=VERTEX_POINT('',#6026);
#6028=CARTESIAN_POINT('',(-8.E0,-2.495275574846E0,1.409353415452E0));
#6029=VERTEX_POINT('',#6028);
#6030=CARTESIAN_POINT('',(-8.E0,-2.495275574846E0,1.391069253238E0));
#6031=VERTEX_POINT('',#6030);
#6032=CARTESIAN_POINT('',(-8.E0,-2.495275574846E0,1.343175664157E0));
#6033=VERTEX_POINT('',#6032);
#6034=CARTESIAN_POINT('',(-8.E0,-2.495275574846E0,1.313702686261E0));
#6035=VERTEX_POINT('',#6034);
#6036=CARTESIAN_POINT('',(-8.E0,-2.528705572922E0,1.313702686261E0));
#6037=VERTEX_POINT('',#6036);
#6038=CARTESIAN_POINT('',(-8.E0,-2.528705572922E0,1.436370311855E0));
#6039=VERTEX_POINT('',#6038);
#6040=CARTESIAN_POINT('',(-8.E0,-2.394166886785E0,1.490949900552E0));
#6041=VERTEX_POINT('',#6040);
#6042=CARTESIAN_POINT('',(-8.E0,-2.394166886785E0,1.458475045277E0));
#6043=VERTEX_POINT('',#6042);
#6044=CARTESIAN_POINT('',(-8.E0,-2.495275574845E0,1.434869373167E0));
#6045=VERTEX_POINT('',#6044);
#6046=CARTESIAN_POINT('',(-8.E0,-2.438785700544E0,1.426955332808E0));
#6047=VERTEX_POINT('',#6046);
#6048=CARTESIAN_POINT('',(-8.E0,-2.574006631540E0,1.354910275727E0));
#6049=VERTEX_POINT('',#6048);
#6050=CARTESIAN_POINT('',(-8.E0,-2.574006631540E0,1.320388685876E0));
#6051=VERTEX_POINT('',#6050);
#6052=CARTESIAN_POINT('',(-8.E0,-2.693604155272E0,1.467753575355E0));
#6053=VERTEX_POINT('',#6052);
#6054=CARTESIAN_POINT('',(-8.E0,-2.693604155272E0,1.500228430629E0));
#6055=VERTEX_POINT('',#6054);
#6056=CARTESIAN_POINT('',(-8.E0,-2.811854832871E0,1.345358847705E0));
#6057=VERTEX_POINT('',#6056);
#6058=CARTESIAN_POINT('',(-8.E0,-2.807334373217E0,1.361050479455E0));
#6059=VERTEX_POINT('',#6058);
#6060=CARTESIAN_POINT('',(-8.E0,-2.757530498532E0,1.504321899782E0));
#6061=VERTEX_POINT('',#6060);
#6062=CARTESIAN_POINT('',(-8.E0,-2.720143480276E0,1.504321899782E0));
#6063=VERTEX_POINT('',#6062);
#6064=CARTESIAN_POINT('',(-8.E0,-2.794917516789E0,1.314112033177E0));
#6065=VERTEX_POINT('',#6064);
#6066=CARTESIAN_POINT('',(-8.E0,-2.780249252326E0,1.279453994354E0));
#6067=VERTEX_POINT('',#6066);
#6068=CARTESIAN_POINT('',(-8.E0,-2.727034153349E0,1.256394118131E0));
#6069=VERTEX_POINT('',#6068);
#6070=CARTESIAN_POINT('',(-8.E0,-2.727034153349E0,1.226648242290E0));
#6071=VERTEX_POINT('',#6070);
#6072=CARTESIAN_POINT('',(-8.E0,-2.816612903296E0,1.284911953225E0));
#6073=VERTEX_POINT('',#6072);
#6074=CARTESIAN_POINT('',(-8.E0,-2.903121551379E0,1.504321899782E0));
#6075=VERTEX_POINT('',#6074);
#6076=CARTESIAN_POINT('',(-8.E0,-2.868463512558E0,1.504321899782E0));
#6077=VERTEX_POINT('',#6076);
#6078=CARTESIAN_POINT('',(-8.E0,-2.816408229838E0,1.360777581512E0));
#6079=VERTEX_POINT('',#6078);
#6080=CARTESIAN_POINT('',(-8.E0,-3.082688398190E0,1.313702686261E0));
#6081=VERTEX_POINT('',#6080);
#6082=CARTESIAN_POINT('',(-8.E0,-3.082688398190E0,1.344130806960E0));
#6083=VERTEX_POINT('',#6082);
#6084=CARTESIAN_POINT('',(-8.E0,-2.973597445283E0,1.344130806960E0));
#6085=VERTEX_POINT('',#6084);
#6086=CARTESIAN_POINT('',(-8.E0,-2.973597445283E0,1.433914230364E0));
#6087=VERTEX_POINT('',#6086);
#6088=CARTESIAN_POINT('',(-8.E0,-3.069043501015E0,1.433914230364E0));
#6089=VERTEX_POINT('',#6088);
#6090=CARTESIAN_POINT('',(-8.E0,-3.069043501015E0,1.464478800034E0));
#6091=VERTEX_POINT('',#6090);
#6092=CARTESIAN_POINT('',(-8.E0,-2.973597445283E0,1.464478800034E0));
#6093=VERTEX_POINT('',#6092);
#6094=CARTESIAN_POINT('',(-8.E0,-2.973597445283E0,1.549895856345E0));
#6095=VERTEX_POINT('',#6094);
#6096=CARTESIAN_POINT('',(-8.E0,-3.076616418946E0,1.549895856345E0));
#6097=VERTEX_POINT('',#6096);
#6098=CARTESIAN_POINT('',(-8.E0,-3.076616418946E0,1.580596874985E0));
#6099=VERTEX_POINT('',#6098);
#6100=CARTESIAN_POINT('',(-8.E0,-2.939144079919E0,1.580596874985E0));
#6101=VERTEX_POINT('',#6100);
#6102=CARTESIAN_POINT('',(-8.E0,-2.939144079919E0,1.313702686261E0));
#6103=VERTEX_POINT('',#6102);
#6104=CARTESIAN_POINT('',(-8.E0,-3.167559658611E0,1.549895856345E0));
#6105=VERTEX_POINT('',#6104);
#6106=CARTESIAN_POINT('',(-8.E0,-3.207880329760E0,1.549895856345E0));
#6107=VERTEX_POINT('',#6106);
#6108=CARTESIAN_POINT('',(-8.E0,-3.206311166586E0,1.344130806960E0));
#6109=VERTEX_POINT('',#6108);
#6110=CARTESIAN_POINT('',(-8.E0,-3.167559658612E0,1.344130806960E0));
#6111=VERTEX_POINT('',#6110);
#6112=CARTESIAN_POINT('',(-8.E0,-3.133106293249E0,1.313702686261E0));
#6113=VERTEX_POINT('',#6112);
#6114=CARTESIAN_POINT('',(-8.E0,-3.206515840046E0,1.313702686261E0));
#6115=VERTEX_POINT('',#6114);
#6116=CARTESIAN_POINT('',(-8.E0,-3.209244819478E0,1.580596874985E0));
#6117=VERTEX_POINT('',#6116);
#6118=CARTESIAN_POINT('',(-8.E0,-3.133106293248E0,1.580596874985E0));
#6119=VERTEX_POINT('',#6118);
#6120=CARTESIAN_POINT('',(-8.E0,-3.484527873394E0,1.546484632049E0));
#6121=VERTEX_POINT('',#6120);
#6122=CARTESIAN_POINT('',(-8.E0,-3.489101660517E0,1.527791122923E0));
#6123=VERTEX_POINT('',#6122);
#6124=CARTESIAN_POINT('',(-8.E0,-3.529422331669E0,1.416858108897E0));
#6125=VERTEX_POINT('',#6124);
#6126=CARTESIAN_POINT('',(-8.E0,-3.439843581721E0,1.416858108897E0));
#6127=VERTEX_POINT('',#6126);
#6128=CARTESIAN_POINT('',(-8.E0,-3.479754905952E0,1.527791122923E0));
#6129=VERTEX_POINT('',#6128);
#6130=CARTESIAN_POINT('',(-8.E0,-3.605356184444E0,1.313702686261E0));
#6131=VERTEX_POINT('',#6130);
#6132=CARTESIAN_POINT('',(-8.E0,-3.503701700496E0,1.580596874985E0));
#6133=VERTEX_POINT('',#6132);
#6134=CARTESIAN_POINT('',(-8.E0,-3.466860478127E0,1.580596874985E0));
#6135=VERTEX_POINT('',#6134);
#6136=CARTESIAN_POINT('',(-8.E0,-3.365205994180E0,1.313702686261E0));
#6137=VERTEX_POINT('',#6136);
#6138=CARTESIAN_POINT('',(-8.E0,-3.403275257294E0,1.313702686261E0));
#6139=VERTEX_POINT('',#6138);
#6140=CARTESIAN_POINT('',(-8.E0,-3.428927663986E0,1.386702886141E0));
#6141=VERTEX_POINT('',#6140);
#6142=CARTESIAN_POINT('',(-8.E0,-3.540065351468E0,1.386702886141E0));
#6143=VERTEX_POINT('',#6142);
#6144=CARTESIAN_POINT('',(-8.E0,-3.567286921330E0,1.313702686261E0));
#6145=VERTEX_POINT('',#6144);
#6146=CARTESIAN_POINT('',(-8.E0,-1.793557431436E0,1.827023983066E0));
#6147=VERTEX_POINT('',#6146);
#6148=CARTESIAN_POINT('',(-8.E0,-1.121810442040E0,1.918108325212E0));
#6149=VERTEX_POINT('',#6148);
#6150=CARTESIAN_POINT('',(-8.E0,-1.002262207909E0,1.316572248864E0));
#6151=VERTEX_POINT('',#6150);
#6152=CARTESIAN_POINT('',(-8.E0,-1.372292351273E0,1.396271059552E0));
#6153=VERTEX_POINT('',#6152);
#6154=CARTESIAN_POINT('',(-8.E0,-1.637955005309E0,1.536692740875E0));
#6155=VERTEX_POINT('',#6154);
#6156=CARTESIAN_POINT('',(-8.E0,-1.579129732298E0,1.637265053047E0));
#6157=VERTEX_POINT('',#6156);
#6158=CARTESIAN_POINT('',(-8.E0,-1.324852627817E0,1.504433726030E0));
#6159=VERTEX_POINT('',#6158);
#6160=CARTESIAN_POINT('',(-8.E0,-1.004159859825E0,1.443710819202E0));
#6161=VERTEX_POINT('',#6160);
#6162=CARTESIAN_POINT('',(-8.E0,-1.180635751243E0,1.779584331995E0));
#6163=VERTEX_POINT('',#6162);
#6164=CARTESIAN_POINT('',(-8.E0,-1.700575473568E0,1.724554109461E0));
#6165=VERTEX_POINT('',#6164);
#6166=CARTESIAN_POINT('',(-8.E0,-1.727141695540E0,1.428530038204E0));
#6167=VERTEX_POINT('',#6166);
#6168=CARTESIAN_POINT('',(-8.E0,-1.641750128171E0,1.428530038204E0));
#6169=VERTEX_POINT('',#6168);
#6170=CARTESIAN_POINT('',(-8.E0,-1.626569491948E0,1.312777053613E0));
#6171=VERTEX_POINT('',#6170);
#6172=CARTESIAN_POINT('',(-8.E0,-1.727141767927E0,1.312777053613E0));
#6173=VERTEX_POINT('',#6172);
#6174=CARTESIAN_POINT('',(-8.E0,-1.732834524607E0,1.312777053613E0));
#6175=VERTEX_POINT('',#6174);
#6176=CARTESIAN_POINT('',(-8.E0,-1.738527281288E0,1.312777053613E0));
#6177=VERTEX_POINT('',#6176);
#6178=CARTESIAN_POINT('',(-8.E0,-2.561375667340E0,1.955457407249E0));
#6179=CARTESIAN_POINT('',(-8.E0,-2.558183226550E0,1.957634112667E0));
#6180=CARTESIAN_POINT('',(-8.E0,-2.536512941248E0,1.971025449634E0));
#6181=CARTESIAN_POINT('',(-8.E0,-2.484495685144E0,1.985135353461E0));
#6182=CARTESIAN_POINT('',(-8.E0,-2.404062281801E0,1.955316132075E0));
#6183=CARTESIAN_POINT('',(-8.E0,-2.379738856413E0,1.869224997403E0));
#6184=CARTESIAN_POINT('',(-8.E0,-2.402681433950E0,1.784151809270E0));
#6185=CARTESIAN_POINT('',(-8.E0,-2.482057344206E0,1.755338222044E0));
#6186=CARTESIAN_POINT('',(-8.E0,-2.535145336760E0,1.769921656084E0));
#6187=CARTESIAN_POINT('',(-8.E0,-2.557997501487E0,1.785347822422E0));
#6188=CARTESIAN_POINT('',(-8.E0,-2.561083481438E0,1.787652397487E0));
#6190=DRAUGHTING_PRE_DEFINED_CURVE_FONT('continuous');
#6191=CURVE_STYLE('',#6190,POSITIVE_LENGTH_MEASURE(2.E-2),#1);
#6192=PRESENTATION_STYLE_ASSIGNMENT((#6191));
#6193=STYLED_ITEM('',(#6192),#6189);
#6194=DIRECTION('',(-1.E0,0.E0,0.E0));
#6195=VECTOR('',#6194,1.E0);
#6196=SURFACE_OF_LINEAR_EXTRUSION('',#6189,#6195);
#6198=ORIENTED_EDGE('',*,*,#6197,.T.);
#6200=ORIENTED_EDGE('',*,*,#6199,.T.);
#6202=ORIENTED_EDGE('',*,*,#6201,.F.);
#6204=ORIENTED_EDGE('',*,*,#6203,.T.);
#6205=EDGE_LOOP('',(#6198,#6200,#6202,#6204));
#6206=FACE_OUTER_BOUND('',#6205,.F.);
#6208=FILL_AREA_STYLE_COLOUR('',#1);
#6209=FILL_AREA_STYLE('',(#6208));
#6210=SURFACE_STYLE_FILL_AREA(#6209);
#6211=SURFACE_SIDE_STYLE('',(#6210));
#6212=SURFACE_STYLE_USAGE(.POSITIVE.,#6211);
#6213=PRESENTATION_STYLE_ASSIGNMENT((#6212));
#6214=STYLED_ITEM('',(#6213),#6207);
#6215=CARTESIAN_POINT('',(-8.E0,-2.551492551204E0,1.803943052058E0));
#6216=CARTESIAN_POINT('',(-8.E0,-2.551492551204E0,1.796354322520E0));
#6217=CARTESIAN_POINT('',(-8.E0,-2.551492551204E0,1.777758709262E0));
#6218=CARTESIAN_POINT('',(-8.E0,-2.551492551204E0,1.751574366466E0));
#6219=CARTESIAN_POINT('',(-8.E0,-2.551492551204E0,1.732978753208E0));
#6220=CARTESIAN_POINT('',(-8.E0,-2.551492551204E0,1.725390023670E0));
#6222=CURVE_STYLE('',#6190,POSITIVE_LENGTH_MEASURE(2.E-2),#1);
#6223=PRESENTATION_STYLE_ASSIGNMENT((#6222));
#6224=STYLED_ITEM('',(#6223),#6221);
#6225=DIRECTION('',(-1.E0,0.E0,0.E0));
#6226=VECTOR('',#6225,1.E0);
#6227=SURFACE_OF_LINEAR_EXTRUSION('',#6221,#6226);
#6229=ORIENTED_EDGE('',*,*,#6228,.T.);
#6231=ORIENTED_EDGE('',*,*,#6230,.T.);
#6232=ORIENTED_EDGE('',*,*,#6197,.F.);
#6234=ORIENTED_EDGE('',*,*,#6233,.F.);
#6235=EDGE_LOOP('',(#6229,#6231,#6232,#6234));
#6236=FACE_OUTER_BOUND('',#6235,.F.);
#6238=FILL_AREA_STYLE_COLOUR('',#1);
#6239=FILL_AREA_STYLE('',(#6238));
#6240=SURFACE_STYLE_FILL_AREA(#6239);
#6241=SURFACE_SIDE_STYLE('',(#6240));
#6242=SURFACE_STYLE_USAGE(.POSITIVE.,#6241);
#6243=PRESENTATION_STYLE_ASSIGNMENT((#6242));
#6244=STYLED_ITEM('',(#6243),#6237);
#6245=CARTESIAN_POINT('',(-8.E0,-2.561506521481E0,1.754056481435E0));
#6246=CARTESIAN_POINT('',(-8.E0,-2.558253650545E0,1.751926863873E0));
#6247=CARTESIAN_POINT('',(-8.E0,-2.533162628675E0,1.737165339060E0));
#6248=CARTESIAN_POINT('',(-8.E0,-2.470239706491E0,1.725043269423E0));
#6249=CARTESIAN_POINT('',(-8.E0,-2.372529677345E0,1.758081549885E0));
#6250=CARTESIAN_POINT('',(-8.E0,-2.340117887909E0,1.868647992789E0));
#6251=CARTESIAN_POINT('',(-8.E0,-2.376186366606E0,1.980298597457E0));
#6252=CARTESIAN_POINT('',(-8.E0,-2.474603423116E0,2.014891119955E0));
#6253=CARTESIAN_POINT('',(-8.E0,-2.535796620131E0,2.005507035481E0));
#6254=CARTESIAN_POINT('',(-8.E0,-2.558543045991E0,1.994321905432E0));
#6255=CARTESIAN_POINT('',(-8.E0,-2.561958350791E0,1.992427894558E0));
#6257=CURVE_STYLE('',#6190,POSITIVE_LENGTH_MEASURE(2.E-2),#1);
#6258=PRESENTATION_STYLE_ASSIGNMENT((#6257));
#6259=STYLED_ITEM('',(#6258),#6256);
#6260=DIRECTION('',(-1.E0,0.E0,0.E0));
#6261=VECTOR('',#6260,1.E0);
#6262=SURFACE_OF_LINEAR_EXTRUSION('',#6256,#6261);
#6263=ORIENTED_EDGE('',*,*,#6228,.F.);
#6265=ORIENTED_EDGE('',*,*,#6264,.T.);
#6267=ORIENTED_EDGE('',*,*,#6266,.T.);
#6269=ORIENTED_EDGE('',*,*,#6268,.T.);
#6270=EDGE_LOOP('',(#6263,#6265,#6267,#6269));
#6271=FACE_OUTER_BOUND('',#6270,.F.);
#6273=FILL_AREA_STYLE_COLOUR('',#1);
#6274=FILL_AREA_STYLE('',(#6273));
#6275=SURFACE_STYLE_FILL_AREA(#6274);
#6276=SURFACE_SIDE_STYLE('',(#6275));
#6277=SURFACE_STYLE_USAGE(.POSITIVE.,#6276);
#6278=PRESENTATION_STYLE_ASSIGNMENT((#6277));
#6279=STYLED_ITEM('',(#6278),#6272);
#6280=CARTESIAN_POINT('',(-8.E0,3.E0,0.E0));
#6281=DIRECTION('',(-1.E0,0.E0,0.E0));
#6282=DIRECTION('',(0.E0,-1.E0,0.E0));
#6283=AXIS2_PLACEMENT_3D('',#6280,#6281,#6282);
#6284=PLANE('',#6283);
#6286=ORIENTED_EDGE('',*,*,#6285,.T.);
#6288=ORIENTED_EDGE('',*,*,#6287,.T.);
#6290=ORIENTED_EDGE('',*,*,#6289,.F.);
#6292=ORIENTED_EDGE('',*,*,#6291,.F.);
#6294=ORIENTED_EDGE('',*,*,#6293,.T.);
#6296=ORIENTED_EDGE('',*,*,#6295,.F.);
#6298=ORIENTED_EDGE('',*,*,#6297,.F.);
#6300=ORIENTED_EDGE('',*,*,#6299,.F.);
#6302=ORIENTED_EDGE('',*,*,#6301,.F.);
#6304=ORIENTED_EDGE('',*,*,#6303,.T.);
#6306=ORIENTED_EDGE('',*,*,#6305,.T.);
#6308=ORIENTED_EDGE('',*,*,#6307,.F.);
#6309=EDGE_LOOP('',(#6286,#6288,#6290,#6292,#6294,#6296,#6298,#6300,#6302,#6304,
#6306,#6308));
#6310=FACE_OUTER_BOUND('',#6309,.F.);
#6312=ORIENTED_EDGE('',*,*,#6311,.T.);
#6314=ORIENTED_EDGE('',*,*,#6313,.T.);
#6316=ORIENTED_EDGE('',*,*,#6315,.T.);
#6318=ORIENTED_EDGE('',*,*,#6317,.T.);
#6320=ORIENTED_EDGE('',*,*,#6319,.T.);
#6322=ORIENTED_EDGE('',*,*,#6321,.T.);
#6323=EDGE_LOOP('',(#6312,#6314,#6316,#6318,#6320,#6322));
#6324=FACE_BOUND('',#6323,.F.);
#6325=ORIENTED_EDGE('',*,*,#6233,.T.);
#6326=ORIENTED_EDGE('',*,*,#6203,.F.);
#6328=ORIENTED_EDGE('',*,*,#6327,.T.);
#6329=ORIENTED_EDGE('',*,*,#6264,.F.);
#6330=EDGE_LOOP('',(#6325,#6326,#6328,#6329));
#6331=FACE_BOUND('',#6330,.F.);
#6333=ORIENTED_EDGE('',*,*,#6332,.T.);
#6335=ORIENTED_EDGE('',*,*,#6334,.T.);
#6337=ORIENTED_EDGE('',*,*,#6336,.T.);
#6339=ORIENTED_EDGE('',*,*,#6338,.T.);
#6341=ORIENTED_EDGE('',*,*,#6340,.T.);
#6343=ORIENTED_EDGE('',*,*,#6342,.T.);
#6345=ORIENTED_EDGE('',*,*,#6344,.T.);
#6347=ORIENTED_EDGE('',*,*,#6346,.T.);
#6349=ORIENTED_EDGE('',*,*,#6348,.T.);
#6351=ORIENTED_EDGE('',*,*,#6350,.T.);
#6353=ORIENTED_EDGE('',*,*,#6352,.T.);
#6355=ORIENTED_EDGE('',*,*,#6354,.T.);
#6356=EDGE_LOOP('',(#6333,#6335,#6337,#6339,#6341,#6343,#6345,#6347,#6349,#6351,
#6353,#6355));
#6357=FACE_BOUND('',#6356,.F.);
#6359=ORIENTED_EDGE('',*,*,#6358,.T.);
#6361=ORIENTED_EDGE('',*,*,#6360,.F.);
#6363=ORIENTED_EDGE('',*,*,#6362,.T.);
#6365=ORIENTED_EDGE('',*,*,#6364,.T.);
#6366=EDGE_LOOP('',(#6359,#6361,#6363,#6365));
#6367=FACE_BOUND('',#6366,.F.);
#6369=ORIENTED_EDGE('',*,*,#6368,.T.);
#6371=ORIENTED_EDGE('',*,*,#6370,.T.);
#6373=ORIENTED_EDGE('',*,*,#6372,.T.);
#6375=ORIENTED_EDGE('',*,*,#6374,.T.);
#6377=ORIENTED_EDGE('',*,*,#6376,.T.);
#6379=ORIENTED_EDGE('',*,*,#6378,.T.);
#6381=ORIENTED_EDGE('',*,*,#6380,.T.);
#6383=ORIENTED_EDGE('',*,*,#6382,.T.);
#6384=EDGE_LOOP('',(#6369,#6371,#6373,#6375,#6377,#6379,#6381,#6383));
#6385=FACE_BOUND('',#6384,.F.);
#6387=ORIENTED_EDGE('',*,*,#6386,.T.);
#6389=ORIENTED_EDGE('',*,*,#6388,.T.);
#6391=ORIENTED_EDGE('',*,*,#6390,.T.);
#6393=ORIENTED_EDGE('',*,*,#6392,.T.);
#6395=ORIENTED_EDGE('',*,*,#6394,.T.);
#6397=ORIENTED_EDGE('',*,*,#6396,.T.);
#6399=ORIENTED_EDGE('',*,*,#6398,.T.);
#6401=ORIENTED_EDGE('',*,*,#6400,.T.);
#6403=ORIENTED_EDGE('',*,*,#6402,.T.);
#6405=ORIENTED_EDGE('',*,*,#6404,.T.);
#6407=ORIENTED_EDGE('',*,*,#6406,.T.);
#6409=ORIENTED_EDGE('',*,*,#6408,.T.);
#6410=EDGE_LOOP('',(#6387,#6389,#6391,#6393,#6395,#6397,#6399,#6401,#6403,#6405,
#6407,#6409));
#6411=FACE_BOUND('',#6410,.F.);
#6413=ORIENTED_EDGE('',*,*,#6412,.T.);
#6415=ORIENTED_EDGE('',*,*,#6414,.T.);
#6417=ORIENTED_EDGE('',*,*,#6416,.T.);
#6419=ORIENTED_EDGE('',*,*,#6418,.F.);
#6421=ORIENTED_EDGE('',*,*,#6420,.T.);
#6423=ORIENTED_EDGE('',*,*,#6422,.F.);
#6425=ORIENTED_EDGE('',*,*,#6424,.T.);
#6427=ORIENTED_EDGE('',*,*,#6426,.F.);
#6428=EDGE_LOOP('',(#6413,#6415,#6417,#6419,#6421,#6423,#6425,#6427));
#6429=FACE_BOUND('',#6428,.F.);
#6431=ORIENTED_EDGE('',*,*,#6430,.T.);
#6433=ORIENTED_EDGE('',*,*,#6432,.F.);
#6435=ORIENTED_EDGE('',*,*,#6434,.T.);
#6437=ORIENTED_EDGE('',*,*,#6436,.F.);
#6438=EDGE_LOOP('',(#6431,#6433,#6435,#6437));
#6439=FACE_BOUND('',#6438,.F.);
#6441=ORIENTED_EDGE('',*,*,#6440,.T.);
#6443=ORIENTED_EDGE('',*,*,#6442,.T.);
#6445=ORIENTED_EDGE('',*,*,#6444,.T.);
#6447=ORIENTED_EDGE('',*,*,#6446,.T.);
#6449=ORIENTED_EDGE('',*,*,#6448,.T.);
#6451=ORIENTED_EDGE('',*,*,#6450,.F.);
#6453=ORIENTED_EDGE('',*,*,#6452,.T.);
#6455=ORIENTED_EDGE('',*,*,#6454,.F.);
#6457=ORIENTED_EDGE('',*,*,#6456,.T.);
#6459=ORIENTED_EDGE('',*,*,#6458,.T.);
#6461=ORIENTED_EDGE('',*,*,#6460,.T.);
#6463=ORIENTED_EDGE('',*,*,#6462,.F.);
#6464=EDGE_LOOP('',(#6441,#6443,#6445,#6447,#6449,#6451,#6453,#6455,#6457,#6459,
#6461,#6463));
#6465=FACE_BOUND('',#6464,.F.);
#6467=ORIENTED_EDGE('',*,*,#6466,.T.);
#6469=ORIENTED_EDGE('',*,*,#6468,.T.);
#6471=ORIENTED_EDGE('',*,*,#6470,.T.);
#6473=ORIENTED_EDGE('',*,*,#6472,.T.);
#6475=ORIENTED_EDGE('',*,*,#6474,.T.);
#6477=ORIENTED_EDGE('',*,*,#6476,.T.);
#6479=ORIENTED_EDGE('',*,*,#6478,.T.);
#6481=ORIENTED_EDGE('',*,*,#6480,.T.);
#6483=ORIENTED_EDGE('',*,*,#6482,.T.);
#6485=ORIENTED_EDGE('',*,*,#6484,.T.);
#6487=ORIENTED_EDGE('',*,*,#6486,.T.);
#6489=ORIENTED_EDGE('',*,*,#6488,.T.);
#6490=EDGE_LOOP('',(#6467,#6469,#6471,#6473,#6475,#6477,#6479,#6481,#6483,#6485,
#6487,#6489));
#6491=FACE_BOUND('',#6490,.F.);
#6493=ORIENTED_EDGE('',*,*,#6492,.T.);
#6495=ORIENTED_EDGE('',*,*,#6494,.F.);
#6497=ORIENTED_EDGE('',*,*,#6496,.T.);
#6499=ORIENTED_EDGE('',*,*,#6498,.T.);
#6500=EDGE_LOOP('',(#6493,#6495,#6497,#6499));
#6501=FACE_BOUND('',#6500,.F.);
#6503=ORIENTED_EDGE('',*,*,#6502,.T.);
#6505=ORIENTED_EDGE('',*,*,#6504,.T.);
#6507=ORIENTED_EDGE('',*,*,#6506,.T.);
#6509=ORIENTED_EDGE('',*,*,#6508,.T.);
#6511=ORIENTED_EDGE('',*,*,#6510,.T.);
#6513=ORIENTED_EDGE('',*,*,#6512,.T.);
#6515=ORIENTED_EDGE('',*,*,#6514,.T.);
#6517=ORIENTED_EDGE('',*,*,#6516,.T.);
#6518=EDGE_LOOP('',(#6503,#6505,#6507,#6509,#6511,#6513,#6515,#6517));
#6519=FACE_BOUND('',#6518,.F.);
#6521=ORIENTED_EDGE('',*,*,#6520,.T.);
#6523=ORIENTED_EDGE('',*,*,#6522,.T.);
#6525=ORIENTED_EDGE('',*,*,#6524,.T.);
#6527=ORIENTED_EDGE('',*,*,#6526,.T.);
#6529=ORIENTED_EDGE('',*,*,#6528,.T.);
#6531=ORIENTED_EDGE('',*,*,#6530,.T.);
#6533=ORIENTED_EDGE('',*,*,#6532,.T.);
#6535=ORIENTED_EDGE('',*,*,#6534,.T.);
#6537=ORIENTED_EDGE('',*,*,#6536,.T.);
#6539=ORIENTED_EDGE('',*,*,#6538,.T.);
#6541=ORIENTED_EDGE('',*,*,#6540,.T.);
#6543=ORIENTED_EDGE('',*,*,#6542,.T.);
#6545=ORIENTED_EDGE('',*,*,#6544,.T.);
#6547=ORIENTED_EDGE('',*,*,#6546,.T.);
#6549=ORIENTED_EDGE('',*,*,#6548,.T.);
#6551=ORIENTED_EDGE('',*,*,#6550,.T.);
#6552=EDGE_LOOP('',(#6521,#6523,#6525,#6527,#6529,#6531,#6533,#6535,#6537,#6539,
#6541,#6543,#6545,#6547,#6549,#6551));
#6553=FACE_BOUND('',#6552,.F.);
#6555=FILL_AREA_STYLE_COLOUR('',#10);
#6556=FILL_AREA_STYLE('',(#6555));
#6557=SURFACE_STYLE_FILL_AREA(#6556);
#6558=SURFACE_SIDE_STYLE('',(#6557));
#6559=SURFACE_STYLE_USAGE(.POSITIVE.,#6558);
#6560=PRESENTATION_STYLE_ASSIGNMENT((#6559));
#6561=STYLED_ITEM('',(#6560),#6554);
#6562=CARTESIAN_POINT('',(-8.E0,3.E0,0.E0));
#6563=DIRECTION('',(-1.E0,0.E0,0.E0));
#6564=DIRECTION('',(0.E0,-1.E0,0.E0));
#6565=AXIS2_PLACEMENT_3D('',#6562,#6563,#6564);
#6566=PLANE('',#6565);
#6568=ORIENTED_EDGE('',*,*,#6567,.F.);
#6570=ORIENTED_EDGE('',*,*,#6569,.F.);
#6571=EDGE_LOOP('',(#6568,#6570));
#6572=FACE_OUTER_BOUND('',#6571,.F.);
#6574=FILL_AREA_STYLE_COLOUR('',#10);
#6575=FILL_AREA_STYLE('',(#6574));
#6576=SURFACE_STYLE_FILL_AREA(#6575);
#6577=SURFACE_SIDE_STYLE('',(#6576));
#6578=SURFACE_STYLE_USAGE(.POSITIVE.,#6577);
#6579=PRESENTATION_STYLE_ASSIGNMENT((#6578));
#6580=STYLED_ITEM('',(#6579),#6573);
#6581=CARTESIAN_POINT('',(-8.E0,3.E0,0.E0));
#6582=DIRECTION('',(-1.E0,0.E0,0.E0));
#6583=DIRECTION('',(0.E0,-1.E0,0.E0));
#6584=AXIS2_PLACEMENT_3D('',#6581,#6582,#6583);
#6585=PLANE('',#6584);
#6587=ORIENTED_EDGE('',*,*,#6586,.T.);
#6589=ORIENTED_EDGE('',*,*,#6588,.F.);
#6591=ORIENTED_EDGE('',*,*,#6590,.T.);
#6593=ORIENTED_EDGE('',*,*,#6592,.T.);
#6594=EDGE_LOOP('',(#6587,#6589,#6591,#6593));
#6595=FACE_OUTER_BOUND('',#6594,.F.);
#6597=FILL_AREA_STYLE_COLOUR('',#10);
#6598=FILL_AREA_STYLE('',(#6597));
#6599=SURFACE_STYLE_FILL_AREA(#6598);
#6600=SURFACE_SIDE_STYLE('',(#6599));
#6601=SURFACE_STYLE_USAGE(.POSITIVE.,#6600);
#6602=PRESENTATION_STYLE_ASSIGNMENT((#6601));
#6603=STYLED_ITEM('',(#6602),#6596);
#6604=CARTESIAN_POINT('',(-8.E0,3.E0,0.E0));
#6605=DIRECTION('',(-1.E0,0.E0,0.E0));
#6606=DIRECTION('',(0.E0,-1.E0,0.E0));
#6607=AXIS2_PLACEMENT_3D('',#6604,#6605,#6606);
#6608=PLANE('',#6607);
#6610=ORIENTED_EDGE('',*,*,#6609,.F.);
#6612=ORIENTED_EDGE('',*,*,#6611,.T.);
#6614=ORIENTED_EDGE('',*,*,#6613,.T.);
#6616=ORIENTED_EDGE('',*,*,#6615,.T.);
#6618=ORIENTED_EDGE('',*,*,#6617,.F.);
#6619=EDGE_LOOP('',(#6610,#6612,#6614,#6616,#6618));
#6620=FACE_OUTER_BOUND('',#6619,.F.);
#6622=FILL_AREA_STYLE_COLOUR('',#10);
#6623=FILL_AREA_STYLE('',(#6622));
#6624=SURFACE_STYLE_FILL_AREA(#6623);
#6625=SURFACE_SIDE_STYLE('',(#6624));
#6626=SURFACE_STYLE_USAGE(.POSITIVE.,#6625);
#6627=PRESENTATION_STYLE_ASSIGNMENT((#6626));
#6628=STYLED_ITEM('',(#6627),#6621);
#6629=CARTESIAN_POINT('',(-8.E0,3.E0,0.E0));
#6630=DIRECTION('',(-1.E0,0.E0,0.E0));
#6631=DIRECTION('',(0.E0,-1.E0,0.E0));
#6632=AXIS2_PLACEMENT_3D('',#6629,#6630,#6631);
#6633=PLANE('',#6632);
#6635=ORIENTED_EDGE('',*,*,#6634,.T.);
#6637=ORIENTED_EDGE('',*,*,#6636,.T.);
#6639=ORIENTED_EDGE('',*,*,#6638,.F.);
#6640=EDGE_LOOP('',(#6635,#6637,#6639));
#6641=FACE_OUTER_BOUND('',#6640,.F.);
#6643=FILL_AREA_STYLE_COLOUR('',#10);
#6644=FILL_AREA_STYLE('',(#6643));
#6645=SURFACE_STYLE_FILL_AREA(#6644);
#6646=SURFACE_SIDE_STYLE('',(#6645));
#6647=SURFACE_STYLE_USAGE(.POSITIVE.,#6646);
#6648=PRESENTATION_STYLE_ASSIGNMENT((#6647));
#6649=STYLED_ITEM('',(#6648),#6642);
#6650=CARTESIAN_POINT('',(-8.E0,3.E0,0.E0));
#6651=DIRECTION('',(-1.E0,0.E0,0.E0));
#6652=DIRECTION('',(0.E0,-1.E0,0.E0));
#6653=AXIS2_PLACEMENT_3D('',#6650,#6651,#6652);
#6654=PLANE('',#6653);
#6656=ORIENTED_EDGE('',*,*,#6655,.T.);
#6658=ORIENTED_EDGE('',*,*,#6657,.F.);
#6660=ORIENTED_EDGE('',*,*,#6659,.T.);
#6662=ORIENTED_EDGE('',*,*,#6661,.T.);
#6663=EDGE_LOOP('',(#6656,#6658,#6660,#6662));
#6664=FACE_OUTER_BOUND('',#6663,.F.);
#6666=FILL_AREA_STYLE_COLOUR('',#10);
#6667=FILL_AREA_STYLE('',(#6666));
#6668=SURFACE_STYLE_FILL_AREA(#6667);
#6669=SURFACE_SIDE_STYLE('',(#6668));
#6670=SURFACE_STYLE_USAGE(.POSITIVE.,#6669);
#6671=PRESENTATION_STYLE_ASSIGNMENT((#6670));
#6672=STYLED_ITEM('',(#6671),#6665);
#6673=CARTESIAN_POINT('',(-8.E0,3.E0,0.E0));
#6674=DIRECTION('',(-1.E0,0.E0,0.E0));
#6675=DIRECTION('',(0.E0,-1.E0,0.E0));
#6676=AXIS2_PLACEMENT_3D('',#6673,#6674,#6675);
#6677=PLANE('',#6676);
#6679=ORIENTED_EDGE('',*,*,#6678,.F.);
#6681=ORIENTED_EDGE('',*,*,#6680,.T.);
#6683=ORIENTED_EDGE('',*,*,#6682,.T.);
#6685=ORIENTED_EDGE('',*,*,#6684,.T.);
#6687=ORIENTED_EDGE('',*,*,#6686,.F.);
#6688=EDGE_LOOP('',(#6679,#6681,#6683,#6685,#6687));
#6689=FACE_OUTER_BOUND('',#6688,.F.);
#6691=FILL_AREA_STYLE_COLOUR('',#10);
#6692=FILL_AREA_STYLE('',(#6691));
#6693=SURFACE_STYLE_FILL_AREA(#6692);
#6694=SURFACE_SIDE_STYLE('',(#6693));
#6695=SURFACE_STYLE_USAGE(.POSITIVE.,#6694);
#6696=PRESENTATION_STYLE_ASSIGNMENT((#6695));
#6697=STYLED_ITEM('',(#6696),#6690);
#6698=CARTESIAN_POINT('',(-8.E0,2.15E0,2.5E0));
#6699=DIRECTION('',(0.E0,0.E0,-1.E0));
#6700=DIRECTION('',(0.E0,-1.E0,0.E0));
#6701=AXIS2_PLACEMENT_3D('',#6698,#6699,#6700);
#6702=PLANE('',#6701);
#6704=ORIENTED_EDGE('',*,*,#6703,.F.);
#6706=ORIENTED_EDGE('',*,*,#6705,.F.);
#6708=ORIENTED_EDGE('',*,*,#6707,.T.);
#6710=ORIENTED_EDGE('',*,*,#6709,.T.);
#6712=ORIENTED_EDGE('',*,*,#6711,.F.);
#6714=ORIENTED_EDGE('',*,*,#6713,.T.);
#6716=ORIENTED_EDGE('',*,*,#6715,.F.);
#6717=ORIENTED_EDGE('',*,*,#6285,.F.);
#6718=EDGE_LOOP('',(#6704,#6706,#6708,#6710,#6712,#6714,#6716,#6717));
#6719=FACE_OUTER_BOUND('',#6718,.F.);
#6721=FILL_AREA_STYLE_COLOUR('',#10);
#6722=FILL_AREA_STYLE('',(#6721));
#6723=SURFACE_STYLE_FILL_AREA(#6722);
#6724=SURFACE_SIDE_STYLE('',(#6723));
#6725=SURFACE_STYLE_USAGE(.POSITIVE.,#6724);
#6726=PRESENTATION_STYLE_ASSIGNMENT((#6725));
#6727=STYLED_ITEM('',(#6726),#6720);
#6728=CARTESIAN_POINT('',(-8.E0,2.15E0,1.2E0));
#6729=DIRECTION('',(0.E0,-1.E0,0.E0));
#6730=DIRECTION('',(0.E0,0.E0,1.E0));
#6731=AXIS2_PLACEMENT_3D('',#6728,#6729,#6730);
#6732=PLANE('',#6731);
#6734=ORIENTED_EDGE('',*,*,#6733,.F.);
#6736=ORIENTED_EDGE('',*,*,#6735,.T.);
#6738=ORIENTED_EDGE('',*,*,#6737,.F.);
#6739=ORIENTED_EDGE('',*,*,#6291,.T.);
#6740=EDGE_LOOP('',(#6734,#6736,#6738,#6739));
#6741=FACE_OUTER_BOUND('',#6740,.F.);
#6743=FILL_AREA_STYLE_COLOUR('',#10);
#6744=FILL_AREA_STYLE('',(#6743));
#6745=SURFACE_STYLE_FILL_AREA(#6744);
#6746=SURFACE_SIDE_STYLE('',(#6745));
#6747=SURFACE_STYLE_USAGE(.POSITIVE.,#6746);
#6748=PRESENTATION_STYLE_ASSIGNMENT((#6747));
#6749=STYLED_ITEM('',(#6748),#6742);
#6750=CARTESIAN_POINT('',(-8.E0,2.15E0,1.2E0));
#6751=DIRECTION('',(0.E0,-1.E0,0.E0));
#6752=DIRECTION('',(0.E0,0.E0,1.E0));
#6753=AXIS2_PLACEMENT_3D('',#6750,#6751,#6752);
#6754=PLANE('',#6753);
#6756=ORIENTED_EDGE('',*,*,#6755,.T.);
#6758=ORIENTED_EDGE('',*,*,#6757,.F.);
#6760=ORIENTED_EDGE('',*,*,#6759,.T.);
#6761=ORIENTED_EDGE('',*,*,#6703,.T.);
#6762=ORIENTED_EDGE('',*,*,#6307,.T.);
#6764=ORIENTED_EDGE('',*,*,#6763,.T.);
#6765=EDGE_LOOP('',(#6756,#6758,#6760,#6761,#6762,#6764));
#6766=FACE_OUTER_BOUND('',#6765,.F.);
#6768=FILL_AREA_STYLE_COLOUR('',#10);
#6769=FILL_AREA_STYLE('',(#6768));
#6770=SURFACE_STYLE_FILL_AREA(#6769);
#6771=SURFACE_SIDE_STYLE('',(#6770));
#6772=SURFACE_STYLE_USAGE(.POSITIVE.,#6771);
#6773=PRESENTATION_STYLE_ASSIGNMENT((#6772));
#6774=STYLED_ITEM('',(#6773),#6767);
#6775=CARTESIAN_POINT('',(-8.E0,-2.35E0,4.7E0));
#6776=DIRECTION('',(0.E0,0.E0,1.E0));
#6777=DIRECTION('',(0.E0,1.E0,0.E0));
#6778=AXIS2_PLACEMENT_3D('',#6775,#6776,#6777);
#6779=PLANE('',#6778);
#6781=ORIENTED_EDGE('',*,*,#6780,.T.);
#6783=ORIENTED_EDGE('',*,*,#6782,.F.);
#6785=ORIENTED_EDGE('',*,*,#6784,.T.);
#6786=ORIENTED_EDGE('',*,*,#6733,.T.);
#6787=ORIENTED_EDGE('',*,*,#6289,.T.);
#6789=ORIENTED_EDGE('',*,*,#6788,.T.);
#6790=EDGE_LOOP('',(#6781,#6783,#6785,#6786,#6787,#6789));
#6791=FACE_OUTER_BOUND('',#6790,.F.);
#6793=FILL_AREA_STYLE_COLOUR('',#10);
#6794=FILL_AREA_STYLE('',(#6793));
#6795=SURFACE_STYLE_FILL_AREA(#6794);
#6796=SURFACE_SIDE_STYLE('',(#6795));
#6797=SURFACE_STYLE_USAGE(.POSITIVE.,#6796);
#6798=PRESENTATION_STYLE_ASSIGNMENT((#6797));
#6799=STYLED_ITEM('',(#6798),#6792);
#6800=CARTESIAN_POINT('',(-7.6E0,0.E0,0.E0));
#6801=DIRECTION('',(-1.E0,0.E0,0.E0));
#6802=DIRECTION('',(0.E0,0.E0,1.E0));
#6803=AXIS2_PLACEMENT_3D('',#6800,#6801,#6802);
#6804=PLANE('',#6803);
#6806=ORIENTED_EDGE('',*,*,#6805,.T.);
#6808=ORIENTED_EDGE('',*,*,#6807,.F.);
#6810=ORIENTED_EDGE('',*,*,#6809,.F.);
#6811=ORIENTED_EDGE('',*,*,#6780,.F.);
#6812=EDGE_LOOP('',(#6806,#6808,#6810,#6811));
#6813=FACE_OUTER_BOUND('',#6812,.F.);
#6815=FILL_AREA_STYLE_COLOUR('',#10);
#6816=FILL_AREA_STYLE('',(#6815));
#6817=SURFACE_STYLE_FILL_AREA(#6816);
#6818=SURFACE_SIDE_STYLE('',(#6817));
#6819=SURFACE_STYLE_USAGE(.POSITIVE.,#6818);
#6820=PRESENTATION_STYLE_ASSIGNMENT((#6819));
#6821=STYLED_ITEM('',(#6820),#6814);
#6822=CARTESIAN_POINT('',(-8.E0,-2.35E0,2.5E0));
#6823=DIRECTION('',(0.E0,-1.E0,0.E0));
#6824=DIRECTION('',(0.E0,0.E0,1.E0));
#6825=AXIS2_PLACEMENT_3D('',#6822,#6823,#6824);
#6826=PLANE('',#6825);
#6827=ORIENTED_EDGE('',*,*,#6805,.F.);
#6828=ORIENTED_EDGE('',*,*,#6788,.F.);
#6829=ORIENTED_EDGE('',*,*,#6287,.F.);
#6830=ORIENTED_EDGE('',*,*,#6715,.T.);
#6832=ORIENTED_EDGE('',*,*,#6831,.T.);
#6834=ORIENTED_EDGE('',*,*,#6833,.T.);
#6835=EDGE_LOOP('',(#6827,#6828,#6829,#6830,#6832,#6834));
#6836=FACE_OUTER_BOUND('',#6835,.F.);
#6838=FILL_AREA_STYLE_COLOUR('',#10);
#6839=FILL_AREA_STYLE('',(#6838));
#6840=SURFACE_STYLE_FILL_AREA(#6839);
#6841=SURFACE_SIDE_STYLE('',(#6840));
#6842=SURFACE_STYLE_USAGE(.POSITIVE.,#6841);
#6843=PRESENTATION_STYLE_ASSIGNMENT((#6842));
#6844=STYLED_ITEM('',(#6843),#6837);
#6845=CARTESIAN_POINT('',(-7.1E0,0.E0,0.E0));
#6846=DIRECTION('',(-1.E0,0.E0,0.E0));
#6847=DIRECTION('',(0.E0,0.E0,1.E0));
#6848=AXIS2_PLACEMENT_3D('',#6845,#6846,#6847);
#6849=PLANE('',#6848);
#6851=ORIENTED_EDGE('',*,*,#6850,.T.);
#6853=ORIENTED_EDGE('',*,*,#6852,.F.);
#6855=ORIENTED_EDGE('',*,*,#6854,.T.);
#6857=ORIENTED_EDGE('',*,*,#6856,.T.);
#6858=ORIENTED_EDGE('',*,*,#6735,.F.);
#6859=ORIENTED_EDGE('',*,*,#6784,.F.);
#6861=ORIENTED_EDGE('',*,*,#6860,.T.);
#6863=ORIENTED_EDGE('',*,*,#6862,.F.);
#6864=ORIENTED_EDGE('',*,*,#6831,.F.);
#6865=ORIENTED_EDGE('',*,*,#6713,.F.);
#6866=EDGE_LOOP('',(#6851,#6853,#6855,#6857,#6858,#6859,#6861,#6863,#6864,
#6865));
#6867=FACE_OUTER_BOUND('',#6866,.F.);
#6869=FILL_AREA_STYLE_COLOUR('',#10);
#6870=FILL_AREA_STYLE('',(#6869));
#6871=SURFACE_STYLE_FILL_AREA(#6870);
#6872=SURFACE_SIDE_STYLE('',(#6871));
#6873=SURFACE_STYLE_USAGE(.POSITIVE.,#6872);
#6874=PRESENTATION_STYLE_ASSIGNMENT((#6873));
#6875=STYLED_ITEM('',(#6874),#6868);
#6876=CARTESIAN_POINT('',(-7.1E0,0.E0,0.E0));
#6877=DIRECTION('',(-1.E0,0.E0,0.E0));
#6878=DIRECTION('',(0.E0,0.E0,1.E0));
#6879=AXIS2_PLACEMENT_3D('',#6876,#6877,#6878);
#6880=PLANE('',#6879);
#6881=ORIENTED_EDGE('',*,*,#6759,.F.);
#6883=ORIENTED_EDGE('',*,*,#6882,.T.);
#6885=ORIENTED_EDGE('',*,*,#6884,.F.);
#6887=ORIENTED_EDGE('',*,*,#6886,.F.);
#6889=ORIENTED_EDGE('',*,*,#6888,.T.);
#6890=ORIENTED_EDGE('',*,*,#6705,.T.);
#6891=EDGE_LOOP('',(#6881,#6883,#6885,#6887,#6889,#6890));
#6892=FACE_OUTER_BOUND('',#6891,.F.);
#6894=FILL_AREA_STYLE_COLOUR('',#10);
#6895=FILL_AREA_STYLE('',(#6894));
#6896=SURFACE_STYLE_FILL_AREA(#6895);
#6897=SURFACE_SIDE_STYLE('',(#6896));
#6898=SURFACE_STYLE_USAGE(.POSITIVE.,#6897);
#6899=PRESENTATION_STYLE_ASSIGNMENT((#6898));
#6900=STYLED_ITEM('',(#6899),#6893);
#6901=CARTESIAN_POINT('',(-7.1E0,1.E0,2.5E0));
#6902=DIRECTION('',(0.E0,-1.E0,0.E0));
#6903=DIRECTION('',(0.E0,0.E0,1.E0));
#6904=AXIS2_PLACEMENT_3D('',#6901,#6902,#6903);
#6905=PLANE('',#6904);
#6907=ORIENTED_EDGE('',*,*,#6906,.T.);
#6909=ORIENTED_EDGE('',*,*,#6908,.F.);
#6910=ORIENTED_EDGE('',*,*,#6850,.F.);
#6911=ORIENTED_EDGE('',*,*,#6711,.T.);
#6912=EDGE_LOOP('',(#6907,#6909,#6910,#6911));
#6913=FACE_OUTER_BOUND('',#6912,.F.);
#6915=FILL_AREA_STYLE_COLOUR('',#10);
#6916=FILL_AREA_STYLE('',(#6915));
#6917=SURFACE_STYLE_FILL_AREA(#6916);
#6918=SURFACE_SIDE_STYLE('',(#6917));
#6919=SURFACE_STYLE_USAGE(.POSITIVE.,#6918);
#6920=PRESENTATION_STYLE_ASSIGNMENT((#6919));
#6921=STYLED_ITEM('',(#6920),#6914);
#6922=CARTESIAN_POINT('',(-6.4E0,3.E0,6.E-1));
#6923=DIRECTION('',(-1.E0,0.E0,0.E0));
#6924=DIRECTION('',(0.E0,0.E0,1.E0));
#6925=AXIS2_PLACEMENT_3D('',#6922,#6923,#6924);
#6926=PLANE('',#6925);
#6928=ORIENTED_EDGE('',*,*,#6927,.T.);
#6930=ORIENTED_EDGE('',*,*,#6929,.F.);
#6932=ORIENTED_EDGE('',*,*,#6931,.T.);
#6934=ORIENTED_EDGE('',*,*,#6933,.T.);
#6936=ORIENTED_EDGE('',*,*,#6935,.T.);
#6938=ORIENTED_EDGE('',*,*,#6937,.F.);
#6940=ORIENTED_EDGE('',*,*,#6939,.T.);
#6942=ORIENTED_EDGE('',*,*,#6941,.T.);
#6944=ORIENTED_EDGE('',*,*,#6943,.F.);
#6946=ORIENTED_EDGE('',*,*,#6945,.F.);
#6948=ORIENTED_EDGE('',*,*,#6947,.T.);
#6949=ORIENTED_EDGE('',*,*,#6906,.F.);
#6950=ORIENTED_EDGE('',*,*,#6709,.F.);
#6951=EDGE_LOOP('',(#6928,#6930,#6932,#6934,#6936,#6938,#6940,#6942,#6944,#6946,
#6948,#6949,#6950));
#6952=FACE_OUTER_BOUND('',#6951,.F.);
#6954=FILL_AREA_STYLE_COLOUR('',#10);
#6955=FILL_AREA_STYLE('',(#6954));
#6956=SURFACE_STYLE_FILL_AREA(#6955);
#6957=SURFACE_SIDE_STYLE('',(#6956));
#6958=SURFACE_STYLE_USAGE(.POSITIVE.,#6957);
#6959=PRESENTATION_STYLE_ASSIGNMENT((#6958));
#6960=STYLED_ITEM('',(#6959),#6953);
#6961=CARTESIAN_POINT('',(8.E0,3.E0,0.E0));
#6962=DIRECTION('',(0.E0,1.E0,0.E0));
#6963=DIRECTION('',(-1.E0,0.E0,0.E0));
#6964=AXIS2_PLACEMENT_3D('',#6961,#6962,#6963);
#6965=PLANE('',#6964);
#6967=ORIENTED_EDGE('',*,*,#6966,.F.);
#6969=ORIENTED_EDGE('',*,*,#6968,.T.);
#6971=ORIENTED_EDGE('',*,*,#6970,.T.);
#6973=ORIENTED_EDGE('',*,*,#6972,.T.);
#6975=ORIENTED_EDGE('',*,*,#6974,.T.);
#6977=ORIENTED_EDGE('',*,*,#6976,.F.);
#6979=ORIENTED_EDGE('',*,*,#6978,.T.);
#6980=ORIENTED_EDGE('',*,*,#6854,.F.);
#6982=ORIENTED_EDGE('',*,*,#6981,.T.);
#6983=ORIENTED_EDGE('',*,*,#6945,.T.);
#6985=ORIENTED_EDGE('',*,*,#6984,.T.);
#6987=ORIENTED_EDGE('',*,*,#6986,.T.);
#6989=ORIENTED_EDGE('',*,*,#6988,.T.);
#6991=ORIENTED_EDGE('',*,*,#6990,.T.);
#6993=ORIENTED_EDGE('',*,*,#6992,.T.);
#6995=ORIENTED_EDGE('',*,*,#6994,.T.);
#6996=EDGE_LOOP('',(#6967,#6969,#6971,#6973,#6975,#6977,#6979,#6980,#6982,#6983,
#6985,#6987,#6989,#6991,#6993,#6995));
#6997=FACE_OUTER_BOUND('',#6996,.F.);
#6999=FILL_AREA_STYLE_COLOUR('',#10);
#7000=FILL_AREA_STYLE('',(#6999));
#7001=SURFACE_STYLE_FILL_AREA(#7000);
#7002=SURFACE_SIDE_STYLE('',(#7001));
#7003=SURFACE_STYLE_USAGE(.POSITIVE.,#7002);
#7004=PRESENTATION_STYLE_ASSIGNMENT((#7003));
#7005=STYLED_ITEM('',(#7004),#6998);
#7006=CARTESIAN_POINT('',(8.E0,3.E0,0.E0));
#7007=DIRECTION('',(0.E0,1.E0,0.E0));
#7008=DIRECTION('',(-1.E0,0.E0,0.E0));
#7009=AXIS2_PLACEMENT_3D('',#7006,#7007,#7008);
#7010=PLANE('',#7009);
#7012=ORIENTED_EDGE('',*,*,#7011,.F.);
#7013=ORIENTED_EDGE('',*,*,#6927,.F.);
#7014=ORIENTED_EDGE('',*,*,#6707,.F.);
#7015=ORIENTED_EDGE('',*,*,#6888,.F.);
#7017=ORIENTED_EDGE('',*,*,#7016,.F.);
#7019=ORIENTED_EDGE('',*,*,#7018,.T.);
#7021=ORIENTED_EDGE('',*,*,#7020,.T.);
#7023=ORIENTED_EDGE('',*,*,#7022,.F.);
#7025=ORIENTED_EDGE('',*,*,#7024,.F.);
#7027=ORIENTED_EDGE('',*,*,#7026,.T.);
#7029=ORIENTED_EDGE('',*,*,#7028,.T.);
#7031=ORIENTED_EDGE('',*,*,#7030,.F.);
#7032=EDGE_LOOP('',(#7012,#7013,#7014,#7015,#7017,#7019,#7021,#7023,#7025,#7027,
#7029,#7031));
#7033=FACE_OUTER_BOUND('',#7032,.F.);
#7035=FILL_AREA_STYLE_COLOUR('',#10);
#7036=FILL_AREA_STYLE('',(#7035));
#7037=SURFACE_STYLE_FILL_AREA(#7036);
#7038=SURFACE_SIDE_STYLE('',(#7037));
#7039=SURFACE_STYLE_USAGE(.POSITIVE.,#7038);
#7040=PRESENTATION_STYLE_ASSIGNMENT((#7039));
#7041=STYLED_ITEM('',(#7040),#7034);
#7042=CARTESIAN_POINT('',(7.1E0,1.E0,3.4E0));
#7043=DIRECTION('',(0.E0,0.E0,-1.E0));
#7044=DIRECTION('',(0.E0,1.E0,0.E0));
#7045=AXIS2_PLACEMENT_3D('',#7042,#7043,#7044);
#7046=PLANE('',#7045);
#7048=ORIENTED_EDGE('',*,*,#7047,.F.);
#7050=ORIENTED_EDGE('',*,*,#7049,.F.);
#7051=ORIENTED_EDGE('',*,*,#6966,.T.);
#7053=ORIENTED_EDGE('',*,*,#7052,.T.);
#7054=EDGE_LOOP('',(#7048,#7050,#7051,#7053));
#7055=FACE_OUTER_BOUND('',#7054,.F.);
#7057=FILL_AREA_STYLE_COLOUR('',#10);
#7058=FILL_AREA_STYLE('',(#7057));
#7059=SURFACE_STYLE_FILL_AREA(#7058);
#7060=SURFACE_SIDE_STYLE('',(#7059));
#7061=SURFACE_STYLE_USAGE(.POSITIVE.,#7060);
#7062=PRESENTATION_STYLE_ASSIGNMENT((#7061));
#7063=STYLED_ITEM('',(#7062),#7056);
#7064=CARTESIAN_POINT('',(7.1E0,1.E0,2.5E0));
#7065=DIRECTION('',(0.E0,1.E0,0.E0));
#7066=DIRECTION('',(0.E0,0.E0,1.E0));
#7067=AXIS2_PLACEMENT_3D('',#7064,#7065,#7066);
#7068=PLANE('',#7067);
#7070=ORIENTED_EDGE('',*,*,#7069,.F.);
#7072=ORIENTED_EDGE('',*,*,#7071,.T.);
#7073=ORIENTED_EDGE('',*,*,#7047,.T.);
#7075=ORIENTED_EDGE('',*,*,#7074,.F.);
#7076=EDGE_LOOP('',(#7070,#7072,#7073,#7075));
#7077=FACE_OUTER_BOUND('',#7076,.F.);
#7079=FILL_AREA_STYLE_COLOUR('',#10);
#7080=FILL_AREA_STYLE('',(#7079));
#7081=SURFACE_STYLE_FILL_AREA(#7080);
#7082=SURFACE_SIDE_STYLE('',(#7081));
#7083=SURFACE_STYLE_USAGE(.POSITIVE.,#7082);
#7084=PRESENTATION_STYLE_ASSIGNMENT((#7083));
#7085=STYLED_ITEM('',(#7084),#7078);
#7086=CARTESIAN_POINT('',(8.E0,2.15E0,2.5E0));
#7087=DIRECTION('',(0.E0,0.E0,1.E0));
#7088=DIRECTION('',(0.E0,-1.E0,0.E0));
#7089=AXIS2_PLACEMENT_3D('',#7086,#7087,#7088);
#7090=PLANE('',#7089);
#7092=ORIENTED_EDGE('',*,*,#7091,.F.);
#7093=ORIENTED_EDGE('',*,*,#7069,.T.);
#7095=ORIENTED_EDGE('',*,*,#7094,.F.);
#7096=ORIENTED_EDGE('',*,*,#7028,.F.);
#7098=ORIENTED_EDGE('',*,*,#7097,.T.);
#7100=ORIENTED_EDGE('',*,*,#7099,.T.);
#7102=ORIENTED_EDGE('',*,*,#7101,.T.);
#7104=ORIENTED_EDGE('',*,*,#7103,.T.);
#7105=EDGE_LOOP('',(#7092,#7093,#7095,#7096,#7098,#7100,#7102,#7104));
#7106=FACE_OUTER_BOUND('',#7105,.F.);
#7108=FILL_AREA_STYLE_COLOUR('',#10);
#7109=FILL_AREA_STYLE('',(#7108));
#7110=SURFACE_STYLE_FILL_AREA(#7109);
#7111=SURFACE_SIDE_STYLE('',(#7110));
#7112=SURFACE_STYLE_USAGE(.POSITIVE.,#7111);
#7113=PRESENTATION_STYLE_ASSIGNMENT((#7112));
#7114=STYLED_ITEM('',(#7113),#7107);
#7115=CARTESIAN_POINT('',(7.1E0,0.E0,0.E0));
#7116=DIRECTION('',(-1.E0,0.E0,0.E0));
#7117=DIRECTION('',(0.E0,0.E0,1.E0));
#7118=AXIS2_PLACEMENT_3D('',#7115,#7116,#7117);
#7119=PLANE('',#7118);
#7120=ORIENTED_EDGE('',*,*,#7071,.F.);
#7121=ORIENTED_EDGE('',*,*,#7091,.T.);
#7123=ORIENTED_EDGE('',*,*,#7122,.T.);
#7125=ORIENTED_EDGE('',*,*,#7124,.T.);
#7127=ORIENTED_EDGE('',*,*,#7126,.F.);
#7129=ORIENTED_EDGE('',*,*,#7128,.T.);
#7131=ORIENTED_EDGE('',*,*,#7130,.T.);
#7133=ORIENTED_EDGE('',*,*,#7132,.F.);
#7134=ORIENTED_EDGE('',*,*,#6968,.F.);
#7135=ORIENTED_EDGE('',*,*,#7049,.T.);
#7136=EDGE_LOOP('',(#7120,#7121,#7123,#7125,#7127,#7129,#7131,#7133,#7134,
#7135));
#7137=FACE_OUTER_BOUND('',#7136,.F.);
#7139=FILL_AREA_STYLE_COLOUR('',#10);
#7140=FILL_AREA_STYLE('',(#7139));
#7141=SURFACE_STYLE_FILL_AREA(#7140);
#7142=SURFACE_SIDE_STYLE('',(#7141));
#7143=SURFACE_STYLE_USAGE(.POSITIVE.,#7142);
#7144=PRESENTATION_STYLE_ASSIGNMENT((#7143));
#7145=STYLED_ITEM('',(#7144),#7138);
#7146=CARTESIAN_POINT('',(7.1E0,0.E0,0.E0));
#7147=DIRECTION('',(-1.E0,0.E0,0.E0));
#7148=DIRECTION('',(0.E0,0.E0,1.E0));
#7149=AXIS2_PLACEMENT_3D('',#7146,#7147,#7148);
#7150=PLANE('',#7149);
#7152=ORIENTED_EDGE('',*,*,#7151,.F.);
#7154=ORIENTED_EDGE('',*,*,#7153,.F.);
#7156=ORIENTED_EDGE('',*,*,#7155,.T.);
#7157=ORIENTED_EDGE('',*,*,#7097,.F.);
#7158=ORIENTED_EDGE('',*,*,#7026,.F.);
#7160=ORIENTED_EDGE('',*,*,#7159,.T.);
#7161=EDGE_LOOP('',(#7152,#7154,#7156,#7157,#7158,#7160));
#7162=FACE_OUTER_BOUND('',#7161,.F.);
#7164=FILL_AREA_STYLE_COLOUR('',#10);
#7165=FILL_AREA_STYLE('',(#7164));
#7166=SURFACE_STYLE_FILL_AREA(#7165);
#7167=SURFACE_SIDE_STYLE('',(#7166));
#7168=SURFACE_STYLE_USAGE(.POSITIVE.,#7167);
#7169=PRESENTATION_STYLE_ASSIGNMENT((#7168));
#7170=STYLED_ITEM('',(#7169),#7163);
#7171=CARTESIAN_POINT('',(8.E0,-2.35E0,2.5E0));
#7172=DIRECTION('',(0.E0,1.E0,0.E0));
#7173=DIRECTION('',(0.E0,0.E0,1.E0));
#7174=AXIS2_PLACEMENT_3D('',#7171,#7172,#7173);
#7175=PLANE('',#7174);
#7177=ORIENTED_EDGE('',*,*,#7176,.T.);
#7179=ORIENTED_EDGE('',*,*,#7178,.F.);
#7180=ORIENTED_EDGE('',*,*,#7122,.F.);
#7181=ORIENTED_EDGE('',*,*,#7103,.F.);
#7183=ORIENTED_EDGE('',*,*,#7182,.T.);
#7185=ORIENTED_EDGE('',*,*,#7184,.T.);
#7186=EDGE_LOOP('',(#7177,#7179,#7180,#7181,#7183,#7185));
#7187=FACE_OUTER_BOUND('',#7186,.F.);
#7189=FILL_AREA_STYLE_COLOUR('',#10);
#7190=FILL_AREA_STYLE('',(#7189));
#7191=SURFACE_STYLE_FILL_AREA(#7190);
#7192=SURFACE_SIDE_STYLE('',(#7191));
#7193=SURFACE_STYLE_USAGE(.POSITIVE.,#7192);
#7194=PRESENTATION_STYLE_ASSIGNMENT((#7193));
#7195=STYLED_ITEM('',(#7194),#7188);
#7196=CARTESIAN_POINT('',(7.6E0,0.E0,0.E0));
#7197=DIRECTION('',(-1.E0,0.E0,0.E0));
#7198=DIRECTION('',(0.E0,0.E0,1.E0));
#7199=AXIS2_PLACEMENT_3D('',#7196,#7197,#7198);
#7200=PLANE('',#7199);
#7202=ORIENTED_EDGE('',*,*,#7201,.T.);
#7204=ORIENTED_EDGE('',*,*,#7203,.T.);
#7205=ORIENTED_EDGE('',*,*,#7176,.F.);
#7207=ORIENTED_EDGE('',*,*,#7206,.T.);
#7208=EDGE_LOOP('',(#7202,#7204,#7205,#7207));
#7209=FACE_OUTER_BOUND('',#7208,.F.);
#7211=FILL_AREA_STYLE_COLOUR('',#10);
#7212=FILL_AREA_STYLE('',(#7211));
#7213=SURFACE_STYLE_FILL_AREA(#7212);
#7214=SURFACE_SIDE_STYLE('',(#7213));
#7215=SURFACE_STYLE_USAGE(.POSITIVE.,#7214);
#7216=PRESENTATION_STYLE_ASSIGNMENT((#7215));
#7217=STYLED_ITEM('',(#7216),#7210);
#7218=CARTESIAN_POINT('',(7.1E0,0.E0,4.7E0));
#7219=DIRECTION('',(0.E0,-1.E0,0.E0));
#7220=DIRECTION('',(0.E0,0.E0,-1.E0));
#7221=AXIS2_PLACEMENT_3D('',#7218,#7219,#7220);
#7222=PLANE('',#7221);
#7223=ORIENTED_EDGE('',*,*,#7201,.F.);
#7225=ORIENTED_EDGE('',*,*,#7224,.F.);
#7226=ORIENTED_EDGE('',*,*,#7126,.T.);
#7228=ORIENTED_EDGE('',*,*,#7227,.T.);
#7229=EDGE_LOOP('',(#7223,#7225,#7226,#7228));
#7230=FACE_OUTER_BOUND('',#7229,.F.);
#7232=FILL_AREA_STYLE_COLOUR('',#10);
#7233=FILL_AREA_STYLE('',(#7232));
#7234=SURFACE_STYLE_FILL_AREA(#7233);
#7235=SURFACE_SIDE_STYLE('',(#7234));
#7236=SURFACE_STYLE_USAGE(.POSITIVE.,#7235);
#7237=PRESENTATION_STYLE_ASSIGNMENT((#7236));
#7238=STYLED_ITEM('',(#7237),#7231);
#7239=CARTESIAN_POINT('',(8.E0,-2.35E0,4.7E0));
#7240=DIRECTION('',(0.E0,0.E0,-1.E0));
#7241=DIRECTION('',(0.E0,1.E0,0.E0));
#7242=AXIS2_PLACEMENT_3D('',#7239,#7240,#7241);
#7243=PLANE('',#7242);
#7244=ORIENTED_EDGE('',*,*,#7206,.F.);
#7245=ORIENTED_EDGE('',*,*,#7184,.F.);
#7247=ORIENTED_EDGE('',*,*,#7246,.F.);
#7249=ORIENTED_EDGE('',*,*,#7248,.F.);
#7250=ORIENTED_EDGE('',*,*,#7128,.F.);
#7251=ORIENTED_EDGE('',*,*,#7224,.T.);
#7252=EDGE_LOOP('',(#7244,#7245,#7247,#7249,#7250,#7251));
#7253=FACE_OUTER_BOUND('',#7252,.F.);
#7255=FILL_AREA_STYLE_COLOUR('',#10);
#7256=FILL_AREA_STYLE('',(#7255));
#7257=SURFACE_STYLE_FILL_AREA(#7256);
#7258=SURFACE_SIDE_STYLE('',(#7257));
#7259=SURFACE_STYLE_USAGE(.POSITIVE.,#7258);
#7260=PRESENTATION_STYLE_ASSIGNMENT((#7259));
#7261=STYLED_ITEM('',(#7260),#7254);
#7262=CARTESIAN_POINT('',(8.E0,-3.E0,0.E0));
#7263=DIRECTION('',(1.E0,0.E0,0.E0));
#7264=DIRECTION('',(0.E0,1.E0,0.E0));
#7265=AXIS2_PLACEMENT_3D('',#7262,#7263,#7264);
#7266=PLANE('',#7265);
#7267=ORIENTED_EDGE('',*,*,#7101,.F.);
#7269=ORIENTED_EDGE('',*,*,#7268,.T.);
#7271=ORIENTED_EDGE('',*,*,#7270,.F.);
#7273=ORIENTED_EDGE('',*,*,#7272,.F.);
#7275=ORIENTED_EDGE('',*,*,#7274,.F.);
#7277=ORIENTED_EDGE('',*,*,#7276,.T.);
#7279=ORIENTED_EDGE('',*,*,#7278,.T.);
#7281=ORIENTED_EDGE('',*,*,#7280,.T.);
#7283=ORIENTED_EDGE('',*,*,#7282,.T.);
#7285=ORIENTED_EDGE('',*,*,#7284,.T.);
#7286=ORIENTED_EDGE('',*,*,#7246,.T.);
#7287=ORIENTED_EDGE('',*,*,#7182,.F.);
#7288=EDGE_LOOP('',(#7267,#7269,#7271,#7273,#7275,#7277,#7279,#7281,#7283,#7285,
#7286,#7287));
#7289=FACE_OUTER_BOUND('',#7288,.F.);
#7291=FILL_AREA_STYLE_COLOUR('',#10);
#7292=FILL_AREA_STYLE('',(#7291));
#7293=SURFACE_STYLE_FILL_AREA(#7292);
#7294=SURFACE_SIDE_STYLE('',(#7293));
#7295=SURFACE_STYLE_USAGE(.POSITIVE.,#7294);
#7296=PRESENTATION_STYLE_ASSIGNMENT((#7295));
#7297=STYLED_ITEM('',(#7296),#7290);
#7298=CARTESIAN_POINT('',(8.E0,2.15E0,1.2E0));
#7299=DIRECTION('',(0.E0,1.E0,0.E0));
#7300=DIRECTION('',(0.E0,0.E0,1.E0));
#7301=AXIS2_PLACEMENT_3D('',#7298,#7299,#7300);
#7302=PLANE('',#7301);
#7303=ORIENTED_EDGE('',*,*,#7248,.T.);
#7304=ORIENTED_EDGE('',*,*,#7284,.F.);
#7306=ORIENTED_EDGE('',*,*,#7305,.T.);
#7307=ORIENTED_EDGE('',*,*,#7130,.F.);
#7308=EDGE_LOOP('',(#7303,#7304,#7306,#7307));
#7309=FACE_OUTER_BOUND('',#7308,.F.);
#7311=FILL_AREA_STYLE_COLOUR('',#10);
#7312=FILL_AREA_STYLE('',(#7311));
#7313=SURFACE_STYLE_FILL_AREA(#7312);
#7314=SURFACE_SIDE_STYLE('',(#7313));
#7315=SURFACE_STYLE_USAGE(.POSITIVE.,#7314);
#7316=PRESENTATION_STYLE_ASSIGNMENT((#7315));
#7317=STYLED_ITEM('',(#7316),#7310);
#7318=CARTESIAN_POINT('',(8.E0,2.15E0,1.2E0));
#7319=DIRECTION('',(0.E0,1.E0,0.E0));
#7320=DIRECTION('',(0.E0,0.E0,1.E0));
#7321=AXIS2_PLACEMENT_3D('',#7318,#7319,#7320);
#7322=PLANE('',#7321);
#7324=ORIENTED_EDGE('',*,*,#7323,.F.);
#7326=ORIENTED_EDGE('',*,*,#7325,.F.);
#7327=ORIENTED_EDGE('',*,*,#7268,.F.);
#7328=ORIENTED_EDGE('',*,*,#7099,.F.);
#7329=ORIENTED_EDGE('',*,*,#7155,.F.);
#7331=ORIENTED_EDGE('',*,*,#7330,.T.);
#7332=EDGE_LOOP('',(#7324,#7326,#7327,#7328,#7329,#7331));
#7333=FACE_OUTER_BOUND('',#7332,.F.);
#7335=FILL_AREA_STYLE_COLOUR('',#10);
#7336=FILL_AREA_STYLE('',(#7335));
#7337=SURFACE_STYLE_FILL_AREA(#7336);
#7338=SURFACE_SIDE_STYLE('',(#7337));
#7339=SURFACE_STYLE_USAGE(.POSITIVE.,#7338);
#7340=PRESENTATION_STYLE_ASSIGNMENT((#7339));
#7341=STYLED_ITEM('',(#7340),#7334);
#7342=CARTESIAN_POINT('',(0.E0,0.E0,5.5E0));
#7343=DIRECTION('',(0.E0,0.E0,1.E0));
#7344=DIRECTION('',(1.E0,0.E0,0.E0));
#7345=AXIS2_PLACEMENT_3D('',#7342,#7343,#7344);
#7346=PLANE('',#7345);
#7347=ORIENTED_EDGE('',*,*,#7132,.T.);
#7348=ORIENTED_EDGE('',*,*,#7305,.F.);
#7349=ORIENTED_EDGE('',*,*,#7282,.F.);
#7351=ORIENTED_EDGE('',*,*,#7350,.F.);
#7353=ORIENTED_EDGE('',*,*,#7352,.T.);
#7355=ORIENTED_EDGE('',*,*,#7354,.T.);
#7357=ORIENTED_EDGE('',*,*,#7356,.F.);
#7359=ORIENTED_EDGE('',*,*,#7358,.F.);
#7361=ORIENTED_EDGE('',*,*,#7360,.T.);
#7363=ORIENTED_EDGE('',*,*,#7362,.T.);
#7364=ORIENTED_EDGE('',*,*,#6939,.F.);
#7366=ORIENTED_EDGE('',*,*,#7365,.F.);
#7367=ORIENTED_EDGE('',*,*,#6293,.F.);
#7368=ORIENTED_EDGE('',*,*,#6737,.T.);
#7369=ORIENTED_EDGE('',*,*,#6856,.F.);
#7370=ORIENTED_EDGE('',*,*,#6978,.F.);
#7372=ORIENTED_EDGE('',*,*,#7371,.T.);
#7374=ORIENTED_EDGE('',*,*,#7373,.T.);
#7376=ORIENTED_EDGE('',*,*,#7375,.F.);
#7377=ORIENTED_EDGE('',*,*,#6970,.F.);
#7378=EDGE_LOOP('',(#7347,#7348,#7349,#7351,#7353,#7355,#7357,#7359,#7361,#7363,
#7364,#7366,#7367,#7368,#7369,#7370,#7372,#7374,#7376,#7377));
#7379=FACE_OUTER_BOUND('',#7378,.F.);
#7381=FILL_AREA_STYLE_COLOUR('',#10);
#7382=FILL_AREA_STYLE('',(#7381));
#7383=SURFACE_STYLE_FILL_AREA(#7382);
#7384=SURFACE_SIDE_STYLE('',(#7383));
#7385=SURFACE_STYLE_USAGE(.POSITIVE.,#7384);
#7386=PRESENTATION_STYLE_ASSIGNMENT((#7385));
#7387=STYLED_ITEM('',(#7386),#7380);
#7388=CARTESIAN_POINT('',(-8.E0,-3.E0,0.E0));
#7389=DIRECTION('',(0.E0,-1.E0,0.E0));
#7390=DIRECTION('',(1.E0,0.E0,0.E0));
#7391=AXIS2_PLACEMENT_3D('',#7388,#7389,#7390);
#7392=PLANE('',#7391);
#7394=ORIENTED_EDGE('',*,*,#7393,.T.);
#7396=ORIENTED_EDGE('',*,*,#7395,.T.);
#7398=ORIENTED_EDGE('',*,*,#7397,.F.);
#7400=ORIENTED_EDGE('',*,*,#7399,.F.);
#7402=ORIENTED_EDGE('',*,*,#7401,.T.);
#7404=ORIENTED_EDGE('',*,*,#7403,.F.);
#7405=EDGE_LOOP('',(#7394,#7396,#7398,#7400,#7402,#7404));
#7406=FACE_OUTER_BOUND('',#7405,.F.);
#7408=FILL_AREA_STYLE_COLOUR('',#10);
#7409=FILL_AREA_STYLE('',(#7408));
#7410=SURFACE_STYLE_FILL_AREA(#7409);
#7411=SURFACE_SIDE_STYLE('',(#7410));
#7412=SURFACE_STYLE_USAGE(.POSITIVE.,#7411);
#7413=PRESENTATION_STYLE_ASSIGNMENT((#7412));
#7414=STYLED_ITEM('',(#7413),#7407);
#7415=CARTESIAN_POINT('',(-8.E0,-3.E0,0.E0));
#7416=DIRECTION('',(0.E0,-1.E0,0.E0));
#7417=DIRECTION('',(1.E0,0.E0,0.E0));
#7418=AXIS2_PLACEMENT_3D('',#7415,#7416,#7417);
#7419=PLANE('',#7418);
#7421=ORIENTED_EDGE('',*,*,#7420,.T.);
#7423=ORIENTED_EDGE('',*,*,#7422,.T.);
#7425=ORIENTED_EDGE('',*,*,#7424,.F.);
#7427=ORIENTED_EDGE('',*,*,#7426,.F.);
#7428=EDGE_LOOP('',(#7421,#7423,#7425,#7427));
#7429=FACE_OUTER_BOUND('',#7428,.F.);
#7431=FILL_AREA_STYLE_COLOUR('',#10);
#7432=FILL_AREA_STYLE('',(#7431));
#7433=SURFACE_STYLE_FILL_AREA(#7432);
#7434=SURFACE_SIDE_STYLE('',(#7433));
#7435=SURFACE_STYLE_USAGE(.POSITIVE.,#7434);
#7436=PRESENTATION_STYLE_ASSIGNMENT((#7435));
#7437=STYLED_ITEM('',(#7436),#7430);
#7438=CARTESIAN_POINT('',(-8.E0,-3.E0,0.E0));
#7439=DIRECTION('',(0.E0,-1.E0,0.E0));
#7440=DIRECTION('',(1.E0,0.E0,0.E0));
#7441=AXIS2_PLACEMENT_3D('',#7438,#7439,#7440);
#7442=PLANE('',#7441);
#7444=ORIENTED_EDGE('',*,*,#7443,.T.);
#7446=ORIENTED_EDGE('',*,*,#7445,.T.);
#7448=ORIENTED_EDGE('',*,*,#7447,.F.);
#7450=ORIENTED_EDGE('',*,*,#7449,.F.);
#7451=EDGE_LOOP('',(#7444,#7446,#7448,#7450));
#7452=FACE_OUTER_BOUND('',#7451,.F.);
#7454=FILL_AREA_STYLE_COLOUR('',#10);
#7455=FILL_AREA_STYLE('',(#7454));
#7456=SURFACE_STYLE_FILL_AREA(#7455);
#7457=SURFACE_SIDE_STYLE('',(#7456));
#7458=SURFACE_STYLE_USAGE(.POSITIVE.,#7457);
#7459=PRESENTATION_STYLE_ASSIGNMENT((#7458));
#7460=STYLED_ITEM('',(#7459),#7453);
#7461=CARTESIAN_POINT('',(-8.E0,-3.E0,0.E0));
#7462=DIRECTION('',(0.E0,-1.E0,0.E0));
#7463=DIRECTION('',(1.E0,0.E0,0.E0));
#7464=AXIS2_PLACEMENT_3D('',#7461,#7462,#7463);
#7465=PLANE('',#7464);
#7467=ORIENTED_EDGE('',*,*,#7466,.T.);
#7469=ORIENTED_EDGE('',*,*,#7468,.T.);
#7471=ORIENTED_EDGE('',*,*,#7470,.F.);
#7473=ORIENTED_EDGE('',*,*,#7472,.F.);
#7474=EDGE_LOOP('',(#7467,#7469,#7471,#7473));
#7475=FACE_OUTER_BOUND('',#7474,.F.);
#7477=FILL_AREA_STYLE_COLOUR('',#10);
#7478=FILL_AREA_STYLE('',(#7477));
#7479=SURFACE_STYLE_FILL_AREA(#7478);
#7480=SURFACE_SIDE_STYLE('',(#7479));
#7481=SURFACE_STYLE_USAGE(.POSITIVE.,#7480);
#7482=PRESENTATION_STYLE_ASSIGNMENT((#7481));
#7483=STYLED_ITEM('',(#7482),#7476);
#7484=CARTESIAN_POINT('',(-8.E0,-3.E0,0.E0));
#7485=DIRECTION('',(0.E0,-1.E0,0.E0));
#7486=DIRECTION('',(1.E0,0.E0,0.E0));
#7487=AXIS2_PLACEMENT_3D('',#7484,#7485,#7486);
#7488=PLANE('',#7487);
#7490=ORIENTED_EDGE('',*,*,#7489,.T.);
#7492=ORIENTED_EDGE('',*,*,#7491,.T.);
#7494=ORIENTED_EDGE('',*,*,#7493,.F.);
#7496=ORIENTED_EDGE('',*,*,#7495,.F.);
#7497=EDGE_LOOP('',(#7490,#7492,#7494,#7496));
#7498=FACE_OUTER_BOUND('',#7497,.F.);
#7500=FILL_AREA_STYLE_COLOUR('',#10);
#7501=FILL_AREA_STYLE('',(#7500));
#7502=SURFACE_STYLE_FILL_AREA(#7501);
#7503=SURFACE_SIDE_STYLE('',(#7502));
#7504=SURFACE_STYLE_USAGE(.POSITIVE.,#7503);
#7505=PRESENTATION_STYLE_ASSIGNMENT((#7504));
#7506=STYLED_ITEM('',(#7505),#7499);
#7507=CARTESIAN_POINT('',(-8.E0,-3.E0,0.E0));
#7508=DIRECTION('',(0.E0,-1.E0,0.E0));
#7509=DIRECTION('',(1.E0,0.E0,0.E0));
#7510=AXIS2_PLACEMENT_3D('',#7507,#7508,#7509);
#7511=PLANE('',#7510);
#7513=ORIENTED_EDGE('',*,*,#7512,.F.);
#7515=ORIENTED_EDGE('',*,*,#7514,.F.);
#7517=ORIENTED_EDGE('',*,*,#7516,.F.);
#7519=ORIENTED_EDGE('',*,*,#7518,.F.);
#7521=ORIENTED_EDGE('',*,*,#7520,.T.);
#7523=ORIENTED_EDGE('',*,*,#7522,.T.);
#7524=EDGE_LOOP('',(#7513,#7515,#7517,#7519,#7521,#7523));
#7525=FACE_OUTER_BOUND('',#7524,.F.);
#7527=FILL_AREA_STYLE_COLOUR('',#10);
#7528=FILL_AREA_STYLE('',(#7527));
#7529=SURFACE_STYLE_FILL_AREA(#7528);
#7530=SURFACE_SIDE_STYLE('',(#7529));
#7531=SURFACE_STYLE_USAGE(.POSITIVE.,#7530);
#7532=PRESENTATION_STYLE_ASSIGNMENT((#7531));
#7533=STYLED_ITEM('',(#7532),#7526);
#7534=CARTESIAN_POINT('',(-8.E0,-3.E0,0.E0));
#7535=DIRECTION('',(0.E0,-1.E0,0.E0));
#7536=DIRECTION('',(1.E0,0.E0,0.E0));
#7537=AXIS2_PLACEMENT_3D('',#7534,#7535,#7536);
#7538=PLANE('',#7537);
#7540=ORIENTED_EDGE('',*,*,#7539,.T.);
#7542=ORIENTED_EDGE('',*,*,#7541,.T.);
#7544=ORIENTED_EDGE('',*,*,#7543,.F.);
#7546=ORIENTED_EDGE('',*,*,#7545,.F.);
#7547=EDGE_LOOP('',(#7540,#7542,#7544,#7546));
#7548=FACE_OUTER_BOUND('',#7547,.F.);
#7550=FILL_AREA_STYLE_COLOUR('',#10);
#7551=FILL_AREA_STYLE('',(#7550));
#7552=SURFACE_STYLE_FILL_AREA(#7551);
#7553=SURFACE_SIDE_STYLE('',(#7552));
#7554=SURFACE_STYLE_USAGE(.POSITIVE.,#7553);
#7555=PRESENTATION_STYLE_ASSIGNMENT((#7554));
#7556=STYLED_ITEM('',(#7555),#7549);
#7557=CARTESIAN_POINT('',(-8.E0,-3.E0,0.E0));
#7558=DIRECTION('',(0.E0,-1.E0,0.E0));
#7559=DIRECTION('',(1.E0,0.E0,0.E0));
#7560=AXIS2_PLACEMENT_3D('',#7557,#7558,#7559);
#7561=PLANE('',#7560);
#7563=ORIENTED_EDGE('',*,*,#7562,.F.);
#7565=ORIENTED_EDGE('',*,*,#7564,.T.);
#7567=ORIENTED_EDGE('',*,*,#7566,.T.);
#7569=ORIENTED_EDGE('',*,*,#7568,.F.);
#7570=ORIENTED_EDGE('',*,*,#6295,.T.);
#7571=ORIENTED_EDGE('',*,*,#7365,.T.);
#7572=ORIENTED_EDGE('',*,*,#6937,.T.);
#7574=ORIENTED_EDGE('',*,*,#7573,.T.);
#7576=ORIENTED_EDGE('',*,*,#7575,.F.);
#7577=ORIENTED_EDGE('',*,*,#7358,.T.);
#7579=ORIENTED_EDGE('',*,*,#7578,.T.);
#7581=ORIENTED_EDGE('',*,*,#7580,.T.);
#7583=ORIENTED_EDGE('',*,*,#7582,.F.);
#7584=ORIENTED_EDGE('',*,*,#7350,.T.);
#7585=ORIENTED_EDGE('',*,*,#7280,.F.);
#7587=ORIENTED_EDGE('',*,*,#7586,.T.);
#7589=ORIENTED_EDGE('',*,*,#7588,.F.);
#7591=ORIENTED_EDGE('',*,*,#7590,.T.);
#7593=ORIENTED_EDGE('',*,*,#7592,.T.);
#7595=ORIENTED_EDGE('',*,*,#7594,.F.);
#7597=ORIENTED_EDGE('',*,*,#7596,.F.);
#7599=ORIENTED_EDGE('',*,*,#7598,.T.);
#7601=ORIENTED_EDGE('',*,*,#7600,.T.);
#7603=ORIENTED_EDGE('',*,*,#7602,.F.);
#7605=ORIENTED_EDGE('',*,*,#7604,.F.);
#7607=ORIENTED_EDGE('',*,*,#7606,.T.);
#7609=ORIENTED_EDGE('',*,*,#7608,.T.);
#7611=ORIENTED_EDGE('',*,*,#7610,.F.);
#7613=ORIENTED_EDGE('',*,*,#7612,.F.);
#7615=ORIENTED_EDGE('',*,*,#7614,.T.);
#7617=ORIENTED_EDGE('',*,*,#7616,.T.);
#7619=ORIENTED_EDGE('',*,*,#7618,.F.);
#7621=ORIENTED_EDGE('',*,*,#7620,.F.);
#7623=ORIENTED_EDGE('',*,*,#7622,.T.);
#7625=ORIENTED_EDGE('',*,*,#7624,.T.);
#7627=ORIENTED_EDGE('',*,*,#7626,.F.);
#7629=ORIENTED_EDGE('',*,*,#7628,.F.);
#7631=ORIENTED_EDGE('',*,*,#7630,.T.);
#7633=ORIENTED_EDGE('',*,*,#7632,.T.);
#7635=ORIENTED_EDGE('',*,*,#7634,.F.);
#7636=EDGE_LOOP('',(#7563,#7565,#7567,#7569,#7570,#7571,#7572,#7574,#7576,#7577,
#7579,#7581,#7583,#7584,#7585,#7587,#7589,#7591,#7593,#7595,#7597,#7599,#7601,
#7603,#7605,#7607,#7609,#7611,#7613,#7615,#7617,#7619,#7621,#7623,#7625,#7627,
#7629,#7631,#7633,#7635));
#7637=FACE_OUTER_BOUND('',#7636,.F.);
#7639=ORIENTED_EDGE('',*,*,#7638,.T.);
#7641=ORIENTED_EDGE('',*,*,#7640,.T.);
#7643=ORIENTED_EDGE('',*,*,#7642,.T.);
#7645=ORIENTED_EDGE('',*,*,#7644,.T.);
#7646=EDGE_LOOP('',(#7639,#7641,#7643,#7645));
#7647=FACE_BOUND('',#7646,.F.);
#7649=FILL_AREA_STYLE_COLOUR('',#10);
#7650=FILL_AREA_STYLE('',(#7649));
#7651=SURFACE_STYLE_FILL_AREA(#7650);
#7652=SURFACE_SIDE_STYLE('',(#7651));
#7653=SURFACE_STYLE_USAGE(.POSITIVE.,#7652);
#7654=PRESENTATION_STYLE_ASSIGNMENT((#7653));
#7655=STYLED_ITEM('',(#7654),#7648);
#7656=CARTESIAN_POINT('',(-5.E0,-3.E0,5.1E0));
#7657=DIRECTION('',(-1.E0,0.E0,0.E0));
#7658=DIRECTION('',(0.E0,0.E0,-1.E0));
#7659=AXIS2_PLACEMENT_3D('',#7656,#7657,#7658);
#7660=PLANE('',#7659);
#7661=ORIENTED_EDGE('',*,*,#7638,.F.);
#7663=ORIENTED_EDGE('',*,*,#7662,.T.);
#7665=ORIENTED_EDGE('',*,*,#7664,.T.);
#7667=ORIENTED_EDGE('',*,*,#7666,.F.);
#7668=EDGE_LOOP('',(#7661,#7663,#7665,#7667));
#7669=FACE_OUTER_BOUND('',#7668,.F.);
#7671=FILL_AREA_STYLE_COLOUR('',#10);
#7672=FILL_AREA_STYLE('',(#7671));
#7673=SURFACE_STYLE_FILL_AREA(#7672);
#7674=SURFACE_SIDE_STYLE('',(#7673));
#7675=SURFACE_STYLE_USAGE(.POSITIVE.,#7674);
#7676=PRESENTATION_STYLE_ASSIGNMENT((#7675));
#7677=STYLED_ITEM('',(#7676),#7670);
#7678=CARTESIAN_POINT('',(5.E0,-3.E0,5.1E0));
#7679=DIRECTION('',(0.E0,0.E0,1.E0));
#7680=DIRECTION('',(-1.E0,0.E0,0.E0));
#7681=AXIS2_PLACEMENT_3D('',#7678,#7679,#7680);
#7682=PLANE('',#7681);
#7683=ORIENTED_EDGE('',*,*,#7644,.F.);
#7685=ORIENTED_EDGE('',*,*,#7684,.T.);
#7687=ORIENTED_EDGE('',*,*,#7686,.T.);
#7688=ORIENTED_EDGE('',*,*,#7662,.F.);
#7689=EDGE_LOOP('',(#7683,#7685,#7687,#7688));
#7690=FACE_OUTER_BOUND('',#7689,.F.);
#7692=FILL_AREA_STYLE_COLOUR('',#10);
#7693=FILL_AREA_STYLE('',(#7692));
#7694=SURFACE_STYLE_FILL_AREA(#7693);
#7695=SURFACE_SIDE_STYLE('',(#7694));
#7696=SURFACE_STYLE_USAGE(.POSITIVE.,#7695);
#7697=PRESENTATION_STYLE_ASSIGNMENT((#7696));
#7698=STYLED_ITEM('',(#7697),#7691);
#7699=CARTESIAN_POINT('',(5.E0,-3.E0,4.3E0));
#7700=DIRECTION('',(1.E0,0.E0,0.E0));
#7701=DIRECTION('',(0.E0,0.E0,1.E0));
#7702=AXIS2_PLACEMENT_3D('',#7699,#7700,#7701);
#7703=PLANE('',#7702);
#7704=ORIENTED_EDGE('',*,*,#7642,.F.);
#7706=ORIENTED_EDGE('',*,*,#7705,.T.);
#7708=ORIENTED_EDGE('',*,*,#7707,.T.);
#7709=ORIENTED_EDGE('',*,*,#7684,.F.);
#7710=EDGE_LOOP('',(#7704,#7706,#7708,#7709));
#7711=FACE_OUTER_BOUND('',#7710,.F.);
#7713=FILL_AREA_STYLE_COLOUR('',#10);
#7714=FILL_AREA_STYLE('',(#7713));
#7715=SURFACE_STYLE_FILL_AREA(#7714);
#7716=SURFACE_SIDE_STYLE('',(#7715));
#7717=SURFACE_STYLE_USAGE(.POSITIVE.,#7716);
#7718=PRESENTATION_STYLE_ASSIGNMENT((#7717));
#7719=STYLED_ITEM('',(#7718),#7712);
#7720=CARTESIAN_POINT('',(-5.E0,-3.E0,4.3E0));
#7721=DIRECTION('',(0.E0,0.E0,-1.E0));
#7722=DIRECTION('',(1.E0,0.E0,0.E0));
#7723=AXIS2_PLACEMENT_3D('',#7720,#7721,#7722);
#7724=PLANE('',#7723);
#7725=ORIENTED_EDGE('',*,*,#7640,.F.);
#7726=ORIENTED_EDGE('',*,*,#7666,.T.);
#7728=ORIENTED_EDGE('',*,*,#7727,.T.);
#7729=ORIENTED_EDGE('',*,*,#7705,.F.);
#7730=EDGE_LOOP('',(#7725,#7726,#7728,#7729));
#7731=FACE_OUTER_BOUND('',#7730,.F.);
#7733=FILL_AREA_STYLE_COLOUR('',#10);
#7734=FILL_AREA_STYLE('',(#7733));
#7735=SURFACE_STYLE_FILL_AREA(#7734);
#7736=SURFACE_SIDE_STYLE('',(#7735));
#7737=SURFACE_STYLE_USAGE(.POSITIVE.,#7736);
#7738=PRESENTATION_STYLE_ASSIGNMENT((#7737));
#7739=STYLED_ITEM('',(#7738),#7732);
#7740=CARTESIAN_POINT('',(0.E0,-2.4E0,0.E0));
#7741=DIRECTION('',(0.E0,-1.E0,0.E0));
#7742=DIRECTION('',(1.E0,0.E0,0.E0));
#7743=AXIS2_PLACEMENT_3D('',#7740,#7741,#7742);
#7744=PLANE('',#7743);
#7745=ORIENTED_EDGE('',*,*,#7664,.F.);
#7746=ORIENTED_EDGE('',*,*,#7686,.F.);
#7747=ORIENTED_EDGE('',*,*,#7707,.F.);
#7748=ORIENTED_EDGE('',*,*,#7727,.F.);
#7749=EDGE_LOOP('',(#7745,#7746,#7747,#7748));
#7750=FACE_OUTER_BOUND('',#7749,.F.);
#7752=FILL_AREA_STYLE_COLOUR('',#10);
#7753=FILL_AREA_STYLE('',(#7752));
#7754=SURFACE_STYLE_FILL_AREA(#7753);
#7755=SURFACE_SIDE_STYLE('',(#7754));
#7756=SURFACE_STYLE_USAGE(.POSITIVE.,#7755);
#7757=PRESENTATION_STYLE_ASSIGNMENT((#7756));
#7758=STYLED_ITEM('',(#7757),#7751);
#7759=CARTESIAN_POINT('',(0.E0,-2.4E0,0.E0));
#7760=DIRECTION('',(0.E0,-1.E0,0.E0));
#7761=DIRECTION('',(1.E0,0.E0,0.E0));
#7762=AXIS2_PLACEMENT_3D('',#7759,#7760,#7761);
#7763=PLANE('',#7762);
#7765=ORIENTED_EDGE('',*,*,#7764,.F.);
#7767=ORIENTED_EDGE('',*,*,#7766,.T.);
#7769=ORIENTED_EDGE('',*,*,#7768,.T.);
#7771=ORIENTED_EDGE('',*,*,#7770,.F.);
#7773=ORIENTED_EDGE('',*,*,#7772,.F.);
#7775=ORIENTED_EDGE('',*,*,#7774,.F.);
#7777=ORIENTED_EDGE('',*,*,#7776,.F.);
#7779=ORIENTED_EDGE('',*,*,#7778,.F.);
#7781=ORIENTED_EDGE('',*,*,#7780,.F.);
#7783=ORIENTED_EDGE('',*,*,#7782,.T.);
#7785=ORIENTED_EDGE('',*,*,#7784,.T.);
#7787=ORIENTED_EDGE('',*,*,#7786,.F.);
#7789=ORIENTED_EDGE('',*,*,#7788,.F.);
#7791=ORIENTED_EDGE('',*,*,#7790,.T.);
#7793=ORIENTED_EDGE('',*,*,#7792,.T.);
#7795=ORIENTED_EDGE('',*,*,#7794,.F.);
#7797=ORIENTED_EDGE('',*,*,#7796,.F.);
#7799=ORIENTED_EDGE('',*,*,#7798,.T.);
#7801=ORIENTED_EDGE('',*,*,#7800,.T.);
#7803=ORIENTED_EDGE('',*,*,#7802,.F.);
#7805=ORIENTED_EDGE('',*,*,#7804,.F.);
#7807=ORIENTED_EDGE('',*,*,#7806,.T.);
#7809=ORIENTED_EDGE('',*,*,#7808,.T.);
#7811=ORIENTED_EDGE('',*,*,#7810,.F.);
#7813=ORIENTED_EDGE('',*,*,#7812,.F.);
#7815=ORIENTED_EDGE('',*,*,#7814,.T.);
#7817=ORIENTED_EDGE('',*,*,#7816,.T.);
#7819=ORIENTED_EDGE('',*,*,#7818,.F.);
#7820=EDGE_LOOP('',(#7765,#7767,#7769,#7771,#7773,#7775,#7777,#7779,#7781,#7783,
#7785,#7787,#7789,#7791,#7793,#7795,#7797,#7799,#7801,#7803,#7805,#7807,#7809,
#7811,#7813,#7815,#7817,#7819));
#7821=FACE_OUTER_BOUND('',#7820,.F.);
#7823=FILL_AREA_STYLE_COLOUR('',#10);
#7824=FILL_AREA_STYLE('',(#7823));
#7825=SURFACE_STYLE_FILL_AREA(#7824);
#7826=SURFACE_SIDE_STYLE('',(#7825));
#7827=SURFACE_STYLE_USAGE(.POSITIVE.,#7826);
#7828=PRESENTATION_STYLE_ASSIGNMENT((#7827));
#7829=STYLED_ITEM('',(#7828),#7822);
#7830=CARTESIAN_POINT('',(-7.2E0,-3.E0,1.E0));
#7831=DIRECTION('',(0.E0,0.E0,-1.E0));
#7832=DIRECTION('',(1.E0,0.E0,0.E0));
#7833=AXIS2_PLACEMENT_3D('',#7830,#7831,#7832);
#7834=PLANE('',#7833);
#7836=ORIENTED_EDGE('',*,*,#7835,.T.);
#7837=ORIENTED_EDGE('',*,*,#7780,.T.);
#7839=ORIENTED_EDGE('',*,*,#7838,.F.);
#7840=ORIENTED_EDGE('',*,*,#7395,.F.);
#7841=EDGE_LOOP('',(#7836,#7837,#7839,#7840));
#7842=FACE_OUTER_BOUND('',#7841,.F.);
#7844=FILL_AREA_STYLE_COLOUR('',#10);
#7845=FILL_AREA_STYLE('',(#7844));
#7846=SURFACE_STYLE_FILL_AREA(#7845);
#7847=SURFACE_SIDE_STYLE('',(#7846));
#7848=SURFACE_STYLE_USAGE(.POSITIVE.,#7847);
#7849=PRESENTATION_STYLE_ASSIGNMENT((#7848));
#7850=STYLED_ITEM('',(#7849),#7843);
#7851=CARTESIAN_POINT('',(-7.2E0,-3.E0,1.E0));
#7852=DIRECTION('',(0.E0,0.E0,-1.E0));
#7853=DIRECTION('',(1.E0,0.E0,0.E0));
#7854=AXIS2_PLACEMENT_3D('',#7851,#7852,#7853);
#7855=PLANE('',#7854);
#7857=ORIENTED_EDGE('',*,*,#7856,.T.);
#7858=ORIENTED_EDGE('',*,*,#7788,.T.);
#7860=ORIENTED_EDGE('',*,*,#7859,.F.);
#7861=ORIENTED_EDGE('',*,*,#7422,.F.);
#7862=EDGE_LOOP('',(#7857,#7858,#7860,#7861));
#7863=FACE_OUTER_BOUND('',#7862,.F.);
#7865=FILL_AREA_STYLE_COLOUR('',#10);
#7866=FILL_AREA_STYLE('',(#7865));
#7867=SURFACE_STYLE_FILL_AREA(#7866);
#7868=SURFACE_SIDE_STYLE('',(#7867));
#7869=SURFACE_STYLE_USAGE(.POSITIVE.,#7868);
#7870=PRESENTATION_STYLE_ASSIGNMENT((#7869));
#7871=STYLED_ITEM('',(#7870),#7864);
#7872=CARTESIAN_POINT('',(-7.2E0,-3.E0,1.E0));
#7873=DIRECTION('',(0.E0,0.E0,-1.E0));
#7874=DIRECTION('',(1.E0,0.E0,0.E0));
#7875=AXIS2_PLACEMENT_3D('',#7872,#7873,#7874);
#7876=PLANE('',#7875);
#7878=ORIENTED_EDGE('',*,*,#7877,.T.);
#7879=ORIENTED_EDGE('',*,*,#7796,.T.);
#7881=ORIENTED_EDGE('',*,*,#7880,.F.);
#7882=ORIENTED_EDGE('',*,*,#7445,.F.);
#7883=EDGE_LOOP('',(#7878,#7879,#7881,#7882));
#7884=FACE_OUTER_BOUND('',#7883,.F.);
#7886=FILL_AREA_STYLE_COLOUR('',#10);
#7887=FILL_AREA_STYLE('',(#7886));
#7888=SURFACE_STYLE_FILL_AREA(#7887);
#7889=SURFACE_SIDE_STYLE('',(#7888));
#7890=SURFACE_STYLE_USAGE(.POSITIVE.,#7889);
#7891=PRESENTATION_STYLE_ASSIGNMENT((#7890));
#7892=STYLED_ITEM('',(#7891),#7885);
#7893=CARTESIAN_POINT('',(-7.2E0,-3.E0,1.E0));
#7894=DIRECTION('',(0.E0,0.E0,-1.E0));
#7895=DIRECTION('',(1.E0,0.E0,0.E0));
#7896=AXIS2_PLACEMENT_3D('',#7893,#7894,#7895);
#7897=PLANE('',#7896);
#7899=ORIENTED_EDGE('',*,*,#7898,.T.);
#7900=ORIENTED_EDGE('',*,*,#7804,.T.);
#7902=ORIENTED_EDGE('',*,*,#7901,.F.);
#7903=ORIENTED_EDGE('',*,*,#7468,.F.);
#7904=EDGE_LOOP('',(#7899,#7900,#7902,#7903));
#7905=FACE_OUTER_BOUND('',#7904,.F.);
#7907=FILL_AREA_STYLE_COLOUR('',#10);
#7908=FILL_AREA_STYLE('',(#7907));
#7909=SURFACE_STYLE_FILL_AREA(#7908);
#7910=SURFACE_SIDE_STYLE('',(#7909));
#7911=SURFACE_STYLE_USAGE(.POSITIVE.,#7910);
#7912=PRESENTATION_STYLE_ASSIGNMENT((#7911));
#7913=STYLED_ITEM('',(#7912),#7906);
#7914=CARTESIAN_POINT('',(-7.2E0,-3.E0,1.E0));
#7915=DIRECTION('',(0.E0,0.E0,-1.E0));
#7916=DIRECTION('',(1.E0,0.E0,0.E0));
#7917=AXIS2_PLACEMENT_3D('',#7914,#7915,#7916);
#7918=PLANE('',#7917);
#7920=ORIENTED_EDGE('',*,*,#7919,.T.);
#7921=ORIENTED_EDGE('',*,*,#7812,.T.);
#7923=ORIENTED_EDGE('',*,*,#7922,.F.);
#7924=ORIENTED_EDGE('',*,*,#7491,.F.);
#7925=EDGE_LOOP('',(#7920,#7921,#7923,#7924));
#7926=FACE_OUTER_BOUND('',#7925,.F.);
#7928=FILL_AREA_STYLE_COLOUR('',#10);
#7929=FILL_AREA_STYLE('',(#7928));
#7930=SURFACE_STYLE_FILL_AREA(#7929);
#7931=SURFACE_SIDE_STYLE('',(#7930));
#7932=SURFACE_STYLE_USAGE(.POSITIVE.,#7931);
#7933=PRESENTATION_STYLE_ASSIGNMENT((#7932));
#7934=STYLED_ITEM('',(#7933),#7927);
#7935=CARTESIAN_POINT('',(-7.2E0,-3.E0,1.E0));
#7936=DIRECTION('',(0.E0,0.E0,-1.E0));
#7937=DIRECTION('',(1.E0,0.E0,0.E0));
#7938=AXIS2_PLACEMENT_3D('',#7935,#7936,#7937);
#7939=PLANE('',#7938);
#7941=ORIENTED_EDGE('',*,*,#7940,.F.);
#7942=ORIENTED_EDGE('',*,*,#7522,.F.);
#7944=ORIENTED_EDGE('',*,*,#7943,.T.);
#7945=ORIENTED_EDGE('',*,*,#7772,.T.);
#7946=EDGE_LOOP('',(#7941,#7942,#7944,#7945));
#7947=FACE_OUTER_BOUND('',#7946,.F.);
#7949=FILL_AREA_STYLE_COLOUR('',#10);
#7950=FILL_AREA_STYLE('',(#7949));
#7951=SURFACE_STYLE_FILL_AREA(#7950);
#7952=SURFACE_SIDE_STYLE('',(#7951));
#7953=SURFACE_STYLE_USAGE(.POSITIVE.,#7952);
#7954=PRESENTATION_STYLE_ASSIGNMENT((#7953));
#7955=STYLED_ITEM('',(#7954),#7948);
#7956=CARTESIAN_POINT('',(-7.2E0,-3.E0,1.E0));
#7957=DIRECTION('',(0.E0,0.E0,-1.E0));
#7958=DIRECTION('',(1.E0,0.E0,0.E0));
#7959=AXIS2_PLACEMENT_3D('',#7956,#7957,#7958);
#7960=PLANE('',#7959);
#7962=ORIENTED_EDGE('',*,*,#7961,.T.);
#7963=ORIENTED_EDGE('',*,*,#7764,.T.);
#7965=ORIENTED_EDGE('',*,*,#7964,.F.);
#7966=ORIENTED_EDGE('',*,*,#7541,.F.);
#7967=EDGE_LOOP('',(#7962,#7963,#7965,#7966));
#7968=FACE_OUTER_BOUND('',#7967,.F.);
#7970=FILL_AREA_STYLE_COLOUR('',#10);
#7971=FILL_AREA_STYLE('',(#7970));
#7972=SURFACE_STYLE_FILL_AREA(#7971);
#7973=SURFACE_SIDE_STYLE('',(#7972));
#7974=SURFACE_STYLE_USAGE(.POSITIVE.,#7973);
#7975=PRESENTATION_STYLE_ASSIGNMENT((#7974));
#7976=STYLED_ITEM('',(#7975),#7969);
#7977=CARTESIAN_POINT('',(5.3E0,-3.E0,1.E0));
#7978=DIRECTION('',(1.E0,0.E0,0.E0));
#7979=DIRECTION('',(0.E0,1.E0,0.E0));
#7980=AXIS2_PLACEMENT_3D('',#7977,#7978,#7979);
#7981=PLANE('',#7980);
#7982=ORIENTED_EDGE('',*,*,#7393,.F.);
#7984=ORIENTED_EDGE('',*,*,#7983,.T.);
#7985=ORIENTED_EDGE('',*,*,#7782,.F.);
#7986=ORIENTED_EDGE('',*,*,#7835,.F.);
#7987=EDGE_LOOP('',(#7982,#7984,#7985,#7986));
#7988=FACE_OUTER_BOUND('',#7987,.F.);
#7990=FILL_AREA_STYLE_COLOUR('',#10);
#7991=FILL_AREA_STYLE('',(#7990));
#7992=SURFACE_STYLE_FILL_AREA(#7991);
#7993=SURFACE_SIDE_STYLE('',(#7992));
#7994=SURFACE_STYLE_USAGE(.POSITIVE.,#7993);
#7995=PRESENTATION_STYLE_ASSIGNMENT((#7994));
#7996=STYLED_ITEM('',(#7995),#7989);
#7997=CARTESIAN_POINT('',(-5.9E0,3.E0,1.E-1));
#7998=DIRECTION('',(0.E0,0.E0,1.E0));
#7999=DIRECTION('',(1.E0,0.E0,0.E0));
#8000=AXIS2_PLACEMENT_3D('',#7997,#7998,#7999);
#8001=PLANE('',#8000);
#8003=ORIENTED_EDGE('',*,*,#8002,.T.);
#8004=ORIENTED_EDGE('',*,*,#7768,.F.);
#8006=ORIENTED_EDGE('',*,*,#8005,.F.);
#8007=ORIENTED_EDGE('',*,*,#7545,.T.);
#8009=ORIENTED_EDGE('',*,*,#8008,.T.);
#8010=ORIENTED_EDGE('',*,*,#7816,.F.);
#8012=ORIENTED_EDGE('',*,*,#8011,.F.);
#8013=ORIENTED_EDGE('',*,*,#7495,.T.);
#8015=ORIENTED_EDGE('',*,*,#8014,.T.);
#8016=ORIENTED_EDGE('',*,*,#7808,.F.);
#8018=ORIENTED_EDGE('',*,*,#8017,.F.);
#8019=ORIENTED_EDGE('',*,*,#7472,.T.);
#8021=ORIENTED_EDGE('',*,*,#8020,.T.);
#8022=ORIENTED_EDGE('',*,*,#7800,.F.);
#8024=ORIENTED_EDGE('',*,*,#8023,.F.);
#8025=ORIENTED_EDGE('',*,*,#7449,.T.);
#8027=ORIENTED_EDGE('',*,*,#8026,.T.);
#8028=ORIENTED_EDGE('',*,*,#7792,.F.);
#8030=ORIENTED_EDGE('',*,*,#8029,.F.);
#8031=ORIENTED_EDGE('',*,*,#7426,.T.);
#8033=ORIENTED_EDGE('',*,*,#8032,.T.);
#8034=ORIENTED_EDGE('',*,*,#7784,.F.);
#8035=ORIENTED_EDGE('',*,*,#7983,.F.);
#8036=ORIENTED_EDGE('',*,*,#7403,.T.);
#8038=ORIENTED_EDGE('',*,*,#8037,.F.);
#8039=ORIENTED_EDGE('',*,*,#7020,.F.);
#8041=ORIENTED_EDGE('',*,*,#8040,.T.);
#8042=ORIENTED_EDGE('',*,*,#7514,.T.);
#8043=EDGE_LOOP('',(#8003,#8004,#8006,#8007,#8009,#8010,#8012,#8013,#8015,#8016,
#8018,#8019,#8021,#8022,#8024,#8025,#8027,#8028,#8030,#8031,#8033,#8034,#8035,
#8036,#8038,#8039,#8041,#8042));
#8044=FACE_OUTER_BOUND('',#8043,.F.);
#8046=FILL_AREA_STYLE_COLOUR('',#10);
#8047=FILL_AREA_STYLE('',(#8046));
#8048=SURFACE_STYLE_FILL_AREA(#8047);
#8049=SURFACE_SIDE_STYLE('',(#8048));
#8050=SURFACE_STYLE_USAGE(.POSITIVE.,#8049);
#8051=PRESENTATION_STYLE_ASSIGNMENT((#8050));
#8052=STYLED_ITEM('',(#8051),#8045);
#8053=CARTESIAN_POINT('',(-5.3E0,-2.401193665590E0,1.E0));
#8054=DIRECTION('',(-1.E0,0.E0,0.E0));
#8055=DIRECTION('',(0.E0,-1.E0,0.E0));
#8056=AXIS2_PLACEMENT_3D('',#8053,#8054,#8055);
#8057=PLANE('',#8056);
#8058=ORIENTED_EDGE('',*,*,#7512,.T.);
#8059=ORIENTED_EDGE('',*,*,#7940,.T.);
#8060=ORIENTED_EDGE('',*,*,#7770,.T.);
#8061=ORIENTED_EDGE('',*,*,#8002,.F.);
#8062=EDGE_LOOP('',(#8058,#8059,#8060,#8061));
#8063=FACE_OUTER_BOUND('',#8062,.F.);
#8065=FILL_AREA_STYLE_COLOUR('',#10);
#8066=FILL_AREA_STYLE('',(#8065));
#8067=SURFACE_STYLE_FILL_AREA(#8066);
#8068=SURFACE_SIDE_STYLE('',(#8067));
#8069=SURFACE_STYLE_USAGE(.POSITIVE.,#8068);
#8070=PRESENTATION_STYLE_ASSIGNMENT((#8069));
#8071=STYLED_ITEM('',(#8070),#8064);
#8072=CARTESIAN_POINT('',(-4.7E0,-3.E0,1.E0));
#8073=DIRECTION('',(1.E0,0.E0,0.E0));
#8074=DIRECTION('',(0.E0,1.E0,0.E0));
#8075=AXIS2_PLACEMENT_3D('',#8072,#8073,#8074);
#8076=PLANE('',#8075);
#8077=ORIENTED_EDGE('',*,*,#7539,.F.);
#8078=ORIENTED_EDGE('',*,*,#8005,.T.);
#8079=ORIENTED_EDGE('',*,*,#7766,.F.);
#8080=ORIENTED_EDGE('',*,*,#7961,.F.);
#8081=EDGE_LOOP('',(#8077,#8078,#8079,#8080));
#8082=FACE_OUTER_BOUND('',#8081,.F.);
#8084=FILL_AREA_STYLE_COLOUR('',#10);
#8085=FILL_AREA_STYLE('',(#8084));
#8086=SURFACE_STYLE_FILL_AREA(#8085);
#8087=SURFACE_SIDE_STYLE('',(#8086));
#8088=SURFACE_STYLE_USAGE(.POSITIVE.,#8087);
#8089=PRESENTATION_STYLE_ASSIGNMENT((#8088));
#8090=STYLED_ITEM('',(#8089),#8083);
#8091=CARTESIAN_POINT('',(-3.3E0,-2.401193665590E0,1.E0));
#8092=DIRECTION('',(-1.E0,0.E0,0.E0));
#8093=DIRECTION('',(0.E0,-1.E0,0.E0));
#8094=AXIS2_PLACEMENT_3D('',#8091,#8092,#8093);
#8095=PLANE('',#8094);
#8096=ORIENTED_EDGE('',*,*,#7543,.T.);
#8097=ORIENTED_EDGE('',*,*,#7964,.T.);
#8098=ORIENTED_EDGE('',*,*,#7818,.T.);
#8099=ORIENTED_EDGE('',*,*,#8008,.F.);
#8100=EDGE_LOOP('',(#8096,#8097,#8098,#8099));
#8101=FACE_OUTER_BOUND('',#8100,.F.);
#8103=FILL_AREA_STYLE_COLOUR('',#10);
#8104=FILL_AREA_STYLE('',(#8103));
#8105=SURFACE_STYLE_FILL_AREA(#8104);
#8106=SURFACE_SIDE_STYLE('',(#8105));
#8107=SURFACE_STYLE_USAGE(.POSITIVE.,#8106);
#8108=PRESENTATION_STYLE_ASSIGNMENT((#8107));
#8109=STYLED_ITEM('',(#8108),#8102);
#8110=CARTESIAN_POINT('',(-2.7E0,-3.E0,1.E0));
#8111=DIRECTION('',(1.E0,0.E0,0.E0));
#8112=DIRECTION('',(0.E0,1.E0,0.E0));
#8113=AXIS2_PLACEMENT_3D('',#8110,#8111,#8112);
#8114=PLANE('',#8113);
#8115=ORIENTED_EDGE('',*,*,#7489,.F.);
#8116=ORIENTED_EDGE('',*,*,#8011,.T.);
#8117=ORIENTED_EDGE('',*,*,#7814,.F.);
#8118=ORIENTED_EDGE('',*,*,#7919,.F.);
#8119=EDGE_LOOP('',(#8115,#8116,#8117,#8118));
#8120=FACE_OUTER_BOUND('',#8119,.F.);
#8122=FILL_AREA_STYLE_COLOUR('',#10);
#8123=FILL_AREA_STYLE('',(#8122));
#8124=SURFACE_STYLE_FILL_AREA(#8123);
#8125=SURFACE_SIDE_STYLE('',(#8124));
#8126=SURFACE_STYLE_USAGE(.POSITIVE.,#8125);
#8127=PRESENTATION_STYLE_ASSIGNMENT((#8126));
#8128=STYLED_ITEM('',(#8127),#8121);
#8129=CARTESIAN_POINT('',(-1.3E0,-2.401193665590E0,1.E0));
#8130=DIRECTION('',(-1.E0,0.E0,0.E0));
#8131=DIRECTION('',(0.E0,-1.E0,0.E0));
#8132=AXIS2_PLACEMENT_3D('',#8129,#8130,#8131);
#8133=PLANE('',#8132);
#8134=ORIENTED_EDGE('',*,*,#7493,.T.);
#8135=ORIENTED_EDGE('',*,*,#7922,.T.);
#8136=ORIENTED_EDGE('',*,*,#7810,.T.);
#8137=ORIENTED_EDGE('',*,*,#8014,.F.);
#8138=EDGE_LOOP('',(#8134,#8135,#8136,#8137));
#8139=FACE_OUTER_BOUND('',#8138,.F.);
#8141=FILL_AREA_STYLE_COLOUR('',#10);
#8142=FILL_AREA_STYLE('',(#8141));
#8143=SURFACE_STYLE_FILL_AREA(#8142);
#8144=SURFACE_SIDE_STYLE('',(#8143));
#8145=SURFACE_STYLE_USAGE(.POSITIVE.,#8144);
#8146=PRESENTATION_STYLE_ASSIGNMENT((#8145));
#8147=STYLED_ITEM('',(#8146),#8140);
#8148=CARTESIAN_POINT('',(-7.E-1,-3.E0,1.E0));
#8149=DIRECTION('',(1.E0,0.E0,0.E0));
#8150=DIRECTION('',(0.E0,1.E0,0.E0));
#8151=AXIS2_PLACEMENT_3D('',#8148,#8149,#8150);
#8152=PLANE('',#8151);
#8153=ORIENTED_EDGE('',*,*,#7466,.F.);
#8154=ORIENTED_EDGE('',*,*,#8017,.T.);
#8155=ORIENTED_EDGE('',*,*,#7806,.F.);
#8156=ORIENTED_EDGE('',*,*,#7898,.F.);
#8157=EDGE_LOOP('',(#8153,#8154,#8155,#8156));
#8158=FACE_OUTER_BOUND('',#8157,.F.);
#8160=FILL_AREA_STYLE_COLOUR('',#10);
#8161=FILL_AREA_STYLE('',(#8160));
#8162=SURFACE_STYLE_FILL_AREA(#8161);
#8163=SURFACE_SIDE_STYLE('',(#8162));
#8164=SURFACE_STYLE_USAGE(.POSITIVE.,#8163);
#8165=PRESENTATION_STYLE_ASSIGNMENT((#8164));
#8166=STYLED_ITEM('',(#8165),#8159);
#8167=CARTESIAN_POINT('',(7.E-1,-2.401193665590E0,1.E0));
#8168=DIRECTION('',(-1.E0,0.E0,0.E0));
#8169=DIRECTION('',(0.E0,-1.E0,0.E0));
#8170=AXIS2_PLACEMENT_3D('',#8167,#8168,#8169);
#8171=PLANE('',#8170);
#8172=ORIENTED_EDGE('',*,*,#7470,.T.);
#8173=ORIENTED_EDGE('',*,*,#7901,.T.);
#8174=ORIENTED_EDGE('',*,*,#7802,.T.);
#8175=ORIENTED_EDGE('',*,*,#8020,.F.);
#8176=EDGE_LOOP('',(#8172,#8173,#8174,#8175));
#8177=FACE_OUTER_BOUND('',#8176,.F.);
#8179=FILL_AREA_STYLE_COLOUR('',#10);
#8180=FILL_AREA_STYLE('',(#8179));
#8181=SURFACE_STYLE_FILL_AREA(#8180);
#8182=SURFACE_SIDE_STYLE('',(#8181));
#8183=SURFACE_STYLE_USAGE(.POSITIVE.,#8182);
#8184=PRESENTATION_STYLE_ASSIGNMENT((#8183));
#8185=STYLED_ITEM('',(#8184),#8178);
#8186=CARTESIAN_POINT('',(1.3E0,-3.E0,1.E0));
#8187=DIRECTION('',(1.E0,0.E0,0.E0));
#8188=DIRECTION('',(0.E0,1.E0,0.E0));
#8189=AXIS2_PLACEMENT_3D('',#8186,#8187,#8188);
#8190=PLANE('',#8189);
#8191=ORIENTED_EDGE('',*,*,#7443,.F.);
#8192=ORIENTED_EDGE('',*,*,#8023,.T.);
#8193=ORIENTED_EDGE('',*,*,#7798,.F.);
#8194=ORIENTED_EDGE('',*,*,#7877,.F.);
#8195=EDGE_LOOP('',(#8191,#8192,#8193,#8194));
#8196=FACE_OUTER_BOUND('',#8195,.F.);
#8198=FILL_AREA_STYLE_COLOUR('',#10);
#8199=FILL_AREA_STYLE('',(#8198));
#8200=SURFACE_STYLE_FILL_AREA(#8199);
#8201=SURFACE_SIDE_STYLE('',(#8200));
#8202=SURFACE_STYLE_USAGE(.POSITIVE.,#8201);
#8203=PRESENTATION_STYLE_ASSIGNMENT((#8202));
#8204=STYLED_ITEM('',(#8203),#8197);
#8205=CARTESIAN_POINT('',(2.7E0,-2.401193665590E0,1.E0));
#8206=DIRECTION('',(-1.E0,0.E0,0.E0));
#8207=DIRECTION('',(0.E0,-1.E0,0.E0));
#8208=AXIS2_PLACEMENT_3D('',#8205,#8206,#8207);
#8209=PLANE('',#8208);
#8210=ORIENTED_EDGE('',*,*,#7447,.T.);
#8211=ORIENTED_EDGE('',*,*,#7880,.T.);
#8212=ORIENTED_EDGE('',*,*,#7794,.T.);
#8213=ORIENTED_EDGE('',*,*,#8026,.F.);
#8214=EDGE_LOOP('',(#8210,#8211,#8212,#8213));
#8215=FACE_OUTER_BOUND('',#8214,.F.);
#8217=FILL_AREA_STYLE_COLOUR('',#10);
#8218=FILL_AREA_STYLE('',(#8217));
#8219=SURFACE_STYLE_FILL_AREA(#8218);
#8220=SURFACE_SIDE_STYLE('',(#8219));
#8221=SURFACE_STYLE_USAGE(.POSITIVE.,#8220);
#8222=PRESENTATION_STYLE_ASSIGNMENT((#8221));
#8223=STYLED_ITEM('',(#8222),#8216);
#8224=CARTESIAN_POINT('',(3.3E0,-3.E0,1.E0));
#8225=DIRECTION('',(1.E0,0.E0,0.E0));
#8226=DIRECTION('',(0.E0,1.E0,0.E0));
#8227=AXIS2_PLACEMENT_3D('',#8224,#8225,#8226);
#8228=PLANE('',#8227);
#8229=ORIENTED_EDGE('',*,*,#7420,.F.);
#8230=ORIENTED_EDGE('',*,*,#8029,.T.);
#8231=ORIENTED_EDGE('',*,*,#7790,.F.);
#8232=ORIENTED_EDGE('',*,*,#7856,.F.);
#8233=EDGE_LOOP('',(#8229,#8230,#8231,#8232));
#8234=FACE_OUTER_BOUND('',#8233,.F.);
#8236=FILL_AREA_STYLE_COLOUR('',#10);
#8237=FILL_AREA_STYLE('',(#8236));
#8238=SURFACE_STYLE_FILL_AREA(#8237);
#8239=SURFACE_SIDE_STYLE('',(#8238));
#8240=SURFACE_STYLE_USAGE(.POSITIVE.,#8239);
#8241=PRESENTATION_STYLE_ASSIGNMENT((#8240));
#8242=STYLED_ITEM('',(#8241),#8235);
#8243=CARTESIAN_POINT('',(4.7E0,-2.401193665590E0,1.E0));
#8244=DIRECTION('',(-1.E0,0.E0,0.E0));
#8245=DIRECTION('',(0.E0,-1.E0,0.E0));
#8246=AXIS2_PLACEMENT_3D('',#8243,#8244,#8245);
#8247=PLANE('',#8246);
#8248=ORIENTED_EDGE('',*,*,#7424,.T.);
#8249=ORIENTED_EDGE('',*,*,#7859,.T.);
#8250=ORIENTED_EDGE('',*,*,#7786,.T.);
#8251=ORIENTED_EDGE('',*,*,#8032,.F.);
#8252=EDGE_LOOP('',(#8248,#8249,#8250,#8251));
#8253=FACE_OUTER_BOUND('',#8252,.F.);
#8255=FILL_AREA_STYLE_COLOUR('',#10);
#8256=FILL_AREA_STYLE('',(#8255));
#8257=SURFACE_STYLE_FILL_AREA(#8256);
#8258=SURFACE_SIDE_STYLE('',(#8257));
#8259=SURFACE_STYLE_USAGE(.POSITIVE.,#8258);
#8260=PRESENTATION_STYLE_ASSIGNMENT((#8259));
#8261=STYLED_ITEM('',(#8260),#8254);
#8262=CARTESIAN_POINT('',(5.9E0,3.E0,1.E-1));
#8263=DIRECTION('',(1.E0,0.E0,0.E0));
#8264=DIRECTION('',(0.E0,0.E0,-1.E0));
#8265=AXIS2_PLACEMENT_3D('',#8262,#8263,#8264);
#8266=PLANE('',#8265);
#8268=ORIENTED_EDGE('',*,*,#8267,.T.);
#8269=ORIENTED_EDGE('',*,*,#7022,.T.);
#8270=ORIENTED_EDGE('',*,*,#8037,.T.);
#8271=ORIENTED_EDGE('',*,*,#7401,.F.);
#8272=EDGE_LOOP('',(#8268,#8269,#8270,#8271));
#8273=FACE_OUTER_BOUND('',#8272,.F.);
#8275=FILL_AREA_STYLE_COLOUR('',#10);
#8276=FILL_AREA_STYLE('',(#8275));
#8277=SURFACE_STYLE_FILL_AREA(#8276);
#8278=SURFACE_SIDE_STYLE('',(#8277));
#8279=SURFACE_STYLE_USAGE(.POSITIVE.,#8278);
#8280=PRESENTATION_STYLE_ASSIGNMENT((#8279));
#8281=STYLED_ITEM('',(#8280),#8274);
#8282=CARTESIAN_POINT('',(0.E0,0.E0,0.E0));
#8283=DIRECTION('',(0.E0,0.E0,1.E0));
#8284=DIRECTION('',(1.E0,0.E0,0.E0));
#8285=AXIS2_PLACEMENT_3D('',#8282,#8283,#8284);
#8286=PLANE('',#8285);
#8287=ORIENTED_EDGE('',*,*,#6886,.T.);
#8289=ORIENTED_EDGE('',*,*,#8288,.F.);
#8290=ORIENTED_EDGE('',*,*,#6301,.T.);
#8292=ORIENTED_EDGE('',*,*,#8291,.T.);
#8294=ORIENTED_EDGE('',*,*,#8293,.F.);
#8295=ORIENTED_EDGE('',*,*,#7518,.T.);
#8297=ORIENTED_EDGE('',*,*,#8296,.T.);
#8298=ORIENTED_EDGE('',*,*,#7016,.T.);
#8299=EDGE_LOOP('',(#8287,#8289,#8290,#8292,#8294,#8295,#8297,#8298));
#8300=FACE_OUTER_BOUND('',#8299,.F.);
#8302=FILL_AREA_STYLE_COLOUR('',#10);
#8303=FILL_AREA_STYLE('',(#8302));
#8304=SURFACE_STYLE_FILL_AREA(#8303);
#8305=SURFACE_SIDE_STYLE('',(#8304));
#8306=SURFACE_STYLE_USAGE(.POSITIVE.,#8305);
#8307=PRESENTATION_STYLE_ASSIGNMENT((#8306));
#8308=STYLED_ITEM('',(#8307),#8301);
#8309=CARTESIAN_POINT('',(0.E0,0.E0,0.E0));
#8310=DIRECTION('',(0.E0,0.E0,1.E0));
#8311=DIRECTION('',(1.E0,0.E0,0.E0));
#8312=AXIS2_PLACEMENT_3D('',#8309,#8310,#8311);
#8313=PLANE('',#8312);
#8314=ORIENTED_EDGE('',*,*,#7159,.F.);
#8315=ORIENTED_EDGE('',*,*,#7024,.T.);
#8316=ORIENTED_EDGE('',*,*,#8267,.F.);
#8317=ORIENTED_EDGE('',*,*,#7399,.T.);
#8319=ORIENTED_EDGE('',*,*,#8318,.T.);
#8321=ORIENTED_EDGE('',*,*,#8320,.F.);
#8322=ORIENTED_EDGE('',*,*,#7274,.T.);
#8324=ORIENTED_EDGE('',*,*,#8323,.T.);
#8325=EDGE_LOOP('',(#8314,#8315,#8316,#8317,#8319,#8321,#8322,#8324));
#8326=FACE_OUTER_BOUND('',#8325,.F.);
#8328=FILL_AREA_STYLE_COLOUR('',#10);
#8329=FILL_AREA_STYLE('',(#8328));
#8330=SURFACE_STYLE_FILL_AREA(#8329);
#8331=SURFACE_SIDE_STYLE('',(#8330));
#8332=SURFACE_STYLE_USAGE(.POSITIVE.,#8331);
#8333=PRESENTATION_STYLE_ASSIGNMENT((#8332));
#8334=STYLED_ITEM('',(#8333),#8327);
#8335=CARTESIAN_POINT('',(-8.E0,-2.E-1,0.E0));
#8336=DIRECTION('',(0.E0,-1.E0,0.E0));
#8337=DIRECTION('',(0.E0,0.E0,1.E0));
#8338=AXIS2_PLACEMENT_3D('',#8335,#8336,#8337);
#8339=PLANE('',#8338);
#8340=ORIENTED_EDGE('',*,*,#6884,.T.);
#8342=ORIENTED_EDGE('',*,*,#8341,.F.);
#8344=ORIENTED_EDGE('',*,*,#8343,.F.);
#8346=ORIENTED_EDGE('',*,*,#8345,.F.);
#8347=ORIENTED_EDGE('',*,*,#6303,.F.);
#8348=ORIENTED_EDGE('',*,*,#8288,.T.);
#8349=EDGE_LOOP('',(#8340,#8342,#8344,#8346,#8347,#8348));
#8350=FACE_OUTER_BOUND('',#8349,.F.);
#8352=FILL_AREA_STYLE_COLOUR('',#10);
#8353=FILL_AREA_STYLE('',(#8352));
#8354=SURFACE_STYLE_FILL_AREA(#8353);
#8355=SURFACE_SIDE_STYLE('',(#8354));
#8356=SURFACE_STYLE_USAGE(.POSITIVE.,#8355);
#8357=PRESENTATION_STYLE_ASSIGNMENT((#8356));
#8358=STYLED_ITEM('',(#8357),#8351);
#8359=CARTESIAN_POINT('',(-7.6E0,2.15E0,2.2E0));
#8360=DIRECTION('',(0.E0,0.E0,1.E0));
#8361=DIRECTION('',(1.E0,0.E0,0.E0));
#8362=AXIS2_PLACEMENT_3D('',#8359,#8360,#8361);
#8363=PLANE('',#8362);
#8364=ORIENTED_EDGE('',*,*,#6757,.T.);
#8366=ORIENTED_EDGE('',*,*,#8365,.T.);
#8367=ORIENTED_EDGE('',*,*,#8341,.T.);
#8368=ORIENTED_EDGE('',*,*,#6882,.F.);
#8369=EDGE_LOOP('',(#8364,#8366,#8367,#8368));
#8370=FACE_OUTER_BOUND('',#8369,.F.);
#8372=FILL_AREA_STYLE_COLOUR('',#10);
#8373=FILL_AREA_STYLE('',(#8372));
#8374=SURFACE_STYLE_FILL_AREA(#8373);
#8375=SURFACE_SIDE_STYLE('',(#8374));
#8376=SURFACE_STYLE_USAGE(.POSITIVE.,#8375);
#8377=PRESENTATION_STYLE_ASSIGNMENT((#8376));
#8378=STYLED_ITEM('',(#8377),#8371);
#8379=CARTESIAN_POINT('',(-7.6E0,2.15E0,0.E0));
#8380=DIRECTION('',(-1.E0,0.E0,0.E0));
#8381=DIRECTION('',(0.E0,0.E0,1.E0));
#8382=AXIS2_PLACEMENT_3D('',#8379,#8380,#8381);
#8383=PLANE('',#8382);
#8385=ORIENTED_EDGE('',*,*,#8384,.F.);
#8386=ORIENTED_EDGE('',*,*,#8343,.T.);
#8387=ORIENTED_EDGE('',*,*,#8365,.F.);
#8388=ORIENTED_EDGE('',*,*,#6755,.F.);
#8389=EDGE_LOOP('',(#8385,#8386,#8387,#8388));
#8390=FACE_OUTER_BOUND('',#8389,.F.);
#8392=FILL_AREA_STYLE_COLOUR('',#10);
#8393=FILL_AREA_STYLE('',(#8392));
#8394=SURFACE_STYLE_FILL_AREA(#8393);
#8395=SURFACE_SIDE_STYLE('',(#8394));
#8396=SURFACE_STYLE_USAGE(.POSITIVE.,#8395);
#8397=PRESENTATION_STYLE_ASSIGNMENT((#8396));
#8398=STYLED_ITEM('',(#8397),#8391);
#8399=CARTESIAN_POINT('',(-8.E0,-2.E-1,1.2E0));
#8400=DIRECTION('',(0.E0,0.E0,1.E0));
#8401=DIRECTION('',(0.E0,1.E0,0.E0));
#8402=AXIS2_PLACEMENT_3D('',#8399,#8400,#8401);
#8403=PLANE('',#8402);
#8404=ORIENTED_EDGE('',*,*,#8384,.T.);
#8405=ORIENTED_EDGE('',*,*,#6763,.F.);
#8406=ORIENTED_EDGE('',*,*,#6305,.F.);
#8407=ORIENTED_EDGE('',*,*,#8345,.T.);
#8408=EDGE_LOOP('',(#8404,#8405,#8406,#8407));
#8409=FACE_OUTER_BOUND('',#8408,.F.);
#8411=FILL_AREA_STYLE_COLOUR('',#10);
#8412=FILL_AREA_STYLE('',(#8411));
#8413=SURFACE_STYLE_FILL_AREA(#8412);
#8414=SURFACE_SIDE_STYLE('',(#8413));
#8415=SURFACE_STYLE_USAGE(.POSITIVE.,#8414);
#8416=PRESENTATION_STYLE_ASSIGNMENT((#8415));
#8417=STYLED_ITEM('',(#8416),#8410);
#8418=CARTESIAN_POINT('',(-8.E0,-4.7E0,0.E0));
#8419=DIRECTION('',(0.E0,-1.E0,0.E0));
#8420=DIRECTION('',(0.E0,0.E0,1.E0));
#8421=AXIS2_PLACEMENT_3D('',#8418,#8419,#8420);
#8422=PLANE('',#8421);
#8423=ORIENTED_EDGE('',*,*,#6299,.T.);
#8425=ORIENTED_EDGE('',*,*,#8424,.T.);
#8427=ORIENTED_EDGE('',*,*,#8426,.F.);
#8428=ORIENTED_EDGE('',*,*,#8291,.F.);
#8429=EDGE_LOOP('',(#8423,#8425,#8427,#8428));
#8430=FACE_OUTER_BOUND('',#8429,.F.);
#8432=FILL_AREA_STYLE_COLOUR('',#10);
#8433=FILL_AREA_STYLE('',(#8432));
#8434=SURFACE_STYLE_FILL_AREA(#8433);
#8435=SURFACE_SIDE_STYLE('',(#8434));
#8436=SURFACE_STYLE_USAGE(.POSITIVE.,#8435);
#8437=PRESENTATION_STYLE_ASSIGNMENT((#8436));
#8438=STYLED_ITEM('',(#8437),#8431);
#8439=CARTESIAN_POINT('',(-8.E0,-4.7E0,2.5E0));
#8440=DIRECTION('',(0.E0,-5.432512781573E-1,8.395701571522E-1));
#8441=DIRECTION('',(0.E0,8.395701571522E-1,5.432512781573E-1));
#8442=AXIS2_PLACEMENT_3D('',#8439,#8440,#8441);
#8443=PLANE('',#8442);
#8444=ORIENTED_EDGE('',*,*,#7568,.T.);
#8446=ORIENTED_EDGE('',*,*,#8445,.F.);
#8447=ORIENTED_EDGE('',*,*,#8424,.F.);
#8448=ORIENTED_EDGE('',*,*,#6297,.T.);
#8449=EDGE_LOOP('',(#8444,#8446,#8447,#8448));
#8450=FACE_OUTER_BOUND('',#8449,.F.);
#8452=FILL_AREA_STYLE_COLOUR('',#10);
#8453=FILL_AREA_STYLE('',(#8452));
#8454=SURFACE_STYLE_FILL_AREA(#8453);
#8455=SURFACE_SIDE_STYLE('',(#8454));
#8456=SURFACE_STYLE_USAGE(.POSITIVE.,#8455);
#8457=PRESENTATION_STYLE_ASSIGNMENT((#8456));
#8458=STYLED_ITEM('',(#8457),#8451);
#8459=CARTESIAN_POINT('',(-7.2E0,0.E0,0.E0));
#8460=DIRECTION('',(-1.E0,0.E0,0.E0));
#8461=DIRECTION('',(0.E0,0.E0,1.E0));
#8462=AXIS2_PLACEMENT_3D('',#8459,#8460,#8461);
#8463=PLANE('',#8462);
#8464=ORIENTED_EDGE('',*,*,#7566,.F.);
#8466=ORIENTED_EDGE('',*,*,#8465,.T.);
#8467=ORIENTED_EDGE('',*,*,#7774,.T.);
#8468=ORIENTED_EDGE('',*,*,#7943,.F.);
#8469=ORIENTED_EDGE('',*,*,#7520,.F.);
#8470=ORIENTED_EDGE('',*,*,#8293,.T.);
#8471=ORIENTED_EDGE('',*,*,#8426,.T.);
#8472=ORIENTED_EDGE('',*,*,#8445,.T.);
#8473=EDGE_LOOP('',(#8464,#8466,#8467,#8468,#8469,#8470,#8471,#8472));
#8474=FACE_OUTER_BOUND('',#8473,.F.);
#8476=FILL_AREA_STYLE_COLOUR('',#10);
#8477=FILL_AREA_STYLE('',(#8476));
#8478=SURFACE_STYLE_FILL_AREA(#8477);
#8479=SURFACE_SIDE_STYLE('',(#8478));
#8480=SURFACE_STYLE_USAGE(.POSITIVE.,#8479);
#8481=PRESENTATION_STYLE_ASSIGNMENT((#8480));
#8482=STYLED_ITEM('',(#8481),#8475);
#8483=CARTESIAN_POINT('',(7.2E0,-3.E0,2.5E0));
#8484=DIRECTION('',(0.E0,0.E0,1.E0));
#8485=DIRECTION('',(-1.E0,0.E0,0.E0));
#8486=AXIS2_PLACEMENT_3D('',#8483,#8484,#8485);
#8487=PLANE('',#8486);
#8489=ORIENTED_EDGE('',*,*,#8488,.F.);
#8491=ORIENTED_EDGE('',*,*,#8490,.T.);
#8493=ORIENTED_EDGE('',*,*,#8492,.T.);
#8494=ORIENTED_EDGE('',*,*,#7630,.F.);
#8496=ORIENTED_EDGE('',*,*,#8495,.F.);
#8498=ORIENTED_EDGE('',*,*,#8497,.T.);
#8500=ORIENTED_EDGE('',*,*,#8499,.T.);
#8501=ORIENTED_EDGE('',*,*,#7622,.F.);
#8503=ORIENTED_EDGE('',*,*,#8502,.F.);
#8505=ORIENTED_EDGE('',*,*,#8504,.T.);
#8507=ORIENTED_EDGE('',*,*,#8506,.T.);
#8508=ORIENTED_EDGE('',*,*,#7614,.F.);
#8510=ORIENTED_EDGE('',*,*,#8509,.F.);
#8512=ORIENTED_EDGE('',*,*,#8511,.T.);
#8514=ORIENTED_EDGE('',*,*,#8513,.T.);
#8515=ORIENTED_EDGE('',*,*,#7606,.F.);
#8517=ORIENTED_EDGE('',*,*,#8516,.F.);
#8519=ORIENTED_EDGE('',*,*,#8518,.T.);
#8521=ORIENTED_EDGE('',*,*,#8520,.T.);
#8522=ORIENTED_EDGE('',*,*,#7598,.F.);
#8524=ORIENTED_EDGE('',*,*,#8523,.F.);
#8526=ORIENTED_EDGE('',*,*,#8525,.T.);
#8528=ORIENTED_EDGE('',*,*,#8527,.T.);
#8529=ORIENTED_EDGE('',*,*,#7590,.F.);
#8531=ORIENTED_EDGE('',*,*,#8530,.T.);
#8532=ORIENTED_EDGE('',*,*,#7776,.T.);
#8533=ORIENTED_EDGE('',*,*,#8465,.F.);
#8534=ORIENTED_EDGE('',*,*,#7564,.F.);
#8535=EDGE_LOOP('',(#8489,#8491,#8493,#8494,#8496,#8498,#8500,#8501,#8503,#8505,
#8507,#8508,#8510,#8512,#8514,#8515,#8517,#8519,#8521,#8522,#8524,#8526,#8528,
#8529,#8531,#8532,#8533,#8534));
#8536=FACE_OUTER_BOUND('',#8535,.F.);
#8538=FILL_AREA_STYLE_COLOUR('',#10);
#8539=FILL_AREA_STYLE('',(#8538));
#8540=SURFACE_STYLE_FILL_AREA(#8539);
#8541=SURFACE_SIDE_STYLE('',(#8540));
#8542=SURFACE_STYLE_USAGE(.POSITIVE.,#8541);
#8543=PRESENTATION_STYLE_ASSIGNMENT((#8542));
#8544=STYLED_ITEM('',(#8543),#8537);
#8545=CARTESIAN_POINT('',(-5.25E0,2.123155889677E0,3.65E0));
#8546=DIRECTION('',(-1.E0,0.E0,0.E0));
#8547=DIRECTION('',(0.E0,0.E0,-1.E0));
#8548=AXIS2_PLACEMENT_3D('',#8545,#8546,#8547);
#8549=PLANE('',#8548);
#8551=ORIENTED_EDGE('',*,*,#8550,.T.);
#8553=ORIENTED_EDGE('',*,*,#8552,.T.);
#8555=ORIENTED_EDGE('',*,*,#8554,.F.);
#8557=ORIENTED_EDGE('',*,*,#8556,.F.);
#8558=EDGE_LOOP('',(#8551,#8553,#8555,#8557));
#8559=FACE_OUTER_BOUND('',#8558,.F.);
#8561=FILL_AREA_STYLE_COLOUR('',#16);
#8562=FILL_AREA_STYLE('',(#8561));
#8563=SURFACE_STYLE_FILL_AREA(#8562);
#8564=SURFACE_SIDE_STYLE('',(#8563));
#8565=SURFACE_STYLE_USAGE(.POSITIVE.,#8564);
#8566=PRESENTATION_STYLE_ASSIGNMENT((#8565));
#8567=STYLED_ITEM('',(#8566),#8560);
#8568=CARTESIAN_POINT('',(-5.25E0,2.123155889677E0,3.65E0));
#8569=DIRECTION('',(-1.E0,0.E0,0.E0));
#8570=DIRECTION('',(0.E0,0.E0,-1.E0));
#8571=AXIS2_PLACEMENT_3D('',#8568,#8569,#8570);
#8572=PLANE('',#8571);
#8574=ORIENTED_EDGE('',*,*,#8573,.T.);
#8576=ORIENTED_EDGE('',*,*,#8575,.F.);
#8578=ORIENTED_EDGE('',*,*,#8577,.F.);
#8580=ORIENTED_EDGE('',*,*,#8579,.F.);
#8581=ORIENTED_EDGE('',*,*,#8488,.T.);
#8582=ORIENTED_EDGE('',*,*,#7562,.T.);
#8584=ORIENTED_EDGE('',*,*,#8583,.T.);
#8586=ORIENTED_EDGE('',*,*,#8585,.T.);
#8588=ORIENTED_EDGE('',*,*,#8587,.T.);
#8590=ORIENTED_EDGE('',*,*,#8589,.T.);
#8591=EDGE_LOOP('',(#8574,#8576,#8578,#8580,#8581,#8582,#8584,#8586,#8588,
#8590));
#8592=FACE_OUTER_BOUND('',#8591,.F.);
#8594=FILL_AREA_STYLE_COLOUR('',#16);
#8595=FILL_AREA_STYLE('',(#8594));
#8596=SURFACE_STYLE_FILL_AREA(#8595);
#8597=SURFACE_SIDE_STYLE('',(#8596));
#8598=SURFACE_STYLE_USAGE(.POSITIVE.,#8597);
#8599=PRESENTATION_STYLE_ASSIGNMENT((#8598));
#8600=STYLED_ITEM('',(#8599),#8593);
#8601=CARTESIAN_POINT('',(-5.2E0,1.973155889677E0,3.4E0));
#8602=DIRECTION('',(-9.486832980505E-1,3.162277660168E-1,0.E0));
#8603=DIRECTION('',(-3.162277660168E-1,-9.486832980505E-1,0.E0));
#8604=AXIS2_PLACEMENT_3D('',#8601,#8602,#8603);
#8605=PLANE('',#8604);
#8607=ORIENTED_EDGE('',*,*,#8606,.T.);
#8609=ORIENTED_EDGE('',*,*,#8608,.F.);
#8610=ORIENTED_EDGE('',*,*,#8550,.F.);
#8612=ORIENTED_EDGE('',*,*,#8611,.T.);
#8613=EDGE_LOOP('',(#8607,#8609,#8610,#8612));
#8614=FACE_OUTER_BOUND('',#8613,.F.);
#8616=FILL_AREA_STYLE_COLOUR('',#16);
#8617=FILL_AREA_STYLE('',(#8616));
#8618=SURFACE_STYLE_FILL_AREA(#8617);
#8619=SURFACE_SIDE_STYLE('',(#8618));
#8620=SURFACE_STYLE_USAGE(.POSITIVE.,#8619);
#8621=PRESENTATION_STYLE_ASSIGNMENT((#8620));
#8622=STYLED_ITEM('',(#8621),#8615);
#8623=CARTESIAN_POINT('',(-5.E0,2.123155889677E0,3.4E0));
#8624=DIRECTION('',(0.E0,-1.E0,0.E0));
#8625=DIRECTION('',(0.E0,0.E0,-1.E0));
#8626=AXIS2_PLACEMENT_3D('',#8623,#8624,#8625);
#8627=PLANE('',#8626);
#8629=ORIENTED_EDGE('',*,*,#8628,.F.);
#8631=ORIENTED_EDGE('',*,*,#8630,.F.);
#8632=ORIENTED_EDGE('',*,*,#8606,.F.);
#8634=ORIENTED_EDGE('',*,*,#8633,.F.);
#8635=EDGE_LOOP('',(#8629,#8631,#8632,#8634));
#8636=FACE_OUTER_BOUND('',#8635,.F.);
#8638=FILL_AREA_STYLE_COLOUR('',#16);
#8639=FILL_AREA_STYLE('',(#8638));
#8640=SURFACE_STYLE_FILL_AREA(#8639);
#8641=SURFACE_SIDE_STYLE('',(#8640));
#8642=SURFACE_STYLE_USAGE(.POSITIVE.,#8641);
#8643=PRESENTATION_STYLE_ASSIGNMENT((#8642));
#8644=STYLED_ITEM('',(#8643),#8637);
#8645=CARTESIAN_POINT('',(-4.8E0,1.973155889677E0,3.4E0));
#8646=DIRECTION('',(9.486832980505E-1,3.162277660168E-1,0.E0));
#8647=DIRECTION('',(3.162277660168E-1,-9.486832980505E-1,0.E0));
#8648=AXIS2_PLACEMENT_3D('',#8645,#8646,#8647);
#8649=PLANE('',#8648);
#8651=ORIENTED_EDGE('',*,*,#8650,.F.);
#8653=ORIENTED_EDGE('',*,*,#8652,.T.);
#8654=ORIENTED_EDGE('',*,*,#8628,.T.);
#8656=ORIENTED_EDGE('',*,*,#8655,.F.);
#8657=EDGE_LOOP('',(#8651,#8653,#8654,#8656));
#8658=FACE_OUTER_BOUND('',#8657,.F.);
#8660=FILL_AREA_STYLE_COLOUR('',#16);
#8661=FILL_AREA_STYLE('',(#8660));
#8662=SURFACE_STYLE_FILL_AREA(#8661);
#8663=SURFACE_SIDE_STYLE('',(#8662));
#8664=SURFACE_STYLE_USAGE(.POSITIVE.,#8663);
#8665=PRESENTATION_STYLE_ASSIGNMENT((#8664));
#8666=STYLED_ITEM('',(#8665),#8659);
#8667=CARTESIAN_POINT('',(-4.75E0,2.123155889677E0,3.15E0));
#8668=DIRECTION('',(1.E0,0.E0,0.E0));
#8669=DIRECTION('',(0.E0,0.E0,1.E0));
#8670=AXIS2_PLACEMENT_3D('',#8667,#8668,#8669);
#8671=PLANE('',#8670);
#8672=ORIENTED_EDGE('',*,*,#8650,.T.);
#8674=ORIENTED_EDGE('',*,*,#8673,.T.);
#8676=ORIENTED_EDGE('',*,*,#8675,.T.);
#8678=ORIENTED_EDGE('',*,*,#8677,.F.);
#8679=EDGE_LOOP('',(#8672,#8674,#8676,#8678));
#8680=FACE_OUTER_BOUND('',#8679,.F.);
#8682=FILL_AREA_STYLE_COLOUR('',#16);
#8683=FILL_AREA_STYLE('',(#8682));
#8684=SURFACE_STYLE_FILL_AREA(#8683);
#8685=SURFACE_SIDE_STYLE('',(#8684));
#8686=SURFACE_STYLE_USAGE(.POSITIVE.,#8685);
#8687=PRESENTATION_STYLE_ASSIGNMENT((#8686));
#8688=STYLED_ITEM('',(#8687),#8681);
#8689=CARTESIAN_POINT('',(-4.75E0,2.123155889677E0,3.15E0));
#8690=DIRECTION('',(1.E0,0.E0,0.E0));
#8691=DIRECTION('',(0.E0,0.E0,1.E0));
#8692=AXIS2_PLACEMENT_3D('',#8689,#8690,#8691);
#8693=PLANE('',#8692);
#8695=ORIENTED_EDGE('',*,*,#8694,.T.);
#8697=ORIENTED_EDGE('',*,*,#8696,.F.);
#8699=ORIENTED_EDGE('',*,*,#8698,.F.);
#8701=ORIENTED_EDGE('',*,*,#8700,.F.);
#8703=ORIENTED_EDGE('',*,*,#8702,.F.);
#8704=ORIENTED_EDGE('',*,*,#7632,.F.);
#8705=ORIENTED_EDGE('',*,*,#8492,.F.);
#8707=ORIENTED_EDGE('',*,*,#8706,.T.);
#8709=ORIENTED_EDGE('',*,*,#8708,.T.);
#8711=ORIENTED_EDGE('',*,*,#8710,.T.);
#8712=EDGE_LOOP('',(#8695,#8697,#8699,#8701,#8703,#8704,#8705,#8707,#8709,
#8711));
#8713=FACE_OUTER_BOUND('',#8712,.F.);
#8715=FILL_AREA_STYLE_COLOUR('',#16);
#8716=FILL_AREA_STYLE('',(#8715));
#8717=SURFACE_STYLE_FILL_AREA(#8716);
#8718=SURFACE_SIDE_STYLE('',(#8717));
#8719=SURFACE_STYLE_USAGE(.POSITIVE.,#8718);
#8720=PRESENTATION_STYLE_ASSIGNMENT((#8719));
#8721=STYLED_ITEM('',(#8720),#8714);
#8722=CARTESIAN_POINT('',(-5.25E0,2.123155889677E0,3.15E0));
#8723=DIRECTION('',(0.E0,0.E0,-1.E0));
#8724=DIRECTION('',(1.E0,0.E0,0.E0));
#8725=AXIS2_PLACEMENT_3D('',#8722,#8723,#8724);
#8726=PLANE('',#8725);
#8728=ORIENTED_EDGE('',*,*,#8727,.T.);
#8729=ORIENTED_EDGE('',*,*,#8556,.T.);
#8731=ORIENTED_EDGE('',*,*,#8730,.T.);
#8732=ORIENTED_EDGE('',*,*,#8673,.F.);
#8733=EDGE_LOOP('',(#8728,#8729,#8731,#8732));
#8734=FACE_OUTER_BOUND('',#8733,.F.);
#8736=FILL_AREA_STYLE_COLOUR('',#16);
#8737=FILL_AREA_STYLE('',(#8736));
#8738=SURFACE_STYLE_FILL_AREA(#8737);
#8739=SURFACE_SIDE_STYLE('',(#8738));
#8740=SURFACE_STYLE_USAGE(.POSITIVE.,#8739);
#8741=PRESENTATION_STYLE_ASSIGNMENT((#8740));
#8742=STYLED_ITEM('',(#8741),#8735);
#8743=CARTESIAN_POINT('',(-5.E0,1.973155889677E0,3.2E0));
#8744=DIRECTION('',(0.E0,3.162277660168E-1,-9.486832980505E-1));
#8745=DIRECTION('',(0.E0,-9.486832980505E-1,-3.162277660168E-1));
#8746=AXIS2_PLACEMENT_3D('',#8743,#8744,#8745);
#8747=PLANE('',#8746);
#8748=ORIENTED_EDGE('',*,*,#8633,.T.);
#8749=ORIENTED_EDGE('',*,*,#8611,.F.);
#8750=ORIENTED_EDGE('',*,*,#8727,.F.);
#8751=ORIENTED_EDGE('',*,*,#8655,.T.);
#8752=EDGE_LOOP('',(#8748,#8749,#8750,#8751));
#8753=FACE_OUTER_BOUND('',#8752,.F.);
#8755=FILL_AREA_STYLE_COLOUR('',#16);
#8756=FILL_AREA_STYLE('',(#8755));
#8757=SURFACE_STYLE_FILL_AREA(#8756);
#8758=SURFACE_SIDE_STYLE('',(#8757));
#8759=SURFACE_STYLE_USAGE(.POSITIVE.,#8758);
#8760=PRESENTATION_STYLE_ASSIGNMENT((#8759));
#8761=STYLED_ITEM('',(#8760),#8754);
#8762=CARTESIAN_POINT('',(0.E0,-1.8E0,0.E0));
#8763=DIRECTION('',(0.E0,1.E0,0.E0));
#8764=DIRECTION('',(1.E0,0.E0,0.E0));
#8765=AXIS2_PLACEMENT_3D('',#8762,#8763,#8764);
#8766=PLANE('',#8765);
#8768=ORIENTED_EDGE('',*,*,#8767,.T.);
#8770=ORIENTED_EDGE('',*,*,#8769,.T.);
#8772=ORIENTED_EDGE('',*,*,#8771,.F.);
#8774=ORIENTED_EDGE('',*,*,#8773,.F.);
#8776=ORIENTED_EDGE('',*,*,#8775,.T.);
#8778=ORIENTED_EDGE('',*,*,#8777,.T.);
#8780=ORIENTED_EDGE('',*,*,#8779,.F.);
#8782=ORIENTED_EDGE('',*,*,#8781,.F.);
#8784=ORIENTED_EDGE('',*,*,#8783,.T.);
#8786=ORIENTED_EDGE('',*,*,#8785,.T.);
#8788=ORIENTED_EDGE('',*,*,#8787,.F.);
#8790=ORIENTED_EDGE('',*,*,#8789,.F.);
#8792=ORIENTED_EDGE('',*,*,#8791,.T.);
#8794=ORIENTED_EDGE('',*,*,#8793,.T.);
#8796=ORIENTED_EDGE('',*,*,#8795,.F.);
#8798=ORIENTED_EDGE('',*,*,#8797,.F.);
#8800=ORIENTED_EDGE('',*,*,#8799,.T.);
#8802=ORIENTED_EDGE('',*,*,#8801,.T.);
#8804=ORIENTED_EDGE('',*,*,#8803,.F.);
#8806=ORIENTED_EDGE('',*,*,#8805,.F.);
#8808=ORIENTED_EDGE('',*,*,#8807,.F.);
#8810=ORIENTED_EDGE('',*,*,#8809,.F.);
#8812=ORIENTED_EDGE('',*,*,#8811,.F.);
#8814=ORIENTED_EDGE('',*,*,#8813,.F.);
#8816=ORIENTED_EDGE('',*,*,#8815,.F.);
#8818=ORIENTED_EDGE('',*,*,#8817,.F.);
#8820=ORIENTED_EDGE('',*,*,#8819,.F.);
#8822=ORIENTED_EDGE('',*,*,#8821,.F.);
#8823=ORIENTED_EDGE('',*,*,#6933,.F.);
#8825=ORIENTED_EDGE('',*,*,#8824,.F.);
#8826=EDGE_LOOP('',(#8768,#8770,#8772,#8774,#8776,#8778,#8780,#8782,#8784,#8786,
#8788,#8790,#8792,#8794,#8796,#8798,#8800,#8802,#8804,#8806,#8808,#8810,#8812,
#8814,#8816,#8818,#8820,#8822,#8823,#8825));
#8827=FACE_OUTER_BOUND('',#8826,.F.);
#8829=ORIENTED_EDGE('',*,*,#8828,.F.);
#8831=ORIENTED_EDGE('',*,*,#8830,.F.);
#8833=ORIENTED_EDGE('',*,*,#8832,.F.);
#8835=ORIENTED_EDGE('',*,*,#8834,.T.);
#8836=EDGE_LOOP('',(#8829,#8831,#8833,#8835));
#8837=FACE_BOUND('',#8836,.F.);
#8839=ORIENTED_EDGE('',*,*,#8838,.F.);
#8841=ORIENTED_EDGE('',*,*,#8840,.F.);
#8843=ORIENTED_EDGE('',*,*,#8842,.F.);
#8845=ORIENTED_EDGE('',*,*,#8844,.T.);
#8846=EDGE_LOOP('',(#8839,#8841,#8843,#8845));
#8847=FACE_BOUND('',#8846,.F.);
#8849=ORIENTED_EDGE('',*,*,#8848,.F.);
#8851=ORIENTED_EDGE('',*,*,#8850,.F.);
#8853=ORIENTED_EDGE('',*,*,#8852,.F.);
#8855=ORIENTED_EDGE('',*,*,#8854,.T.);
#8856=EDGE_LOOP('',(#8849,#8851,#8853,#8855));
#8857=FACE_BOUND('',#8856,.F.);
#8859=ORIENTED_EDGE('',*,*,#8858,.F.);
#8861=ORIENTED_EDGE('',*,*,#8860,.F.);
#8863=ORIENTED_EDGE('',*,*,#8862,.F.);
#8865=ORIENTED_EDGE('',*,*,#8864,.T.);
#8866=EDGE_LOOP('',(#8859,#8861,#8863,#8865));
#8867=FACE_BOUND('',#8866,.F.);
#8869=ORIENTED_EDGE('',*,*,#8868,.F.);
#8871=ORIENTED_EDGE('',*,*,#8870,.F.);
#8873=ORIENTED_EDGE('',*,*,#8872,.F.);
#8875=ORIENTED_EDGE('',*,*,#8874,.T.);
#8876=EDGE_LOOP('',(#8869,#8871,#8873,#8875));
#8877=FACE_BOUND('',#8876,.F.);
#8879=ORIENTED_EDGE('',*,*,#8878,.F.);
#8880=ORIENTED_EDGE('',*,*,#8675,.F.);
#8881=ORIENTED_EDGE('',*,*,#8730,.F.);
#8882=ORIENTED_EDGE('',*,*,#8554,.T.);
#8883=EDGE_LOOP('',(#8879,#8880,#8881,#8882));
#8884=FACE_BOUND('',#8883,.F.);
#8886=FILL_AREA_STYLE_COLOUR('',#10);
#8887=FILL_AREA_STYLE('',(#8886));
#8888=SURFACE_STYLE_FILL_AREA(#8887);
#8889=SURFACE_SIDE_STYLE('',(#8888));
#8890=SURFACE_STYLE_USAGE(.POSITIVE.,#8889);
#8891=PRESENTATION_STYLE_ASSIGNMENT((#8890));
#8892=STYLED_ITEM('',(#8891),#8885);
#8893=CARTESIAN_POINT('',(-4.1E0,-1.8E0,6.E-1));
#8894=DIRECTION('',(-1.E0,0.E0,0.E0));
#8895=DIRECTION('',(0.E0,0.E0,1.E0));
#8896=AXIS2_PLACEMENT_3D('',#8893,#8894,#8895);
#8897=PLANE('',#8896);
#8898=ORIENTED_EDGE('',*,*,#8767,.F.);
#8900=ORIENTED_EDGE('',*,*,#8899,.T.);
#8902=ORIENTED_EDGE('',*,*,#8901,.T.);
#8904=ORIENTED_EDGE('',*,*,#8903,.F.);
#8905=EDGE_LOOP('',(#8898,#8900,#8902,#8904));
#8906=FACE_OUTER_BOUND('',#8905,.F.);
#8908=FILL_AREA_STYLE_COLOUR('',#10);
#8909=FILL_AREA_STYLE('',(#8908));
#8910=SURFACE_STYLE_FILL_AREA(#8909);
#8911=SURFACE_SIDE_STYLE('',(#8910));
#8912=SURFACE_STYLE_USAGE(.POSITIVE.,#8911);
#8913=PRESENTATION_STYLE_ASSIGNMENT((#8912));
#8914=STYLED_ITEM('',(#8913),#8907);
#8915=CARTESIAN_POINT('',(6.4E0,3.E0,6.E-1));
#8916=DIRECTION('',(0.E0,0.E0,-1.E0));
#8917=DIRECTION('',(-1.E0,0.E0,0.E0));
#8918=AXIS2_PLACEMENT_3D('',#8915,#8916,#8917);
#8919=PLANE('',#8918);
#8921=ORIENTED_EDGE('',*,*,#8920,.T.);
#8922=ORIENTED_EDGE('',*,*,#8899,.F.);
#8923=ORIENTED_EDGE('',*,*,#8824,.T.);
#8924=ORIENTED_EDGE('',*,*,#6931,.F.);
#8926=ORIENTED_EDGE('',*,*,#8925,.T.);
#8928=ORIENTED_EDGE('',*,*,#8927,.T.);
#8929=ORIENTED_EDGE('',*,*,#8805,.T.);
#8931=ORIENTED_EDGE('',*,*,#8930,.T.);
#8933=ORIENTED_EDGE('',*,*,#8932,.T.);
#8935=ORIENTED_EDGE('',*,*,#8934,.F.);
#8936=ORIENTED_EDGE('',*,*,#8797,.T.);
#8938=ORIENTED_EDGE('',*,*,#8937,.T.);
#8940=ORIENTED_EDGE('',*,*,#8939,.T.);
#8942=ORIENTED_EDGE('',*,*,#8941,.F.);
#8943=ORIENTED_EDGE('',*,*,#8789,.T.);
#8945=ORIENTED_EDGE('',*,*,#8944,.T.);
#8947=ORIENTED_EDGE('',*,*,#8946,.T.);
#8949=ORIENTED_EDGE('',*,*,#8948,.F.);
#8950=ORIENTED_EDGE('',*,*,#8781,.T.);
#8952=ORIENTED_EDGE('',*,*,#8951,.T.);
#8954=ORIENTED_EDGE('',*,*,#8953,.T.);
#8956=ORIENTED_EDGE('',*,*,#8955,.F.);
#8957=ORIENTED_EDGE('',*,*,#8773,.T.);
#8959=ORIENTED_EDGE('',*,*,#8958,.T.);
#8960=EDGE_LOOP('',(#8921,#8922,#8923,#8924,#8926,#8928,#8929,#8931,#8933,#8935,
#8936,#8938,#8940,#8942,#8943,#8945,#8947,#8949,#8950,#8952,#8954,#8956,#8957,
#8959));
#8961=FACE_OUTER_BOUND('',#8960,.F.);
#8963=FILL_AREA_STYLE_COLOUR('',#10);
#8964=FILL_AREA_STYLE('',(#8963));
#8965=SURFACE_STYLE_FILL_AREA(#8964);
#8966=SURFACE_SIDE_STYLE('',(#8965));
#8967=SURFACE_STYLE_USAGE(.POSITIVE.,#8966);
#8968=PRESENTATION_STYLE_ASSIGNMENT((#8967));
#8969=STYLED_ITEM('',(#8968),#8962);
#8970=CARTESIAN_POINT('',(-8.E0,1.E0,0.E0));
#8971=DIRECTION('',(0.E0,1.E0,0.E0));
#8972=DIRECTION('',(-1.E0,0.E0,0.E0));
#8973=AXIS2_PLACEMENT_3D('',#8970,#8971,#8972);
#8974=PLANE('',#8973);
#8975=ORIENTED_EDGE('',*,*,#8920,.F.);
#8977=ORIENTED_EDGE('',*,*,#8976,.F.);
#8979=ORIENTED_EDGE('',*,*,#8978,.F.);
#8980=ORIENTED_EDGE('',*,*,#8901,.F.);
#8981=EDGE_LOOP('',(#8975,#8977,#8979,#8980));
#8982=FACE_OUTER_BOUND('',#8981,.F.);
#8984=FILL_AREA_STYLE_COLOUR('',#10);
#8985=FILL_AREA_STYLE('',(#8984));
#8986=SURFACE_STYLE_FILL_AREA(#8985);
#8987=SURFACE_SIDE_STYLE('',(#8986));
#8988=SURFACE_STYLE_USAGE(.POSITIVE.,#8987);
#8989=PRESENTATION_STYLE_ASSIGNMENT((#8988));
#8990=STYLED_ITEM('',(#8989),#8983);
#8991=CARTESIAN_POINT('',(-3.9E0,-1.8E0,8.5E-1));
#8992=DIRECTION('',(1.E0,0.E0,0.E0));
#8993=DIRECTION('',(0.E0,0.E0,-1.E0));
#8994=AXIS2_PLACEMENT_3D('',#8991,#8992,#8993);
#8995=PLANE('',#8994);
#8996=ORIENTED_EDGE('',*,*,#8771,.T.);
#8998=ORIENTED_EDGE('',*,*,#8997,.T.);
#8999=ORIENTED_EDGE('',*,*,#8976,.T.);
#9000=ORIENTED_EDGE('',*,*,#8958,.F.);
#9001=EDGE_LOOP('',(#8996,#8998,#8999,#9000));
#9002=FACE_OUTER_BOUND('',#9001,.F.);
#9004=FILL_AREA_STYLE_COLOUR('',#10);
#9005=FILL_AREA_STYLE('',(#9004));
#9006=SURFACE_STYLE_FILL_AREA(#9005);
#9007=SURFACE_SIDE_STYLE('',(#9006));
#9008=SURFACE_STYLE_USAGE(.POSITIVE.,#9007);
#9009=PRESENTATION_STYLE_ASSIGNMENT((#9008));
#9010=STYLED_ITEM('',(#9009),#9003);
#9011=CARTESIAN_POINT('',(-4.1E0,-1.8E0,8.5E-1));
#9012=DIRECTION('',(0.E0,0.E0,1.E0));
#9013=DIRECTION('',(1.E0,0.E0,0.E0));
#9014=AXIS2_PLACEMENT_3D('',#9011,#9012,#9013);
#9015=PLANE('',#9014);
#9016=ORIENTED_EDGE('',*,*,#8769,.F.);
#9017=ORIENTED_EDGE('',*,*,#8903,.T.);
#9018=ORIENTED_EDGE('',*,*,#8978,.T.);
#9019=ORIENTED_EDGE('',*,*,#8997,.F.);
#9020=EDGE_LOOP('',(#9016,#9017,#9018,#9019));
#9021=FACE_OUTER_BOUND('',#9020,.F.);
#9023=FILL_AREA_STYLE_COLOUR('',#10);
#9024=FILL_AREA_STYLE('',(#9023));
#9025=SURFACE_STYLE_FILL_AREA(#9024);
#9026=SURFACE_SIDE_STYLE('',(#9025));
#9027=SURFACE_STYLE_USAGE(.POSITIVE.,#9026);
#9028=PRESENTATION_STYLE_ASSIGNMENT((#9027));
#9029=STYLED_ITEM('',(#9028),#9022);
#9030=CARTESIAN_POINT('',(0.E0,2.9E0,5.E-1));
#9031=DIRECTION('',(0.E0,7.071067811865E-1,7.071067811865E-1));
#9032=DIRECTION('',(0.E0,-7.071067811865E-1,7.071067811865E-1));
#9033=AXIS2_PLACEMENT_3D('',#9030,#9031,#9032);
#9034=PLANE('',#9033);
#9035=ORIENTED_EDGE('',*,*,#8925,.F.);
#9036=ORIENTED_EDGE('',*,*,#6929,.T.);
#9037=ORIENTED_EDGE('',*,*,#7011,.T.);
#9039=ORIENTED_EDGE('',*,*,#9038,.T.);
#9040=EDGE_LOOP('',(#9035,#9036,#9037,#9039));
#9041=FACE_OUTER_BOUND('',#9040,.F.);
#9043=FILL_AREA_STYLE_COLOUR('',#10);
#9044=FILL_AREA_STYLE('',(#9043));
#9045=SURFACE_STYLE_FILL_AREA(#9044);
#9046=SURFACE_SIDE_STYLE('',(#9045));
#9047=SURFACE_STYLE_USAGE(.POSITIVE.,#9046);
#9048=PRESENTATION_STYLE_ASSIGNMENT((#9047));
#9049=STYLED_ITEM('',(#9048),#9042);
#9050=CARTESIAN_POINT('',(6.4E0,3.E0,4.5E0));
#9051=DIRECTION('',(1.E0,0.E0,0.E0));
#9052=DIRECTION('',(0.E0,0.E0,-1.E0));
#9053=AXIS2_PLACEMENT_3D('',#9050,#9051,#9052);
#9054=PLANE('',#9053);
#9055=ORIENTED_EDGE('',*,*,#8927,.F.);
#9056=ORIENTED_EDGE('',*,*,#9038,.F.);
#9057=ORIENTED_EDGE('',*,*,#7030,.T.);
#9058=ORIENTED_EDGE('',*,*,#7094,.T.);
#9059=ORIENTED_EDGE('',*,*,#7074,.T.);
#9060=ORIENTED_EDGE('',*,*,#7052,.F.);
#9061=ORIENTED_EDGE('',*,*,#6994,.F.);
#9063=ORIENTED_EDGE('',*,*,#9062,.T.);
#9065=ORIENTED_EDGE('',*,*,#9064,.F.);
#9066=ORIENTED_EDGE('',*,*,#7352,.F.);
#9067=ORIENTED_EDGE('',*,*,#7582,.T.);
#9069=ORIENTED_EDGE('',*,*,#9068,.T.);
#9070=ORIENTED_EDGE('',*,*,#8807,.T.);
#9071=EDGE_LOOP('',(#9055,#9056,#9057,#9058,#9059,#9060,#9061,#9063,#9065,#9066,
#9067,#9069,#9070));
#9072=FACE_OUTER_BOUND('',#9071,.F.);
#9074=FILL_AREA_STYLE_COLOUR('',#10);
#9075=FILL_AREA_STYLE('',(#9074));
#9076=SURFACE_STYLE_FILL_AREA(#9075);
#9077=SURFACE_SIDE_STYLE('',(#9076));
#9078=SURFACE_STYLE_USAGE(.POSITIVE.,#9077);
#9079=PRESENTATION_STYLE_ASSIGNMENT((#9078));
#9080=STYLED_ITEM('',(#9079),#9073);
#9081=CARTESIAN_POINT('',(4.5E0,3.E0,4.5E0));
#9082=DIRECTION('',(0.E0,0.E0,1.E0));
#9083=DIRECTION('',(1.E0,0.E0,0.E0));
#9084=AXIS2_PLACEMENT_3D('',#9081,#9082,#9083);
#9085=PLANE('',#9084);
#9087=ORIENTED_EDGE('',*,*,#9086,.F.);
#9088=ORIENTED_EDGE('',*,*,#9062,.F.);
#9089=ORIENTED_EDGE('',*,*,#6992,.F.);
#9091=ORIENTED_EDGE('',*,*,#9090,.T.);
#9092=ORIENTED_EDGE('',*,*,#8811,.T.);
#9094=ORIENTED_EDGE('',*,*,#9093,.T.);
#9095=EDGE_LOOP('',(#9087,#9088,#9089,#9091,#9092,#9094));
#9096=FACE_OUTER_BOUND('',#9095,.F.);
#9098=FILL_AREA_STYLE_COLOUR('',#10);
#9099=FILL_AREA_STYLE('',(#9098));
#9100=SURFACE_STYLE_FILL_AREA(#9099);
#9101=SURFACE_SIDE_STYLE('',(#9100));
#9102=SURFACE_STYLE_USAGE(.POSITIVE.,#9101);
#9103=PRESENTATION_STYLE_ASSIGNMENT((#9102));
#9104=STYLED_ITEM('',(#9103),#9097);
#9105=CARTESIAN_POINT('',(6.4E0,1.3E0,5.5E0));
#9106=DIRECTION('',(0.E0,1.E0,0.E0));
#9107=DIRECTION('',(-1.E0,0.E0,0.E0));
#9108=AXIS2_PLACEMENT_3D('',#9105,#9106,#9107);
#9109=PLANE('',#9108);
#9110=ORIENTED_EDGE('',*,*,#7354,.F.);
#9111=ORIENTED_EDGE('',*,*,#9064,.T.);
#9112=ORIENTED_EDGE('',*,*,#9086,.T.);
#9114=ORIENTED_EDGE('',*,*,#9113,.F.);
#9115=EDGE_LOOP('',(#9110,#9111,#9112,#9114));
#9116=FACE_OUTER_BOUND('',#9115,.F.);
#9118=FILL_AREA_STYLE_COLOUR('',#10);
#9119=FILL_AREA_STYLE('',(#9118));
#9120=SURFACE_STYLE_FILL_AREA(#9119);
#9121=SURFACE_SIDE_STYLE('',(#9120));
#9122=SURFACE_STYLE_USAGE(.POSITIVE.,#9121);
#9123=PRESENTATION_STYLE_ASSIGNMENT((#9122));
#9124=STYLED_ITEM('',(#9123),#9117);
#9125=CARTESIAN_POINT('',(5.6E0,1.3E0,5.5E0));
#9126=DIRECTION('',(-1.E0,0.E0,0.E0));
#9127=DIRECTION('',(0.E0,-1.E0,0.E0));
#9128=AXIS2_PLACEMENT_3D('',#9125,#9126,#9127);
#9129=PLANE('',#9128);
#9130=ORIENTED_EDGE('',*,*,#7356,.T.);
#9131=ORIENTED_EDGE('',*,*,#9113,.T.);
#9132=ORIENTED_EDGE('',*,*,#9093,.F.);
#9134=ORIENTED_EDGE('',*,*,#9133,.T.);
#9135=ORIENTED_EDGE('',*,*,#7578,.F.);
#9136=EDGE_LOOP('',(#9130,#9131,#9132,#9134,#9135));
#9137=FACE_OUTER_BOUND('',#9136,.F.);
#9139=FILL_AREA_STYLE_COLOUR('',#10);
#9140=FILL_AREA_STYLE('',(#9139));
#9141=SURFACE_STYLE_FILL_AREA(#9140);
#9142=SURFACE_SIDE_STYLE('',(#9141));
#9143=SURFACE_STYLE_USAGE(.POSITIVE.,#9142);
#9144=PRESENTATION_STYLE_ASSIGNMENT((#9143));
#9145=STYLED_ITEM('',(#9144),#9138);
#9146=CARTESIAN_POINT('',(-6.4E0,3.E0,4.5E0));
#9147=DIRECTION('',(0.E0,0.E0,1.E0));
#9148=DIRECTION('',(1.E0,0.E0,0.E0));
#9149=AXIS2_PLACEMENT_3D('',#9146,#9147,#9148);
#9150=PLANE('',#9149);
#9151=ORIENTED_EDGE('',*,*,#7573,.F.);
#9152=ORIENTED_EDGE('',*,*,#6935,.F.);
#9153=ORIENTED_EDGE('',*,*,#8821,.T.);
#9155=ORIENTED_EDGE('',*,*,#9154,.F.);
#9156=EDGE_LOOP('',(#9151,#9152,#9153,#9155));
#9157=FACE_OUTER_BOUND('',#9156,.F.);
#9159=FILL_AREA_STYLE_COLOUR('',#10);
#9160=FILL_AREA_STYLE('',(#9159));
#9161=SURFACE_STYLE_FILL_AREA(#9160);
#9162=SURFACE_SIDE_STYLE('',(#9161));
#9163=SURFACE_STYLE_USAGE(.POSITIVE.,#9162);
#9164=PRESENTATION_STYLE_ASSIGNMENT((#9163));
#9165=STYLED_ITEM('',(#9164),#9158);
#9166=CARTESIAN_POINT('',(-6.4E0,3.E0,4.5E0));
#9167=DIRECTION('',(0.E0,0.E0,1.E0));
#9168=DIRECTION('',(1.E0,0.E0,0.E0));
#9169=AXIS2_PLACEMENT_3D('',#9166,#9167,#9168);
#9170=PLANE('',#9169);
#9171=ORIENTED_EDGE('',*,*,#7580,.F.);
#9172=ORIENTED_EDGE('',*,*,#9133,.F.);
#9173=ORIENTED_EDGE('',*,*,#8809,.T.);
#9174=ORIENTED_EDGE('',*,*,#9068,.F.);
#9175=EDGE_LOOP('',(#9171,#9172,#9173,#9174));
#9176=FACE_OUTER_BOUND('',#9175,.F.);
#9178=FILL_AREA_STYLE_COLOUR('',#10);
#9179=FILL_AREA_STYLE('',(#9178));
#9180=SURFACE_STYLE_FILL_AREA(#9179);
#9181=SURFACE_SIDE_STYLE('',(#9180));
#9182=SURFACE_STYLE_USAGE(.POSITIVE.,#9181);
#9183=PRESENTATION_STYLE_ASSIGNMENT((#9182));
#9184=STYLED_ITEM('',(#9183),#9177);
#9185=CARTESIAN_POINT('',(-5.6E0,-3.E0,5.5E0));
#9186=DIRECTION('',(1.E0,0.E0,0.E0));
#9187=DIRECTION('',(0.E0,1.E0,0.E0));
#9188=AXIS2_PLACEMENT_3D('',#9185,#9186,#9187);
#9189=PLANE('',#9188);
#9190=ORIENTED_EDGE('',*,*,#7360,.F.);
#9191=ORIENTED_EDGE('',*,*,#7575,.T.);
#9192=ORIENTED_EDGE('',*,*,#9154,.T.);
#9194=ORIENTED_EDGE('',*,*,#9193,.T.);
#9196=ORIENTED_EDGE('',*,*,#9195,.F.);
#9197=EDGE_LOOP('',(#9190,#9191,#9192,#9194,#9196));
#9198=FACE_OUTER_BOUND('',#9197,.F.);
#9200=FILL_AREA_STYLE_COLOUR('',#10);
#9201=FILL_AREA_STYLE('',(#9200));
#9202=SURFACE_STYLE_FILL_AREA(#9201);
#9203=SURFACE_SIDE_STYLE('',(#9202));
#9204=SURFACE_STYLE_USAGE(.POSITIVE.,#9203);
#9205=PRESENTATION_STYLE_ASSIGNMENT((#9204));
#9206=STYLED_ITEM('',(#9205),#9199);
#9207=CARTESIAN_POINT('',(-6.4E0,3.E0,4.5E0));
#9208=DIRECTION('',(0.E0,0.E0,1.E0));
#9209=DIRECTION('',(1.E0,0.E0,0.E0));
#9210=AXIS2_PLACEMENT_3D('',#9207,#9208,#9209);
#9211=PLANE('',#9210);
#9212=ORIENTED_EDGE('',*,*,#9193,.F.);
#9213=ORIENTED_EDGE('',*,*,#8819,.T.);
#9215=ORIENTED_EDGE('',*,*,#9214,.F.);
#9216=ORIENTED_EDGE('',*,*,#6984,.F.);
#9217=ORIENTED_EDGE('',*,*,#6943,.T.);
#9219=ORIENTED_EDGE('',*,*,#9218,.T.);
#9220=EDGE_LOOP('',(#9212,#9213,#9215,#9216,#9217,#9219));
#9221=FACE_OUTER_BOUND('',#9220,.F.);
#9223=FILL_AREA_STYLE_COLOUR('',#10);
#9224=FILL_AREA_STYLE('',(#9223));
#9225=SURFACE_STYLE_FILL_AREA(#9224);
#9226=SURFACE_SIDE_STYLE('',(#9225));
#9227=SURFACE_STYLE_USAGE(.POSITIVE.,#9226);
#9228=PRESENTATION_STYLE_ASSIGNMENT((#9227));
#9229=STYLED_ITEM('',(#9228),#9222);
#9230=CARTESIAN_POINT('',(-4.5E0,3.E0,4.5E0));
#9231=DIRECTION('',(-1.E0,0.E0,0.E0));
#9232=DIRECTION('',(0.E0,0.E0,1.E0));
#9233=AXIS2_PLACEMENT_3D('',#9230,#9231,#9232);
#9234=PLANE('',#9233);
#9235=ORIENTED_EDGE('',*,*,#6986,.F.);
#9236=ORIENTED_EDGE('',*,*,#9214,.T.);
#9237=ORIENTED_EDGE('',*,*,#8817,.T.);
#9239=ORIENTED_EDGE('',*,*,#9238,.F.);
#9240=EDGE_LOOP('',(#9235,#9236,#9237,#9239));
#9241=FACE_OUTER_BOUND('',#9240,.F.);
#9243=FILL_AREA_STYLE_COLOUR('',#10);
#9244=FILL_AREA_STYLE('',(#9243));
#9245=SURFACE_STYLE_FILL_AREA(#9244);
#9246=SURFACE_SIDE_STYLE('',(#9245));
#9247=SURFACE_STYLE_USAGE(.POSITIVE.,#9246);
#9248=PRESENTATION_STYLE_ASSIGNMENT((#9247));
#9249=STYLED_ITEM('',(#9248),#9242);
#9250=CARTESIAN_POINT('',(-4.5E0,3.E0,5.E0));
#9251=DIRECTION('',(0.E0,0.E0,1.E0));
#9252=DIRECTION('',(1.E0,0.E0,0.E0));
#9253=AXIS2_PLACEMENT_3D('',#9250,#9251,#9252);
#9254=PLANE('',#9253);
#9255=ORIENTED_EDGE('',*,*,#6988,.F.);
#9256=ORIENTED_EDGE('',*,*,#9238,.T.);
#9257=ORIENTED_EDGE('',*,*,#8815,.T.);
#9259=ORIENTED_EDGE('',*,*,#9258,.F.);
#9260=EDGE_LOOP('',(#9255,#9256,#9257,#9259));
#9261=FACE_OUTER_BOUND('',#9260,.F.);
#9263=FILL_AREA_STYLE_COLOUR('',#10);
#9264=FILL_AREA_STYLE('',(#9263));
#9265=SURFACE_STYLE_FILL_AREA(#9264);
#9266=SURFACE_SIDE_STYLE('',(#9265));
#9267=SURFACE_STYLE_USAGE(.POSITIVE.,#9266);
#9268=PRESENTATION_STYLE_ASSIGNMENT((#9267));
#9269=STYLED_ITEM('',(#9268),#9262);
#9270=CARTESIAN_POINT('',(4.5E0,3.E0,5.E0));
#9271=DIRECTION('',(1.E0,0.E0,0.E0));
#9272=DIRECTION('',(0.E0,0.E0,-1.E0));
#9273=AXIS2_PLACEMENT_3D('',#9270,#9271,#9272);
#9274=PLANE('',#9273);
#9275=ORIENTED_EDGE('',*,*,#6990,.F.);
#9276=ORIENTED_EDGE('',*,*,#9258,.T.);
#9277=ORIENTED_EDGE('',*,*,#8813,.T.);
#9278=ORIENTED_EDGE('',*,*,#9090,.F.);
#9279=EDGE_LOOP('',(#9275,#9276,#9277,#9278));
#9280=FACE_OUTER_BOUND('',#9279,.F.);
#9282=FILL_AREA_STYLE_COLOUR('',#10);
#9283=FILL_AREA_STYLE('',(#9282));
#9284=SURFACE_STYLE_FILL_AREA(#9283);
#9285=SURFACE_SIDE_STYLE('',(#9284));
#9286=SURFACE_STYLE_USAGE(.POSITIVE.,#9285);
#9287=PRESENTATION_STYLE_ASSIGNMENT((#9286));
#9288=STYLED_ITEM('',(#9287),#9281);
#9289=CARTESIAN_POINT('',(-5.6E0,1.3E0,5.5E0));
#9290=DIRECTION('',(0.E0,1.E0,0.E0));
#9291=DIRECTION('',(-1.E0,0.E0,0.E0));
#9292=AXIS2_PLACEMENT_3D('',#9289,#9290,#9291);
#9293=PLANE('',#9292);
#9294=ORIENTED_EDGE('',*,*,#7362,.F.);
#9295=ORIENTED_EDGE('',*,*,#9195,.T.);
#9296=ORIENTED_EDGE('',*,*,#9218,.F.);
#9297=ORIENTED_EDGE('',*,*,#6941,.F.);
#9298=EDGE_LOOP('',(#9294,#9295,#9296,#9297));
#9299=FACE_OUTER_BOUND('',#9298,.F.);
#9301=FILL_AREA_STYLE_COLOUR('',#10);
#9302=FILL_AREA_STYLE('',(#9301));
#9303=SURFACE_STYLE_FILL_AREA(#9302);
#9304=SURFACE_SIDE_STYLE('',(#9303));
#9305=SURFACE_STYLE_USAGE(.POSITIVE.,#9304);
#9306=PRESENTATION_STYLE_ASSIGNMENT((#9305));
#9307=STYLED_ITEM('',(#9306),#9300);
#9308=CARTESIAN_POINT('',(4.1E0,-1.8E0,8.5E-1));
#9309=DIRECTION('',(1.E0,0.E0,0.E0));
#9310=DIRECTION('',(0.E0,0.E0,-1.E0));
#9311=AXIS2_PLACEMENT_3D('',#9308,#9309,#9310);
#9312=PLANE('',#9311);
#9313=ORIENTED_EDGE('',*,*,#8803,.T.);
#9315=ORIENTED_EDGE('',*,*,#9314,.T.);
#9317=ORIENTED_EDGE('',*,*,#9316,.T.);
#9318=ORIENTED_EDGE('',*,*,#8930,.F.);
#9319=EDGE_LOOP('',(#9313,#9315,#9317,#9318));
#9320=FACE_OUTER_BOUND('',#9319,.F.);
#9322=FILL_AREA_STYLE_COLOUR('',#10);
#9323=FILL_AREA_STYLE('',(#9322));
#9324=SURFACE_STYLE_FILL_AREA(#9323);
#9325=SURFACE_SIDE_STYLE('',(#9324));
#9326=SURFACE_STYLE_USAGE(.POSITIVE.,#9325);
#9327=PRESENTATION_STYLE_ASSIGNMENT((#9326));
#9328=STYLED_ITEM('',(#9327),#9321);
#9329=CARTESIAN_POINT('',(3.9E0,-1.8E0,8.5E-1));
#9330=DIRECTION('',(0.E0,0.E0,1.E0));
#9331=DIRECTION('',(1.E0,0.E0,0.E0));
#9332=AXIS2_PLACEMENT_3D('',#9329,#9330,#9331);
#9333=PLANE('',#9332);
#9334=ORIENTED_EDGE('',*,*,#8801,.F.);
#9336=ORIENTED_EDGE('',*,*,#9335,.T.);
#9338=ORIENTED_EDGE('',*,*,#9337,.T.);
#9339=ORIENTED_EDGE('',*,*,#9314,.F.);
#9340=EDGE_LOOP('',(#9334,#9336,#9338,#9339));
#9341=FACE_OUTER_BOUND('',#9340,.F.);
#9343=FILL_AREA_STYLE_COLOUR('',#10);
#9344=FILL_AREA_STYLE('',(#9343));
#9345=SURFACE_STYLE_FILL_AREA(#9344);
#9346=SURFACE_SIDE_STYLE('',(#9345));
#9347=SURFACE_STYLE_USAGE(.POSITIVE.,#9346);
#9348=PRESENTATION_STYLE_ASSIGNMENT((#9347));
#9349=STYLED_ITEM('',(#9348),#9342);
#9350=CARTESIAN_POINT('',(3.9E0,-1.8E0,6.E-1));
#9351=DIRECTION('',(-1.E0,0.E0,0.E0));
#9352=DIRECTION('',(0.E0,0.E0,1.E0));
#9353=AXIS2_PLACEMENT_3D('',#9350,#9351,#9352);
#9354=PLANE('',#9353);
#9355=ORIENTED_EDGE('',*,*,#8799,.F.);
#9356=ORIENTED_EDGE('',*,*,#8934,.T.);
#9358=ORIENTED_EDGE('',*,*,#9357,.T.);
#9359=ORIENTED_EDGE('',*,*,#9335,.F.);
#9360=EDGE_LOOP('',(#9355,#9356,#9358,#9359));
#9361=FACE_OUTER_BOUND('',#9360,.F.);
#9363=FILL_AREA_STYLE_COLOUR('',#10);
#9364=FILL_AREA_STYLE('',(#9363));
#9365=SURFACE_STYLE_FILL_AREA(#9364);
#9366=SURFACE_SIDE_STYLE('',(#9365));
#9367=SURFACE_STYLE_USAGE(.POSITIVE.,#9366);
#9368=PRESENTATION_STYLE_ASSIGNMENT((#9367));
#9369=STYLED_ITEM('',(#9368),#9362);
#9370=CARTESIAN_POINT('',(0.E0,1.E0,0.E0));
#9371=DIRECTION('',(0.E0,1.E0,0.E0));
#9372=DIRECTION('',(-1.E0,0.E0,0.E0));
#9373=AXIS2_PLACEMENT_3D('',#9370,#9371,#9372);
#9374=PLANE('',#9373);
#9375=ORIENTED_EDGE('',*,*,#8932,.F.);
#9376=ORIENTED_EDGE('',*,*,#9316,.F.);
#9377=ORIENTED_EDGE('',*,*,#9337,.F.);
#9378=ORIENTED_EDGE('',*,*,#9357,.F.);
#9379=EDGE_LOOP('',(#9375,#9376,#9377,#9378));
#9380=FACE_OUTER_BOUND('',#9379,.F.);
#9382=FILL_AREA_STYLE_COLOUR('',#10);
#9383=FILL_AREA_STYLE('',(#9382));
#9384=SURFACE_STYLE_FILL_AREA(#9383);
#9385=SURFACE_SIDE_STYLE('',(#9384));
#9386=SURFACE_STYLE_USAGE(.POSITIVE.,#9385);
#9387=PRESENTATION_STYLE_ASSIGNMENT((#9386));
#9388=STYLED_ITEM('',(#9387),#9381);
#9389=CARTESIAN_POINT('',(2.1E0,-1.8E0,8.5E-1));
#9390=DIRECTION('',(1.E0,0.E0,0.E0));
#9391=DIRECTION('',(0.E0,0.E0,-1.E0));
#9392=AXIS2_PLACEMENT_3D('',#9389,#9390,#9391);
#9393=PLANE('',#9392);
#9394=ORIENTED_EDGE('',*,*,#8795,.T.);
#9396=ORIENTED_EDGE('',*,*,#9395,.T.);
#9398=ORIENTED_EDGE('',*,*,#9397,.T.);
#9399=ORIENTED_EDGE('',*,*,#8937,.F.);
#9400=EDGE_LOOP('',(#9394,#9396,#9398,#9399));
#9401=FACE_OUTER_BOUND('',#9400,.F.);
#9403=FILL_AREA_STYLE_COLOUR('',#10);
#9404=FILL_AREA_STYLE('',(#9403));
#9405=SURFACE_STYLE_FILL_AREA(#9404);
#9406=SURFACE_SIDE_STYLE('',(#9405));
#9407=SURFACE_STYLE_USAGE(.POSITIVE.,#9406);
#9408=PRESENTATION_STYLE_ASSIGNMENT((#9407));
#9409=STYLED_ITEM('',(#9408),#9402);
#9410=CARTESIAN_POINT('',(1.9E0,-1.8E0,8.5E-1));
#9411=DIRECTION('',(0.E0,0.E0,1.E0));
#9412=DIRECTION('',(1.E0,0.E0,0.E0));
#9413=AXIS2_PLACEMENT_3D('',#9410,#9411,#9412);
#9414=PLANE('',#9413);
#9415=ORIENTED_EDGE('',*,*,#8793,.F.);
#9417=ORIENTED_EDGE('',*,*,#9416,.T.);
#9419=ORIENTED_EDGE('',*,*,#9418,.T.);
#9420=ORIENTED_EDGE('',*,*,#9395,.F.);
#9421=EDGE_LOOP('',(#9415,#9417,#9419,#9420));
#9422=FACE_OUTER_BOUND('',#9421,.F.);
#9424=FILL_AREA_STYLE_COLOUR('',#10);
#9425=FILL_AREA_STYLE('',(#9424));
#9426=SURFACE_STYLE_FILL_AREA(#9425);
#9427=SURFACE_SIDE_STYLE('',(#9426));
#9428=SURFACE_STYLE_USAGE(.POSITIVE.,#9427);
#9429=PRESENTATION_STYLE_ASSIGNMENT((#9428));
#9430=STYLED_ITEM('',(#9429),#9423);
#9431=CARTESIAN_POINT('',(1.9E0,-1.8E0,6.E-1));
#9432=DIRECTION('',(-1.E0,0.E0,0.E0));
#9433=DIRECTION('',(0.E0,0.E0,1.E0));
#9434=AXIS2_PLACEMENT_3D('',#9431,#9432,#9433);
#9435=PLANE('',#9434);
#9436=ORIENTED_EDGE('',*,*,#8791,.F.);
#9437=ORIENTED_EDGE('',*,*,#8941,.T.);
#9439=ORIENTED_EDGE('',*,*,#9438,.T.);
#9440=ORIENTED_EDGE('',*,*,#9416,.F.);
#9441=EDGE_LOOP('',(#9436,#9437,#9439,#9440));
#9442=FACE_OUTER_BOUND('',#9441,.F.);
#9444=FILL_AREA_STYLE_COLOUR('',#10);
#9445=FILL_AREA_STYLE('',(#9444));
#9446=SURFACE_STYLE_FILL_AREA(#9445);
#9447=SURFACE_SIDE_STYLE('',(#9446));
#9448=SURFACE_STYLE_USAGE(.POSITIVE.,#9447);
#9449=PRESENTATION_STYLE_ASSIGNMENT((#9448));
#9450=STYLED_ITEM('',(#9449),#9443);
#9451=CARTESIAN_POINT('',(-2.E0,1.E0,0.E0));
#9452=DIRECTION('',(0.E0,1.E0,0.E0));
#9453=DIRECTION('',(-1.E0,0.E0,0.E0));
#9454=AXIS2_PLACEMENT_3D('',#9451,#9452,#9453);
#9455=PLANE('',#9454);
#9456=ORIENTED_EDGE('',*,*,#8939,.F.);
#9457=ORIENTED_EDGE('',*,*,#9397,.F.);
#9458=ORIENTED_EDGE('',*,*,#9418,.F.);
#9459=ORIENTED_EDGE('',*,*,#9438,.F.);
#9460=EDGE_LOOP('',(#9456,#9457,#9458,#9459));
#9461=FACE_OUTER_BOUND('',#9460,.F.);
#9463=FILL_AREA_STYLE_COLOUR('',#10);
#9464=FILL_AREA_STYLE('',(#9463));
#9465=SURFACE_STYLE_FILL_AREA(#9464);
#9466=SURFACE_SIDE_STYLE('',(#9465));
#9467=SURFACE_STYLE_USAGE(.POSITIVE.,#9466);
#9468=PRESENTATION_STYLE_ASSIGNMENT((#9467));
#9469=STYLED_ITEM('',(#9468),#9462);
#9470=CARTESIAN_POINT('',(1.E-1,-1.8E0,8.5E-1));
#9471=DIRECTION('',(1.E0,0.E0,0.E0));
#9472=DIRECTION('',(0.E0,0.E0,-1.E0));
#9473=AXIS2_PLACEMENT_3D('',#9470,#9471,#9472);
#9474=PLANE('',#9473);
#9475=ORIENTED_EDGE('',*,*,#8787,.T.);
#9477=ORIENTED_EDGE('',*,*,#9476,.T.);
#9479=ORIENTED_EDGE('',*,*,#9478,.T.);
#9480=ORIENTED_EDGE('',*,*,#8944,.F.);
#9481=EDGE_LOOP('',(#9475,#9477,#9479,#9480));
#9482=FACE_OUTER_BOUND('',#9481,.F.);
#9484=FILL_AREA_STYLE_COLOUR('',#10);
#9485=FILL_AREA_STYLE('',(#9484));
#9486=SURFACE_STYLE_FILL_AREA(#9485);
#9487=SURFACE_SIDE_STYLE('',(#9486));
#9488=SURFACE_STYLE_USAGE(.POSITIVE.,#9487);
#9489=PRESENTATION_STYLE_ASSIGNMENT((#9488));
#9490=STYLED_ITEM('',(#9489),#9483);
#9491=CARTESIAN_POINT('',(-1.E-1,-1.8E0,8.5E-1));
#9492=DIRECTION('',(0.E0,0.E0,1.E0));
#9493=DIRECTION('',(1.E0,0.E0,0.E0));
#9494=AXIS2_PLACEMENT_3D('',#9491,#9492,#9493);
#9495=PLANE('',#9494);
#9496=ORIENTED_EDGE('',*,*,#8785,.F.);
#9498=ORIENTED_EDGE('',*,*,#9497,.T.);
#9500=ORIENTED_EDGE('',*,*,#9499,.T.);
#9501=ORIENTED_EDGE('',*,*,#9476,.F.);
#9502=EDGE_LOOP('',(#9496,#9498,#9500,#9501));
#9503=FACE_OUTER_BOUND('',#9502,.F.);
#9505=FILL_AREA_STYLE_COLOUR('',#10);
#9506=FILL_AREA_STYLE('',(#9505));
#9507=SURFACE_STYLE_FILL_AREA(#9506);
#9508=SURFACE_SIDE_STYLE('',(#9507));
#9509=SURFACE_STYLE_USAGE(.POSITIVE.,#9508);
#9510=PRESENTATION_STYLE_ASSIGNMENT((#9509));
#9511=STYLED_ITEM('',(#9510),#9504);
#9512=CARTESIAN_POINT('',(-1.E-1,-1.8E0,6.E-1));
#9513=DIRECTION('',(-1.E0,0.E0,0.E0));
#9514=DIRECTION('',(0.E0,0.E0,1.E0));
#9515=AXIS2_PLACEMENT_3D('',#9512,#9513,#9514);
#9516=PLANE('',#9515);
#9517=ORIENTED_EDGE('',*,*,#8783,.F.);
#9518=ORIENTED_EDGE('',*,*,#8948,.T.);
#9520=ORIENTED_EDGE('',*,*,#9519,.T.);
#9521=ORIENTED_EDGE('',*,*,#9497,.F.);
#9522=EDGE_LOOP('',(#9517,#9518,#9520,#9521));
#9523=FACE_OUTER_BOUND('',#9522,.F.);
#9525=FILL_AREA_STYLE_COLOUR('',#10);
#9526=FILL_AREA_STYLE('',(#9525));
#9527=SURFACE_STYLE_FILL_AREA(#9526);
#9528=SURFACE_SIDE_STYLE('',(#9527));
#9529=SURFACE_STYLE_USAGE(.POSITIVE.,#9528);
#9530=PRESENTATION_STYLE_ASSIGNMENT((#9529));
#9531=STYLED_ITEM('',(#9530),#9524);
#9532=CARTESIAN_POINT('',(-4.E0,1.E0,0.E0));
#9533=DIRECTION('',(0.E0,1.E0,0.E0));
#9534=DIRECTION('',(-1.E0,0.E0,0.E0));
#9535=AXIS2_PLACEMENT_3D('',#9532,#9533,#9534);
#9536=PLANE('',#9535);
#9537=ORIENTED_EDGE('',*,*,#8946,.F.);
#9538=ORIENTED_EDGE('',*,*,#9478,.F.);
#9539=ORIENTED_EDGE('',*,*,#9499,.F.);
#9540=ORIENTED_EDGE('',*,*,#9519,.F.);
#9541=EDGE_LOOP('',(#9537,#9538,#9539,#9540));
#9542=FACE_OUTER_BOUND('',#9541,.F.);
#9544=FILL_AREA_STYLE_COLOUR('',#10);
#9545=FILL_AREA_STYLE('',(#9544));
#9546=SURFACE_STYLE_FILL_AREA(#9545);
#9547=SURFACE_SIDE_STYLE('',(#9546));
#9548=SURFACE_STYLE_USAGE(.POSITIVE.,#9547);
#9549=PRESENTATION_STYLE_ASSIGNMENT((#9548));
#9550=STYLED_ITEM('',(#9549),#9543);
#9551=CARTESIAN_POINT('',(-1.9E0,-1.8E0,8.5E-1));
#9552=DIRECTION('',(1.E0,0.E0,0.E0));
#9553=DIRECTION('',(0.E0,0.E0,-1.E0));
#9554=AXIS2_PLACEMENT_3D('',#9551,#9552,#9553);
#9555=PLANE('',#9554);
#9556=ORIENTED_EDGE('',*,*,#8779,.T.);
#9558=ORIENTED_EDGE('',*,*,#9557,.T.);
#9560=ORIENTED_EDGE('',*,*,#9559,.T.);
#9561=ORIENTED_EDGE('',*,*,#8951,.F.);
#9562=EDGE_LOOP('',(#9556,#9558,#9560,#9561));
#9563=FACE_OUTER_BOUND('',#9562,.F.);
#9565=FILL_AREA_STYLE_COLOUR('',#10);
#9566=FILL_AREA_STYLE('',(#9565));
#9567=SURFACE_STYLE_FILL_AREA(#9566);
#9568=SURFACE_SIDE_STYLE('',(#9567));
#9569=SURFACE_STYLE_USAGE(.POSITIVE.,#9568);
#9570=PRESENTATION_STYLE_ASSIGNMENT((#9569));
#9571=STYLED_ITEM('',(#9570),#9564);
#9572=CARTESIAN_POINT('',(-2.1E0,-1.8E0,8.5E-1));
#9573=DIRECTION('',(0.E0,0.E0,1.E0));
#9574=DIRECTION('',(1.E0,0.E0,0.E0));
#9575=AXIS2_PLACEMENT_3D('',#9572,#9573,#9574);
#9576=PLANE('',#9575);
#9577=ORIENTED_EDGE('',*,*,#8777,.F.);
#9579=ORIENTED_EDGE('',*,*,#9578,.T.);
#9581=ORIENTED_EDGE('',*,*,#9580,.T.);
#9582=ORIENTED_EDGE('',*,*,#9557,.F.);
#9583=EDGE_LOOP('',(#9577,#9579,#9581,#9582));
#9584=FACE_OUTER_BOUND('',#9583,.F.);
#9586=FILL_AREA_STYLE_COLOUR('',#10);
#9587=FILL_AREA_STYLE('',(#9586));
#9588=SURFACE_STYLE_FILL_AREA(#9587);
#9589=SURFACE_SIDE_STYLE('',(#9588));
#9590=SURFACE_STYLE_USAGE(.POSITIVE.,#9589);
#9591=PRESENTATION_STYLE_ASSIGNMENT((#9590));
#9592=STYLED_ITEM('',(#9591),#9585);
#9593=CARTESIAN_POINT('',(-2.1E0,-1.8E0,6.E-1));
#9594=DIRECTION('',(-1.E0,0.E0,0.E0));
#9595=DIRECTION('',(0.E0,0.E0,1.E0));
#9596=AXIS2_PLACEMENT_3D('',#9593,#9594,#9595);
#9597=PLANE('',#9596);
#9598=ORIENTED_EDGE('',*,*,#8775,.F.);
#9599=ORIENTED_EDGE('',*,*,#8955,.T.);
#9601=ORIENTED_EDGE('',*,*,#9600,.T.);
#9602=ORIENTED_EDGE('',*,*,#9578,.F.);
#9603=EDGE_LOOP('',(#9598,#9599,#9601,#9602));
#9604=FACE_OUTER_BOUND('',#9603,.F.);
#9606=FILL_AREA_STYLE_COLOUR('',#10);
#9607=FILL_AREA_STYLE('',(#9606));
#9608=SURFACE_STYLE_FILL_AREA(#9607);
#9609=SURFACE_SIDE_STYLE('',(#9608));
#9610=SURFACE_STYLE_USAGE(.POSITIVE.,#9609);
#9611=PRESENTATION_STYLE_ASSIGNMENT((#9610));
#9612=STYLED_ITEM('',(#9611),#9605);
#9613=CARTESIAN_POINT('',(-6.E0,1.E0,0.E0));
#9614=DIRECTION('',(0.E0,1.E0,0.E0));
#9615=DIRECTION('',(-1.E0,0.E0,0.E0));
#9616=AXIS2_PLACEMENT_3D('',#9613,#9614,#9615);
#9617=PLANE('',#9616);
#9618=ORIENTED_EDGE('',*,*,#8953,.F.);
#9619=ORIENTED_EDGE('',*,*,#9559,.F.);
#9620=ORIENTED_EDGE('',*,*,#9580,.F.);
#9621=ORIENTED_EDGE('',*,*,#9600,.F.);
#9622=EDGE_LOOP('',(#9618,#9619,#9620,#9621));
#9623=FACE_OUTER_BOUND('',#9622,.F.);
#9625=FILL_AREA_STYLE_COLOUR('',#10);
#9626=FILL_AREA_STYLE('',(#9625));
#9627=SURFACE_STYLE_FILL_AREA(#9626);
#9628=SURFACE_SIDE_STYLE('',(#9627));
#9629=SURFACE_STYLE_USAGE(.POSITIVE.,#9628);
#9630=PRESENTATION_STYLE_ASSIGNMENT((#9629));
#9631=STYLED_ITEM('',(#9630),#9624);
#9632=CARTESIAN_POINT('',(5.25E0,2.123155889677E0,3.65E0));
#9633=DIRECTION('',(0.E0,0.E0,1.E0));
#9634=DIRECTION('',(-1.E0,0.E0,0.E0));
#9635=AXIS2_PLACEMENT_3D('',#9632,#9633,#9634);
#9636=PLANE('',#9635);
#9638=ORIENTED_EDGE('',*,*,#9637,.T.);
#9640=ORIENTED_EDGE('',*,*,#9639,.T.);
#9641=ORIENTED_EDGE('',*,*,#8828,.T.);
#9643=ORIENTED_EDGE('',*,*,#9642,.F.);
#9644=EDGE_LOOP('',(#9638,#9640,#9641,#9643));
#9645=FACE_OUTER_BOUND('',#9644,.F.);
#9647=FILL_AREA_STYLE_COLOUR('',#16);
#9648=FILL_AREA_STYLE('',(#9647));
#9649=SURFACE_STYLE_FILL_AREA(#9648);
#9650=SURFACE_SIDE_STYLE('',(#9649));
#9651=SURFACE_STYLE_USAGE(.POSITIVE.,#9650);
#9652=PRESENTATION_STYLE_ASSIGNMENT((#9651));
#9653=STYLED_ITEM('',(#9652),#9646);
#9654=CARTESIAN_POINT('',(5.E0,1.973155889677E0,3.6E0));
#9655=DIRECTION('',(0.E0,3.162277660168E-1,9.486832980505E-1));
#9656=DIRECTION('',(0.E0,-9.486832980505E-1,3.162277660168E-1));
#9657=AXIS2_PLACEMENT_3D('',#9654,#9655,#9656);
#9658=PLANE('',#9657);
#9659=ORIENTED_EDGE('',*,*,#9637,.F.);
#9661=ORIENTED_EDGE('',*,*,#9660,.T.);
#9663=ORIENTED_EDGE('',*,*,#9662,.T.);
#9665=ORIENTED_EDGE('',*,*,#9664,.F.);
#9666=EDGE_LOOP('',(#9659,#9661,#9663,#9665));
#9667=FACE_OUTER_BOUND('',#9666,.F.);
#9669=FILL_AREA_STYLE_COLOUR('',#16);
#9670=FILL_AREA_STYLE('',(#9669));
#9671=SURFACE_STYLE_FILL_AREA(#9670);
#9672=SURFACE_SIDE_STYLE('',(#9671));
#9673=SURFACE_STYLE_USAGE(.POSITIVE.,#9672);
#9674=PRESENTATION_STYLE_ASSIGNMENT((#9673));
#9675=STYLED_ITEM('',(#9674),#9668);
#9676=CARTESIAN_POINT('',(4.8E0,1.973155889677E0,3.4E0));
#9677=DIRECTION('',(-9.486832980505E-1,3.162277660168E-1,0.E0));
#9678=DIRECTION('',(-3.162277660168E-1,-9.486832980505E-1,0.E0));
#9679=AXIS2_PLACEMENT_3D('',#9676,#9677,#9678);
#9680=PLANE('',#9679);
#9682=ORIENTED_EDGE('',*,*,#9681,.T.);
#9683=ORIENTED_EDGE('',*,*,#9660,.F.);
#9685=ORIENTED_EDGE('',*,*,#9684,.F.);
#9687=ORIENTED_EDGE('',*,*,#9686,.T.);
#9688=EDGE_LOOP('',(#9682,#9683,#9685,#9687));
#9689=FACE_OUTER_BOUND('',#9688,.F.);
#9691=FILL_AREA_STYLE_COLOUR('',#16);
#9692=FILL_AREA_STYLE('',(#9691));
#9693=SURFACE_STYLE_FILL_AREA(#9692);
#9694=SURFACE_SIDE_STYLE('',(#9693));
#9695=SURFACE_STYLE_USAGE(.POSITIVE.,#9694);
#9696=PRESENTATION_STYLE_ASSIGNMENT((#9695));
#9697=STYLED_ITEM('',(#9696),#9690);
#9698=CARTESIAN_POINT('',(5.E0,2.123155889677E0,3.4E0));
#9699=DIRECTION('',(0.E0,-1.E0,0.E0));
#9700=DIRECTION('',(0.E0,0.E0,-1.E0));
#9701=AXIS2_PLACEMENT_3D('',#9698,#9699,#9700);
#9702=PLANE('',#9701);
#9704=ORIENTED_EDGE('',*,*,#9703,.F.);
#9705=ORIENTED_EDGE('',*,*,#9662,.F.);
#9706=ORIENTED_EDGE('',*,*,#9681,.F.);
#9708=ORIENTED_EDGE('',*,*,#9707,.F.);
#9709=EDGE_LOOP('',(#9704,#9705,#9706,#9708));
#9710=FACE_OUTER_BOUND('',#9709,.F.);
#9712=FILL_AREA_STYLE_COLOUR('',#16);
#9713=FILL_AREA_STYLE('',(#9712));
#9714=SURFACE_STYLE_FILL_AREA(#9713);
#9715=SURFACE_SIDE_STYLE('',(#9714));
#9716=SURFACE_STYLE_USAGE(.POSITIVE.,#9715);
#9717=PRESENTATION_STYLE_ASSIGNMENT((#9716));
#9718=STYLED_ITEM('',(#9717),#9711);
#9719=CARTESIAN_POINT('',(5.2E0,1.973155889677E0,3.4E0));
#9720=DIRECTION('',(9.486832980505E-1,3.162277660168E-1,0.E0));
#9721=DIRECTION('',(3.162277660168E-1,-9.486832980505E-1,0.E0));
#9722=AXIS2_PLACEMENT_3D('',#9719,#9720,#9721);
#9723=PLANE('',#9722);
#9725=ORIENTED_EDGE('',*,*,#9724,.F.);
#9726=ORIENTED_EDGE('',*,*,#9664,.T.);
#9727=ORIENTED_EDGE('',*,*,#9703,.T.);
#9729=ORIENTED_EDGE('',*,*,#9728,.F.);
#9730=EDGE_LOOP('',(#9725,#9726,#9727,#9729));
#9731=FACE_OUTER_BOUND('',#9730,.F.);
#9733=FILL_AREA_STYLE_COLOUR('',#16);
#9734=FILL_AREA_STYLE('',(#9733));
#9735=SURFACE_STYLE_FILL_AREA(#9734);
#9736=SURFACE_SIDE_STYLE('',(#9735));
#9737=SURFACE_STYLE_USAGE(.POSITIVE.,#9736);
#9738=PRESENTATION_STYLE_ASSIGNMENT((#9737));
#9739=STYLED_ITEM('',(#9738),#9732);
#9740=CARTESIAN_POINT('',(5.25E0,2.123155889677E0,3.15E0));
#9741=DIRECTION('',(1.E0,0.E0,0.E0));
#9742=DIRECTION('',(0.E0,0.E0,1.E0));
#9743=AXIS2_PLACEMENT_3D('',#9740,#9741,#9742);
#9744=PLANE('',#9743);
#9745=ORIENTED_EDGE('',*,*,#9724,.T.);
#9747=ORIENTED_EDGE('',*,*,#9746,.T.);
#9748=ORIENTED_EDGE('',*,*,#8830,.T.);
#9749=ORIENTED_EDGE('',*,*,#9639,.F.);
#9750=EDGE_LOOP('',(#9745,#9747,#9748,#9749));
#9751=FACE_OUTER_BOUND('',#9750,.F.);
#9753=FILL_AREA_STYLE_COLOUR('',#16);
#9754=FILL_AREA_STYLE('',(#9753));
#9755=SURFACE_STYLE_FILL_AREA(#9754);
#9756=SURFACE_SIDE_STYLE('',(#9755));
#9757=SURFACE_STYLE_USAGE(.POSITIVE.,#9756);
#9758=PRESENTATION_STYLE_ASSIGNMENT((#9757));
#9759=STYLED_ITEM('',(#9758),#9752);
#9760=CARTESIAN_POINT('',(5.25E0,2.123155889677E0,3.15E0));
#9761=DIRECTION('',(1.E0,0.E0,0.E0));
#9762=DIRECTION('',(0.E0,0.E0,1.E0));
#9763=AXIS2_PLACEMENT_3D('',#9760,#9761,#9762);
#9764=PLANE('',#9763);
#9766=ORIENTED_EDGE('',*,*,#9765,.T.);
#9768=ORIENTED_EDGE('',*,*,#9767,.F.);
#9770=ORIENTED_EDGE('',*,*,#9769,.F.);
#9772=ORIENTED_EDGE('',*,*,#9771,.F.);
#9774=ORIENTED_EDGE('',*,*,#9773,.F.);
#9775=ORIENTED_EDGE('',*,*,#7592,.F.);
#9776=ORIENTED_EDGE('',*,*,#8527,.F.);
#9778=ORIENTED_EDGE('',*,*,#9777,.T.);
#9780=ORIENTED_EDGE('',*,*,#9779,.T.);
#9782=ORIENTED_EDGE('',*,*,#9781,.T.);
#9783=EDGE_LOOP('',(#9766,#9768,#9770,#9772,#9774,#9775,#9776,#9778,#9780,
#9782));
#9784=FACE_OUTER_BOUND('',#9783,.F.);
#9786=FILL_AREA_STYLE_COLOUR('',#16);
#9787=FILL_AREA_STYLE('',(#9786));
#9788=SURFACE_STYLE_FILL_AREA(#9787);
#9789=SURFACE_SIDE_STYLE('',(#9788));
#9790=SURFACE_STYLE_USAGE(.POSITIVE.,#9789);
#9791=PRESENTATION_STYLE_ASSIGNMENT((#9790));
#9792=STYLED_ITEM('',(#9791),#9785);
#9793=CARTESIAN_POINT('',(4.75E0,2.123155889677E0,3.15E0));
#9794=DIRECTION('',(0.E0,0.E0,-1.E0));
#9795=DIRECTION('',(1.E0,0.E0,0.E0));
#9796=AXIS2_PLACEMENT_3D('',#9793,#9794,#9795);
#9797=PLANE('',#9796);
#9799=ORIENTED_EDGE('',*,*,#9798,.T.);
#9801=ORIENTED_EDGE('',*,*,#9800,.T.);
#9802=ORIENTED_EDGE('',*,*,#8832,.T.);
#9803=ORIENTED_EDGE('',*,*,#9746,.F.);
#9804=EDGE_LOOP('',(#9799,#9801,#9802,#9803));
#9805=FACE_OUTER_BOUND('',#9804,.F.);
#9807=FILL_AREA_STYLE_COLOUR('',#16);
#9808=FILL_AREA_STYLE('',(#9807));
#9809=SURFACE_STYLE_FILL_AREA(#9808);
#9810=SURFACE_SIDE_STYLE('',(#9809));
#9811=SURFACE_STYLE_USAGE(.POSITIVE.,#9810);
#9812=PRESENTATION_STYLE_ASSIGNMENT((#9811));
#9813=STYLED_ITEM('',(#9812),#9806);
#9814=CARTESIAN_POINT('',(5.E0,1.973155889677E0,3.2E0));
#9815=DIRECTION('',(0.E0,3.162277660168E-1,-9.486832980505E-1));
#9816=DIRECTION('',(0.E0,-9.486832980505E-1,-3.162277660168E-1));
#9817=AXIS2_PLACEMENT_3D('',#9814,#9815,#9816);
#9818=PLANE('',#9817);
#9819=ORIENTED_EDGE('',*,*,#9707,.T.);
#9820=ORIENTED_EDGE('',*,*,#9686,.F.);
#9821=ORIENTED_EDGE('',*,*,#9798,.F.);
#9822=ORIENTED_EDGE('',*,*,#9728,.T.);
#9823=EDGE_LOOP('',(#9819,#9820,#9821,#9822));
#9824=FACE_OUTER_BOUND('',#9823,.F.);
#9826=FILL_AREA_STYLE_COLOUR('',#16);
#9827=FILL_AREA_STYLE('',(#9826));
#9828=SURFACE_STYLE_FILL_AREA(#9827);
#9829=SURFACE_SIDE_STYLE('',(#9828));
#9830=SURFACE_STYLE_USAGE(.POSITIVE.,#9829);
#9831=PRESENTATION_STYLE_ASSIGNMENT((#9830));
#9832=STYLED_ITEM('',(#9831),#9825);
#9833=CARTESIAN_POINT('',(4.75E0,2.123155889677E0,3.65E0));
#9834=DIRECTION('',(-1.E0,0.E0,0.E0));
#9835=DIRECTION('',(0.E0,0.E0,-1.E0));
#9836=AXIS2_PLACEMENT_3D('',#9833,#9834,#9835);
#9837=PLANE('',#9836);
#9838=ORIENTED_EDGE('',*,*,#9684,.T.);
#9839=ORIENTED_EDGE('',*,*,#9642,.T.);
#9840=ORIENTED_EDGE('',*,*,#8834,.F.);
#9841=ORIENTED_EDGE('',*,*,#9800,.F.);
#9842=EDGE_LOOP('',(#9838,#9839,#9840,#9841));
#9843=FACE_OUTER_BOUND('',#9842,.F.);
#9845=FILL_AREA_STYLE_COLOUR('',#16);
#9846=FILL_AREA_STYLE('',(#9845));
#9847=SURFACE_STYLE_FILL_AREA(#9846);
#9848=SURFACE_SIDE_STYLE('',(#9847));
#9849=SURFACE_STYLE_USAGE(.POSITIVE.,#9848);
#9850=PRESENTATION_STYLE_ASSIGNMENT((#9849));
#9851=STYLED_ITEM('',(#9850),#9844);
#9852=CARTESIAN_POINT('',(4.75E0,2.123155889677E0,3.65E0));
#9853=DIRECTION('',(-1.E0,0.E0,0.E0));
#9854=DIRECTION('',(0.E0,0.E0,-1.E0));
#9855=AXIS2_PLACEMENT_3D('',#9852,#9853,#9854);
#9856=PLANE('',#9855);
#9858=ORIENTED_EDGE('',*,*,#9857,.T.);
#9860=ORIENTED_EDGE('',*,*,#9859,.F.);
#9862=ORIENTED_EDGE('',*,*,#9861,.F.);
#9864=ORIENTED_EDGE('',*,*,#9863,.F.);
#9865=ORIENTED_EDGE('',*,*,#8523,.T.);
#9866=ORIENTED_EDGE('',*,*,#7596,.T.);
#9868=ORIENTED_EDGE('',*,*,#9867,.T.);
#9870=ORIENTED_EDGE('',*,*,#9869,.T.);
#9872=ORIENTED_EDGE('',*,*,#9871,.T.);
#9874=ORIENTED_EDGE('',*,*,#9873,.T.);
#9875=EDGE_LOOP('',(#9858,#9860,#9862,#9864,#9865,#9866,#9868,#9870,#9872,
#9874));
#9876=FACE_OUTER_BOUND('',#9875,.F.);
#9878=FILL_AREA_STYLE_COLOUR('',#16);
#9879=FILL_AREA_STYLE('',(#9878));
#9880=SURFACE_STYLE_FILL_AREA(#9879);
#9881=SURFACE_SIDE_STYLE('',(#9880));
#9882=SURFACE_STYLE_USAGE(.POSITIVE.,#9881);
#9883=PRESENTATION_STYLE_ASSIGNMENT((#9882));
#9884=STYLED_ITEM('',(#9883),#9877);
#9885=CARTESIAN_POINT('',(4.8E0,-5.35E0,1.5E-1));
#9886=DIRECTION('',(-9.486832980505E-1,-3.162277660168E-1,0.E0));
#9887=DIRECTION('',(-3.162277660168E-1,9.486832980505E-1,0.E0));
#9888=AXIS2_PLACEMENT_3D('',#9885,#9886,#9887);
#9889=PLANE('',#9888);
#9890=ORIENTED_EDGE('',*,*,#9857,.F.);
#9892=ORIENTED_EDGE('',*,*,#9891,.T.);
#9894=ORIENTED_EDGE('',*,*,#9893,.T.);
#9896=ORIENTED_EDGE('',*,*,#9895,.T.);
#9897=EDGE_LOOP('',(#9890,#9892,#9894,#9896));
#9898=FACE_OUTER_BOUND('',#9897,.F.);
#9900=FILL_AREA_STYLE_COLOUR('',#16);
#9901=FILL_AREA_STYLE('',(#9900));
#9902=SURFACE_STYLE_FILL_AREA(#9901);
#9903=SURFACE_SIDE_STYLE('',(#9902));
#9904=SURFACE_STYLE_USAGE(.POSITIVE.,#9903);
#9905=PRESENTATION_STYLE_ASSIGNMENT((#9904));
#9906=STYLED_ITEM('',(#9905),#9899);
#9907=CARTESIAN_POINT('',(5.E0,-5.35E0,3.5E-1));
#9908=DIRECTION('',(0.E0,-3.162277660168E-1,9.486832980505E-1));
#9909=DIRECTION('',(0.E0,9.486832980505E-1,3.162277660168E-1));
#9910=AXIS2_PLACEMENT_3D('',#9907,#9908,#9909);
#9911=PLANE('',#9910);
#9913=ORIENTED_EDGE('',*,*,#9912,.T.);
#9914=ORIENTED_EDGE('',*,*,#9891,.F.);
#9916=ORIENTED_EDGE('',*,*,#9915,.F.);
#9918=ORIENTED_EDGE('',*,*,#9917,.F.);
#9919=EDGE_LOOP('',(#9913,#9914,#9916,#9918));
#9920=FACE_OUTER_BOUND('',#9919,.F.);
#9922=FILL_AREA_STYLE_COLOUR('',#16);
#9923=FILL_AREA_STYLE('',(#9922));
#9924=SURFACE_STYLE_FILL_AREA(#9923);
#9925=SURFACE_SIDE_STYLE('',(#9924));
#9926=SURFACE_STYLE_USAGE(.POSITIVE.,#9925);
#9927=PRESENTATION_STYLE_ASSIGNMENT((#9926));
#9928=STYLED_ITEM('',(#9927),#9921);
#9929=CARTESIAN_POINT('',(5.E0,-5.5E0,1.5E-1));
#9930=DIRECTION('',(0.E0,-1.E0,0.E0));
#9931=DIRECTION('',(0.E0,0.E0,-1.E0));
#9932=AXIS2_PLACEMENT_3D('',#9929,#9930,#9931);
#9933=PLANE('',#9932);
#9935=ORIENTED_EDGE('',*,*,#9934,.F.);
#9937=ORIENTED_EDGE('',*,*,#9936,.F.);
#9938=ORIENTED_EDGE('',*,*,#9893,.F.);
#9939=ORIENTED_EDGE('',*,*,#9912,.F.);
#9940=EDGE_LOOP('',(#9935,#9937,#9938,#9939));
#9941=FACE_OUTER_BOUND('',#9940,.F.);
#9943=FILL_AREA_STYLE_COLOUR('',#16);
#9944=FILL_AREA_STYLE('',(#9943));
#9945=SURFACE_STYLE_FILL_AREA(#9944);
#9946=SURFACE_SIDE_STYLE('',(#9945));
#9947=SURFACE_STYLE_USAGE(.POSITIVE.,#9946);
#9948=PRESENTATION_STYLE_ASSIGNMENT((#9947));
#9949=STYLED_ITEM('',(#9948),#9942);
#9950=CARTESIAN_POINT('',(5.2E0,-5.35E0,1.5E-1));
#9951=DIRECTION('',(9.486832980505E-1,-3.162277660168E-1,0.E0));
#9952=DIRECTION('',(3.162277660168E-1,9.486832980505E-1,0.E0));
#9953=AXIS2_PLACEMENT_3D('',#9950,#9951,#9952);
#9954=PLANE('',#9953);
#9955=ORIENTED_EDGE('',*,*,#9765,.F.);
#9957=ORIENTED_EDGE('',*,*,#9956,.T.);
#9958=ORIENTED_EDGE('',*,*,#9934,.T.);
#9959=ORIENTED_EDGE('',*,*,#9917,.T.);
#9960=EDGE_LOOP('',(#9955,#9957,#9958,#9959));
#9961=FACE_OUTER_BOUND('',#9960,.F.);
#9963=FILL_AREA_STYLE_COLOUR('',#16);
#9964=FILL_AREA_STYLE('',(#9963));
#9965=SURFACE_STYLE_FILL_AREA(#9964);
#9966=SURFACE_SIDE_STYLE('',(#9965));
#9967=SURFACE_STYLE_USAGE(.POSITIVE.,#9966);
#9968=PRESENTATION_STYLE_ASSIGNMENT((#9967));
#9969=STYLED_ITEM('',(#9968),#9962);
#9970=CARTESIAN_POINT('',(5.E0,-5.35E0,-5.E-2));
#9971=DIRECTION('',(0.E0,-3.162277660168E-1,-9.486832980505E-1));
#9972=DIRECTION('',(0.E0,9.486832980505E-1,-3.162277660168E-1));
#9973=AXIS2_PLACEMENT_3D('',#9970,#9971,#9972);
#9974=PLANE('',#9973);
#9976=ORIENTED_EDGE('',*,*,#9975,.F.);
#9977=ORIENTED_EDGE('',*,*,#9895,.F.);
#9978=ORIENTED_EDGE('',*,*,#9936,.T.);
#9979=ORIENTED_EDGE('',*,*,#9956,.F.);
#9980=EDGE_LOOP('',(#9976,#9977,#9978,#9979));
#9981=FACE_OUTER_BOUND('',#9980,.F.);
#9983=FILL_AREA_STYLE_COLOUR('',#16);
#9984=FILL_AREA_STYLE('',(#9983));
#9985=SURFACE_STYLE_FILL_AREA(#9984);
#9986=SURFACE_SIDE_STYLE('',(#9985));
#9987=SURFACE_STYLE_USAGE(.POSITIVE.,#9986);
#9988=PRESENTATION_STYLE_ASSIGNMENT((#9987));
#9989=STYLED_ITEM('',(#9988),#9982);
#9990=CARTESIAN_POINT('',(4.75E0,-3.474519833153E0,-1.E-1));
#9991=DIRECTION('',(0.E0,0.E0,-1.E0));
#9992=DIRECTION('',(1.E0,0.E0,0.E0));
#9993=AXIS2_PLACEMENT_3D('',#9990,#9991,#9992);
#9994=PLANE('',#9993);
#9995=ORIENTED_EDGE('',*,*,#9975,.T.);
#9996=ORIENTED_EDGE('',*,*,#9781,.F.);
#9998=ORIENTED_EDGE('',*,*,#9997,.F.);
#9999=ORIENTED_EDGE('',*,*,#9859,.T.);
#10000=EDGE_LOOP('',(#9995,#9996,#9998,#9999));
#10001=FACE_OUTER_BOUND('',#10000,.F.);
#10003=FILL_AREA_STYLE_COLOUR('',#16);
#10004=FILL_AREA_STYLE('',(#10003));
#10005=SURFACE_STYLE_FILL_AREA(#10004);
#10006=SURFACE_SIDE_STYLE('',(#10005));
#10007=SURFACE_STYLE_USAGE(.POSITIVE.,#10006);
#10008=PRESENTATION_STYLE_ASSIGNMENT((#10007));
#10009=STYLED_ITEM('',(#10008),#10002);
#10010=CARTESIAN_POINT('',(6.E0,-3.474519833153E0,6.245198331529E-1));
#10011=DIRECTION('',(-1.E0,0.E0,0.E0));
#10012=DIRECTION('',(0.E0,-1.E0,0.E0));
#10013=AXIS2_PLACEMENT_3D('',#10010,#10011,#10012);
#10014=CYLINDRICAL_SURFACE('',#10013,7.245198331529E-1);
#10016=ORIENTED_EDGE('',*,*,#10015,.F.);
#10017=ORIENTED_EDGE('',*,*,#9861,.T.);
#10018=ORIENTED_EDGE('',*,*,#9997,.T.);
#10019=ORIENTED_EDGE('',*,*,#9779,.F.);
#10020=EDGE_LOOP('',(#10016,#10017,#10018,#10019));
#10021=FACE_OUTER_BOUND('',#10020,.F.);
#10023=FILL_AREA_STYLE_COLOUR('',#16);
#10024=FILL_AREA_STYLE('',(#10023));
#10025=SURFACE_STYLE_FILL_AREA(#10024);
#10026=SURFACE_SIDE_STYLE('',(#10025));
#10027=SURFACE_STYLE_USAGE(.POSITIVE.,#10026);
#10028=PRESENTATION_STYLE_ASSIGNMENT((#10027));
#10029=STYLED_ITEM('',(#10028),#10022);
#10030=CARTESIAN_POINT('',(4.75E0,-2.75E0,2.996265737617E0));
#10031=DIRECTION('',(0.E0,1.E0,0.E0));
#10032=DIRECTION('',(1.E0,0.E0,0.E0));
#10033=AXIS2_PLACEMENT_3D('',#10030,#10031,#10032);
#10034=PLANE('',#10033);
#10035=ORIENTED_EDGE('',*,*,#8525,.F.);
#10036=ORIENTED_EDGE('',*,*,#9863,.T.);
#10037=ORIENTED_EDGE('',*,*,#10015,.T.);
#10038=ORIENTED_EDGE('',*,*,#9777,.F.);
#10039=EDGE_LOOP('',(#10035,#10036,#10037,#10038));
#10040=FACE_OUTER_BOUND('',#10039,.F.);
#10042=FILL_AREA_STYLE_COLOUR('',#16);
#10043=FILL_AREA_STYLE('',(#10042));
#10044=SURFACE_STYLE_FILL_AREA(#10043);
#10045=SURFACE_SIDE_STYLE('',(#10044));
#10046=SURFACE_STYLE_USAGE(.POSITIVE.,#10045);
#10047=PRESENTATION_STYLE_ASSIGNMENT((#10046));
#10048=STYLED_ITEM('',(#10047),#10041);
#10049=CARTESIAN_POINT('',(5.25E0,-3.474519833153E0,4.E-1));
#10050=DIRECTION('',(0.E0,0.E0,1.E0));
#10051=DIRECTION('',(-1.E0,0.E0,0.E0));
#10052=AXIS2_PLACEMENT_3D('',#10049,#10050,#10051);
#10053=PLANE('',#10052);
#10054=ORIENTED_EDGE('',*,*,#9915,.T.);
#10055=ORIENTED_EDGE('',*,*,#9873,.F.);
#10057=ORIENTED_EDGE('',*,*,#10056,.F.);
#10058=ORIENTED_EDGE('',*,*,#9767,.T.);
#10059=EDGE_LOOP('',(#10054,#10055,#10057,#10058));
#10060=FACE_OUTER_BOUND('',#10059,.F.);
#10062=FILL_AREA_STYLE_COLOUR('',#16);
#10063=FILL_AREA_STYLE('',(#10062));
#10064=SURFACE_STYLE_FILL_AREA(#10063);
#10065=SURFACE_SIDE_STYLE('',(#10064));
#10066=SURFACE_STYLE_USAGE(.POSITIVE.,#10065);
#10067=PRESENTATION_STYLE_ASSIGNMENT((#10066));
#10068=STYLED_ITEM('',(#10067),#10061);
#10069=CARTESIAN_POINT('',(6.E0,-3.474519833153E0,6.245198331529E-1));
#10070=DIRECTION('',(-1.E0,0.E0,0.E0));
#10071=DIRECTION('',(0.E0,-1.E0,0.E0));
#10072=AXIS2_PLACEMENT_3D('',#10069,#10070,#10071);
#10073=CYLINDRICAL_SURFACE('',#10072,2.245198331529E-1);
#10075=ORIENTED_EDGE('',*,*,#10074,.F.);
#10076=ORIENTED_EDGE('',*,*,#9769,.T.);
#10077=ORIENTED_EDGE('',*,*,#10056,.T.);
#10078=ORIENTED_EDGE('',*,*,#9871,.F.);
#10079=EDGE_LOOP('',(#10075,#10076,#10077,#10078));
#10080=FACE_OUTER_BOUND('',#10079,.F.);
#10082=FILL_AREA_STYLE_COLOUR('',#16);
#10083=FILL_AREA_STYLE('',(#10082));
#10084=SURFACE_STYLE_FILL_AREA(#10083);
#10085=SURFACE_SIDE_STYLE('',(#10084));
#10086=SURFACE_STYLE_USAGE(.POSITIVE.,#10085);
#10087=PRESENTATION_STYLE_ASSIGNMENT((#10086));
#10088=STYLED_ITEM('',(#10087),#10081);
#10089=CARTESIAN_POINT('',(5.25E0,-3.25E0,2.996265737617E0));
#10090=DIRECTION('',(0.E0,-1.E0,0.E0));
#10091=DIRECTION('',(-1.E0,0.E0,0.E0));
#10092=AXIS2_PLACEMENT_3D('',#10089,#10090,#10091);
#10093=PLANE('',#10092);
#10095=ORIENTED_EDGE('',*,*,#10094,.F.);
#10096=ORIENTED_EDGE('',*,*,#9771,.T.);
#10097=ORIENTED_EDGE('',*,*,#10074,.T.);
#10098=ORIENTED_EDGE('',*,*,#9869,.F.);
#10099=EDGE_LOOP('',(#10095,#10096,#10097,#10098));
#10100=FACE_OUTER_BOUND('',#10099,.F.);
#10102=FILL_AREA_STYLE_COLOUR('',#16);
#10103=FILL_AREA_STYLE('',(#10102));
#10104=SURFACE_STYLE_FILL_AREA(#10103);
#10105=SURFACE_SIDE_STYLE('',(#10104));
#10106=SURFACE_STYLE_USAGE(.POSITIVE.,#10105);
#10107=PRESENTATION_STYLE_ASSIGNMENT((#10106));
#10108=STYLED_ITEM('',(#10107),#10101);
#10109=CARTESIAN_POINT('',(4.E0,-2.596265737617E0,2.996265737617E0));
#10110=DIRECTION('',(1.E0,0.E0,0.E0));
#10111=DIRECTION('',(0.E0,0.E0,-1.E0));
#10112=AXIS2_PLACEMENT_3D('',#10109,#10110,#10111);
#10113=CYLINDRICAL_SURFACE('',#10112,6.537342623826E-1);
#10114=ORIENTED_EDGE('',*,*,#7594,.T.);
#10115=ORIENTED_EDGE('',*,*,#9773,.T.);
#10116=ORIENTED_EDGE('',*,*,#10094,.T.);
#10117=ORIENTED_EDGE('',*,*,#9867,.F.);
#10118=EDGE_LOOP('',(#10114,#10115,#10116,#10117));
#10119=FACE_OUTER_BOUND('',#10118,.F.);
#10121=FILL_AREA_STYLE_COLOUR('',#16);
#10122=FILL_AREA_STYLE('',(#10121));
#10123=SURFACE_STYLE_FILL_AREA(#10122);
#10124=SURFACE_SIDE_STYLE('',(#10123));
#10125=SURFACE_STYLE_USAGE(.POSITIVE.,#10124);
#10126=PRESENTATION_STYLE_ASSIGNMENT((#10125));
#10127=STYLED_ITEM('',(#10126),#10120);
#10128=CARTESIAN_POINT('',(3.25E0,2.123155889677E0,3.65E0));
#10129=DIRECTION('',(0.E0,0.E0,1.E0));
#10130=DIRECTION('',(-1.E0,0.E0,0.E0));
#10131=AXIS2_PLACEMENT_3D('',#10128,#10129,#10130);
#10132=PLANE('',#10131);
#10134=ORIENTED_EDGE('',*,*,#10133,.T.);
#10136=ORIENTED_EDGE('',*,*,#10135,.T.);
#10137=ORIENTED_EDGE('',*,*,#8838,.T.);
#10139=ORIENTED_EDGE('',*,*,#10138,.F.);
#10140=EDGE_LOOP('',(#10134,#10136,#10137,#10139));
#10141=FACE_OUTER_BOUND('',#10140,.F.);
#10143=FILL_AREA_STYLE_COLOUR('',#16);
#10144=FILL_AREA_STYLE('',(#10143));
#10145=SURFACE_STYLE_FILL_AREA(#10144);
#10146=SURFACE_SIDE_STYLE('',(#10145));
#10147=SURFACE_STYLE_USAGE(.POSITIVE.,#10146);
#10148=PRESENTATION_STYLE_ASSIGNMENT((#10147));
#10149=STYLED_ITEM('',(#10148),#10142);
#10150=CARTESIAN_POINT('',(3.E0,1.973155889677E0,3.6E0));
#10151=DIRECTION('',(0.E0,3.162277660168E-1,9.486832980505E-1));
#10152=DIRECTION('',(0.E0,-9.486832980505E-1,3.162277660168E-1));
#10153=AXIS2_PLACEMENT_3D('',#10150,#10151,#10152);
#10154=PLANE('',#10153);
#10155=ORIENTED_EDGE('',*,*,#10133,.F.);
#10157=ORIENTED_EDGE('',*,*,#10156,.T.);
#10159=ORIENTED_EDGE('',*,*,#10158,.T.);
#10161=ORIENTED_EDGE('',*,*,#10160,.F.);
#10162=EDGE_LOOP('',(#10155,#10157,#10159,#10161));
#10163=FACE_OUTER_BOUND('',#10162,.F.);
#10165=FILL_AREA_STYLE_COLOUR('',#16);
#10166=FILL_AREA_STYLE('',(#10165));
#10167=SURFACE_STYLE_FILL_AREA(#10166);
#10168=SURFACE_SIDE_STYLE('',(#10167));
#10169=SURFACE_STYLE_USAGE(.POSITIVE.,#10168);
#10170=PRESENTATION_STYLE_ASSIGNMENT((#10169));
#10171=STYLED_ITEM('',(#10170),#10164);
#10172=CARTESIAN_POINT('',(2.8E0,1.973155889677E0,3.4E0));
#10173=DIRECTION('',(-9.486832980505E-1,3.162277660168E-1,0.E0));
#10174=DIRECTION('',(-3.162277660168E-1,-9.486832980505E-1,0.E0));
#10175=AXIS2_PLACEMENT_3D('',#10172,#10173,#10174);
#10176=PLANE('',#10175);
#10178=ORIENTED_EDGE('',*,*,#10177,.T.);
#10179=ORIENTED_EDGE('',*,*,#10156,.F.);
#10181=ORIENTED_EDGE('',*,*,#10180,.F.);
#10183=ORIENTED_EDGE('',*,*,#10182,.T.);
#10184=EDGE_LOOP('',(#10178,#10179,#10181,#10183));
#10185=FACE_OUTER_BOUND('',#10184,.F.);
#10187=FILL_AREA_STYLE_COLOUR('',#16);
#10188=FILL_AREA_STYLE('',(#10187));
#10189=SURFACE_STYLE_FILL_AREA(#10188);
#10190=SURFACE_SIDE_STYLE('',(#10189));
#10191=SURFACE_STYLE_USAGE(.POSITIVE.,#10190);
#10192=PRESENTATION_STYLE_ASSIGNMENT((#10191));
#10193=STYLED_ITEM('',(#10192),#10186);
#10194=CARTESIAN_POINT('',(3.E0,2.123155889677E0,3.4E0));
#10195=DIRECTION('',(0.E0,-1.E0,0.E0));
#10196=DIRECTION('',(0.E0,0.E0,-1.E0));
#10197=AXIS2_PLACEMENT_3D('',#10194,#10195,#10196);
#10198=PLANE('',#10197);
#10200=ORIENTED_EDGE('',*,*,#10199,.F.);
#10201=ORIENTED_EDGE('',*,*,#10158,.F.);
#10202=ORIENTED_EDGE('',*,*,#10177,.F.);
#10204=ORIENTED_EDGE('',*,*,#10203,.F.);
#10205=EDGE_LOOP('',(#10200,#10201,#10202,#10204));
#10206=FACE_OUTER_BOUND('',#10205,.F.);
#10208=FILL_AREA_STYLE_COLOUR('',#16);
#10209=FILL_AREA_STYLE('',(#10208));
#10210=SURFACE_STYLE_FILL_AREA(#10209);
#10211=SURFACE_SIDE_STYLE('',(#10210));
#10212=SURFACE_STYLE_USAGE(.POSITIVE.,#10211);
#10213=PRESENTATION_STYLE_ASSIGNMENT((#10212));
#10214=STYLED_ITEM('',(#10213),#10207);
#10215=CARTESIAN_POINT('',(3.2E0,1.973155889677E0,3.4E0));
#10216=DIRECTION('',(9.486832980505E-1,3.162277660168E-1,0.E0));
#10217=DIRECTION('',(3.162277660168E-1,-9.486832980505E-1,0.E0));
#10218=AXIS2_PLACEMENT_3D('',#10215,#10216,#10217);
#10219=PLANE('',#10218);
#10221=ORIENTED_EDGE('',*,*,#10220,.F.);
#10222=ORIENTED_EDGE('',*,*,#10160,.T.);
#10223=ORIENTED_EDGE('',*,*,#10199,.T.);
#10225=ORIENTED_EDGE('',*,*,#10224,.F.);
#10226=EDGE_LOOP('',(#10221,#10222,#10223,#10225));
#10227=FACE_OUTER_BOUND('',#10226,.F.);
#10229=FILL_AREA_STYLE_COLOUR('',#16);
#10230=FILL_AREA_STYLE('',(#10229));
#10231=SURFACE_STYLE_FILL_AREA(#10230);
#10232=SURFACE_SIDE_STYLE('',(#10231));
#10233=SURFACE_STYLE_USAGE(.POSITIVE.,#10232);
#10234=PRESENTATION_STYLE_ASSIGNMENT((#10233));
#10235=STYLED_ITEM('',(#10234),#10228);
#10236=CARTESIAN_POINT('',(3.25E0,2.123155889677E0,3.15E0));
#10237=DIRECTION('',(1.E0,0.E0,0.E0));
#10238=DIRECTION('',(0.E0,0.E0,1.E0));
#10239=AXIS2_PLACEMENT_3D('',#10236,#10237,#10238);
#10240=PLANE('',#10239);
#10241=ORIENTED_EDGE('',*,*,#10220,.T.);
#10243=ORIENTED_EDGE('',*,*,#10242,.T.);
#10244=ORIENTED_EDGE('',*,*,#8840,.T.);
#10245=ORIENTED_EDGE('',*,*,#10135,.F.);
#10246=EDGE_LOOP('',(#10241,#10243,#10244,#10245));
#10247=FACE_OUTER_BOUND('',#10246,.F.);
#10249=FILL_AREA_STYLE_COLOUR('',#16);
#10250=FILL_AREA_STYLE('',(#10249));
#10251=SURFACE_STYLE_FILL_AREA(#10250);
#10252=SURFACE_SIDE_STYLE('',(#10251));
#10253=SURFACE_STYLE_USAGE(.POSITIVE.,#10252);
#10254=PRESENTATION_STYLE_ASSIGNMENT((#10253));
#10255=STYLED_ITEM('',(#10254),#10248);
#10256=CARTESIAN_POINT('',(3.25E0,2.123155889677E0,3.15E0));
#10257=DIRECTION('',(1.E0,0.E0,0.E0));
#10258=DIRECTION('',(0.E0,0.E0,1.E0));
#10259=AXIS2_PLACEMENT_3D('',#10256,#10257,#10258);
#10260=PLANE('',#10259);
#10262=ORIENTED_EDGE('',*,*,#10261,.T.);
#10264=ORIENTED_EDGE('',*,*,#10263,.F.);
#10266=ORIENTED_EDGE('',*,*,#10265,.F.);
#10268=ORIENTED_EDGE('',*,*,#10267,.F.);
#10270=ORIENTED_EDGE('',*,*,#10269,.F.);
#10271=ORIENTED_EDGE('',*,*,#7600,.F.);
#10272=ORIENTED_EDGE('',*,*,#8520,.F.);
#10274=ORIENTED_EDGE('',*,*,#10273,.T.);
#10276=ORIENTED_EDGE('',*,*,#10275,.T.);
#10278=ORIENTED_EDGE('',*,*,#10277,.T.);
#10279=EDGE_LOOP('',(#10262,#10264,#10266,#10268,#10270,#10271,#10272,#10274,
#10276,#10278));
#10280=FACE_OUTER_BOUND('',#10279,.F.);
#10282=FILL_AREA_STYLE_COLOUR('',#16);
#10283=FILL_AREA_STYLE('',(#10282));
#10284=SURFACE_STYLE_FILL_AREA(#10283);
#10285=SURFACE_SIDE_STYLE('',(#10284));
#10286=SURFACE_STYLE_USAGE(.POSITIVE.,#10285);
#10287=PRESENTATION_STYLE_ASSIGNMENT((#10286));
#10288=STYLED_ITEM('',(#10287),#10281);
#10289=CARTESIAN_POINT('',(2.75E0,2.123155889677E0,3.15E0));
#10290=DIRECTION('',(0.E0,0.E0,-1.E0));
#10291=DIRECTION('',(1.E0,0.E0,0.E0));
#10292=AXIS2_PLACEMENT_3D('',#10289,#10290,#10291);
#10293=PLANE('',#10292);
#10295=ORIENTED_EDGE('',*,*,#10294,.T.);
#10297=ORIENTED_EDGE('',*,*,#10296,.T.);
#10298=ORIENTED_EDGE('',*,*,#8842,.T.);
#10299=ORIENTED_EDGE('',*,*,#10242,.F.);
#10300=EDGE_LOOP('',(#10295,#10297,#10298,#10299));
#10301=FACE_OUTER_BOUND('',#10300,.F.);
#10303=FILL_AREA_STYLE_COLOUR('',#16);
#10304=FILL_AREA_STYLE('',(#10303));
#10305=SURFACE_STYLE_FILL_AREA(#10304);
#10306=SURFACE_SIDE_STYLE('',(#10305));
#10307=SURFACE_STYLE_USAGE(.POSITIVE.,#10306);
#10308=PRESENTATION_STYLE_ASSIGNMENT((#10307));
#10309=STYLED_ITEM('',(#10308),#10302);
#10310=CARTESIAN_POINT('',(3.E0,1.973155889677E0,3.2E0));
#10311=DIRECTION('',(0.E0,3.162277660168E-1,-9.486832980505E-1));
#10312=DIRECTION('',(0.E0,-9.486832980505E-1,-3.162277660168E-1));
#10313=AXIS2_PLACEMENT_3D('',#10310,#10311,#10312);
#10314=PLANE('',#10313);
#10315=ORIENTED_EDGE('',*,*,#10203,.T.);
#10316=ORIENTED_EDGE('',*,*,#10182,.F.);
#10317=ORIENTED_EDGE('',*,*,#10294,.F.);
#10318=ORIENTED_EDGE('',*,*,#10224,.T.);
#10319=EDGE_LOOP('',(#10315,#10316,#10317,#10318));
#10320=FACE_OUTER_BOUND('',#10319,.F.);
#10322=FILL_AREA_STYLE_COLOUR('',#16);
#10323=FILL_AREA_STYLE('',(#10322));
#10324=SURFACE_STYLE_FILL_AREA(#10323);
#10325=SURFACE_SIDE_STYLE('',(#10324));
#10326=SURFACE_STYLE_USAGE(.POSITIVE.,#10325);
#10327=PRESENTATION_STYLE_ASSIGNMENT((#10326));
#10328=STYLED_ITEM('',(#10327),#10321);
#10329=CARTESIAN_POINT('',(2.75E0,2.123155889677E0,3.65E0));
#10330=DIRECTION('',(-1.E0,0.E0,0.E0));
#10331=DIRECTION('',(0.E0,0.E0,-1.E0));
#10332=AXIS2_PLACEMENT_3D('',#10329,#10330,#10331);
#10333=PLANE('',#10332);
#10334=ORIENTED_EDGE('',*,*,#10180,.T.);
#10335=ORIENTED_EDGE('',*,*,#10138,.T.);
#10336=ORIENTED_EDGE('',*,*,#8844,.F.);
#10337=ORIENTED_EDGE('',*,*,#10296,.F.);
#10338=EDGE_LOOP('',(#10334,#10335,#10336,#10337));
#10339=FACE_OUTER_BOUND('',#10338,.F.);
#10341=FILL_AREA_STYLE_COLOUR('',#16);
#10342=FILL_AREA_STYLE('',(#10341));
#10343=SURFACE_STYLE_FILL_AREA(#10342);
#10344=SURFACE_SIDE_STYLE('',(#10343));
#10345=SURFACE_STYLE_USAGE(.POSITIVE.,#10344);
#10346=PRESENTATION_STYLE_ASSIGNMENT((#10345));
#10347=STYLED_ITEM('',(#10346),#10340);
#10348=CARTESIAN_POINT('',(2.75E0,2.123155889677E0,3.65E0));
#10349=DIRECTION('',(-1.E0,0.E0,0.E0));
#10350=DIRECTION('',(0.E0,0.E0,-1.E0));
#10351=AXIS2_PLACEMENT_3D('',#10348,#10349,#10350);
#10352=PLANE('',#10351);
#10354=ORIENTED_EDGE('',*,*,#10353,.T.);
#10356=ORIENTED_EDGE('',*,*,#10355,.F.);
#10358=ORIENTED_EDGE('',*,*,#10357,.F.);
#10360=ORIENTED_EDGE('',*,*,#10359,.F.);
#10361=ORIENTED_EDGE('',*,*,#8516,.T.);
#10362=ORIENTED_EDGE('',*,*,#7604,.T.);
#10364=ORIENTED_EDGE('',*,*,#10363,.T.);
#10366=ORIENTED_EDGE('',*,*,#10365,.T.);
#10368=ORIENTED_EDGE('',*,*,#10367,.T.);
#10370=ORIENTED_EDGE('',*,*,#10369,.T.);
#10371=EDGE_LOOP('',(#10354,#10356,#10358,#10360,#10361,#10362,#10364,#10366,
#10368,#10370));
#10372=FACE_OUTER_BOUND('',#10371,.F.);
#10374=FILL_AREA_STYLE_COLOUR('',#16);
#10375=FILL_AREA_STYLE('',(#10374));
#10376=SURFACE_STYLE_FILL_AREA(#10375);
#10377=SURFACE_SIDE_STYLE('',(#10376));
#10378=SURFACE_STYLE_USAGE(.POSITIVE.,#10377);
#10379=PRESENTATION_STYLE_ASSIGNMENT((#10378));
#10380=STYLED_ITEM('',(#10379),#10373);
#10381=CARTESIAN_POINT('',(2.8E0,-5.35E0,1.5E-1));
#10382=DIRECTION('',(-9.486832980505E-1,-3.162277660168E-1,0.E0));
#10383=DIRECTION('',(-3.162277660168E-1,9.486832980505E-1,0.E0));
#10384=AXIS2_PLACEMENT_3D('',#10381,#10382,#10383);
#10385=PLANE('',#10384);
#10386=ORIENTED_EDGE('',*,*,#10353,.F.);
#10388=ORIENTED_EDGE('',*,*,#10387,.T.);
#10390=ORIENTED_EDGE('',*,*,#10389,.T.);
#10392=ORIENTED_EDGE('',*,*,#10391,.T.);
#10393=EDGE_LOOP('',(#10386,#10388,#10390,#10392));
#10394=FACE_OUTER_BOUND('',#10393,.F.);
#10396=FILL_AREA_STYLE_COLOUR('',#16);
#10397=FILL_AREA_STYLE('',(#10396));
#10398=SURFACE_STYLE_FILL_AREA(#10397);
#10399=SURFACE_SIDE_STYLE('',(#10398));
#10400=SURFACE_STYLE_USAGE(.POSITIVE.,#10399);
#10401=PRESENTATION_STYLE_ASSIGNMENT((#10400));
#10402=STYLED_ITEM('',(#10401),#10395);
#10403=CARTESIAN_POINT('',(3.E0,-5.35E0,3.5E-1));
#10404=DIRECTION('',(0.E0,-3.162277660168E-1,9.486832980505E-1));
#10405=DIRECTION('',(0.E0,9.486832980505E-1,3.162277660168E-1));
#10406=AXIS2_PLACEMENT_3D('',#10403,#10404,#10405);
#10407=PLANE('',#10406);
#10409=ORIENTED_EDGE('',*,*,#10408,.T.);
#10410=ORIENTED_EDGE('',*,*,#10387,.F.);
#10412=ORIENTED_EDGE('',*,*,#10411,.F.);
#10414=ORIENTED_EDGE('',*,*,#10413,.F.);
#10415=EDGE_LOOP('',(#10409,#10410,#10412,#10414));
#10416=FACE_OUTER_BOUND('',#10415,.F.);
#10418=FILL_AREA_STYLE_COLOUR('',#16);
#10419=FILL_AREA_STYLE('',(#10418));
#10420=SURFACE_STYLE_FILL_AREA(#10419);
#10421=SURFACE_SIDE_STYLE('',(#10420));
#10422=SURFACE_STYLE_USAGE(.POSITIVE.,#10421);
#10423=PRESENTATION_STYLE_ASSIGNMENT((#10422));
#10424=STYLED_ITEM('',(#10423),#10417);
#10425=CARTESIAN_POINT('',(3.E0,-5.5E0,1.5E-1));
#10426=DIRECTION('',(0.E0,-1.E0,0.E0));
#10427=DIRECTION('',(0.E0,0.E0,-1.E0));
#10428=AXIS2_PLACEMENT_3D('',#10425,#10426,#10427);
#10429=PLANE('',#10428);
#10431=ORIENTED_EDGE('',*,*,#10430,.F.);
#10433=ORIENTED_EDGE('',*,*,#10432,.F.);
#10434=ORIENTED_EDGE('',*,*,#10389,.F.);
#10435=ORIENTED_EDGE('',*,*,#10408,.F.);
#10436=EDGE_LOOP('',(#10431,#10433,#10434,#10435));
#10437=FACE_OUTER_BOUND('',#10436,.F.);
#10439=FILL_AREA_STYLE_COLOUR('',#16);
#10440=FILL_AREA_STYLE('',(#10439));
#10441=SURFACE_STYLE_FILL_AREA(#10440);
#10442=SURFACE_SIDE_STYLE('',(#10441));
#10443=SURFACE_STYLE_USAGE(.POSITIVE.,#10442);
#10444=PRESENTATION_STYLE_ASSIGNMENT((#10443));
#10445=STYLED_ITEM('',(#10444),#10438);
#10446=CARTESIAN_POINT('',(3.2E0,-5.35E0,1.5E-1));
#10447=DIRECTION('',(9.486832980505E-1,-3.162277660168E-1,0.E0));
#10448=DIRECTION('',(3.162277660168E-1,9.486832980505E-1,0.E0));
#10449=AXIS2_PLACEMENT_3D('',#10446,#10447,#10448);
#10450=PLANE('',#10449);
#10451=ORIENTED_EDGE('',*,*,#10261,.F.);
#10453=ORIENTED_EDGE('',*,*,#10452,.T.);
#10454=ORIENTED_EDGE('',*,*,#10430,.T.);
#10455=ORIENTED_EDGE('',*,*,#10413,.T.);
#10456=EDGE_LOOP('',(#10451,#10453,#10454,#10455));
#10457=FACE_OUTER_BOUND('',#10456,.F.);
#10459=FILL_AREA_STYLE_COLOUR('',#16);
#10460=FILL_AREA_STYLE('',(#10459));
#10461=SURFACE_STYLE_FILL_AREA(#10460);
#10462=SURFACE_SIDE_STYLE('',(#10461));
#10463=SURFACE_STYLE_USAGE(.POSITIVE.,#10462);
#10464=PRESENTATION_STYLE_ASSIGNMENT((#10463));
#10465=STYLED_ITEM('',(#10464),#10458);
#10466=CARTESIAN_POINT('',(3.E0,-5.35E0,-5.E-2));
#10467=DIRECTION('',(0.E0,-3.162277660168E-1,-9.486832980505E-1));
#10468=DIRECTION('',(0.E0,9.486832980505E-1,-3.162277660168E-1));
#10469=AXIS2_PLACEMENT_3D('',#10466,#10467,#10468);
#10470=PLANE('',#10469);
#10472=ORIENTED_EDGE('',*,*,#10471,.F.);
#10473=ORIENTED_EDGE('',*,*,#10391,.F.);
#10474=ORIENTED_EDGE('',*,*,#10432,.T.);
#10475=ORIENTED_EDGE('',*,*,#10452,.F.);
#10476=EDGE_LOOP('',(#10472,#10473,#10474,#10475));
#10477=FACE_OUTER_BOUND('',#10476,.F.);
#10479=FILL_AREA_STYLE_COLOUR('',#16);
#10480=FILL_AREA_STYLE('',(#10479));
#10481=SURFACE_STYLE_FILL_AREA(#10480);
#10482=SURFACE_SIDE_STYLE('',(#10481));
#10483=SURFACE_STYLE_USAGE(.POSITIVE.,#10482);
#10484=PRESENTATION_STYLE_ASSIGNMENT((#10483));
#10485=STYLED_ITEM('',(#10484),#10478);
#10486=CARTESIAN_POINT('',(2.75E0,-3.474519833153E0,-1.E-1));
#10487=DIRECTION('',(0.E0,0.E0,-1.E0));
#10488=DIRECTION('',(1.E0,0.E0,0.E0));
#10489=AXIS2_PLACEMENT_3D('',#10486,#10487,#10488);
#10490=PLANE('',#10489);
#10491=ORIENTED_EDGE('',*,*,#10471,.T.);
#10492=ORIENTED_EDGE('',*,*,#10277,.F.);
#10494=ORIENTED_EDGE('',*,*,#10493,.F.);
#10495=ORIENTED_EDGE('',*,*,#10355,.T.);
#10496=EDGE_LOOP('',(#10491,#10492,#10494,#10495));
#10497=FACE_OUTER_BOUND('',#10496,.F.);
#10499=FILL_AREA_STYLE_COLOUR('',#16);
#10500=FILL_AREA_STYLE('',(#10499));
#10501=SURFACE_STYLE_FILL_AREA(#10500);
#10502=SURFACE_SIDE_STYLE('',(#10501));
#10503=SURFACE_STYLE_USAGE(.POSITIVE.,#10502);
#10504=PRESENTATION_STYLE_ASSIGNMENT((#10503));
#10505=STYLED_ITEM('',(#10504),#10498);
#10506=CARTESIAN_POINT('',(4.E0,-3.474519833153E0,6.245198331529E-1));
#10507=DIRECTION('',(-1.E0,0.E0,0.E0));
#10508=DIRECTION('',(0.E0,-1.E0,0.E0));
#10509=AXIS2_PLACEMENT_3D('',#10506,#10507,#10508);
#10510=CYLINDRICAL_SURFACE('',#10509,7.245198331529E-1);
#10512=ORIENTED_EDGE('',*,*,#10511,.F.);
#10513=ORIENTED_EDGE('',*,*,#10357,.T.);
#10514=ORIENTED_EDGE('',*,*,#10493,.T.);
#10515=ORIENTED_EDGE('',*,*,#10275,.F.);
#10516=EDGE_LOOP('',(#10512,#10513,#10514,#10515));
#10517=FACE_OUTER_BOUND('',#10516,.F.);
#10519=FILL_AREA_STYLE_COLOUR('',#16);
#10520=FILL_AREA_STYLE('',(#10519));
#10521=SURFACE_STYLE_FILL_AREA(#10520);
#10522=SURFACE_SIDE_STYLE('',(#10521));
#10523=SURFACE_STYLE_USAGE(.POSITIVE.,#10522);
#10524=PRESENTATION_STYLE_ASSIGNMENT((#10523));
#10525=STYLED_ITEM('',(#10524),#10518);
#10526=CARTESIAN_POINT('',(2.75E0,-2.75E0,2.996265737617E0));
#10527=DIRECTION('',(0.E0,1.E0,0.E0));
#10528=DIRECTION('',(1.E0,0.E0,0.E0));
#10529=AXIS2_PLACEMENT_3D('',#10526,#10527,#10528);
#10530=PLANE('',#10529);
#10531=ORIENTED_EDGE('',*,*,#10359,.T.);
#10532=ORIENTED_EDGE('',*,*,#10511,.T.);
#10533=ORIENTED_EDGE('',*,*,#10273,.F.);
#10534=ORIENTED_EDGE('',*,*,#8518,.F.);
#10535=EDGE_LOOP('',(#10531,#10532,#10533,#10534));
#10536=FACE_OUTER_BOUND('',#10535,.F.);
#10538=FILL_AREA_STYLE_COLOUR('',#16);
#10539=FILL_AREA_STYLE('',(#10538));
#10540=SURFACE_STYLE_FILL_AREA(#10539);
#10541=SURFACE_SIDE_STYLE('',(#10540));
#10542=SURFACE_STYLE_USAGE(.POSITIVE.,#10541);
#10543=PRESENTATION_STYLE_ASSIGNMENT((#10542));
#10544=STYLED_ITEM('',(#10543),#10537);
#10545=CARTESIAN_POINT('',(3.25E0,-3.474519833153E0,4.E-1));
#10546=DIRECTION('',(0.E0,0.E0,1.E0));
#10547=DIRECTION('',(-1.E0,0.E0,0.E0));
#10548=AXIS2_PLACEMENT_3D('',#10545,#10546,#10547);
#10549=PLANE('',#10548);
#10550=ORIENTED_EDGE('',*,*,#10411,.T.);
#10551=ORIENTED_EDGE('',*,*,#10369,.F.);
#10553=ORIENTED_EDGE('',*,*,#10552,.F.);
#10554=ORIENTED_EDGE('',*,*,#10263,.T.);
#10555=EDGE_LOOP('',(#10550,#10551,#10553,#10554));
#10556=FACE_OUTER_BOUND('',#10555,.F.);
#10558=FILL_AREA_STYLE_COLOUR('',#16);
#10559=FILL_AREA_STYLE('',(#10558));
#10560=SURFACE_STYLE_FILL_AREA(#10559);
#10561=SURFACE_SIDE_STYLE('',(#10560));
#10562=SURFACE_STYLE_USAGE(.POSITIVE.,#10561);
#10563=PRESENTATION_STYLE_ASSIGNMENT((#10562));
#10564=STYLED_ITEM('',(#10563),#10557);
#10565=CARTESIAN_POINT('',(4.E0,-3.474519833153E0,6.245198331529E-1));
#10566=DIRECTION('',(-1.E0,0.E0,0.E0));
#10567=DIRECTION('',(0.E0,-1.E0,0.E0));
#10568=AXIS2_PLACEMENT_3D('',#10565,#10566,#10567);
#10569=CYLINDRICAL_SURFACE('',#10568,2.245198331529E-1);
#10571=ORIENTED_EDGE('',*,*,#10570,.F.);
#10572=ORIENTED_EDGE('',*,*,#10265,.T.);
#10573=ORIENTED_EDGE('',*,*,#10552,.T.);
#10574=ORIENTED_EDGE('',*,*,#10367,.F.);
#10575=EDGE_LOOP('',(#10571,#10572,#10573,#10574));
#10576=FACE_OUTER_BOUND('',#10575,.F.);
#10578=FILL_AREA_STYLE_COLOUR('',#16);
#10579=FILL_AREA_STYLE('',(#10578));
#10580=SURFACE_STYLE_FILL_AREA(#10579);
#10581=SURFACE_SIDE_STYLE('',(#10580));
#10582=SURFACE_STYLE_USAGE(.POSITIVE.,#10581);
#10583=PRESENTATION_STYLE_ASSIGNMENT((#10582));
#10584=STYLED_ITEM('',(#10583),#10577);
#10585=CARTESIAN_POINT('',(3.25E0,-3.25E0,2.996265737617E0));
#10586=DIRECTION('',(0.E0,-1.E0,0.E0));
#10587=DIRECTION('',(-1.E0,0.E0,0.E0));
#10588=AXIS2_PLACEMENT_3D('',#10585,#10586,#10587);
#10589=PLANE('',#10588);
#10591=ORIENTED_EDGE('',*,*,#10590,.F.);
#10592=ORIENTED_EDGE('',*,*,#10267,.T.);
#10593=ORIENTED_EDGE('',*,*,#10570,.T.);
#10594=ORIENTED_EDGE('',*,*,#10365,.F.);
#10595=EDGE_LOOP('',(#10591,#10592,#10593,#10594));
#10596=FACE_OUTER_BOUND('',#10595,.F.);
#10598=FILL_AREA_STYLE_COLOUR('',#16);
#10599=FILL_AREA_STYLE('',(#10598));
#10600=SURFACE_STYLE_FILL_AREA(#10599);
#10601=SURFACE_SIDE_STYLE('',(#10600));
#10602=SURFACE_STYLE_USAGE(.POSITIVE.,#10601);
#10603=PRESENTATION_STYLE_ASSIGNMENT((#10602));
#10604=STYLED_ITEM('',(#10603),#10597);
#10605=CARTESIAN_POINT('',(2.E0,-2.596265737617E0,2.996265737617E0));
#10606=DIRECTION('',(1.E0,0.E0,0.E0));
#10607=DIRECTION('',(0.E0,0.E0,-1.E0));
#10608=AXIS2_PLACEMENT_3D('',#10605,#10606,#10607);
#10609=CYLINDRICAL_SURFACE('',#10608,6.537342623826E-1);
#10610=ORIENTED_EDGE('',*,*,#10269,.T.);
#10611=ORIENTED_EDGE('',*,*,#10590,.T.);
#10612=ORIENTED_EDGE('',*,*,#10363,.F.);
#10613=ORIENTED_EDGE('',*,*,#7602,.T.);
#10614=EDGE_LOOP('',(#10610,#10611,#10612,#10613));
#10615=FACE_OUTER_BOUND('',#10614,.F.);
#10617=FILL_AREA_STYLE_COLOUR('',#16);
#10618=FILL_AREA_STYLE('',(#10617));
#10619=SURFACE_STYLE_FILL_AREA(#10618);
#10620=SURFACE_SIDE_STYLE('',(#10619));
#10621=SURFACE_STYLE_USAGE(.POSITIVE.,#10620);
#10622=PRESENTATION_STYLE_ASSIGNMENT((#10621));
#10623=STYLED_ITEM('',(#10622),#10616);
#10624=CARTESIAN_POINT('',(1.25E0,2.123155889677E0,3.65E0));
#10625=DIRECTION('',(0.E0,0.E0,1.E0));
#10626=DIRECTION('',(-1.E0,0.E0,0.E0));
#10627=AXIS2_PLACEMENT_3D('',#10624,#10625,#10626);
#10628=PLANE('',#10627);
#10630=ORIENTED_EDGE('',*,*,#10629,.T.);
#10632=ORIENTED_EDGE('',*,*,#10631,.T.);
#10633=ORIENTED_EDGE('',*,*,#8848,.T.);
#10635=ORIENTED_EDGE('',*,*,#10634,.F.);
#10636=EDGE_LOOP('',(#10630,#10632,#10633,#10635));
#10637=FACE_OUTER_BOUND('',#10636,.F.);
#10639=FILL_AREA_STYLE_COLOUR('',#16);
#10640=FILL_AREA_STYLE('',(#10639));
#10641=SURFACE_STYLE_FILL_AREA(#10640);
#10642=SURFACE_SIDE_STYLE('',(#10641));
#10643=SURFACE_STYLE_USAGE(.POSITIVE.,#10642);
#10644=PRESENTATION_STYLE_ASSIGNMENT((#10643));
#10645=STYLED_ITEM('',(#10644),#10638);
#10646=CARTESIAN_POINT('',(1.E0,1.973155889677E0,3.6E0));
#10647=DIRECTION('',(0.E0,3.162277660168E-1,9.486832980505E-1));
#10648=DIRECTION('',(0.E0,-9.486832980505E-1,3.162277660168E-1));
#10649=AXIS2_PLACEMENT_3D('',#10646,#10647,#10648);
#10650=PLANE('',#10649);
#10651=ORIENTED_EDGE('',*,*,#10629,.F.);
#10653=ORIENTED_EDGE('',*,*,#10652,.T.);
#10655=ORIENTED_EDGE('',*,*,#10654,.T.);
#10657=ORIENTED_EDGE('',*,*,#10656,.F.);
#10658=EDGE_LOOP('',(#10651,#10653,#10655,#10657));
#10659=FACE_OUTER_BOUND('',#10658,.F.);
#10661=FILL_AREA_STYLE_COLOUR('',#16);
#10662=FILL_AREA_STYLE('',(#10661));
#10663=SURFACE_STYLE_FILL_AREA(#10662);
#10664=SURFACE_SIDE_STYLE('',(#10663));
#10665=SURFACE_STYLE_USAGE(.POSITIVE.,#10664);
#10666=PRESENTATION_STYLE_ASSIGNMENT((#10665));
#10667=STYLED_ITEM('',(#10666),#10660);
#10668=CARTESIAN_POINT('',(8.E-1,1.973155889677E0,3.4E0));
#10669=DIRECTION('',(-9.486832980505E-1,3.162277660168E-1,0.E0));
#10670=DIRECTION('',(-3.162277660168E-1,-9.486832980505E-1,0.E0));
#10671=AXIS2_PLACEMENT_3D('',#10668,#10669,#10670);
#10672=PLANE('',#10671);
#10674=ORIENTED_EDGE('',*,*,#10673,.T.);
#10675=ORIENTED_EDGE('',*,*,#10652,.F.);
#10677=ORIENTED_EDGE('',*,*,#10676,.F.);
#10679=ORIENTED_EDGE('',*,*,#10678,.T.);
#10680=EDGE_LOOP('',(#10674,#10675,#10677,#10679));
#10681=FACE_OUTER_BOUND('',#10680,.F.);
#10683=FILL_AREA_STYLE_COLOUR('',#16);
#10684=FILL_AREA_STYLE('',(#10683));
#10685=SURFACE_STYLE_FILL_AREA(#10684);
#10686=SURFACE_SIDE_STYLE('',(#10685));
#10687=SURFACE_STYLE_USAGE(.POSITIVE.,#10686);
#10688=PRESENTATION_STYLE_ASSIGNMENT((#10687));
#10689=STYLED_ITEM('',(#10688),#10682);
#10690=CARTESIAN_POINT('',(1.E0,2.123155889677E0,3.4E0));
#10691=DIRECTION('',(0.E0,-1.E0,0.E0));
#10692=DIRECTION('',(0.E0,0.E0,-1.E0));
#10693=AXIS2_PLACEMENT_3D('',#10690,#10691,#10692);
#10694=PLANE('',#10693);
#10696=ORIENTED_EDGE('',*,*,#10695,.F.);
#10697=ORIENTED_EDGE('',*,*,#10654,.F.);
#10698=ORIENTED_EDGE('',*,*,#10673,.F.);
#10700=ORIENTED_EDGE('',*,*,#10699,.F.);
#10701=EDGE_LOOP('',(#10696,#10697,#10698,#10700));
#10702=FACE_OUTER_BOUND('',#10701,.F.);
#10704=FILL_AREA_STYLE_COLOUR('',#16);
#10705=FILL_AREA_STYLE('',(#10704));
#10706=SURFACE_STYLE_FILL_AREA(#10705);
#10707=SURFACE_SIDE_STYLE('',(#10706));
#10708=SURFACE_STYLE_USAGE(.POSITIVE.,#10707);
#10709=PRESENTATION_STYLE_ASSIGNMENT((#10708));
#10710=STYLED_ITEM('',(#10709),#10703);
#10711=CARTESIAN_POINT('',(1.2E0,1.973155889677E0,3.4E0));
#10712=DIRECTION('',(9.486832980505E-1,3.162277660168E-1,0.E0));
#10713=DIRECTION('',(3.162277660168E-1,-9.486832980505E-1,0.E0));
#10714=AXIS2_PLACEMENT_3D('',#10711,#10712,#10713);
#10715=PLANE('',#10714);
#10717=ORIENTED_EDGE('',*,*,#10716,.F.);
#10718=ORIENTED_EDGE('',*,*,#10656,.T.);
#10719=ORIENTED_EDGE('',*,*,#10695,.T.);
#10721=ORIENTED_EDGE('',*,*,#10720,.F.);
#10722=EDGE_LOOP('',(#10717,#10718,#10719,#10721));
#10723=FACE_OUTER_BOUND('',#10722,.F.);
#10725=FILL_AREA_STYLE_COLOUR('',#16);
#10726=FILL_AREA_STYLE('',(#10725));
#10727=SURFACE_STYLE_FILL_AREA(#10726);
#10728=SURFACE_SIDE_STYLE('',(#10727));
#10729=SURFACE_STYLE_USAGE(.POSITIVE.,#10728);
#10730=PRESENTATION_STYLE_ASSIGNMENT((#10729));
#10731=STYLED_ITEM('',(#10730),#10724);
#10732=CARTESIAN_POINT('',(1.25E0,2.123155889677E0,3.15E0));
#10733=DIRECTION('',(1.E0,0.E0,0.E0));
#10734=DIRECTION('',(0.E0,0.E0,1.E0));
#10735=AXIS2_PLACEMENT_3D('',#10732,#10733,#10734);
#10736=PLANE('',#10735);
#10737=ORIENTED_EDGE('',*,*,#10716,.T.);
#10739=ORIENTED_EDGE('',*,*,#10738,.T.);
#10740=ORIENTED_EDGE('',*,*,#8850,.T.);
#10741=ORIENTED_EDGE('',*,*,#10631,.F.);
#10742=EDGE_LOOP('',(#10737,#10739,#10740,#10741));
#10743=FACE_OUTER_BOUND('',#10742,.F.);
#10745=FILL_AREA_STYLE_COLOUR('',#16);
#10746=FILL_AREA_STYLE('',(#10745));
#10747=SURFACE_STYLE_FILL_AREA(#10746);
#10748=SURFACE_SIDE_STYLE('',(#10747));
#10749=SURFACE_STYLE_USAGE(.POSITIVE.,#10748);
#10750=PRESENTATION_STYLE_ASSIGNMENT((#10749));
#10751=STYLED_ITEM('',(#10750),#10744);
#10752=CARTESIAN_POINT('',(1.25E0,2.123155889677E0,3.15E0));
#10753=DIRECTION('',(1.E0,0.E0,0.E0));
#10754=DIRECTION('',(0.E0,0.E0,1.E0));
#10755=AXIS2_PLACEMENT_3D('',#10752,#10753,#10754);
#10756=PLANE('',#10755);
#10758=ORIENTED_EDGE('',*,*,#10757,.T.);
#10760=ORIENTED_EDGE('',*,*,#10759,.F.);
#10762=ORIENTED_EDGE('',*,*,#10761,.F.);
#10764=ORIENTED_EDGE('',*,*,#10763,.F.);
#10766=ORIENTED_EDGE('',*,*,#10765,.F.);
#10767=ORIENTED_EDGE('',*,*,#7608,.F.);
#10768=ORIENTED_EDGE('',*,*,#8513,.F.);
#10770=ORIENTED_EDGE('',*,*,#10769,.T.);
#10772=ORIENTED_EDGE('',*,*,#10771,.T.);
#10774=ORIENTED_EDGE('',*,*,#10773,.T.);
#10775=EDGE_LOOP('',(#10758,#10760,#10762,#10764,#10766,#10767,#10768,#10770,
#10772,#10774));
#10776=FACE_OUTER_BOUND('',#10775,.F.);
#10778=FILL_AREA_STYLE_COLOUR('',#16);
#10779=FILL_AREA_STYLE('',(#10778));
#10780=SURFACE_STYLE_FILL_AREA(#10779);
#10781=SURFACE_SIDE_STYLE('',(#10780));
#10782=SURFACE_STYLE_USAGE(.POSITIVE.,#10781);
#10783=PRESENTATION_STYLE_ASSIGNMENT((#10782));
#10784=STYLED_ITEM('',(#10783),#10777);
#10785=CARTESIAN_POINT('',(7.5E-1,2.123155889677E0,3.15E0));
#10786=DIRECTION('',(0.E0,0.E0,-1.E0));
#10787=DIRECTION('',(1.E0,0.E0,0.E0));
#10788=AXIS2_PLACEMENT_3D('',#10785,#10786,#10787);
#10789=PLANE('',#10788);
#10791=ORIENTED_EDGE('',*,*,#10790,.T.);
#10793=ORIENTED_EDGE('',*,*,#10792,.T.);
#10794=ORIENTED_EDGE('',*,*,#8852,.T.);
#10795=ORIENTED_EDGE('',*,*,#10738,.F.);
#10796=EDGE_LOOP('',(#10791,#10793,#10794,#10795));
#10797=FACE_OUTER_BOUND('',#10796,.F.);
#10799=FILL_AREA_STYLE_COLOUR('',#16);
#10800=FILL_AREA_STYLE('',(#10799));
#10801=SURFACE_STYLE_FILL_AREA(#10800);
#10802=SURFACE_SIDE_STYLE('',(#10801));
#10803=SURFACE_STYLE_USAGE(.POSITIVE.,#10802);
#10804=PRESENTATION_STYLE_ASSIGNMENT((#10803));
#10805=STYLED_ITEM('',(#10804),#10798);
#10806=CARTESIAN_POINT('',(1.E0,1.973155889677E0,3.2E0));
#10807=DIRECTION('',(0.E0,3.162277660168E-1,-9.486832980505E-1));
#10808=DIRECTION('',(0.E0,-9.486832980505E-1,-3.162277660168E-1));
#10809=AXIS2_PLACEMENT_3D('',#10806,#10807,#10808);
#10810=PLANE('',#10809);
#10811=ORIENTED_EDGE('',*,*,#10699,.T.);
#10812=ORIENTED_EDGE('',*,*,#10678,.F.);
#10813=ORIENTED_EDGE('',*,*,#10790,.F.);
#10814=ORIENTED_EDGE('',*,*,#10720,.T.);
#10815=EDGE_LOOP('',(#10811,#10812,#10813,#10814));
#10816=FACE_OUTER_BOUND('',#10815,.F.);
#10818=FILL_AREA_STYLE_COLOUR('',#16);
#10819=FILL_AREA_STYLE('',(#10818));
#10820=SURFACE_STYLE_FILL_AREA(#10819);
#10821=SURFACE_SIDE_STYLE('',(#10820));
#10822=SURFACE_STYLE_USAGE(.POSITIVE.,#10821);
#10823=PRESENTATION_STYLE_ASSIGNMENT((#10822));
#10824=STYLED_ITEM('',(#10823),#10817);
#10825=CARTESIAN_POINT('',(7.5E-1,2.123155889677E0,3.65E0));
#10826=DIRECTION('',(-1.E0,0.E0,0.E0));
#10827=DIRECTION('',(0.E0,0.E0,-1.E0));
#10828=AXIS2_PLACEMENT_3D('',#10825,#10826,#10827);
#10829=PLANE('',#10828);
#10830=ORIENTED_EDGE('',*,*,#10676,.T.);
#10831=ORIENTED_EDGE('',*,*,#10634,.T.);
#10832=ORIENTED_EDGE('',*,*,#8854,.F.);
#10833=ORIENTED_EDGE('',*,*,#10792,.F.);
#10834=EDGE_LOOP('',(#10830,#10831,#10832,#10833));
#10835=FACE_OUTER_BOUND('',#10834,.F.);
#10837=FILL_AREA_STYLE_COLOUR('',#16);
#10838=FILL_AREA_STYLE('',(#10837));
#10839=SURFACE_STYLE_FILL_AREA(#10838);
#10840=SURFACE_SIDE_STYLE('',(#10839));
#10841=SURFACE_STYLE_USAGE(.POSITIVE.,#10840);
#10842=PRESENTATION_STYLE_ASSIGNMENT((#10841));
#10843=STYLED_ITEM('',(#10842),#10836);
#10844=CARTESIAN_POINT('',(7.5E-1,2.123155889677E0,3.65E0));
#10845=DIRECTION('',(-1.E0,0.E0,0.E0));
#10846=DIRECTION('',(0.E0,0.E0,-1.E0));
#10847=AXIS2_PLACEMENT_3D('',#10844,#10845,#10846);
#10848=PLANE('',#10847);
#10850=ORIENTED_EDGE('',*,*,#10849,.T.);
#10852=ORIENTED_EDGE('',*,*,#10851,.F.);
#10854=ORIENTED_EDGE('',*,*,#10853,.F.);
#10856=ORIENTED_EDGE('',*,*,#10855,.F.);
#10857=ORIENTED_EDGE('',*,*,#8509,.T.);
#10858=ORIENTED_EDGE('',*,*,#7612,.T.);
#10860=ORIENTED_EDGE('',*,*,#10859,.T.);
#10862=ORIENTED_EDGE('',*,*,#10861,.T.);
#10864=ORIENTED_EDGE('',*,*,#10863,.T.);
#10866=ORIENTED_EDGE('',*,*,#10865,.T.);
#10867=EDGE_LOOP('',(#10850,#10852,#10854,#10856,#10857,#10858,#10860,#10862,
#10864,#10866));
#10868=FACE_OUTER_BOUND('',#10867,.F.);
#10870=FILL_AREA_STYLE_COLOUR('',#16);
#10871=FILL_AREA_STYLE('',(#10870));
#10872=SURFACE_STYLE_FILL_AREA(#10871);
#10873=SURFACE_SIDE_STYLE('',(#10872));
#10874=SURFACE_STYLE_USAGE(.POSITIVE.,#10873);
#10875=PRESENTATION_STYLE_ASSIGNMENT((#10874));
#10876=STYLED_ITEM('',(#10875),#10869);
#10877=CARTESIAN_POINT('',(8.E-1,-5.35E0,1.5E-1));
#10878=DIRECTION('',(-9.486832980505E-1,-3.162277660168E-1,0.E0));
#10879=DIRECTION('',(-3.162277660168E-1,9.486832980505E-1,0.E0));
#10880=AXIS2_PLACEMENT_3D('',#10877,#10878,#10879);
#10881=PLANE('',#10880);
#10882=ORIENTED_EDGE('',*,*,#10849,.F.);
#10884=ORIENTED_EDGE('',*,*,#10883,.T.);
#10886=ORIENTED_EDGE('',*,*,#10885,.T.);
#10888=ORIENTED_EDGE('',*,*,#10887,.T.);
#10889=EDGE_LOOP('',(#10882,#10884,#10886,#10888));
#10890=FACE_OUTER_BOUND('',#10889,.F.);
#10892=FILL_AREA_STYLE_COLOUR('',#16);
#10893=FILL_AREA_STYLE('',(#10892));
#10894=SURFACE_STYLE_FILL_AREA(#10893);
#10895=SURFACE_SIDE_STYLE('',(#10894));
#10896=SURFACE_STYLE_USAGE(.POSITIVE.,#10895);
#10897=PRESENTATION_STYLE_ASSIGNMENT((#10896));
#10898=STYLED_ITEM('',(#10897),#10891);
#10899=CARTESIAN_POINT('',(1.E0,-5.35E0,3.5E-1));
#10900=DIRECTION('',(0.E0,-3.162277660168E-1,9.486832980505E-1));
#10901=DIRECTION('',(0.E0,9.486832980505E-1,3.162277660168E-1));
#10902=AXIS2_PLACEMENT_3D('',#10899,#10900,#10901);
#10903=PLANE('',#10902);
#10905=ORIENTED_EDGE('',*,*,#10904,.T.);
#10906=ORIENTED_EDGE('',*,*,#10883,.F.);
#10908=ORIENTED_EDGE('',*,*,#10907,.F.);
#10910=ORIENTED_EDGE('',*,*,#10909,.F.);
#10911=EDGE_LOOP('',(#10905,#10906,#10908,#10910));
#10912=FACE_OUTER_BOUND('',#10911,.F.);
#10914=FILL_AREA_STYLE_COLOUR('',#16);
#10915=FILL_AREA_STYLE('',(#10914));
#10916=SURFACE_STYLE_FILL_AREA(#10915);
#10917=SURFACE_SIDE_STYLE('',(#10916));
#10918=SURFACE_STYLE_USAGE(.POSITIVE.,#10917);
#10919=PRESENTATION_STYLE_ASSIGNMENT((#10918));
#10920=STYLED_ITEM('',(#10919),#10913);
#10921=CARTESIAN_POINT('',(1.E0,-5.5E0,1.5E-1));
#10922=DIRECTION('',(0.E0,-1.E0,0.E0));
#10923=DIRECTION('',(0.E0,0.E0,-1.E0));
#10924=AXIS2_PLACEMENT_3D('',#10921,#10922,#10923);
#10925=PLANE('',#10924);
#10927=ORIENTED_EDGE('',*,*,#10926,.F.);
#10929=ORIENTED_EDGE('',*,*,#10928,.F.);
#10930=ORIENTED_EDGE('',*,*,#10885,.F.);
#10931=ORIENTED_EDGE('',*,*,#10904,.F.);
#10932=EDGE_LOOP('',(#10927,#10929,#10930,#10931));
#10933=FACE_OUTER_BOUND('',#10932,.F.);
#10935=FILL_AREA_STYLE_COLOUR('',#16);
#10936=FILL_AREA_STYLE('',(#10935));
#10937=SURFACE_STYLE_FILL_AREA(#10936);
#10938=SURFACE_SIDE_STYLE('',(#10937));
#10939=SURFACE_STYLE_USAGE(.POSITIVE.,#10938);
#10940=PRESENTATION_STYLE_ASSIGNMENT((#10939));
#10941=STYLED_ITEM('',(#10940),#10934);
#10942=CARTESIAN_POINT('',(1.2E0,-5.35E0,1.5E-1));
#10943=DIRECTION('',(9.486832980505E-1,-3.162277660168E-1,0.E0));
#10944=DIRECTION('',(3.162277660168E-1,9.486832980505E-1,0.E0));
#10945=AXIS2_PLACEMENT_3D('',#10942,#10943,#10944);
#10946=PLANE('',#10945);
#10947=ORIENTED_EDGE('',*,*,#10757,.F.);
#10949=ORIENTED_EDGE('',*,*,#10948,.T.);
#10950=ORIENTED_EDGE('',*,*,#10926,.T.);
#10951=ORIENTED_EDGE('',*,*,#10909,.T.);
#10952=EDGE_LOOP('',(#10947,#10949,#10950,#10951));
#10953=FACE_OUTER_BOUND('',#10952,.F.);
#10955=FILL_AREA_STYLE_COLOUR('',#16);
#10956=FILL_AREA_STYLE('',(#10955));
#10957=SURFACE_STYLE_FILL_AREA(#10956);
#10958=SURFACE_SIDE_STYLE('',(#10957));
#10959=SURFACE_STYLE_USAGE(.POSITIVE.,#10958);
#10960=PRESENTATION_STYLE_ASSIGNMENT((#10959));
#10961=STYLED_ITEM('',(#10960),#10954);
#10962=CARTESIAN_POINT('',(1.E0,-5.35E0,-5.E-2));
#10963=DIRECTION('',(0.E0,-3.162277660168E-1,-9.486832980505E-1));
#10964=DIRECTION('',(0.E0,9.486832980505E-1,-3.162277660168E-1));
#10965=AXIS2_PLACEMENT_3D('',#10962,#10963,#10964);
#10966=PLANE('',#10965);
#10968=ORIENTED_EDGE('',*,*,#10967,.F.);
#10969=ORIENTED_EDGE('',*,*,#10887,.F.);
#10970=ORIENTED_EDGE('',*,*,#10928,.T.);
#10971=ORIENTED_EDGE('',*,*,#10948,.F.);
#10972=EDGE_LOOP('',(#10968,#10969,#10970,#10971));
#10973=FACE_OUTER_BOUND('',#10972,.F.);
#10975=FILL_AREA_STYLE_COLOUR('',#16);
#10976=FILL_AREA_STYLE('',(#10975));
#10977=SURFACE_STYLE_FILL_AREA(#10976);
#10978=SURFACE_SIDE_STYLE('',(#10977));
#10979=SURFACE_STYLE_USAGE(.POSITIVE.,#10978);
#10980=PRESENTATION_STYLE_ASSIGNMENT((#10979));
#10981=STYLED_ITEM('',(#10980),#10974);
#10982=CARTESIAN_POINT('',(7.5E-1,-3.474519833153E0,-1.E-1));
#10983=DIRECTION('',(0.E0,0.E0,-1.E0));
#10984=DIRECTION('',(1.E0,0.E0,0.E0));
#10985=AXIS2_PLACEMENT_3D('',#10982,#10983,#10984);
#10986=PLANE('',#10985);
#10987=ORIENTED_EDGE('',*,*,#10967,.T.);
#10988=ORIENTED_EDGE('',*,*,#10773,.F.);
#10990=ORIENTED_EDGE('',*,*,#10989,.F.);
#10991=ORIENTED_EDGE('',*,*,#10851,.T.);
#10992=EDGE_LOOP('',(#10987,#10988,#10990,#10991));
#10993=FACE_OUTER_BOUND('',#10992,.F.);
#10995=FILL_AREA_STYLE_COLOUR('',#16);
#10996=FILL_AREA_STYLE('',(#10995));
#10997=SURFACE_STYLE_FILL_AREA(#10996);
#10998=SURFACE_SIDE_STYLE('',(#10997));
#10999=SURFACE_STYLE_USAGE(.POSITIVE.,#10998);
#11000=PRESENTATION_STYLE_ASSIGNMENT((#10999));
#11001=STYLED_ITEM('',(#11000),#10994);
#11002=CARTESIAN_POINT('',(2.E0,-3.474519833153E0,6.245198331529E-1));
#11003=DIRECTION('',(-1.E0,0.E0,0.E0));
#11004=DIRECTION('',(0.E0,-1.E0,0.E0));
#11005=AXIS2_PLACEMENT_3D('',#11002,#11003,#11004);
#11006=CYLINDRICAL_SURFACE('',#11005,7.245198331529E-1);
#11008=ORIENTED_EDGE('',*,*,#11007,.F.);
#11009=ORIENTED_EDGE('',*,*,#10853,.T.);
#11010=ORIENTED_EDGE('',*,*,#10989,.T.);
#11011=ORIENTED_EDGE('',*,*,#10771,.F.);
#11012=EDGE_LOOP('',(#11008,#11009,#11010,#11011));
#11013=FACE_OUTER_BOUND('',#11012,.F.);
#11015=FILL_AREA_STYLE_COLOUR('',#16);
#11016=FILL_AREA_STYLE('',(#11015));
#11017=SURFACE_STYLE_FILL_AREA(#11016);
#11018=SURFACE_SIDE_STYLE('',(#11017));
#11019=SURFACE_STYLE_USAGE(.POSITIVE.,#11018);
#11020=PRESENTATION_STYLE_ASSIGNMENT((#11019));
#11021=STYLED_ITEM('',(#11020),#11014);
#11022=CARTESIAN_POINT('',(7.5E-1,-2.75E0,2.996265737617E0));
#11023=DIRECTION('',(0.E0,1.E0,0.E0));
#11024=DIRECTION('',(1.E0,0.E0,0.E0));
#11025=AXIS2_PLACEMENT_3D('',#11022,#11023,#11024);
#11026=PLANE('',#11025);
#11027=ORIENTED_EDGE('',*,*,#10855,.T.);
#11028=ORIENTED_EDGE('',*,*,#11007,.T.);
#11029=ORIENTED_EDGE('',*,*,#10769,.F.);
#11030=ORIENTED_EDGE('',*,*,#8511,.F.);
#11031=EDGE_LOOP('',(#11027,#11028,#11029,#11030));
#11032=FACE_OUTER_BOUND('',#11031,.F.);
#11034=FILL_AREA_STYLE_COLOUR('',#16);
#11035=FILL_AREA_STYLE('',(#11034));
#11036=SURFACE_STYLE_FILL_AREA(#11035);
#11037=SURFACE_SIDE_STYLE('',(#11036));
#11038=SURFACE_STYLE_USAGE(.POSITIVE.,#11037);
#11039=PRESENTATION_STYLE_ASSIGNMENT((#11038));
#11040=STYLED_ITEM('',(#11039),#11033);
#11041=CARTESIAN_POINT('',(1.25E0,-3.474519833153E0,4.E-1));
#11042=DIRECTION('',(0.E0,0.E0,1.E0));
#11043=DIRECTION('',(-1.E0,0.E0,0.E0));
#11044=AXIS2_PLACEMENT_3D('',#11041,#11042,#11043);
#11045=PLANE('',#11044);
#11046=ORIENTED_EDGE('',*,*,#10907,.T.);
#11047=ORIENTED_EDGE('',*,*,#10865,.F.);
#11049=ORIENTED_EDGE('',*,*,#11048,.F.);
#11050=ORIENTED_EDGE('',*,*,#10759,.T.);
#11051=EDGE_LOOP('',(#11046,#11047,#11049,#11050));
#11052=FACE_OUTER_BOUND('',#11051,.F.);
#11054=FILL_AREA_STYLE_COLOUR('',#16);
#11055=FILL_AREA_STYLE('',(#11054));
#11056=SURFACE_STYLE_FILL_AREA(#11055);
#11057=SURFACE_SIDE_STYLE('',(#11056));
#11058=SURFACE_STYLE_USAGE(.POSITIVE.,#11057);
#11059=PRESENTATION_STYLE_ASSIGNMENT((#11058));
#11060=STYLED_ITEM('',(#11059),#11053);
#11061=CARTESIAN_POINT('',(2.E0,-3.474519833153E0,6.245198331529E-1));
#11062=DIRECTION('',(-1.E0,0.E0,0.E0));
#11063=DIRECTION('',(0.E0,-1.E0,0.E0));
#11064=AXIS2_PLACEMENT_3D('',#11061,#11062,#11063);
#11065=CYLINDRICAL_SURFACE('',#11064,2.245198331529E-1);
#11067=ORIENTED_EDGE('',*,*,#11066,.F.);
#11068=ORIENTED_EDGE('',*,*,#10761,.T.);
#11069=ORIENTED_EDGE('',*,*,#11048,.T.);
#11070=ORIENTED_EDGE('',*,*,#10863,.F.);
#11071=EDGE_LOOP('',(#11067,#11068,#11069,#11070));
#11072=FACE_OUTER_BOUND('',#11071,.F.);
#11074=FILL_AREA_STYLE_COLOUR('',#16);
#11075=FILL_AREA_STYLE('',(#11074));
#11076=SURFACE_STYLE_FILL_AREA(#11075);
#11077=SURFACE_SIDE_STYLE('',(#11076));
#11078=SURFACE_STYLE_USAGE(.POSITIVE.,#11077);
#11079=PRESENTATION_STYLE_ASSIGNMENT((#11078));
#11080=STYLED_ITEM('',(#11079),#11073);
#11081=CARTESIAN_POINT('',(1.25E0,-3.25E0,2.996265737617E0));
#11082=DIRECTION('',(0.E0,-1.E0,0.E0));
#11083=DIRECTION('',(-1.E0,0.E0,0.E0));
#11084=AXIS2_PLACEMENT_3D('',#11081,#11082,#11083);
#11085=PLANE('',#11084);
#11087=ORIENTED_EDGE('',*,*,#11086,.F.);
#11088=ORIENTED_EDGE('',*,*,#10763,.T.);
#11089=ORIENTED_EDGE('',*,*,#11066,.T.);
#11090=ORIENTED_EDGE('',*,*,#10861,.F.);
#11091=EDGE_LOOP('',(#11087,#11088,#11089,#11090));
#11092=FACE_OUTER_BOUND('',#11091,.F.);
#11094=FILL_AREA_STYLE_COLOUR('',#16);
#11095=FILL_AREA_STYLE('',(#11094));
#11096=SURFACE_STYLE_FILL_AREA(#11095);
#11097=SURFACE_SIDE_STYLE('',(#11096));
#11098=SURFACE_STYLE_USAGE(.POSITIVE.,#11097);
#11099=PRESENTATION_STYLE_ASSIGNMENT((#11098));
#11100=STYLED_ITEM('',(#11099),#11093);
#11101=CARTESIAN_POINT('',(0.E0,-2.596265737617E0,2.996265737617E0));
#11102=DIRECTION('',(1.E0,0.E0,0.E0));
#11103=DIRECTION('',(0.E0,0.E0,-1.E0));
#11104=AXIS2_PLACEMENT_3D('',#11101,#11102,#11103);
#11105=CYLINDRICAL_SURFACE('',#11104,6.537342623826E-1);
#11106=ORIENTED_EDGE('',*,*,#10765,.T.);
#11107=ORIENTED_EDGE('',*,*,#11086,.T.);
#11108=ORIENTED_EDGE('',*,*,#10859,.F.);
#11109=ORIENTED_EDGE('',*,*,#7610,.T.);
#11110=EDGE_LOOP('',(#11106,#11107,#11108,#11109));
#11111=FACE_OUTER_BOUND('',#11110,.F.);
#11113=FILL_AREA_STYLE_COLOUR('',#16);
#11114=FILL_AREA_STYLE('',(#11113));
#11115=SURFACE_STYLE_FILL_AREA(#11114);
#11116=SURFACE_SIDE_STYLE('',(#11115));
#11117=SURFACE_STYLE_USAGE(.POSITIVE.,#11116);
#11118=PRESENTATION_STYLE_ASSIGNMENT((#11117));
#11119=STYLED_ITEM('',(#11118),#11112);
#11120=CARTESIAN_POINT('',(-7.5E-1,2.123155889677E0,3.65E0));
#11121=DIRECTION('',(0.E0,0.E0,1.E0));
#11122=DIRECTION('',(-1.E0,0.E0,0.E0));
#11123=AXIS2_PLACEMENT_3D('',#11120,#11121,#11122);
#11124=PLANE('',#11123);
#11126=ORIENTED_EDGE('',*,*,#11125,.T.);
#11128=ORIENTED_EDGE('',*,*,#11127,.T.);
#11129=ORIENTED_EDGE('',*,*,#8858,.T.);
#11131=ORIENTED_EDGE('',*,*,#11130,.F.);
#11132=EDGE_LOOP('',(#11126,#11128,#11129,#11131));
#11133=FACE_OUTER_BOUND('',#11132,.F.);
#11135=FILL_AREA_STYLE_COLOUR('',#16);
#11136=FILL_AREA_STYLE('',(#11135));
#11137=SURFACE_STYLE_FILL_AREA(#11136);
#11138=SURFACE_SIDE_STYLE('',(#11137));
#11139=SURFACE_STYLE_USAGE(.POSITIVE.,#11138);
#11140=PRESENTATION_STYLE_ASSIGNMENT((#11139));
#11141=STYLED_ITEM('',(#11140),#11134);
#11142=CARTESIAN_POINT('',(-1.E0,1.973155889677E0,3.6E0));
#11143=DIRECTION('',(0.E0,3.162277660168E-1,9.486832980505E-1));
#11144=DIRECTION('',(0.E0,-9.486832980505E-1,3.162277660168E-1));
#11145=AXIS2_PLACEMENT_3D('',#11142,#11143,#11144);
#11146=PLANE('',#11145);
#11147=ORIENTED_EDGE('',*,*,#11125,.F.);
#11149=ORIENTED_EDGE('',*,*,#11148,.T.);
#11151=ORIENTED_EDGE('',*,*,#11150,.T.);
#11153=ORIENTED_EDGE('',*,*,#11152,.F.);
#11154=EDGE_LOOP('',(#11147,#11149,#11151,#11153));
#11155=FACE_OUTER_BOUND('',#11154,.F.);
#11157=FILL_AREA_STYLE_COLOUR('',#16);
#11158=FILL_AREA_STYLE('',(#11157));
#11159=SURFACE_STYLE_FILL_AREA(#11158);
#11160=SURFACE_SIDE_STYLE('',(#11159));
#11161=SURFACE_STYLE_USAGE(.POSITIVE.,#11160);
#11162=PRESENTATION_STYLE_ASSIGNMENT((#11161));
#11163=STYLED_ITEM('',(#11162),#11156);
#11164=CARTESIAN_POINT('',(-1.2E0,1.973155889677E0,3.4E0));
#11165=DIRECTION('',(-9.486832980505E-1,3.162277660168E-1,0.E0));
#11166=DIRECTION('',(-3.162277660168E-1,-9.486832980505E-1,0.E0));
#11167=AXIS2_PLACEMENT_3D('',#11164,#11165,#11166);
#11168=PLANE('',#11167);
#11170=ORIENTED_EDGE('',*,*,#11169,.T.);
#11171=ORIENTED_EDGE('',*,*,#11148,.F.);
#11173=ORIENTED_EDGE('',*,*,#11172,.F.);
#11175=ORIENTED_EDGE('',*,*,#11174,.T.);
#11176=EDGE_LOOP('',(#11170,#11171,#11173,#11175));
#11177=FACE_OUTER_BOUND('',#11176,.F.);
#11179=FILL_AREA_STYLE_COLOUR('',#16);
#11180=FILL_AREA_STYLE('',(#11179));
#11181=SURFACE_STYLE_FILL_AREA(#11180);
#11182=SURFACE_SIDE_STYLE('',(#11181));
#11183=SURFACE_STYLE_USAGE(.POSITIVE.,#11182);
#11184=PRESENTATION_STYLE_ASSIGNMENT((#11183));
#11185=STYLED_ITEM('',(#11184),#11178);
#11186=CARTESIAN_POINT('',(-1.E0,2.123155889677E0,3.4E0));
#11187=DIRECTION('',(0.E0,-1.E0,0.E0));
#11188=DIRECTION('',(0.E0,0.E0,-1.E0));
#11189=AXIS2_PLACEMENT_3D('',#11186,#11187,#11188);
#11190=PLANE('',#11189);
#11192=ORIENTED_EDGE('',*,*,#11191,.F.);
#11193=ORIENTED_EDGE('',*,*,#11150,.F.);
#11194=ORIENTED_EDGE('',*,*,#11169,.F.);
#11196=ORIENTED_EDGE('',*,*,#11195,.F.);
#11197=EDGE_LOOP('',(#11192,#11193,#11194,#11196));
#11198=FACE_OUTER_BOUND('',#11197,.F.);
#11200=FILL_AREA_STYLE_COLOUR('',#16);
#11201=FILL_AREA_STYLE('',(#11200));
#11202=SURFACE_STYLE_FILL_AREA(#11201);
#11203=SURFACE_SIDE_STYLE('',(#11202));
#11204=SURFACE_STYLE_USAGE(.POSITIVE.,#11203);
#11205=PRESENTATION_STYLE_ASSIGNMENT((#11204));
#11206=STYLED_ITEM('',(#11205),#11199);
#11207=CARTESIAN_POINT('',(-8.E-1,1.973155889677E0,3.4E0));
#11208=DIRECTION('',(9.486832980505E-1,3.162277660168E-1,0.E0));
#11209=DIRECTION('',(3.162277660168E-1,-9.486832980505E-1,0.E0));
#11210=AXIS2_PLACEMENT_3D('',#11207,#11208,#11209);
#11211=PLANE('',#11210);
#11213=ORIENTED_EDGE('',*,*,#11212,.F.);
#11214=ORIENTED_EDGE('',*,*,#11152,.T.);
#11215=ORIENTED_EDGE('',*,*,#11191,.T.);
#11217=ORIENTED_EDGE('',*,*,#11216,.F.);
#11218=EDGE_LOOP('',(#11213,#11214,#11215,#11217));
#11219=FACE_OUTER_BOUND('',#11218,.F.);
#11221=FILL_AREA_STYLE_COLOUR('',#16);
#11222=FILL_AREA_STYLE('',(#11221));
#11223=SURFACE_STYLE_FILL_AREA(#11222);
#11224=SURFACE_SIDE_STYLE('',(#11223));
#11225=SURFACE_STYLE_USAGE(.POSITIVE.,#11224);
#11226=PRESENTATION_STYLE_ASSIGNMENT((#11225));
#11227=STYLED_ITEM('',(#11226),#11220);
#11228=CARTESIAN_POINT('',(-7.5E-1,2.123155889677E0,3.15E0));
#11229=DIRECTION('',(1.E0,0.E0,0.E0));
#11230=DIRECTION('',(0.E0,0.E0,1.E0));
#11231=AXIS2_PLACEMENT_3D('',#11228,#11229,#11230);
#11232=PLANE('',#11231);
#11233=ORIENTED_EDGE('',*,*,#11212,.T.);
#11235=ORIENTED_EDGE('',*,*,#11234,.T.);
#11236=ORIENTED_EDGE('',*,*,#8860,.T.);
#11237=ORIENTED_EDGE('',*,*,#11127,.F.);
#11238=EDGE_LOOP('',(#11233,#11235,#11236,#11237));
#11239=FACE_OUTER_BOUND('',#11238,.F.);
#11241=FILL_AREA_STYLE_COLOUR('',#16);
#11242=FILL_AREA_STYLE('',(#11241));
#11243=SURFACE_STYLE_FILL_AREA(#11242);
#11244=SURFACE_SIDE_STYLE('',(#11243));
#11245=SURFACE_STYLE_USAGE(.POSITIVE.,#11244);
#11246=PRESENTATION_STYLE_ASSIGNMENT((#11245));
#11247=STYLED_ITEM('',(#11246),#11240);
#11248=CARTESIAN_POINT('',(-7.5E-1,2.123155889677E0,3.15E0));
#11249=DIRECTION('',(1.E0,0.E0,0.E0));
#11250=DIRECTION('',(0.E0,0.E0,1.E0));
#11251=AXIS2_PLACEMENT_3D('',#11248,#11249,#11250);
#11252=PLANE('',#11251);
#11254=ORIENTED_EDGE('',*,*,#11253,.T.);
#11256=ORIENTED_EDGE('',*,*,#11255,.F.);
#11258=ORIENTED_EDGE('',*,*,#11257,.F.);
#11260=ORIENTED_EDGE('',*,*,#11259,.F.);
#11262=ORIENTED_EDGE('',*,*,#11261,.F.);
#11263=ORIENTED_EDGE('',*,*,#7616,.F.);
#11264=ORIENTED_EDGE('',*,*,#8506,.F.);
#11266=ORIENTED_EDGE('',*,*,#11265,.T.);
#11268=ORIENTED_EDGE('',*,*,#11267,.T.);
#11270=ORIENTED_EDGE('',*,*,#11269,.T.);
#11271=EDGE_LOOP('',(#11254,#11256,#11258,#11260,#11262,#11263,#11264,#11266,
#11268,#11270));
#11272=FACE_OUTER_BOUND('',#11271,.F.);
#11274=FILL_AREA_STYLE_COLOUR('',#16);
#11275=FILL_AREA_STYLE('',(#11274));
#11276=SURFACE_STYLE_FILL_AREA(#11275);
#11277=SURFACE_SIDE_STYLE('',(#11276));
#11278=SURFACE_STYLE_USAGE(.POSITIVE.,#11277);
#11279=PRESENTATION_STYLE_ASSIGNMENT((#11278));
#11280=STYLED_ITEM('',(#11279),#11273);
#11281=CARTESIAN_POINT('',(-1.25E0,2.123155889677E0,3.15E0));
#11282=DIRECTION('',(0.E0,0.E0,-1.E0));
#11283=DIRECTION('',(1.E0,0.E0,0.E0));
#11284=AXIS2_PLACEMENT_3D('',#11281,#11282,#11283);
#11285=PLANE('',#11284);
#11287=ORIENTED_EDGE('',*,*,#11286,.T.);
#11289=ORIENTED_EDGE('',*,*,#11288,.T.);
#11290=ORIENTED_EDGE('',*,*,#8862,.T.);
#11291=ORIENTED_EDGE('',*,*,#11234,.F.);
#11292=EDGE_LOOP('',(#11287,#11289,#11290,#11291));
#11293=FACE_OUTER_BOUND('',#11292,.F.);
#11295=FILL_AREA_STYLE_COLOUR('',#16);
#11296=FILL_AREA_STYLE('',(#11295));
#11297=SURFACE_STYLE_FILL_AREA(#11296);
#11298=SURFACE_SIDE_STYLE('',(#11297));
#11299=SURFACE_STYLE_USAGE(.POSITIVE.,#11298);
#11300=PRESENTATION_STYLE_ASSIGNMENT((#11299));
#11301=STYLED_ITEM('',(#11300),#11294);
#11302=CARTESIAN_POINT('',(-1.E0,1.973155889677E0,3.2E0));
#11303=DIRECTION('',(0.E0,3.162277660168E-1,-9.486832980505E-1));
#11304=DIRECTION('',(0.E0,-9.486832980505E-1,-3.162277660168E-1));
#11305=AXIS2_PLACEMENT_3D('',#11302,#11303,#11304);
#11306=PLANE('',#11305);
#11307=ORIENTED_EDGE('',*,*,#11195,.T.);
#11308=ORIENTED_EDGE('',*,*,#11174,.F.);
#11309=ORIENTED_EDGE('',*,*,#11286,.F.);
#11310=ORIENTED_EDGE('',*,*,#11216,.T.);
#11311=EDGE_LOOP('',(#11307,#11308,#11309,#11310));
#11312=FACE_OUTER_BOUND('',#11311,.F.);
#11314=FILL_AREA_STYLE_COLOUR('',#16);
#11315=FILL_AREA_STYLE('',(#11314));
#11316=SURFACE_STYLE_FILL_AREA(#11315);
#11317=SURFACE_SIDE_STYLE('',(#11316));
#11318=SURFACE_STYLE_USAGE(.POSITIVE.,#11317);
#11319=PRESENTATION_STYLE_ASSIGNMENT((#11318));
#11320=STYLED_ITEM('',(#11319),#11313);
#11321=CARTESIAN_POINT('',(-1.25E0,2.123155889677E0,3.65E0));
#11322=DIRECTION('',(-1.E0,0.E0,0.E0));
#11323=DIRECTION('',(0.E0,0.E0,-1.E0));
#11324=AXIS2_PLACEMENT_3D('',#11321,#11322,#11323);
#11325=PLANE('',#11324);
#11326=ORIENTED_EDGE('',*,*,#11172,.T.);
#11327=ORIENTED_EDGE('',*,*,#11130,.T.);
#11328=ORIENTED_EDGE('',*,*,#8864,.F.);
#11329=ORIENTED_EDGE('',*,*,#11288,.F.);
#11330=EDGE_LOOP('',(#11326,#11327,#11328,#11329));
#11331=FACE_OUTER_BOUND('',#11330,.F.);
#11333=FILL_AREA_STYLE_COLOUR('',#16);
#11334=FILL_AREA_STYLE('',(#11333));
#11335=SURFACE_STYLE_FILL_AREA(#11334);
#11336=SURFACE_SIDE_STYLE('',(#11335));
#11337=SURFACE_STYLE_USAGE(.POSITIVE.,#11336);
#11338=PRESENTATION_STYLE_ASSIGNMENT((#11337));
#11339=STYLED_ITEM('',(#11338),#11332);
#11340=CARTESIAN_POINT('',(-1.25E0,2.123155889677E0,3.65E0));
#11341=DIRECTION('',(-1.E0,0.E0,0.E0));
#11342=DIRECTION('',(0.E0,0.E0,-1.E0));
#11343=AXIS2_PLACEMENT_3D('',#11340,#11341,#11342);
#11344=PLANE('',#11343);
#11346=ORIENTED_EDGE('',*,*,#11345,.T.);
#11348=ORIENTED_EDGE('',*,*,#11347,.F.);
#11350=ORIENTED_EDGE('',*,*,#11349,.F.);
#11352=ORIENTED_EDGE('',*,*,#11351,.F.);
#11353=ORIENTED_EDGE('',*,*,#8502,.T.);
#11354=ORIENTED_EDGE('',*,*,#7620,.T.);
#11356=ORIENTED_EDGE('',*,*,#11355,.T.);
#11358=ORIENTED_EDGE('',*,*,#11357,.T.);
#11360=ORIENTED_EDGE('',*,*,#11359,.T.);
#11362=ORIENTED_EDGE('',*,*,#11361,.T.);
#11363=EDGE_LOOP('',(#11346,#11348,#11350,#11352,#11353,#11354,#11356,#11358,
#11360,#11362));
#11364=FACE_OUTER_BOUND('',#11363,.F.);
#11366=FILL_AREA_STYLE_COLOUR('',#16);
#11367=FILL_AREA_STYLE('',(#11366));
#11368=SURFACE_STYLE_FILL_AREA(#11367);
#11369=SURFACE_SIDE_STYLE('',(#11368));
#11370=SURFACE_STYLE_USAGE(.POSITIVE.,#11369);
#11371=PRESENTATION_STYLE_ASSIGNMENT((#11370));
#11372=STYLED_ITEM('',(#11371),#11365);
#11373=CARTESIAN_POINT('',(-1.2E0,-5.35E0,1.5E-1));
#11374=DIRECTION('',(-9.486832980505E-1,-3.162277660168E-1,0.E0));
#11375=DIRECTION('',(-3.162277660168E-1,9.486832980505E-1,0.E0));
#11376=AXIS2_PLACEMENT_3D('',#11373,#11374,#11375);
#11377=PLANE('',#11376);
#11378=ORIENTED_EDGE('',*,*,#11345,.F.);
#11380=ORIENTED_EDGE('',*,*,#11379,.T.);
#11382=ORIENTED_EDGE('',*,*,#11381,.T.);
#11384=ORIENTED_EDGE('',*,*,#11383,.T.);
#11385=EDGE_LOOP('',(#11378,#11380,#11382,#11384));
#11386=FACE_OUTER_BOUND('',#11385,.F.);
#11388=FILL_AREA_STYLE_COLOUR('',#16);
#11389=FILL_AREA_STYLE('',(#11388));
#11390=SURFACE_STYLE_FILL_AREA(#11389);
#11391=SURFACE_SIDE_STYLE('',(#11390));
#11392=SURFACE_STYLE_USAGE(.POSITIVE.,#11391);
#11393=PRESENTATION_STYLE_ASSIGNMENT((#11392));
#11394=STYLED_ITEM('',(#11393),#11387);
#11395=CARTESIAN_POINT('',(-1.E0,-5.35E0,3.5E-1));
#11396=DIRECTION('',(0.E0,-3.162277660168E-1,9.486832980505E-1));
#11397=DIRECTION('',(0.E0,9.486832980505E-1,3.162277660168E-1));
#11398=AXIS2_PLACEMENT_3D('',#11395,#11396,#11397);
#11399=PLANE('',#11398);
#11401=ORIENTED_EDGE('',*,*,#11400,.T.);
#11402=ORIENTED_EDGE('',*,*,#11379,.F.);
#11404=ORIENTED_EDGE('',*,*,#11403,.F.);
#11406=ORIENTED_EDGE('',*,*,#11405,.F.);
#11407=EDGE_LOOP('',(#11401,#11402,#11404,#11406));
#11408=FACE_OUTER_BOUND('',#11407,.F.);
#11410=FILL_AREA_STYLE_COLOUR('',#16);
#11411=FILL_AREA_STYLE('',(#11410));
#11412=SURFACE_STYLE_FILL_AREA(#11411);
#11413=SURFACE_SIDE_STYLE('',(#11412));
#11414=SURFACE_STYLE_USAGE(.POSITIVE.,#11413);
#11415=PRESENTATION_STYLE_ASSIGNMENT((#11414));
#11416=STYLED_ITEM('',(#11415),#11409);
#11417=CARTESIAN_POINT('',(-1.E0,-5.5E0,1.5E-1));
#11418=DIRECTION('',(0.E0,-1.E0,0.E0));
#11419=DIRECTION('',(0.E0,0.E0,-1.E0));
#11420=AXIS2_PLACEMENT_3D('',#11417,#11418,#11419);
#11421=PLANE('',#11420);
#11423=ORIENTED_EDGE('',*,*,#11422,.F.);
#11425=ORIENTED_EDGE('',*,*,#11424,.F.);
#11426=ORIENTED_EDGE('',*,*,#11381,.F.);
#11427=ORIENTED_EDGE('',*,*,#11400,.F.);
#11428=EDGE_LOOP('',(#11423,#11425,#11426,#11427));
#11429=FACE_OUTER_BOUND('',#11428,.F.);
#11431=FILL_AREA_STYLE_COLOUR('',#16);
#11432=FILL_AREA_STYLE('',(#11431));
#11433=SURFACE_STYLE_FILL_AREA(#11432);
#11434=SURFACE_SIDE_STYLE('',(#11433));
#11435=SURFACE_STYLE_USAGE(.POSITIVE.,#11434);
#11436=PRESENTATION_STYLE_ASSIGNMENT((#11435));
#11437=STYLED_ITEM('',(#11436),#11430);
#11438=CARTESIAN_POINT('',(-8.E-1,-5.35E0,1.5E-1));
#11439=DIRECTION('',(9.486832980505E-1,-3.162277660168E-1,0.E0));
#11440=DIRECTION('',(3.162277660168E-1,9.486832980505E-1,0.E0));
#11441=AXIS2_PLACEMENT_3D('',#11438,#11439,#11440);
#11442=PLANE('',#11441);
#11443=ORIENTED_EDGE('',*,*,#11253,.F.);
#11445=ORIENTED_EDGE('',*,*,#11444,.T.);
#11446=ORIENTED_EDGE('',*,*,#11422,.T.);
#11447=ORIENTED_EDGE('',*,*,#11405,.T.);
#11448=EDGE_LOOP('',(#11443,#11445,#11446,#11447));
#11449=FACE_OUTER_BOUND('',#11448,.F.);
#11451=FILL_AREA_STYLE_COLOUR('',#16);
#11452=FILL_AREA_STYLE('',(#11451));
#11453=SURFACE_STYLE_FILL_AREA(#11452);
#11454=SURFACE_SIDE_STYLE('',(#11453));
#11455=SURFACE_STYLE_USAGE(.POSITIVE.,#11454);
#11456=PRESENTATION_STYLE_ASSIGNMENT((#11455));
#11457=STYLED_ITEM('',(#11456),#11450);
#11458=CARTESIAN_POINT('',(-1.E0,-5.35E0,-5.E-2));
#11459=DIRECTION('',(0.E0,-3.162277660168E-1,-9.486832980505E-1));
#11460=DIRECTION('',(0.E0,9.486832980505E-1,-3.162277660168E-1));
#11461=AXIS2_PLACEMENT_3D('',#11458,#11459,#11460);
#11462=PLANE('',#11461);
#11464=ORIENTED_EDGE('',*,*,#11463,.F.);
#11465=ORIENTED_EDGE('',*,*,#11383,.F.);
#11466=ORIENTED_EDGE('',*,*,#11424,.T.);
#11467=ORIENTED_EDGE('',*,*,#11444,.F.);
#11468=EDGE_LOOP('',(#11464,#11465,#11466,#11467));
#11469=FACE_OUTER_BOUND('',#11468,.F.);
#11471=FILL_AREA_STYLE_COLOUR('',#16);
#11472=FILL_AREA_STYLE('',(#11471));
#11473=SURFACE_STYLE_FILL_AREA(#11472);
#11474=SURFACE_SIDE_STYLE('',(#11473));
#11475=SURFACE_STYLE_USAGE(.POSITIVE.,#11474);
#11476=PRESENTATION_STYLE_ASSIGNMENT((#11475));
#11477=STYLED_ITEM('',(#11476),#11470);
#11478=CARTESIAN_POINT('',(-1.25E0,-3.474519833153E0,-1.E-1));
#11479=DIRECTION('',(0.E0,0.E0,-1.E0));
#11480=DIRECTION('',(1.E0,0.E0,0.E0));
#11481=AXIS2_PLACEMENT_3D('',#11478,#11479,#11480);
#11482=PLANE('',#11481);
#11483=ORIENTED_EDGE('',*,*,#11463,.T.);
#11484=ORIENTED_EDGE('',*,*,#11269,.F.);
#11486=ORIENTED_EDGE('',*,*,#11485,.F.);
#11487=ORIENTED_EDGE('',*,*,#11347,.T.);
#11488=EDGE_LOOP('',(#11483,#11484,#11486,#11487));
#11489=FACE_OUTER_BOUND('',#11488,.F.);
#11491=FILL_AREA_STYLE_COLOUR('',#16);
#11492=FILL_AREA_STYLE('',(#11491));
#11493=SURFACE_STYLE_FILL_AREA(#11492);
#11494=SURFACE_SIDE_STYLE('',(#11493));
#11495=SURFACE_STYLE_USAGE(.POSITIVE.,#11494);
#11496=PRESENTATION_STYLE_ASSIGNMENT((#11495));
#11497=STYLED_ITEM('',(#11496),#11490);
#11498=CARTESIAN_POINT('',(0.E0,-3.474519833153E0,6.245198331529E-1));
#11499=DIRECTION('',(-1.E0,0.E0,0.E0));
#11500=DIRECTION('',(0.E0,-1.E0,0.E0));
#11501=AXIS2_PLACEMENT_3D('',#11498,#11499,#11500);
#11502=CYLINDRICAL_SURFACE('',#11501,7.245198331529E-1);
#11504=ORIENTED_EDGE('',*,*,#11503,.F.);
#11505=ORIENTED_EDGE('',*,*,#11349,.T.);
#11506=ORIENTED_EDGE('',*,*,#11485,.T.);
#11507=ORIENTED_EDGE('',*,*,#11267,.F.);
#11508=EDGE_LOOP('',(#11504,#11505,#11506,#11507));
#11509=FACE_OUTER_BOUND('',#11508,.F.);
#11511=FILL_AREA_STYLE_COLOUR('',#16);
#11512=FILL_AREA_STYLE('',(#11511));
#11513=SURFACE_STYLE_FILL_AREA(#11512);
#11514=SURFACE_SIDE_STYLE('',(#11513));
#11515=SURFACE_STYLE_USAGE(.POSITIVE.,#11514);
#11516=PRESENTATION_STYLE_ASSIGNMENT((#11515));
#11517=STYLED_ITEM('',(#11516),#11510);
#11518=CARTESIAN_POINT('',(-1.25E0,-2.75E0,2.996265737617E0));
#11519=DIRECTION('',(0.E0,1.E0,0.E0));
#11520=DIRECTION('',(1.E0,0.E0,0.E0));
#11521=AXIS2_PLACEMENT_3D('',#11518,#11519,#11520);
#11522=PLANE('',#11521);
#11523=ORIENTED_EDGE('',*,*,#11351,.T.);
#11524=ORIENTED_EDGE('',*,*,#11503,.T.);
#11525=ORIENTED_EDGE('',*,*,#11265,.F.);
#11526=ORIENTED_EDGE('',*,*,#8504,.F.);
#11527=EDGE_LOOP('',(#11523,#11524,#11525,#11526));
#11528=FACE_OUTER_BOUND('',#11527,.F.);
#11530=FILL_AREA_STYLE_COLOUR('',#16);
#11531=FILL_AREA_STYLE('',(#11530));
#11532=SURFACE_STYLE_FILL_AREA(#11531);
#11533=SURFACE_SIDE_STYLE('',(#11532));
#11534=SURFACE_STYLE_USAGE(.POSITIVE.,#11533);
#11535=PRESENTATION_STYLE_ASSIGNMENT((#11534));
#11536=STYLED_ITEM('',(#11535),#11529);
#11537=CARTESIAN_POINT('',(-7.5E-1,-3.474519833153E0,4.E-1));
#11538=DIRECTION('',(0.E0,0.E0,1.E0));
#11539=DIRECTION('',(-1.E0,0.E0,0.E0));
#11540=AXIS2_PLACEMENT_3D('',#11537,#11538,#11539);
#11541=PLANE('',#11540);
#11542=ORIENTED_EDGE('',*,*,#11403,.T.);
#11543=ORIENTED_EDGE('',*,*,#11361,.F.);
#11545=ORIENTED_EDGE('',*,*,#11544,.F.);
#11546=ORIENTED_EDGE('',*,*,#11255,.T.);
#11547=EDGE_LOOP('',(#11542,#11543,#11545,#11546));
#11548=FACE_OUTER_BOUND('',#11547,.F.);
#11550=FILL_AREA_STYLE_COLOUR('',#16);
#11551=FILL_AREA_STYLE('',(#11550));
#11552=SURFACE_STYLE_FILL_AREA(#11551);
#11553=SURFACE_SIDE_STYLE('',(#11552));
#11554=SURFACE_STYLE_USAGE(.POSITIVE.,#11553);
#11555=PRESENTATION_STYLE_ASSIGNMENT((#11554));
#11556=STYLED_ITEM('',(#11555),#11549);
#11557=CARTESIAN_POINT('',(0.E0,-3.474519833153E0,6.245198331529E-1));
#11558=DIRECTION('',(-1.E0,0.E0,0.E0));
#11559=DIRECTION('',(0.E0,-1.E0,0.E0));
#11560=AXIS2_PLACEMENT_3D('',#11557,#11558,#11559);
#11561=CYLINDRICAL_SURFACE('',#11560,2.245198331529E-1);
#11563=ORIENTED_EDGE('',*,*,#11562,.F.);
#11564=ORIENTED_EDGE('',*,*,#11257,.T.);
#11565=ORIENTED_EDGE('',*,*,#11544,.T.);
#11566=ORIENTED_EDGE('',*,*,#11359,.F.);
#11567=EDGE_LOOP('',(#11563,#11564,#11565,#11566));
#11568=FACE_OUTER_BOUND('',#11567,.F.);
#11570=FILL_AREA_STYLE_COLOUR('',#16);
#11571=FILL_AREA_STYLE('',(#11570));
#11572=SURFACE_STYLE_FILL_AREA(#11571);
#11573=SURFACE_SIDE_STYLE('',(#11572));
#11574=SURFACE_STYLE_USAGE(.POSITIVE.,#11573);
#11575=PRESENTATION_STYLE_ASSIGNMENT((#11574));
#11576=STYLED_ITEM('',(#11575),#11569);
#11577=CARTESIAN_POINT('',(-7.5E-1,-3.25E0,2.996265737617E0));
#11578=DIRECTION('',(0.E0,-1.E0,0.E0));
#11579=DIRECTION('',(-1.E0,0.E0,0.E0));
#11580=AXIS2_PLACEMENT_3D('',#11577,#11578,#11579);
#11581=PLANE('',#11580);
#11583=ORIENTED_EDGE('',*,*,#11582,.F.);
#11584=ORIENTED_EDGE('',*,*,#11259,.T.);
#11585=ORIENTED_EDGE('',*,*,#11562,.T.);
#11586=ORIENTED_EDGE('',*,*,#11357,.F.);
#11587=EDGE_LOOP('',(#11583,#11584,#11585,#11586));
#11588=FACE_OUTER_BOUND('',#11587,.F.);
#11590=FILL_AREA_STYLE_COLOUR('',#16);
#11591=FILL_AREA_STYLE('',(#11590));
#11592=SURFACE_STYLE_FILL_AREA(#11591);
#11593=SURFACE_SIDE_STYLE('',(#11592));
#11594=SURFACE_STYLE_USAGE(.POSITIVE.,#11593);
#11595=PRESENTATION_STYLE_ASSIGNMENT((#11594));
#11596=STYLED_ITEM('',(#11595),#11589);
#11597=CARTESIAN_POINT('',(-2.E0,-2.596265737617E0,2.996265737617E0));
#11598=DIRECTION('',(1.E0,0.E0,0.E0));
#11599=DIRECTION('',(0.E0,0.E0,-1.E0));
#11600=AXIS2_PLACEMENT_3D('',#11597,#11598,#11599);
#11601=CYLINDRICAL_SURFACE('',#11600,6.537342623826E-1);
#11602=ORIENTED_EDGE('',*,*,#11261,.T.);
#11603=ORIENTED_EDGE('',*,*,#11582,.T.);
#11604=ORIENTED_EDGE('',*,*,#11355,.F.);
#11605=ORIENTED_EDGE('',*,*,#7618,.T.);
#11606=EDGE_LOOP('',(#11602,#11603,#11604,#11605));
#11607=FACE_OUTER_BOUND('',#11606,.F.);
#11609=FILL_AREA_STYLE_COLOUR('',#16);
#11610=FILL_AREA_STYLE('',(#11609));
#11611=SURFACE_STYLE_FILL_AREA(#11610);
#11612=SURFACE_SIDE_STYLE('',(#11611));
#11613=SURFACE_STYLE_USAGE(.POSITIVE.,#11612);
#11614=PRESENTATION_STYLE_ASSIGNMENT((#11613));
#11615=STYLED_ITEM('',(#11614),#11608);
#11616=CARTESIAN_POINT('',(-2.75E0,2.123155889677E0,3.65E0));
#11617=DIRECTION('',(0.E0,0.E0,1.E0));
#11618=DIRECTION('',(-1.E0,0.E0,0.E0));
#11619=AXIS2_PLACEMENT_3D('',#11616,#11617,#11618);
#11620=PLANE('',#11619);
#11622=ORIENTED_EDGE('',*,*,#11621,.T.);
#11624=ORIENTED_EDGE('',*,*,#11623,.T.);
#11625=ORIENTED_EDGE('',*,*,#8868,.T.);
#11627=ORIENTED_EDGE('',*,*,#11626,.F.);
#11628=EDGE_LOOP('',(#11622,#11624,#11625,#11627));
#11629=FACE_OUTER_BOUND('',#11628,.F.);
#11631=FILL_AREA_STYLE_COLOUR('',#16);
#11632=FILL_AREA_STYLE('',(#11631));
#11633=SURFACE_STYLE_FILL_AREA(#11632);
#11634=SURFACE_SIDE_STYLE('',(#11633));
#11635=SURFACE_STYLE_USAGE(.POSITIVE.,#11634);
#11636=PRESENTATION_STYLE_ASSIGNMENT((#11635));
#11637=STYLED_ITEM('',(#11636),#11630);
#11638=CARTESIAN_POINT('',(-3.E0,1.973155889677E0,3.6E0));
#11639=DIRECTION('',(0.E0,3.162277660168E-1,9.486832980505E-1));
#11640=DIRECTION('',(0.E0,-9.486832980505E-1,3.162277660168E-1));
#11641=AXIS2_PLACEMENT_3D('',#11638,#11639,#11640);
#11642=PLANE('',#11641);
#11643=ORIENTED_EDGE('',*,*,#11621,.F.);
#11645=ORIENTED_EDGE('',*,*,#11644,.T.);
#11647=ORIENTED_EDGE('',*,*,#11646,.T.);
#11649=ORIENTED_EDGE('',*,*,#11648,.F.);
#11650=EDGE_LOOP('',(#11643,#11645,#11647,#11649));
#11651=FACE_OUTER_BOUND('',#11650,.F.);
#11653=FILL_AREA_STYLE_COLOUR('',#16);
#11654=FILL_AREA_STYLE('',(#11653));
#11655=SURFACE_STYLE_FILL_AREA(#11654);
#11656=SURFACE_SIDE_STYLE('',(#11655));
#11657=SURFACE_STYLE_USAGE(.POSITIVE.,#11656);
#11658=PRESENTATION_STYLE_ASSIGNMENT((#11657));
#11659=STYLED_ITEM('',(#11658),#11652);
#11660=CARTESIAN_POINT('',(-3.2E0,1.973155889677E0,3.4E0));
#11661=DIRECTION('',(-9.486832980505E-1,3.162277660168E-1,0.E0));
#11662=DIRECTION('',(-3.162277660168E-1,-9.486832980505E-1,0.E0));
#11663=AXIS2_PLACEMENT_3D('',#11660,#11661,#11662);
#11664=PLANE('',#11663);
#11666=ORIENTED_EDGE('',*,*,#11665,.T.);
#11667=ORIENTED_EDGE('',*,*,#11644,.F.);
#11669=ORIENTED_EDGE('',*,*,#11668,.F.);
#11671=ORIENTED_EDGE('',*,*,#11670,.T.);
#11672=EDGE_LOOP('',(#11666,#11667,#11669,#11671));
#11673=FACE_OUTER_BOUND('',#11672,.F.);
#11675=FILL_AREA_STYLE_COLOUR('',#16);
#11676=FILL_AREA_STYLE('',(#11675));
#11677=SURFACE_STYLE_FILL_AREA(#11676);
#11678=SURFACE_SIDE_STYLE('',(#11677));
#11679=SURFACE_STYLE_USAGE(.POSITIVE.,#11678);
#11680=PRESENTATION_STYLE_ASSIGNMENT((#11679));
#11681=STYLED_ITEM('',(#11680),#11674);
#11682=CARTESIAN_POINT('',(-3.E0,2.123155889677E0,3.4E0));
#11683=DIRECTION('',(0.E0,-1.E0,0.E0));
#11684=DIRECTION('',(0.E0,0.E0,-1.E0));
#11685=AXIS2_PLACEMENT_3D('',#11682,#11683,#11684);
#11686=PLANE('',#11685);
#11688=ORIENTED_EDGE('',*,*,#11687,.F.);
#11689=ORIENTED_EDGE('',*,*,#11646,.F.);
#11690=ORIENTED_EDGE('',*,*,#11665,.F.);
#11692=ORIENTED_EDGE('',*,*,#11691,.F.);
#11693=EDGE_LOOP('',(#11688,#11689,#11690,#11692));
#11694=FACE_OUTER_BOUND('',#11693,.F.);
#11696=FILL_AREA_STYLE_COLOUR('',#16);
#11697=FILL_AREA_STYLE('',(#11696));
#11698=SURFACE_STYLE_FILL_AREA(#11697);
#11699=SURFACE_SIDE_STYLE('',(#11698));
#11700=SURFACE_STYLE_USAGE(.POSITIVE.,#11699);
#11701=PRESENTATION_STYLE_ASSIGNMENT((#11700));
#11702=STYLED_ITEM('',(#11701),#11695);
#11703=CARTESIAN_POINT('',(-2.8E0,1.973155889677E0,3.4E0));
#11704=DIRECTION('',(9.486832980505E-1,3.162277660168E-1,0.E0));
#11705=DIRECTION('',(3.162277660168E-1,-9.486832980505E-1,0.E0));
#11706=AXIS2_PLACEMENT_3D('',#11703,#11704,#11705);
#11707=PLANE('',#11706);
#11709=ORIENTED_EDGE('',*,*,#11708,.F.);
#11710=ORIENTED_EDGE('',*,*,#11648,.T.);
#11711=ORIENTED_EDGE('',*,*,#11687,.T.);
#11713=ORIENTED_EDGE('',*,*,#11712,.F.);
#11714=EDGE_LOOP('',(#11709,#11710,#11711,#11713));
#11715=FACE_OUTER_BOUND('',#11714,.F.);
#11717=FILL_AREA_STYLE_COLOUR('',#16);
#11718=FILL_AREA_STYLE('',(#11717));
#11719=SURFACE_STYLE_FILL_AREA(#11718);
#11720=SURFACE_SIDE_STYLE('',(#11719));
#11721=SURFACE_STYLE_USAGE(.POSITIVE.,#11720);
#11722=PRESENTATION_STYLE_ASSIGNMENT((#11721));
#11723=STYLED_ITEM('',(#11722),#11716);
#11724=CARTESIAN_POINT('',(-2.75E0,2.123155889677E0,3.15E0));
#11725=DIRECTION('',(1.E0,0.E0,0.E0));
#11726=DIRECTION('',(0.E0,0.E0,1.E0));
#11727=AXIS2_PLACEMENT_3D('',#11724,#11725,#11726);
#11728=PLANE('',#11727);
#11729=ORIENTED_EDGE('',*,*,#11708,.T.);
#11731=ORIENTED_EDGE('',*,*,#11730,.T.);
#11732=ORIENTED_EDGE('',*,*,#8870,.T.);
#11733=ORIENTED_EDGE('',*,*,#11623,.F.);
#11734=EDGE_LOOP('',(#11729,#11731,#11732,#11733));
#11735=FACE_OUTER_BOUND('',#11734,.F.);
#11737=FILL_AREA_STYLE_COLOUR('',#16);
#11738=FILL_AREA_STYLE('',(#11737));
#11739=SURFACE_STYLE_FILL_AREA(#11738);
#11740=SURFACE_SIDE_STYLE('',(#11739));
#11741=SURFACE_STYLE_USAGE(.POSITIVE.,#11740);
#11742=PRESENTATION_STYLE_ASSIGNMENT((#11741));
#11743=STYLED_ITEM('',(#11742),#11736);
#11744=CARTESIAN_POINT('',(-2.75E0,2.123155889677E0,3.15E0));
#11745=DIRECTION('',(1.E0,0.E0,0.E0));
#11746=DIRECTION('',(0.E0,0.E0,1.E0));
#11747=AXIS2_PLACEMENT_3D('',#11744,#11745,#11746);
#11748=PLANE('',#11747);
#11750=ORIENTED_EDGE('',*,*,#11749,.T.);
#11752=ORIENTED_EDGE('',*,*,#11751,.F.);
#11754=ORIENTED_EDGE('',*,*,#11753,.F.);
#11756=ORIENTED_EDGE('',*,*,#11755,.F.);
#11758=ORIENTED_EDGE('',*,*,#11757,.F.);
#11759=ORIENTED_EDGE('',*,*,#7624,.F.);
#11760=ORIENTED_EDGE('',*,*,#8499,.F.);
#11762=ORIENTED_EDGE('',*,*,#11761,.T.);
#11764=ORIENTED_EDGE('',*,*,#11763,.T.);
#11766=ORIENTED_EDGE('',*,*,#11765,.T.);
#11767=EDGE_LOOP('',(#11750,#11752,#11754,#11756,#11758,#11759,#11760,#11762,
#11764,#11766));
#11768=FACE_OUTER_BOUND('',#11767,.F.);
#11770=FILL_AREA_STYLE_COLOUR('',#16);
#11771=FILL_AREA_STYLE('',(#11770));
#11772=SURFACE_STYLE_FILL_AREA(#11771);
#11773=SURFACE_SIDE_STYLE('',(#11772));
#11774=SURFACE_STYLE_USAGE(.POSITIVE.,#11773);
#11775=PRESENTATION_STYLE_ASSIGNMENT((#11774));
#11776=STYLED_ITEM('',(#11775),#11769);
#11777=CARTESIAN_POINT('',(-3.25E0,2.123155889677E0,3.15E0));
#11778=DIRECTION('',(0.E0,0.E0,-1.E0));
#11779=DIRECTION('',(1.E0,0.E0,0.E0));
#11780=AXIS2_PLACEMENT_3D('',#11777,#11778,#11779);
#11781=PLANE('',#11780);
#11783=ORIENTED_EDGE('',*,*,#11782,.T.);
#11785=ORIENTED_EDGE('',*,*,#11784,.T.);
#11786=ORIENTED_EDGE('',*,*,#8872,.T.);
#11787=ORIENTED_EDGE('',*,*,#11730,.F.);
#11788=EDGE_LOOP('',(#11783,#11785,#11786,#11787));
#11789=FACE_OUTER_BOUND('',#11788,.F.);
#11791=FILL_AREA_STYLE_COLOUR('',#16);
#11792=FILL_AREA_STYLE('',(#11791));
#11793=SURFACE_STYLE_FILL_AREA(#11792);
#11794=SURFACE_SIDE_STYLE('',(#11793));
#11795=SURFACE_STYLE_USAGE(.POSITIVE.,#11794);
#11796=PRESENTATION_STYLE_ASSIGNMENT((#11795));
#11797=STYLED_ITEM('',(#11796),#11790);
#11798=CARTESIAN_POINT('',(-3.E0,1.973155889677E0,3.2E0));
#11799=DIRECTION('',(0.E0,3.162277660168E-1,-9.486832980505E-1));
#11800=DIRECTION('',(0.E0,-9.486832980505E-1,-3.162277660168E-1));
#11801=AXIS2_PLACEMENT_3D('',#11798,#11799,#11800);
#11802=PLANE('',#11801);
#11803=ORIENTED_EDGE('',*,*,#11691,.T.);
#11804=ORIENTED_EDGE('',*,*,#11670,.F.);
#11805=ORIENTED_EDGE('',*,*,#11782,.F.);
#11806=ORIENTED_EDGE('',*,*,#11712,.T.);
#11807=EDGE_LOOP('',(#11803,#11804,#11805,#11806));
#11808=FACE_OUTER_BOUND('',#11807,.F.);
#11810=FILL_AREA_STYLE_COLOUR('',#16);
#11811=FILL_AREA_STYLE('',(#11810));
#11812=SURFACE_STYLE_FILL_AREA(#11811);
#11813=SURFACE_SIDE_STYLE('',(#11812));
#11814=SURFACE_STYLE_USAGE(.POSITIVE.,#11813);
#11815=PRESENTATION_STYLE_ASSIGNMENT((#11814));
#11816=STYLED_ITEM('',(#11815),#11809);
#11817=CARTESIAN_POINT('',(-3.25E0,2.123155889677E0,3.65E0));
#11818=DIRECTION('',(-1.E0,0.E0,0.E0));
#11819=DIRECTION('',(0.E0,0.E0,-1.E0));
#11820=AXIS2_PLACEMENT_3D('',#11817,#11818,#11819);
#11821=PLANE('',#11820);
#11822=ORIENTED_EDGE('',*,*,#11668,.T.);
#11823=ORIENTED_EDGE('',*,*,#11626,.T.);
#11824=ORIENTED_EDGE('',*,*,#8874,.F.);
#11825=ORIENTED_EDGE('',*,*,#11784,.F.);
#11826=EDGE_LOOP('',(#11822,#11823,#11824,#11825));
#11827=FACE_OUTER_BOUND('',#11826,.F.);
#11829=FILL_AREA_STYLE_COLOUR('',#16);
#11830=FILL_AREA_STYLE('',(#11829));
#11831=SURFACE_STYLE_FILL_AREA(#11830);
#11832=SURFACE_SIDE_STYLE('',(#11831));
#11833=SURFACE_STYLE_USAGE(.POSITIVE.,#11832);
#11834=PRESENTATION_STYLE_ASSIGNMENT((#11833));
#11835=STYLED_ITEM('',(#11834),#11828);
#11836=CARTESIAN_POINT('',(-3.25E0,2.123155889677E0,3.65E0));
#11837=DIRECTION('',(-1.E0,0.E0,0.E0));
#11838=DIRECTION('',(0.E0,0.E0,-1.E0));
#11839=AXIS2_PLACEMENT_3D('',#11836,#11837,#11838);
#11840=PLANE('',#11839);
#11842=ORIENTED_EDGE('',*,*,#11841,.T.);
#11844=ORIENTED_EDGE('',*,*,#11843,.F.);
#11846=ORIENTED_EDGE('',*,*,#11845,.F.);
#11848=ORIENTED_EDGE('',*,*,#11847,.F.);
#11849=ORIENTED_EDGE('',*,*,#8495,.T.);
#11850=ORIENTED_EDGE('',*,*,#7628,.T.);
#11852=ORIENTED_EDGE('',*,*,#11851,.T.);
#11854=ORIENTED_EDGE('',*,*,#11853,.T.);
#11856=ORIENTED_EDGE('',*,*,#11855,.T.);
#11858=ORIENTED_EDGE('',*,*,#11857,.T.);
#11859=EDGE_LOOP('',(#11842,#11844,#11846,#11848,#11849,#11850,#11852,#11854,
#11856,#11858));
#11860=FACE_OUTER_BOUND('',#11859,.F.);
#11862=FILL_AREA_STYLE_COLOUR('',#16);
#11863=FILL_AREA_STYLE('',(#11862));
#11864=SURFACE_STYLE_FILL_AREA(#11863);
#11865=SURFACE_SIDE_STYLE('',(#11864));
#11866=SURFACE_STYLE_USAGE(.POSITIVE.,#11865);
#11867=PRESENTATION_STYLE_ASSIGNMENT((#11866));
#11868=STYLED_ITEM('',(#11867),#11861);
#11869=CARTESIAN_POINT('',(-3.2E0,-5.35E0,1.5E-1));
#11870=DIRECTION('',(-9.486832980505E-1,-3.162277660168E-1,0.E0));
#11871=DIRECTION('',(-3.162277660168E-1,9.486832980505E-1,0.E0));
#11872=AXIS2_PLACEMENT_3D('',#11869,#11870,#11871);
#11873=PLANE('',#11872);
#11874=ORIENTED_EDGE('',*,*,#11841,.F.);
#11876=ORIENTED_EDGE('',*,*,#11875,.T.);
#11878=ORIENTED_EDGE('',*,*,#11877,.T.);
#11880=ORIENTED_EDGE('',*,*,#11879,.T.);
#11881=EDGE_LOOP('',(#11874,#11876,#11878,#11880));
#11882=FACE_OUTER_BOUND('',#11881,.F.);
#11884=FILL_AREA_STYLE_COLOUR('',#16);
#11885=FILL_AREA_STYLE('',(#11884));
#11886=SURFACE_STYLE_FILL_AREA(#11885);
#11887=SURFACE_SIDE_STYLE('',(#11886));
#11888=SURFACE_STYLE_USAGE(.POSITIVE.,#11887);
#11889=PRESENTATION_STYLE_ASSIGNMENT((#11888));
#11890=STYLED_ITEM('',(#11889),#11883);
#11891=CARTESIAN_POINT('',(-3.E0,-5.35E0,3.5E-1));
#11892=DIRECTION('',(0.E0,-3.162277660168E-1,9.486832980505E-1));
#11893=DIRECTION('',(0.E0,9.486832980505E-1,3.162277660168E-1));
#11894=AXIS2_PLACEMENT_3D('',#11891,#11892,#11893);
#11895=PLANE('',#11894);
#11897=ORIENTED_EDGE('',*,*,#11896,.T.);
#11898=ORIENTED_EDGE('',*,*,#11875,.F.);
#11900=ORIENTED_EDGE('',*,*,#11899,.F.);
#11902=ORIENTED_EDGE('',*,*,#11901,.F.);
#11903=EDGE_LOOP('',(#11897,#11898,#11900,#11902));
#11904=FACE_OUTER_BOUND('',#11903,.F.);
#11906=FILL_AREA_STYLE_COLOUR('',#16);
#11907=FILL_AREA_STYLE('',(#11906));
#11908=SURFACE_STYLE_FILL_AREA(#11907);
#11909=SURFACE_SIDE_STYLE('',(#11908));
#11910=SURFACE_STYLE_USAGE(.POSITIVE.,#11909);
#11911=PRESENTATION_STYLE_ASSIGNMENT((#11910));
#11912=STYLED_ITEM('',(#11911),#11905);
#11913=CARTESIAN_POINT('',(-3.E0,-5.5E0,1.5E-1));
#11914=DIRECTION('',(0.E0,-1.E0,0.E0));
#11915=DIRECTION('',(0.E0,0.E0,-1.E0));
#11916=AXIS2_PLACEMENT_3D('',#11913,#11914,#11915);
#11917=PLANE('',#11916);
#11919=ORIENTED_EDGE('',*,*,#11918,.F.);
#11921=ORIENTED_EDGE('',*,*,#11920,.F.);
#11922=ORIENTED_EDGE('',*,*,#11877,.F.);
#11923=ORIENTED_EDGE('',*,*,#11896,.F.);
#11924=EDGE_LOOP('',(#11919,#11921,#11922,#11923));
#11925=FACE_OUTER_BOUND('',#11924,.F.);
#11927=FILL_AREA_STYLE_COLOUR('',#16);
#11928=FILL_AREA_STYLE('',(#11927));
#11929=SURFACE_STYLE_FILL_AREA(#11928);
#11930=SURFACE_SIDE_STYLE('',(#11929));
#11931=SURFACE_STYLE_USAGE(.POSITIVE.,#11930);
#11932=PRESENTATION_STYLE_ASSIGNMENT((#11931));
#11933=STYLED_ITEM('',(#11932),#11926);
#11934=CARTESIAN_POINT('',(-2.8E0,-5.35E0,1.5E-1));
#11935=DIRECTION('',(9.486832980505E-1,-3.162277660168E-1,0.E0));
#11936=DIRECTION('',(3.162277660168E-1,9.486832980505E-1,0.E0));
#11937=AXIS2_PLACEMENT_3D('',#11934,#11935,#11936);
#11938=PLANE('',#11937);
#11939=ORIENTED_EDGE('',*,*,#11749,.F.);
#11941=ORIENTED_EDGE('',*,*,#11940,.T.);
#11942=ORIENTED_EDGE('',*,*,#11918,.T.);
#11943=ORIENTED_EDGE('',*,*,#11901,.T.);
#11944=EDGE_LOOP('',(#11939,#11941,#11942,#11943));
#11945=FACE_OUTER_BOUND('',#11944,.F.);
#11947=FILL_AREA_STYLE_COLOUR('',#16);
#11948=FILL_AREA_STYLE('',(#11947));
#11949=SURFACE_STYLE_FILL_AREA(#11948);
#11950=SURFACE_SIDE_STYLE('',(#11949));
#11951=SURFACE_STYLE_USAGE(.POSITIVE.,#11950);
#11952=PRESENTATION_STYLE_ASSIGNMENT((#11951));
#11953=STYLED_ITEM('',(#11952),#11946);
#11954=CARTESIAN_POINT('',(-3.E0,-5.35E0,-5.E-2));
#11955=DIRECTION('',(0.E0,-3.162277660168E-1,-9.486832980505E-1));
#11956=DIRECTION('',(0.E0,9.486832980505E-1,-3.162277660168E-1));
#11957=AXIS2_PLACEMENT_3D('',#11954,#11955,#11956);
#11958=PLANE('',#11957);
#11960=ORIENTED_EDGE('',*,*,#11959,.F.);
#11961=ORIENTED_EDGE('',*,*,#11879,.F.);
#11962=ORIENTED_EDGE('',*,*,#11920,.T.);
#11963=ORIENTED_EDGE('',*,*,#11940,.F.);
#11964=EDGE_LOOP('',(#11960,#11961,#11962,#11963));
#11965=FACE_OUTER_BOUND('',#11964,.F.);
#11967=FILL_AREA_STYLE_COLOUR('',#16);
#11968=FILL_AREA_STYLE('',(#11967));
#11969=SURFACE_STYLE_FILL_AREA(#11968);
#11970=SURFACE_SIDE_STYLE('',(#11969));
#11971=SURFACE_STYLE_USAGE(.POSITIVE.,#11970);
#11972=PRESENTATION_STYLE_ASSIGNMENT((#11971));
#11973=STYLED_ITEM('',(#11972),#11966);
#11974=CARTESIAN_POINT('',(-3.25E0,-3.474519833153E0,-1.E-1));
#11975=DIRECTION('',(0.E0,0.E0,-1.E0));
#11976=DIRECTION('',(1.E0,0.E0,0.E0));
#11977=AXIS2_PLACEMENT_3D('',#11974,#11975,#11976);
#11978=PLANE('',#11977);
#11979=ORIENTED_EDGE('',*,*,#11959,.T.);
#11980=ORIENTED_EDGE('',*,*,#11765,.F.);
#11982=ORIENTED_EDGE('',*,*,#11981,.F.);
#11983=ORIENTED_EDGE('',*,*,#11843,.T.);
#11984=EDGE_LOOP('',(#11979,#11980,#11982,#11983));
#11985=FACE_OUTER_BOUND('',#11984,.F.);
#11987=FILL_AREA_STYLE_COLOUR('',#16);
#11988=FILL_AREA_STYLE('',(#11987));
#11989=SURFACE_STYLE_FILL_AREA(#11988);
#11990=SURFACE_SIDE_STYLE('',(#11989));
#11991=SURFACE_STYLE_USAGE(.POSITIVE.,#11990);
#11992=PRESENTATION_STYLE_ASSIGNMENT((#11991));
#11993=STYLED_ITEM('',(#11992),#11986);
#11994=CARTESIAN_POINT('',(-2.E0,-3.474519833153E0,6.245198331529E-1));
#11995=DIRECTION('',(-1.E0,0.E0,0.E0));
#11996=DIRECTION('',(0.E0,-1.E0,0.E0));
#11997=AXIS2_PLACEMENT_3D('',#11994,#11995,#11996);
#11998=CYLINDRICAL_SURFACE('',#11997,7.245198331529E-1);
#12000=ORIENTED_EDGE('',*,*,#11999,.F.);
#12001=ORIENTED_EDGE('',*,*,#11845,.T.);
#12002=ORIENTED_EDGE('',*,*,#11981,.T.);
#12003=ORIENTED_EDGE('',*,*,#11763,.F.);
#12004=EDGE_LOOP('',(#12000,#12001,#12002,#12003));
#12005=FACE_OUTER_BOUND('',#12004,.F.);
#12007=FILL_AREA_STYLE_COLOUR('',#16);
#12008=FILL_AREA_STYLE('',(#12007));
#12009=SURFACE_STYLE_FILL_AREA(#12008);
#12010=SURFACE_SIDE_STYLE('',(#12009));
#12011=SURFACE_STYLE_USAGE(.POSITIVE.,#12010);
#12012=PRESENTATION_STYLE_ASSIGNMENT((#12011));
#12013=STYLED_ITEM('',(#12012),#12006);
#12014=CARTESIAN_POINT('',(-3.25E0,-2.75E0,2.996265737617E0));
#12015=DIRECTION('',(0.E0,1.E0,0.E0));
#12016=DIRECTION('',(1.E0,0.E0,0.E0));
#12017=AXIS2_PLACEMENT_3D('',#12014,#12015,#12016);
#12018=PLANE('',#12017);
#12019=ORIENTED_EDGE('',*,*,#11847,.T.);
#12020=ORIENTED_EDGE('',*,*,#11999,.T.);
#12021=ORIENTED_EDGE('',*,*,#11761,.F.);
#12022=ORIENTED_EDGE('',*,*,#8497,.F.);
#12023=EDGE_LOOP('',(#12019,#12020,#12021,#12022));
#12024=FACE_OUTER_BOUND('',#12023,.F.);
#12026=FILL_AREA_STYLE_COLOUR('',#16);
#12027=FILL_AREA_STYLE('',(#12026));
#12028=SURFACE_STYLE_FILL_AREA(#12027);
#12029=SURFACE_SIDE_STYLE('',(#12028));
#12030=SURFACE_STYLE_USAGE(.POSITIVE.,#12029);
#12031=PRESENTATION_STYLE_ASSIGNMENT((#12030));
#12032=STYLED_ITEM('',(#12031),#12025);
#12033=CARTESIAN_POINT('',(-2.75E0,-3.474519833153E0,4.E-1));
#12034=DIRECTION('',(0.E0,0.E0,1.E0));
#12035=DIRECTION('',(-1.E0,0.E0,0.E0));
#12036=AXIS2_PLACEMENT_3D('',#12033,#12034,#12035);
#12037=PLANE('',#12036);
#12038=ORIENTED_EDGE('',*,*,#11899,.T.);
#12039=ORIENTED_EDGE('',*,*,#11857,.F.);
#12041=ORIENTED_EDGE('',*,*,#12040,.F.);
#12042=ORIENTED_EDGE('',*,*,#11751,.T.);
#12043=EDGE_LOOP('',(#12038,#12039,#12041,#12042));
#12044=FACE_OUTER_BOUND('',#12043,.F.);
#12046=FILL_AREA_STYLE_COLOUR('',#16);
#12047=FILL_AREA_STYLE('',(#12046));
#12048=SURFACE_STYLE_FILL_AREA(#12047);
#12049=SURFACE_SIDE_STYLE('',(#12048));
#12050=SURFACE_STYLE_USAGE(.POSITIVE.,#12049);
#12051=PRESENTATION_STYLE_ASSIGNMENT((#12050));
#12052=STYLED_ITEM('',(#12051),#12045);
#12053=CARTESIAN_POINT('',(-2.E0,-3.474519833153E0,6.245198331529E-1));
#12054=DIRECTION('',(-1.E0,0.E0,0.E0));
#12055=DIRECTION('',(0.E0,-1.E0,0.E0));
#12056=AXIS2_PLACEMENT_3D('',#12053,#12054,#12055);
#12057=CYLINDRICAL_SURFACE('',#12056,2.245198331529E-1);
#12059=ORIENTED_EDGE('',*,*,#12058,.F.);
#12060=ORIENTED_EDGE('',*,*,#11753,.T.);
#12061=ORIENTED_EDGE('',*,*,#12040,.T.);
#12062=ORIENTED_EDGE('',*,*,#11855,.F.);
#12063=EDGE_LOOP('',(#12059,#12060,#12061,#12062));
#12064=FACE_OUTER_BOUND('',#12063,.F.);
#12066=FILL_AREA_STYLE_COLOUR('',#16);
#12067=FILL_AREA_STYLE('',(#12066));
#12068=SURFACE_STYLE_FILL_AREA(#12067);
#12069=SURFACE_SIDE_STYLE('',(#12068));
#12070=SURFACE_STYLE_USAGE(.POSITIVE.,#12069);
#12071=PRESENTATION_STYLE_ASSIGNMENT((#12070));
#12072=STYLED_ITEM('',(#12071),#12065);
#12073=CARTESIAN_POINT('',(-2.75E0,-3.25E0,2.996265737617E0));
#12074=DIRECTION('',(0.E0,-1.E0,0.E0));
#12075=DIRECTION('',(-1.E0,0.E0,0.E0));
#12076=AXIS2_PLACEMENT_3D('',#12073,#12074,#12075);
#12077=PLANE('',#12076);
#12079=ORIENTED_EDGE('',*,*,#12078,.F.);
#12080=ORIENTED_EDGE('',*,*,#11755,.T.);
#12081=ORIENTED_EDGE('',*,*,#12058,.T.);
#12082=ORIENTED_EDGE('',*,*,#11853,.F.);
#12083=EDGE_LOOP('',(#12079,#12080,#12081,#12082));
#12084=FACE_OUTER_BOUND('',#12083,.F.);
#12086=FILL_AREA_STYLE_COLOUR('',#16);
#12087=FILL_AREA_STYLE('',(#12086));
#12088=SURFACE_STYLE_FILL_AREA(#12087);
#12089=SURFACE_SIDE_STYLE('',(#12088));
#12090=SURFACE_STYLE_USAGE(.POSITIVE.,#12089);
#12091=PRESENTATION_STYLE_ASSIGNMENT((#12090));
#12092=STYLED_ITEM('',(#12091),#12085);
#12093=CARTESIAN_POINT('',(-4.E0,-2.596265737617E0,2.996265737617E0));
#12094=DIRECTION('',(1.E0,0.E0,0.E0));
#12095=DIRECTION('',(0.E0,0.E0,-1.E0));
#12096=AXIS2_PLACEMENT_3D('',#12093,#12094,#12095);
#12097=CYLINDRICAL_SURFACE('',#12096,6.537342623826E-1);
#12098=ORIENTED_EDGE('',*,*,#11757,.T.);
#12099=ORIENTED_EDGE('',*,*,#12078,.T.);
#12100=ORIENTED_EDGE('',*,*,#11851,.F.);
#12101=ORIENTED_EDGE('',*,*,#7626,.T.);
#12102=EDGE_LOOP('',(#12098,#12099,#12100,#12101));
#12103=FACE_OUTER_BOUND('',#12102,.F.);
#12105=FILL_AREA_STYLE_COLOUR('',#16);
#12106=FILL_AREA_STYLE('',(#12105));
#12107=SURFACE_STYLE_FILL_AREA(#12106);
#12108=SURFACE_SIDE_STYLE('',(#12107));
#12109=SURFACE_STYLE_USAGE(.POSITIVE.,#12108);
#12110=PRESENTATION_STYLE_ASSIGNMENT((#12109));
#12111=STYLED_ITEM('',(#12110),#12104);
#12112=CARTESIAN_POINT('',(-4.75E0,2.123155889677E0,3.65E0));
#12113=DIRECTION('',(0.E0,0.E0,1.E0));
#12114=DIRECTION('',(-1.E0,0.E0,0.E0));
#12115=AXIS2_PLACEMENT_3D('',#12112,#12113,#12114);
#12116=PLANE('',#12115);
#12118=ORIENTED_EDGE('',*,*,#12117,.T.);
#12119=ORIENTED_EDGE('',*,*,#8677,.T.);
#12120=ORIENTED_EDGE('',*,*,#8878,.T.);
#12121=ORIENTED_EDGE('',*,*,#8552,.F.);
#12122=EDGE_LOOP('',(#12118,#12119,#12120,#12121));
#12123=FACE_OUTER_BOUND('',#12122,.F.);
#12125=FILL_AREA_STYLE_COLOUR('',#16);
#12126=FILL_AREA_STYLE('',(#12125));
#12127=SURFACE_STYLE_FILL_AREA(#12126);
#12128=SURFACE_SIDE_STYLE('',(#12127));
#12129=SURFACE_STYLE_USAGE(.POSITIVE.,#12128);
#12130=PRESENTATION_STYLE_ASSIGNMENT((#12129));
#12131=STYLED_ITEM('',(#12130),#12124);
#12132=CARTESIAN_POINT('',(-5.E0,1.973155889677E0,3.6E0));
#12133=DIRECTION('',(0.E0,3.162277660168E-1,9.486832980505E-1));
#12134=DIRECTION('',(0.E0,-9.486832980505E-1,3.162277660168E-1));
#12135=AXIS2_PLACEMENT_3D('',#12132,#12133,#12134);
#12136=PLANE('',#12135);
#12137=ORIENTED_EDGE('',*,*,#12117,.F.);
#12138=ORIENTED_EDGE('',*,*,#8608,.T.);
#12139=ORIENTED_EDGE('',*,*,#8630,.T.);
#12140=ORIENTED_EDGE('',*,*,#8652,.F.);
#12141=EDGE_LOOP('',(#12137,#12138,#12139,#12140));
#12142=FACE_OUTER_BOUND('',#12141,.F.);
#12144=FILL_AREA_STYLE_COLOUR('',#16);
#12145=FILL_AREA_STYLE('',(#12144));
#12146=SURFACE_STYLE_FILL_AREA(#12145);
#12147=SURFACE_SIDE_STYLE('',(#12146));
#12148=SURFACE_STYLE_USAGE(.POSITIVE.,#12147);
#12149=PRESENTATION_STYLE_ASSIGNMENT((#12148));
#12150=STYLED_ITEM('',(#12149),#12143);
#12151=CARTESIAN_POINT('',(-4.8E0,-5.35E0,1.5E-1));
#12152=DIRECTION('',(9.486832980505E-1,-3.162277660168E-1,0.E0));
#12153=DIRECTION('',(3.162277660168E-1,9.486832980505E-1,0.E0));
#12154=AXIS2_PLACEMENT_3D('',#12151,#12152,#12153);
#12155=PLANE('',#12154);
#12156=ORIENTED_EDGE('',*,*,#8694,.F.);
#12158=ORIENTED_EDGE('',*,*,#12157,.T.);
#12160=ORIENTED_EDGE('',*,*,#12159,.T.);
#12162=ORIENTED_EDGE('',*,*,#12161,.T.);
#12163=EDGE_LOOP('',(#12156,#12158,#12160,#12162));
#12164=FACE_OUTER_BOUND('',#12163,.F.);
#12166=FILL_AREA_STYLE_COLOUR('',#16);
#12167=FILL_AREA_STYLE('',(#12166));
#12168=SURFACE_STYLE_FILL_AREA(#12167);
#12169=SURFACE_SIDE_STYLE('',(#12168));
#12170=SURFACE_STYLE_USAGE(.POSITIVE.,#12169);
#12171=PRESENTATION_STYLE_ASSIGNMENT((#12170));
#12172=STYLED_ITEM('',(#12171),#12165);
#12173=CARTESIAN_POINT('',(-5.E0,-5.35E0,-5.E-2));
#12174=DIRECTION('',(0.E0,-3.162277660168E-1,-9.486832980505E-1));
#12175=DIRECTION('',(0.E0,9.486832980505E-1,-3.162277660168E-1));
#12176=AXIS2_PLACEMENT_3D('',#12173,#12174,#12175);
#12177=PLANE('',#12176);
#12179=ORIENTED_EDGE('',*,*,#12178,.F.);
#12181=ORIENTED_EDGE('',*,*,#12180,.F.);
#12183=ORIENTED_EDGE('',*,*,#12182,.T.);
#12184=ORIENTED_EDGE('',*,*,#12157,.F.);
#12185=EDGE_LOOP('',(#12179,#12181,#12183,#12184));
#12186=FACE_OUTER_BOUND('',#12185,.F.);
#12188=FILL_AREA_STYLE_COLOUR('',#16);
#12189=FILL_AREA_STYLE('',(#12188));
#12190=SURFACE_STYLE_FILL_AREA(#12189);
#12191=SURFACE_SIDE_STYLE('',(#12190));
#12192=SURFACE_STYLE_USAGE(.POSITIVE.,#12191);
#12193=PRESENTATION_STYLE_ASSIGNMENT((#12192));
#12194=STYLED_ITEM('',(#12193),#12187);
#12195=CARTESIAN_POINT('',(-5.25E0,-3.474519833153E0,-1.E-1));
#12196=DIRECTION('',(0.E0,0.E0,-1.E0));
#12197=DIRECTION('',(1.E0,0.E0,0.E0));
#12198=AXIS2_PLACEMENT_3D('',#12195,#12196,#12197);
#12199=PLANE('',#12198);
#12200=ORIENTED_EDGE('',*,*,#12178,.T.);
#12201=ORIENTED_EDGE('',*,*,#8710,.F.);
#12203=ORIENTED_EDGE('',*,*,#12202,.F.);
#12204=ORIENTED_EDGE('',*,*,#8575,.T.);
#12205=EDGE_LOOP('',(#12200,#12201,#12203,#12204));
#12206=FACE_OUTER_BOUND('',#12205,.F.);
#12208=FILL_AREA_STYLE_COLOUR('',#16);
#12209=FILL_AREA_STYLE('',(#12208));
#12210=SURFACE_STYLE_FILL_AREA(#12209);
#12211=SURFACE_SIDE_STYLE('',(#12210));
#12212=SURFACE_STYLE_USAGE(.POSITIVE.,#12211);
#12213=PRESENTATION_STYLE_ASSIGNMENT((#12212));
#12214=STYLED_ITEM('',(#12213),#12207);
#12215=CARTESIAN_POINT('',(-4.E0,-3.474519833153E0,6.245198331529E-1));
#12216=DIRECTION('',(-1.E0,0.E0,0.E0));
#12217=DIRECTION('',(0.E0,-1.E0,0.E0));
#12218=AXIS2_PLACEMENT_3D('',#12215,#12216,#12217);
#12219=CYLINDRICAL_SURFACE('',#12218,7.245198331529E-1);
#12221=ORIENTED_EDGE('',*,*,#12220,.F.);
#12222=ORIENTED_EDGE('',*,*,#8577,.T.);
#12223=ORIENTED_EDGE('',*,*,#12202,.T.);
#12224=ORIENTED_EDGE('',*,*,#8708,.F.);
#12225=EDGE_LOOP('',(#12221,#12222,#12223,#12224));
#12226=FACE_OUTER_BOUND('',#12225,.F.);
#12228=FILL_AREA_STYLE_COLOUR('',#16);
#12229=FILL_AREA_STYLE('',(#12228));
#12230=SURFACE_STYLE_FILL_AREA(#12229);
#12231=SURFACE_SIDE_STYLE('',(#12230));
#12232=SURFACE_STYLE_USAGE(.POSITIVE.,#12231);
#12233=PRESENTATION_STYLE_ASSIGNMENT((#12232));
#12234=STYLED_ITEM('',(#12233),#12227);
#12235=CARTESIAN_POINT('',(-5.25E0,-2.75E0,2.996265737617E0));
#12236=DIRECTION('',(0.E0,1.E0,0.E0));
#12237=DIRECTION('',(1.E0,0.E0,0.E0));
#12238=AXIS2_PLACEMENT_3D('',#12235,#12236,#12237);
#12239=PLANE('',#12238);
#12240=ORIENTED_EDGE('',*,*,#8579,.T.);
#12241=ORIENTED_EDGE('',*,*,#12220,.T.);
#12242=ORIENTED_EDGE('',*,*,#8706,.F.);
#12243=ORIENTED_EDGE('',*,*,#8490,.F.);
#12244=EDGE_LOOP('',(#12240,#12241,#12242,#12243));
#12245=FACE_OUTER_BOUND('',#12244,.F.);
#12247=FILL_AREA_STYLE_COLOUR('',#16);
#12248=FILL_AREA_STYLE('',(#12247));
#12249=SURFACE_STYLE_FILL_AREA(#12248);
#12250=SURFACE_SIDE_STYLE('',(#12249));
#12251=SURFACE_STYLE_USAGE(.POSITIVE.,#12250);
#12252=PRESENTATION_STYLE_ASSIGNMENT((#12251));
#12253=STYLED_ITEM('',(#12252),#12246);
#12254=CARTESIAN_POINT('',(-5.2E0,-5.35E0,1.5E-1));
#12255=DIRECTION('',(-9.486832980505E-1,-3.162277660168E-1,0.E0));
#12256=DIRECTION('',(-3.162277660168E-1,9.486832980505E-1,0.E0));
#12257=AXIS2_PLACEMENT_3D('',#12254,#12255,#12256);
#12258=PLANE('',#12257);
#12259=ORIENTED_EDGE('',*,*,#8573,.F.);
#12261=ORIENTED_EDGE('',*,*,#12260,.T.);
#12263=ORIENTED_EDGE('',*,*,#12262,.T.);
#12264=ORIENTED_EDGE('',*,*,#12180,.T.);
#12265=EDGE_LOOP('',(#12259,#12261,#12263,#12264));
#12266=FACE_OUTER_BOUND('',#12265,.F.);
#12268=FILL_AREA_STYLE_COLOUR('',#16);
#12269=FILL_AREA_STYLE('',(#12268));
#12270=SURFACE_STYLE_FILL_AREA(#12269);
#12271=SURFACE_SIDE_STYLE('',(#12270));
#12272=SURFACE_STYLE_USAGE(.POSITIVE.,#12271);
#12273=PRESENTATION_STYLE_ASSIGNMENT((#12272));
#12274=STYLED_ITEM('',(#12273),#12267);
#12275=CARTESIAN_POINT('',(-5.E0,-5.35E0,3.5E-1));
#12276=DIRECTION('',(0.E0,-3.162277660168E-1,9.486832980505E-1));
#12277=DIRECTION('',(0.E0,9.486832980505E-1,3.162277660168E-1));
#12278=AXIS2_PLACEMENT_3D('',#12275,#12276,#12277);
#12279=PLANE('',#12278);
#12281=ORIENTED_EDGE('',*,*,#12280,.T.);
#12282=ORIENTED_EDGE('',*,*,#12260,.F.);
#12284=ORIENTED_EDGE('',*,*,#12283,.F.);
#12285=ORIENTED_EDGE('',*,*,#12161,.F.);
#12286=EDGE_LOOP('',(#12281,#12282,#12284,#12285));
#12287=FACE_OUTER_BOUND('',#12286,.F.);
#12289=FILL_AREA_STYLE_COLOUR('',#16);
#12290=FILL_AREA_STYLE('',(#12289));
#12291=SURFACE_STYLE_FILL_AREA(#12290);
#12292=SURFACE_SIDE_STYLE('',(#12291));
#12293=SURFACE_STYLE_USAGE(.POSITIVE.,#12292);
#12294=PRESENTATION_STYLE_ASSIGNMENT((#12293));
#12295=STYLED_ITEM('',(#12294),#12288);
#12296=CARTESIAN_POINT('',(-5.E0,-5.5E0,1.5E-1));
#12297=DIRECTION('',(0.E0,-1.E0,0.E0));
#12298=DIRECTION('',(0.E0,0.E0,-1.E0));
#12299=AXIS2_PLACEMENT_3D('',#12296,#12297,#12298);
#12300=PLANE('',#12299);
#12301=ORIENTED_EDGE('',*,*,#12159,.F.);
#12302=ORIENTED_EDGE('',*,*,#12182,.F.);
#12303=ORIENTED_EDGE('',*,*,#12262,.F.);
#12304=ORIENTED_EDGE('',*,*,#12280,.F.);
#12305=EDGE_LOOP('',(#12301,#12302,#12303,#12304));
#12306=FACE_OUTER_BOUND('',#12305,.F.);
#12308=FILL_AREA_STYLE_COLOUR('',#16);
#12309=FILL_AREA_STYLE('',(#12308));
#12310=SURFACE_STYLE_FILL_AREA(#12309);
#12311=SURFACE_SIDE_STYLE('',(#12310));
#12312=SURFACE_STYLE_USAGE(.POSITIVE.,#12311);
#12313=PRESENTATION_STYLE_ASSIGNMENT((#12312));
#12314=STYLED_ITEM('',(#12313),#12307);
#12315=CARTESIAN_POINT('',(-4.75E0,-3.474519833153E0,4.E-1));
#12316=DIRECTION('',(0.E0,0.E0,1.E0));
#12317=DIRECTION('',(-1.E0,0.E0,0.E0));
#12318=AXIS2_PLACEMENT_3D('',#12315,#12316,#12317);
#12319=PLANE('',#12318);
#12320=ORIENTED_EDGE('',*,*,#12283,.T.);
#12321=ORIENTED_EDGE('',*,*,#8589,.F.);
#12323=ORIENTED_EDGE('',*,*,#12322,.F.);
#12324=ORIENTED_EDGE('',*,*,#8696,.T.);
#12325=EDGE_LOOP('',(#12320,#12321,#12323,#12324));
#12326=FACE_OUTER_BOUND('',#12325,.F.);
#12328=FILL_AREA_STYLE_COLOUR('',#16);
#12329=FILL_AREA_STYLE('',(#12328));
#12330=SURFACE_STYLE_FILL_AREA(#12329);
#12331=SURFACE_SIDE_STYLE('',(#12330));
#12332=SURFACE_STYLE_USAGE(.POSITIVE.,#12331);
#12333=PRESENTATION_STYLE_ASSIGNMENT((#12332));
#12334=STYLED_ITEM('',(#12333),#12327);
#12335=CARTESIAN_POINT('',(-4.E0,-3.474519833153E0,6.245198331529E-1));
#12336=DIRECTION('',(-1.E0,0.E0,0.E0));
#12337=DIRECTION('',(0.E0,-1.E0,0.E0));
#12338=AXIS2_PLACEMENT_3D('',#12335,#12336,#12337);
#12339=CYLINDRICAL_SURFACE('',#12338,2.245198331529E-1);
#12341=ORIENTED_EDGE('',*,*,#12340,.F.);
#12342=ORIENTED_EDGE('',*,*,#8698,.T.);
#12343=ORIENTED_EDGE('',*,*,#12322,.T.);
#12344=ORIENTED_EDGE('',*,*,#8587,.F.);
#12345=EDGE_LOOP('',(#12341,#12342,#12343,#12344));
#12346=FACE_OUTER_BOUND('',#12345,.F.);
#12348=FILL_AREA_STYLE_COLOUR('',#16);
#12349=FILL_AREA_STYLE('',(#12348));
#12350=SURFACE_STYLE_FILL_AREA(#12349);
#12351=SURFACE_SIDE_STYLE('',(#12350));
#12352=SURFACE_STYLE_USAGE(.POSITIVE.,#12351);
#12353=PRESENTATION_STYLE_ASSIGNMENT((#12352));
#12354=STYLED_ITEM('',(#12353),#12347);
#12355=CARTESIAN_POINT('',(-4.75E0,-3.25E0,2.996265737617E0));
#12356=DIRECTION('',(0.E0,-1.E0,0.E0));
#12357=DIRECTION('',(-1.E0,0.E0,0.E0));
#12358=AXIS2_PLACEMENT_3D('',#12355,#12356,#12357);
#12359=PLANE('',#12358);
#12361=ORIENTED_EDGE('',*,*,#12360,.F.);
#12362=ORIENTED_EDGE('',*,*,#8700,.T.);
#12363=ORIENTED_EDGE('',*,*,#12340,.T.);
#12364=ORIENTED_EDGE('',*,*,#8585,.F.);
#12365=EDGE_LOOP('',(#12361,#12362,#12363,#12364));
#12366=FACE_OUTER_BOUND('',#12365,.F.);
#12368=FILL_AREA_STYLE_COLOUR('',#16);
#12369=FILL_AREA_STYLE('',(#12368));
#12370=SURFACE_STYLE_FILL_AREA(#12369);
#12371=SURFACE_SIDE_STYLE('',(#12370));
#12372=SURFACE_STYLE_USAGE(.POSITIVE.,#12371);
#12373=PRESENTATION_STYLE_ASSIGNMENT((#12372));
#12374=STYLED_ITEM('',(#12373),#12367);
#12375=CARTESIAN_POINT('',(-6.E0,-2.596265737617E0,2.996265737617E0));
#12376=DIRECTION('',(1.E0,0.E0,0.E0));
#12377=DIRECTION('',(0.E0,0.E0,-1.E0));
#12378=AXIS2_PLACEMENT_3D('',#12375,#12376,#12377);
#12379=CYLINDRICAL_SURFACE('',#12378,6.537342623826E-1);
#12380=ORIENTED_EDGE('',*,*,#8702,.T.);
#12381=ORIENTED_EDGE('',*,*,#12360,.T.);
#12382=ORIENTED_EDGE('',*,*,#8583,.F.);
#12383=ORIENTED_EDGE('',*,*,#7634,.T.);
#12384=EDGE_LOOP('',(#12380,#12381,#12382,#12383));
#12385=FACE_OUTER_BOUND('',#12384,.F.);
#12387=FILL_AREA_STYLE_COLOUR('',#16);
#12388=FILL_AREA_STYLE('',(#12387));
#12389=SURFACE_STYLE_FILL_AREA(#12388);
#12390=SURFACE_SIDE_STYLE('',(#12389));
#12391=SURFACE_STYLE_USAGE(.POSITIVE.,#12390);
#12392=PRESENTATION_STYLE_ASSIGNMENT((#12391));
#12393=STYLED_ITEM('',(#12392),#12386);
#12394=CARTESIAN_POINT('',(7.2E0,0.E0,0.E0));
#12395=DIRECTION('',(-1.E0,0.E0,0.E0));
#12396=DIRECTION('',(0.E0,0.E0,1.E0));
#12397=AXIS2_PLACEMENT_3D('',#12394,#12395,#12396);
#12398=PLANE('',#12397);
#12399=ORIENTED_EDGE('',*,*,#7397,.T.);
#12400=ORIENTED_EDGE('',*,*,#7838,.T.);
#12401=ORIENTED_EDGE('',*,*,#7778,.T.);
#12402=ORIENTED_EDGE('',*,*,#8530,.F.);
#12403=ORIENTED_EDGE('',*,*,#7588,.T.);
#12405=ORIENTED_EDGE('',*,*,#12404,.F.);
#12407=ORIENTED_EDGE('',*,*,#12406,.F.);
#12408=ORIENTED_EDGE('',*,*,#8318,.F.);
#12409=EDGE_LOOP('',(#12399,#12400,#12401,#12402,#12403,#12405,#12407,#12408));
#12410=FACE_OUTER_BOUND('',#12409,.F.);
#12412=FILL_AREA_STYLE_COLOUR('',#10);
#12413=FILL_AREA_STYLE('',(#12412));
#12414=SURFACE_STYLE_FILL_AREA(#12413);
#12415=SURFACE_SIDE_STYLE('',(#12414));
#12416=SURFACE_STYLE_USAGE(.POSITIVE.,#12415);
#12417=PRESENTATION_STYLE_ASSIGNMENT((#12416));
#12418=STYLED_ITEM('',(#12417),#12411);
#12419=CARTESIAN_POINT('',(8.E0,-4.7E0,2.5E0));
#12420=DIRECTION('',(0.E0,5.432512781573E-1,-8.395701571522E-1));
#12421=DIRECTION('',(0.E0,8.395701571522E-1,5.432512781573E-1));
#12422=AXIS2_PLACEMENT_3D('',#12419,#12420,#12421);
#12423=PLANE('',#12422);
#12424=ORIENTED_EDGE('',*,*,#7278,.F.);
#12426=ORIENTED_EDGE('',*,*,#12425,.T.);
#12427=ORIENTED_EDGE('',*,*,#12404,.T.);
#12428=ORIENTED_EDGE('',*,*,#7586,.F.);
#12429=EDGE_LOOP('',(#12424,#12426,#12427,#12428));
#12430=FACE_OUTER_BOUND('',#12429,.F.);
#12432=FILL_AREA_STYLE_COLOUR('',#10);
#12433=FILL_AREA_STYLE('',(#12432));
#12434=SURFACE_STYLE_FILL_AREA(#12433);
#12435=SURFACE_SIDE_STYLE('',(#12434));
#12436=SURFACE_STYLE_USAGE(.POSITIVE.,#12435);
#12437=PRESENTATION_STYLE_ASSIGNMENT((#12436));
#12438=STYLED_ITEM('',(#12437),#12431);
#12439=CARTESIAN_POINT('',(8.E0,-4.7E0,0.E0));
#12440=DIRECTION('',(0.E0,1.E0,0.E0));
#12441=DIRECTION('',(0.E0,0.E0,1.E0));
#12442=AXIS2_PLACEMENT_3D('',#12439,#12440,#12441);
#12443=PLANE('',#12442);
#12444=ORIENTED_EDGE('',*,*,#7276,.F.);
#12445=ORIENTED_EDGE('',*,*,#8320,.T.);
#12446=ORIENTED_EDGE('',*,*,#12406,.T.);
#12447=ORIENTED_EDGE('',*,*,#12425,.F.);
#12448=EDGE_LOOP('',(#12444,#12445,#12446,#12447));
#12449=FACE_OUTER_BOUND('',#12448,.F.);
#12451=FILL_AREA_STYLE_COLOUR('',#10);
#12452=FILL_AREA_STYLE('',(#12451));
#12453=SURFACE_STYLE_FILL_AREA(#12452);
#12454=SURFACE_SIDE_STYLE('',(#12453));
#12455=SURFACE_STYLE_USAGE(.POSITIVE.,#12454);
#12456=PRESENTATION_STYLE_ASSIGNMENT((#12455));
#12457=STYLED_ITEM('',(#12456),#12450);
#12458=CARTESIAN_POINT('',(-5.9E0,3.E0,-1.E-1));
#12459=DIRECTION('',(-1.E0,0.E0,0.E0));
#12460=DIRECTION('',(0.E0,0.E0,1.E0));
#12461=AXIS2_PLACEMENT_3D('',#12458,#12459,#12460);
#12462=PLANE('',#12461);
#12463=ORIENTED_EDGE('',*,*,#8296,.F.);
#12464=ORIENTED_EDGE('',*,*,#7516,.T.);
#12465=ORIENTED_EDGE('',*,*,#8040,.F.);
#12466=ORIENTED_EDGE('',*,*,#7018,.F.);
#12467=EDGE_LOOP('',(#12463,#12464,#12465,#12466));
#12468=FACE_OUTER_BOUND('',#12467,.F.);
#12470=FILL_AREA_STYLE_COLOUR('',#10);
#12471=FILL_AREA_STYLE('',(#12470));
#12472=SURFACE_STYLE_FILL_AREA(#12471);
#12473=SURFACE_SIDE_STYLE('',(#12472));
#12474=SURFACE_STYLE_USAGE(.POSITIVE.,#12473);
#12475=PRESENTATION_STYLE_ASSIGNMENT((#12474));
#12476=STYLED_ITEM('',(#12475),#12469);
#12477=CARTESIAN_POINT('',(8.E0,-2.E-1,0.E0));
#12478=DIRECTION('',(0.E0,1.E0,0.E0));
#12479=DIRECTION('',(0.E0,0.E0,1.E0));
#12480=AXIS2_PLACEMENT_3D('',#12477,#12478,#12479);
#12481=PLANE('',#12480);
#12483=ORIENTED_EDGE('',*,*,#12482,.T.);
#12485=ORIENTED_EDGE('',*,*,#12484,.T.);
#12487=ORIENTED_EDGE('',*,*,#12486,.T.);
#12488=ORIENTED_EDGE('',*,*,#7151,.T.);
#12489=ORIENTED_EDGE('',*,*,#8323,.F.);
#12490=ORIENTED_EDGE('',*,*,#7272,.T.);
#12491=EDGE_LOOP('',(#12483,#12485,#12487,#12488,#12489,#12490));
#12492=FACE_OUTER_BOUND('',#12491,.F.);
#12494=FILL_AREA_STYLE_COLOUR('',#10);
#12495=FILL_AREA_STYLE('',(#12494));
#12496=SURFACE_STYLE_FILL_AREA(#12495);
#12497=SURFACE_SIDE_STYLE('',(#12496));
#12498=SURFACE_STYLE_USAGE(.POSITIVE.,#12497);
#12499=PRESENTATION_STYLE_ASSIGNMENT((#12498));
#12500=STYLED_ITEM('',(#12499),#12493);
#12501=CARTESIAN_POINT('',(8.E0,-2.E-1,1.2E0));
#12502=DIRECTION('',(0.E0,0.E0,-1.E0));
#12503=DIRECTION('',(0.E0,1.E0,0.E0));
#12504=AXIS2_PLACEMENT_3D('',#12501,#12502,#12503);
#12505=PLANE('',#12504);
#12507=ORIENTED_EDGE('',*,*,#12506,.F.);
#12508=ORIENTED_EDGE('',*,*,#12482,.F.);
#12509=ORIENTED_EDGE('',*,*,#7270,.T.);
#12510=ORIENTED_EDGE('',*,*,#7325,.T.);
#12511=EDGE_LOOP('',(#12507,#12508,#12509,#12510));
#12512=FACE_OUTER_BOUND('',#12511,.F.);
#12514=FILL_AREA_STYLE_COLOUR('',#10);
#12515=FILL_AREA_STYLE('',(#12514));
#12516=SURFACE_STYLE_FILL_AREA(#12515);
#12517=SURFACE_SIDE_STYLE('',(#12516));
#12518=SURFACE_STYLE_USAGE(.POSITIVE.,#12517);
#12519=PRESENTATION_STYLE_ASSIGNMENT((#12518));
#12520=STYLED_ITEM('',(#12519),#12513);
#12521=CARTESIAN_POINT('',(7.6E0,2.15E0,0.E0));
#12522=DIRECTION('',(-1.E0,0.E0,0.E0));
#12523=DIRECTION('',(0.E0,0.E0,1.E0));
#12524=AXIS2_PLACEMENT_3D('',#12521,#12522,#12523);
#12525=PLANE('',#12524);
#12526=ORIENTED_EDGE('',*,*,#12484,.F.);
#12527=ORIENTED_EDGE('',*,*,#12506,.T.);
#12528=ORIENTED_EDGE('',*,*,#7323,.T.);
#12530=ORIENTED_EDGE('',*,*,#12529,.T.);
#12531=EDGE_LOOP('',(#12526,#12527,#12528,#12530));
#12532=FACE_OUTER_BOUND('',#12531,.F.);
#12534=FILL_AREA_STYLE_COLOUR('',#10);
#12535=FILL_AREA_STYLE('',(#12534));
#12536=SURFACE_STYLE_FILL_AREA(#12535);
#12537=SURFACE_SIDE_STYLE('',(#12536));
#12538=SURFACE_STYLE_USAGE(.POSITIVE.,#12537);
#12539=PRESENTATION_STYLE_ASSIGNMENT((#12538));
#12540=STYLED_ITEM('',(#12539),#12533);
#12541=CARTESIAN_POINT('',(7.6E0,2.15E0,2.2E0));
#12542=DIRECTION('',(0.E0,0.E0,-1.E0));
#12543=DIRECTION('',(-1.E0,0.E0,0.E0));
#12544=AXIS2_PLACEMENT_3D('',#12541,#12542,#12543);
#12545=PLANE('',#12544);
#12546=ORIENTED_EDGE('',*,*,#7153,.T.);
#12547=ORIENTED_EDGE('',*,*,#12486,.F.);
#12548=ORIENTED_EDGE('',*,*,#12529,.F.);
#12549=ORIENTED_EDGE('',*,*,#7330,.F.);
#12550=EDGE_LOOP('',(#12546,#12547,#12548,#12549));
#12551=FACE_OUTER_BOUND('',#12550,.F.);
#12553=FILL_AREA_STYLE_COLOUR('',#10);
#12554=FILL_AREA_STYLE('',(#12553));
#12555=SURFACE_STYLE_FILL_AREA(#12554);
#12556=SURFACE_SIDE_STYLE('',(#12555));
#12557=SURFACE_STYLE_USAGE(.POSITIVE.,#12556);
#12558=PRESENTATION_STYLE_ASSIGNMENT((#12557));
#12559=STYLED_ITEM('',(#12558),#12552);
#12560=CARTESIAN_POINT('',(5.6E0,3.E0,5.E0));
#12561=DIRECTION('',(-1.E0,0.E0,0.E0));
#12562=DIRECTION('',(0.E0,0.E0,1.E0));
#12563=AXIS2_PLACEMENT_3D('',#12560,#12561,#12562);
#12564=PLANE('',#12563);
#12565=ORIENTED_EDGE('',*,*,#7371,.F.);
#12566=ORIENTED_EDGE('',*,*,#6976,.T.);
#12568=ORIENTED_EDGE('',*,*,#12567,.T.);
#12570=ORIENTED_EDGE('',*,*,#12569,.T.);
#12571=EDGE_LOOP('',(#12565,#12566,#12568,#12570));
#12572=FACE_OUTER_BOUND('',#12571,.F.);
#12574=FILL_AREA_STYLE_COLOUR('',#10);
#12575=FILL_AREA_STYLE('',(#12574));
#12576=SURFACE_STYLE_FILL_AREA(#12575);
#12577=SURFACE_SIDE_STYLE('',(#12576));
#12578=SURFACE_STYLE_USAGE(.POSITIVE.,#12577);
#12579=PRESENTATION_STYLE_ASSIGNMENT((#12578));
#12580=STYLED_ITEM('',(#12579),#12573);
#12581=CARTESIAN_POINT('',(6.4E0,3.E0,5.E0));
#12582=DIRECTION('',(0.E0,0.E0,-1.E0));
#12583=DIRECTION('',(-1.E0,0.E0,0.E0));
#12584=AXIS2_PLACEMENT_3D('',#12581,#12582,#12583);
#12585=PLANE('',#12584);
#12586=ORIENTED_EDGE('',*,*,#6974,.F.);
#12588=ORIENTED_EDGE('',*,*,#12587,.T.);
#12590=ORIENTED_EDGE('',*,*,#12589,.T.);
#12591=ORIENTED_EDGE('',*,*,#12567,.F.);
#12592=EDGE_LOOP('',(#12586,#12588,#12590,#12591));
#12593=FACE_OUTER_BOUND('',#12592,.F.);
#12595=FILL_AREA_STYLE_COLOUR('',#10);
#12596=FILL_AREA_STYLE('',(#12595));
#12597=SURFACE_STYLE_FILL_AREA(#12596);
#12598=SURFACE_SIDE_STYLE('',(#12597));
#12599=SURFACE_STYLE_USAGE(.POSITIVE.,#12598);
#12600=PRESENTATION_STYLE_ASSIGNMENT((#12599));
#12601=STYLED_ITEM('',(#12600),#12594);
#12602=CARTESIAN_POINT('',(6.4E0,3.E0,5.5E0));
#12603=DIRECTION('',(1.E0,0.E0,0.E0));
#12604=DIRECTION('',(0.E0,0.E0,-1.E0));
#12605=AXIS2_PLACEMENT_3D('',#12602,#12603,#12604);
#12606=PLANE('',#12605);
#12607=ORIENTED_EDGE('',*,*,#7375,.T.);
#12609=ORIENTED_EDGE('',*,*,#12608,.T.);
#12610=ORIENTED_EDGE('',*,*,#12587,.F.);
#12611=ORIENTED_EDGE('',*,*,#6972,.F.);
#12612=EDGE_LOOP('',(#12607,#12609,#12610,#12611));
#12613=FACE_OUTER_BOUND('',#12612,.F.);
#12615=FILL_AREA_STYLE_COLOUR('',#10);
#12616=FILL_AREA_STYLE('',(#12615));
#12617=SURFACE_STYLE_FILL_AREA(#12616);
#12618=SURFACE_SIDE_STYLE('',(#12617));
#12619=SURFACE_STYLE_USAGE(.POSITIVE.,#12618);
#12620=PRESENTATION_STYLE_ASSIGNMENT((#12619));
#12621=STYLED_ITEM('',(#12620),#12614);
#12622=CARTESIAN_POINT('',(0.E0,2.2E0,0.E0));
#12623=DIRECTION('',(0.E0,1.E0,0.E0));
#12624=DIRECTION('',(1.E0,0.E0,0.E0));
#12625=AXIS2_PLACEMENT_3D('',#12622,#12623,#12624);
#12626=PLANE('',#12625);
#12627=ORIENTED_EDGE('',*,*,#7373,.F.);
#12628=ORIENTED_EDGE('',*,*,#12569,.F.);
#12629=ORIENTED_EDGE('',*,*,#12589,.F.);
#12630=ORIENTED_EDGE('',*,*,#12608,.F.);
#12631=EDGE_LOOP('',(#12627,#12628,#12629,#12630));
#12632=FACE_OUTER_BOUND('',#12631,.F.);
#12634=FILL_AREA_STYLE_COLOUR('',#10);
#12635=FILL_AREA_STYLE('',(#12634));
#12636=SURFACE_STYLE_FILL_AREA(#12635);
#12637=SURFACE_SIDE_STYLE('',(#12636));
#12638=SURFACE_STYLE_USAGE(.POSITIVE.,#12637);
#12639=PRESENTATION_STYLE_ASSIGNMENT((#12638));
#12640=STYLED_ITEM('',(#12639),#12633);
#12641=CARTESIAN_POINT('',(7.1E0,0.E0,3.4E0));
#12642=DIRECTION('',(0.E0,0.E0,1.E0));
#12643=DIRECTION('',(0.E0,-1.E0,0.E0));
#12644=AXIS2_PLACEMENT_3D('',#12641,#12642,#12643);
#12645=PLANE('',#12644);
#12646=ORIENTED_EDGE('',*,*,#7203,.F.);
#12647=ORIENTED_EDGE('',*,*,#7227,.F.);
#12648=ORIENTED_EDGE('',*,*,#7124,.F.);
#12649=ORIENTED_EDGE('',*,*,#7178,.T.);
#12650=EDGE_LOOP('',(#12646,#12647,#12648,#12649));
#12651=FACE_OUTER_BOUND('',#12650,.F.);
#12653=FILL_AREA_STYLE_COLOUR('',#10);
#12654=FILL_AREA_STYLE('',(#12653));
#12655=SURFACE_STYLE_FILL_AREA(#12654);
#12656=SURFACE_SIDE_STYLE('',(#12655));
#12657=SURFACE_STYLE_USAGE(.POSITIVE.,#12656);
#12658=PRESENTATION_STYLE_ASSIGNMENT((#12657));
#12659=STYLED_ITEM('',(#12658),#12652);
#12660=CARTESIAN_POINT('',(-7.1E0,1.E0,3.4E0));
#12661=DIRECTION('',(0.E0,0.E0,1.E0));
#12662=DIRECTION('',(0.E0,1.E0,0.E0));
#12663=AXIS2_PLACEMENT_3D('',#12660,#12661,#12662);
#12664=PLANE('',#12663);
#12665=ORIENTED_EDGE('',*,*,#6981,.F.);
#12666=ORIENTED_EDGE('',*,*,#6852,.T.);
#12667=ORIENTED_EDGE('',*,*,#6908,.T.);
#12668=ORIENTED_EDGE('',*,*,#6947,.F.);
#12669=EDGE_LOOP('',(#12665,#12666,#12667,#12668));
#12670=FACE_OUTER_BOUND('',#12669,.F.);
#12672=FILL_AREA_STYLE_COLOUR('',#10);
#12673=FILL_AREA_STYLE('',(#12672));
#12674=SURFACE_STYLE_FILL_AREA(#12673);
#12675=SURFACE_SIDE_STYLE('',(#12674));
#12676=SURFACE_STYLE_USAGE(.POSITIVE.,#12675);
#12677=PRESENTATION_STYLE_ASSIGNMENT((#12676));
#12678=STYLED_ITEM('',(#12677),#12671);
#12679=CARTESIAN_POINT('',(-7.1E0,0.E0,4.7E0));
#12680=DIRECTION('',(0.E0,1.E0,0.E0));
#12681=DIRECTION('',(0.E0,0.E0,-1.E0));
#12682=AXIS2_PLACEMENT_3D('',#12679,#12680,#12681);
#12683=PLANE('',#12682);
#12684=ORIENTED_EDGE('',*,*,#6860,.F.);
#12685=ORIENTED_EDGE('',*,*,#6782,.T.);
#12686=ORIENTED_EDGE('',*,*,#6809,.T.);
#12688=ORIENTED_EDGE('',*,*,#12687,.F.);
#12689=EDGE_LOOP('',(#12684,#12685,#12686,#12688));
#12690=FACE_OUTER_BOUND('',#12689,.F.);
#12692=FILL_AREA_STYLE_COLOUR('',#10);
#12693=FILL_AREA_STYLE('',(#12692));
#12694=SURFACE_STYLE_FILL_AREA(#12693);
#12695=SURFACE_SIDE_STYLE('',(#12694));
#12696=SURFACE_STYLE_USAGE(.POSITIVE.,#12695);
#12697=PRESENTATION_STYLE_ASSIGNMENT((#12696));
#12698=STYLED_ITEM('',(#12697),#12691);
#12699=CARTESIAN_POINT('',(-7.1E0,0.E0,3.4E0));
#12700=DIRECTION('',(0.E0,0.E0,-1.E0));
#12701=DIRECTION('',(0.E0,-1.E0,0.E0));
#12702=AXIS2_PLACEMENT_3D('',#12699,#12700,#12701);
#12703=PLANE('',#12702);
#12704=ORIENTED_EDGE('',*,*,#6862,.T.);
#12705=ORIENTED_EDGE('',*,*,#12687,.T.);
#12706=ORIENTED_EDGE('',*,*,#6807,.T.);
#12707=ORIENTED_EDGE('',*,*,#6833,.F.);
#12708=EDGE_LOOP('',(#12704,#12705,#12706,#12707));
#12709=FACE_OUTER_BOUND('',#12708,.F.);
#12711=FILL_AREA_STYLE_COLOUR('',#10);
#12712=FILL_AREA_STYLE('',(#12711));
#12713=SURFACE_STYLE_FILL_AREA(#12712);
#12714=SURFACE_SIDE_STYLE('',(#12713));
#12715=SURFACE_STYLE_USAGE(.POSITIVE.,#12714);
#12716=PRESENTATION_STYLE_ASSIGNMENT((#12715));
#12717=STYLED_ITEM('',(#12716),#12710);
#12718=CARTESIAN_POINT('',(-8.E0,-1.180635715049E0,1.375397449486E0));
#12719=DIRECTION('',(-1.E0,0.E0,0.E0));
#12720=DIRECTION('',(0.E0,-1.E0,0.E0));
#12721=AXIS2_PLACEMENT_3D('',#12718,#12719,#12720);
#12722=CYLINDRICAL_SURFACE('',#12721,7.400603591054E-2);
#12724=ORIENTED_EDGE('',*,*,#12723,.T.);
#12726=ORIENTED_EDGE('',*,*,#12725,.T.);
#12728=ORIENTED_EDGE('',*,*,#12727,.F.);
#12729=ORIENTED_EDGE('',*,*,#6567,.T.);
#12730=EDGE_LOOP('',(#12724,#12726,#12728,#12729));
#12731=FACE_OUTER_BOUND('',#12730,.F.);
#12733=FILL_AREA_STYLE_COLOUR('',#1);
#12734=FILL_AREA_STYLE('',(#12733));
#12735=SURFACE_STYLE_FILL_AREA(#12734);
#12736=SURFACE_SIDE_STYLE('',(#12735));
#12737=SURFACE_STYLE_USAGE(.POSITIVE.,#12736);
#12738=PRESENTATION_STYLE_ASSIGNMENT((#12737));
#12739=STYLED_ITEM('',(#12738),#12732);
#12740=CARTESIAN_POINT('',(-8.E0,-1.180635715049E0,1.375397449486E0));
#12741=DIRECTION('',(-1.E0,0.E0,0.E0));
#12742=DIRECTION('',(0.E0,-1.E0,0.E0));
#12743=AXIS2_PLACEMENT_3D('',#12740,#12741,#12742);
#12744=CYLINDRICAL_SURFACE('',#12743,7.400603591054E-2);
#12745=ORIENTED_EDGE('',*,*,#12723,.F.);
#12746=ORIENTED_EDGE('',*,*,#6569,.T.);
#12747=ORIENTED_EDGE('',*,*,#12727,.T.);
#12749=ORIENTED_EDGE('',*,*,#12748,.T.);
#12750=EDGE_LOOP('',(#12745,#12746,#12747,#12749));
#12751=FACE_OUTER_BOUND('',#12750,.F.);
#12753=FILL_AREA_STYLE_COLOUR('',#1);
#12754=FILL_AREA_STYLE('',(#12753));
#12755=SURFACE_STYLE_FILL_AREA(#12754);
#12756=SURFACE_SIDE_STYLE('',(#12755));
#12757=SURFACE_STYLE_USAGE(.POSITIVE.,#12756);
#12758=PRESENTATION_STYLE_ASSIGNMENT((#12757));
#12759=STYLED_ITEM('',(#12758),#12752);
#12760=CARTESIAN_POINT('',(-8.01E0,0.E0,0.E0));
#12761=DIRECTION('',(-1.E0,0.E0,0.E0));
#12762=DIRECTION('',(0.E0,-1.E0,0.E0));
#12763=AXIS2_PLACEMENT_3D('',#12760,#12761,#12762);
#12764=PLANE('',#12763);
#12766=ORIENTED_EDGE('',*,*,#12765,.F.);
#12768=ORIENTED_EDGE('',*,*,#12767,.F.);
#12770=ORIENTED_EDGE('',*,*,#12769,.F.);
#12772=ORIENTED_EDGE('',*,*,#12771,.F.);
#12774=ORIENTED_EDGE('',*,*,#12773,.F.);
#12776=ORIENTED_EDGE('',*,*,#12775,.F.);
#12777=EDGE_LOOP('',(#12766,#12768,#12770,#12772,#12774,#12776));
#12778=FACE_OUTER_BOUND('',#12777,.F.);
#12780=FILL_AREA_STYLE_COLOUR('',#1);
#12781=FILL_AREA_STYLE('',(#12780));
#12782=SURFACE_STYLE_FILL_AREA(#12781);
#12783=SURFACE_SIDE_STYLE('',(#12782));
#12784=SURFACE_STYLE_USAGE(.POSITIVE.,#12783);
#12785=PRESENTATION_STYLE_ASSIGNMENT((#12784));
#12786=STYLED_ITEM('',(#12785),#12779);
#12787=CARTESIAN_POINT('',(-8.01E0,0.E0,0.E0));
#12788=DIRECTION('',(-1.E0,0.E0,0.E0));
#12789=DIRECTION('',(0.E0,-1.E0,0.E0));
#12790=AXIS2_PLACEMENT_3D('',#12787,#12788,#12789);
#12791=PLANE('',#12790);
#12792=ORIENTED_EDGE('',*,*,#6230,.F.);
#12793=ORIENTED_EDGE('',*,*,#6268,.F.);
#12795=ORIENTED_EDGE('',*,*,#12794,.F.);
#12796=ORIENTED_EDGE('',*,*,#6199,.F.);
#12797=EDGE_LOOP('',(#12792,#12793,#12795,#12796));
#12798=FACE_OUTER_BOUND('',#12797,.F.);
#12800=FILL_AREA_STYLE_COLOUR('',#1);
#12801=FILL_AREA_STYLE('',(#12800));
#12802=SURFACE_STYLE_FILL_AREA(#12801);
#12803=SURFACE_SIDE_STYLE('',(#12802));
#12804=SURFACE_STYLE_USAGE(.POSITIVE.,#12803);
#12805=PRESENTATION_STYLE_ASSIGNMENT((#12804));
#12806=STYLED_ITEM('',(#12805),#12799);
#12807=CARTESIAN_POINT('',(-8.01E0,0.E0,0.E0));
#12808=DIRECTION('',(-1.E0,0.E0,0.E0));
#12809=DIRECTION('',(0.E0,-1.E0,0.E0));
#12810=AXIS2_PLACEMENT_3D('',#12807,#12808,#12809);
#12811=PLANE('',#12810);
#12813=ORIENTED_EDGE('',*,*,#12812,.F.);
#12815=ORIENTED_EDGE('',*,*,#12814,.F.);
#12817=ORIENTED_EDGE('',*,*,#12816,.F.);
#12819=ORIENTED_EDGE('',*,*,#12818,.F.);
#12821=ORIENTED_EDGE('',*,*,#12820,.F.);
#12823=ORIENTED_EDGE('',*,*,#12822,.F.);
#12825=ORIENTED_EDGE('',*,*,#12824,.F.);
#12827=ORIENTED_EDGE('',*,*,#12826,.F.);
#12829=ORIENTED_EDGE('',*,*,#12828,.F.);
#12831=ORIENTED_EDGE('',*,*,#12830,.F.);
#12833=ORIENTED_EDGE('',*,*,#12832,.F.);
#12835=ORIENTED_EDGE('',*,*,#12834,.F.);
#12836=EDGE_LOOP('',(#12813,#12815,#12817,#12819,#12821,#12823,#12825,#12827,
#12829,#12831,#12833,#12835));
#12837=FACE_OUTER_BOUND('',#12836,.F.);
#12839=FILL_AREA_STYLE_COLOUR('',#1);
#12840=FILL_AREA_STYLE('',(#12839));
#12841=SURFACE_STYLE_FILL_AREA(#12840);
#12842=SURFACE_SIDE_STYLE('',(#12841));
#12843=SURFACE_STYLE_USAGE(.POSITIVE.,#12842);
#12844=PRESENTATION_STYLE_ASSIGNMENT((#12843));
#12845=STYLED_ITEM('',(#12844),#12838);
#12846=CARTESIAN_POINT('',(-8.01E0,0.E0,0.E0));
#12847=DIRECTION('',(-1.E0,0.E0,0.E0));
#12848=DIRECTION('',(0.E0,-1.E0,0.E0));
#12849=AXIS2_PLACEMENT_3D('',#12846,#12847,#12848);
#12850=PLANE('',#12849);
#12852=ORIENTED_EDGE('',*,*,#12851,.F.);
#12854=ORIENTED_EDGE('',*,*,#12853,.F.);
#12856=ORIENTED_EDGE('',*,*,#12855,.F.);
#12858=ORIENTED_EDGE('',*,*,#12857,.F.);
#12859=EDGE_LOOP('',(#12852,#12854,#12856,#12858));
#12860=FACE_OUTER_BOUND('',#12859,.F.);
#12862=ORIENTED_EDGE('',*,*,#12861,.F.);
#12864=ORIENTED_EDGE('',*,*,#12863,.F.);
#12866=ORIENTED_EDGE('',*,*,#12865,.F.);
#12868=ORIENTED_EDGE('',*,*,#12867,.F.);
#12869=EDGE_LOOP('',(#12862,#12864,#12866,#12868));
#12870=FACE_BOUND('',#12869,.F.);
#12872=FILL_AREA_STYLE_COLOUR('',#1);
#12873=FILL_AREA_STYLE('',(#12872));
#12874=SURFACE_STYLE_FILL_AREA(#12873);
#12875=SURFACE_SIDE_STYLE('',(#12874));
#12876=SURFACE_STYLE_USAGE(.POSITIVE.,#12875);
#12877=PRESENTATION_STYLE_ASSIGNMENT((#12876));
#12878=STYLED_ITEM('',(#12877),#12871);
#12879=CARTESIAN_POINT('',(-8.01E0,0.E0,0.E0));
#12880=DIRECTION('',(-1.E0,0.E0,0.E0));
#12881=DIRECTION('',(0.E0,-1.E0,0.E0));
#12882=AXIS2_PLACEMENT_3D('',#12879,#12880,#12881);
#12883=PLANE('',#12882);
#12885=ORIENTED_EDGE('',*,*,#12884,.F.);
#12887=ORIENTED_EDGE('',*,*,#12886,.F.);
#12889=ORIENTED_EDGE('',*,*,#12888,.F.);
#12891=ORIENTED_EDGE('',*,*,#12890,.F.);
#12893=ORIENTED_EDGE('',*,*,#12892,.F.);
#12895=ORIENTED_EDGE('',*,*,#12894,.F.);
#12897=ORIENTED_EDGE('',*,*,#12896,.F.);
#12899=ORIENTED_EDGE('',*,*,#12898,.F.);
#12900=EDGE_LOOP('',(#12885,#12887,#12889,#12891,#12893,#12895,#12897,#12899));
#12901=FACE_OUTER_BOUND('',#12900,.F.);
#12903=ORIENTED_EDGE('',*,*,#12902,.F.);
#12905=ORIENTED_EDGE('',*,*,#12904,.F.);
#12907=ORIENTED_EDGE('',*,*,#12906,.F.);
#12909=ORIENTED_EDGE('',*,*,#12908,.F.);
#12911=ORIENTED_EDGE('',*,*,#12910,.F.);
#12912=EDGE_LOOP('',(#12903,#12905,#12907,#12909,#12911));
#12913=FACE_BOUND('',#12912,.F.);
#12915=FILL_AREA_STYLE_COLOUR('',#1);
#12916=FILL_AREA_STYLE('',(#12915));
#12917=SURFACE_STYLE_FILL_AREA(#12916);
#12918=SURFACE_SIDE_STYLE('',(#12917));
#12919=SURFACE_STYLE_USAGE(.POSITIVE.,#12918);
#12920=PRESENTATION_STYLE_ASSIGNMENT((#12919));
#12921=STYLED_ITEM('',(#12920),#12914);
#12922=CARTESIAN_POINT('',(-8.01E0,0.E0,0.E0));
#12923=DIRECTION('',(-1.E0,0.E0,0.E0));
#12924=DIRECTION('',(0.E0,-1.E0,0.E0));
#12925=AXIS2_PLACEMENT_3D('',#12922,#12923,#12924);
#12926=PLANE('',#12925);
#12928=ORIENTED_EDGE('',*,*,#12927,.F.);
#12930=ORIENTED_EDGE('',*,*,#12929,.F.);
#12932=ORIENTED_EDGE('',*,*,#12931,.F.);
#12934=ORIENTED_EDGE('',*,*,#12933,.F.);
#12936=ORIENTED_EDGE('',*,*,#12935,.F.);
#12938=ORIENTED_EDGE('',*,*,#12937,.F.);
#12940=ORIENTED_EDGE('',*,*,#12939,.F.);
#12942=ORIENTED_EDGE('',*,*,#12941,.F.);
#12944=ORIENTED_EDGE('',*,*,#12943,.F.);
#12946=ORIENTED_EDGE('',*,*,#12945,.F.);
#12948=ORIENTED_EDGE('',*,*,#12947,.F.);
#12950=ORIENTED_EDGE('',*,*,#12949,.F.);
#12951=EDGE_LOOP('',(#12928,#12930,#12932,#12934,#12936,#12938,#12940,#12942,
#12944,#12946,#12948,#12950));
#12952=FACE_OUTER_BOUND('',#12951,.F.);
#12954=FILL_AREA_STYLE_COLOUR('',#1);
#12955=FILL_AREA_STYLE('',(#12954));
#12956=SURFACE_STYLE_FILL_AREA(#12955);
#12957=SURFACE_SIDE_STYLE('',(#12956));
#12958=SURFACE_STYLE_USAGE(.POSITIVE.,#12957);
#12959=PRESENTATION_STYLE_ASSIGNMENT((#12958));
#12960=STYLED_ITEM('',(#12959),#12953);
#12961=CARTESIAN_POINT('',(-8.01E0,0.E0,0.E0));
#12962=DIRECTION('',(-1.E0,0.E0,0.E0));
#12963=DIRECTION('',(0.E0,-1.E0,0.E0));
#12964=AXIS2_PLACEMENT_3D('',#12961,#12962,#12963);
#12965=PLANE('',#12964);
#12967=ORIENTED_EDGE('',*,*,#12966,.F.);
#12969=ORIENTED_EDGE('',*,*,#12968,.F.);
#12971=ORIENTED_EDGE('',*,*,#12970,.F.);
#12973=ORIENTED_EDGE('',*,*,#12972,.F.);
#12975=ORIENTED_EDGE('',*,*,#12974,.F.);
#12977=ORIENTED_EDGE('',*,*,#12976,.F.);
#12979=ORIENTED_EDGE('',*,*,#12978,.F.);
#12981=ORIENTED_EDGE('',*,*,#12980,.F.);
#12982=EDGE_LOOP('',(#12967,#12969,#12971,#12973,#12975,#12977,#12979,#12981));
#12983=FACE_OUTER_BOUND('',#12982,.F.);
#12985=ORIENTED_EDGE('',*,*,#12984,.F.);
#12987=ORIENTED_EDGE('',*,*,#12986,.F.);
#12989=ORIENTED_EDGE('',*,*,#12988,.F.);
#12990=EDGE_LOOP('',(#12985,#12987,#12989));
#12991=FACE_BOUND('',#12990,.F.);
#12993=FILL_AREA_STYLE_COLOUR('',#1);
#12994=FILL_AREA_STYLE('',(#12993));
#12995=SURFACE_STYLE_FILL_AREA(#12994);
#12996=SURFACE_SIDE_STYLE('',(#12995));
#12997=SURFACE_STYLE_USAGE(.POSITIVE.,#12996);
#12998=PRESENTATION_STYLE_ASSIGNMENT((#12997));
#12999=STYLED_ITEM('',(#12998),#12992);
#13000=CARTESIAN_POINT('',(-8.01E0,0.E0,0.E0));
#13001=DIRECTION('',(-1.E0,0.E0,0.E0));
#13002=DIRECTION('',(0.E0,-1.E0,0.E0));
#13003=AXIS2_PLACEMENT_3D('',#13000,#13001,#13002);
#13004=PLANE('',#13003);
#13006=ORIENTED_EDGE('',*,*,#13005,.F.);
#13008=ORIENTED_EDGE('',*,*,#13007,.F.);
#13010=ORIENTED_EDGE('',*,*,#13009,.F.);
#13012=ORIENTED_EDGE('',*,*,#13011,.F.);
#13013=EDGE_LOOP('',(#13006,#13008,#13010,#13012));
#13014=FACE_OUTER_BOUND('',#13013,.F.);
#13016=FILL_AREA_STYLE_COLOUR('',#1);
#13017=FILL_AREA_STYLE('',(#13016));
#13018=SURFACE_STYLE_FILL_AREA(#13017);
#13019=SURFACE_SIDE_STYLE('',(#13018));
#13020=SURFACE_STYLE_USAGE(.POSITIVE.,#13019);
#13021=PRESENTATION_STYLE_ASSIGNMENT((#13020));
#13022=STYLED_ITEM('',(#13021),#13015);
#13023=CARTESIAN_POINT('',(-8.01E0,0.E0,0.E0));
#13024=DIRECTION('',(-1.E0,0.E0,0.E0));
#13025=DIRECTION('',(0.E0,-1.E0,0.E0));
#13026=AXIS2_PLACEMENT_3D('',#13023,#13024,#13025);
#13027=PLANE('',#13026);
#13029=ORIENTED_EDGE('',*,*,#13028,.F.);
#13031=ORIENTED_EDGE('',*,*,#13030,.F.);
#13033=ORIENTED_EDGE('',*,*,#13032,.F.);
#13035=ORIENTED_EDGE('',*,*,#13034,.F.);
#13037=ORIENTED_EDGE('',*,*,#13036,.F.);
#13039=ORIENTED_EDGE('',*,*,#13038,.F.);
#13041=ORIENTED_EDGE('',*,*,#13040,.F.);
#13043=ORIENTED_EDGE('',*,*,#13042,.F.);
#13045=ORIENTED_EDGE('',*,*,#13044,.F.);
#13047=ORIENTED_EDGE('',*,*,#13046,.F.);
#13049=ORIENTED_EDGE('',*,*,#13048,.F.);
#13051=ORIENTED_EDGE('',*,*,#13050,.F.);
#13052=EDGE_LOOP('',(#13029,#13031,#13033,#13035,#13037,#13039,#13041,#13043,
#13045,#13047,#13049,#13051));
#13053=FACE_OUTER_BOUND('',#13052,.F.);
#13055=FILL_AREA_STYLE_COLOUR('',#1);
#13056=FILL_AREA_STYLE('',(#13055));
#13057=SURFACE_STYLE_FILL_AREA(#13056);
#13058=SURFACE_SIDE_STYLE('',(#13057));
#13059=SURFACE_STYLE_USAGE(.POSITIVE.,#13058);
#13060=PRESENTATION_STYLE_ASSIGNMENT((#13059));
#13061=STYLED_ITEM('',(#13060),#13054);
#13062=CARTESIAN_POINT('',(-8.01E0,0.E0,0.E0));
#13063=DIRECTION('',(-1.E0,0.E0,0.E0));
#13064=DIRECTION('',(0.E0,-1.E0,0.E0));
#13065=AXIS2_PLACEMENT_3D('',#13062,#13063,#13064);
#13066=PLANE('',#13065);
#13068=ORIENTED_EDGE('',*,*,#13067,.F.);
#13070=ORIENTED_EDGE('',*,*,#13069,.F.);
#13072=ORIENTED_EDGE('',*,*,#13071,.F.);
#13074=ORIENTED_EDGE('',*,*,#13073,.F.);
#13076=ORIENTED_EDGE('',*,*,#13075,.F.);
#13078=ORIENTED_EDGE('',*,*,#13077,.F.);
#13080=ORIENTED_EDGE('',*,*,#13079,.F.);
#13082=ORIENTED_EDGE('',*,*,#13081,.F.);
#13084=ORIENTED_EDGE('',*,*,#13083,.F.);
#13086=ORIENTED_EDGE('',*,*,#13085,.F.);
#13088=ORIENTED_EDGE('',*,*,#13087,.F.);
#13090=ORIENTED_EDGE('',*,*,#13089,.F.);
#13091=EDGE_LOOP('',(#13068,#13070,#13072,#13074,#13076,#13078,#13080,#13082,
#13084,#13086,#13088,#13090));
#13092=FACE_OUTER_BOUND('',#13091,.F.);
#13094=FILL_AREA_STYLE_COLOUR('',#1);
#13095=FILL_AREA_STYLE('',(#13094));
#13096=SURFACE_STYLE_FILL_AREA(#13095);
#13097=SURFACE_SIDE_STYLE('',(#13096));
#13098=SURFACE_STYLE_USAGE(.POSITIVE.,#13097);
#13099=PRESENTATION_STYLE_ASSIGNMENT((#13098));
#13100=STYLED_ITEM('',(#13099),#13093);
#13101=CARTESIAN_POINT('',(-8.01E0,0.E0,0.E0));
#13102=DIRECTION('',(-1.E0,0.E0,0.E0));
#13103=DIRECTION('',(0.E0,-1.E0,0.E0));
#13104=AXIS2_PLACEMENT_3D('',#13101,#13102,#13103);
#13105=PLANE('',#13104);
#13107=ORIENTED_EDGE('',*,*,#13106,.F.);
#13109=ORIENTED_EDGE('',*,*,#13108,.F.);
#13111=ORIENTED_EDGE('',*,*,#13110,.F.);
#13113=ORIENTED_EDGE('',*,*,#13112,.F.);
#13114=EDGE_LOOP('',(#13107,#13109,#13111,#13113));
#13115=FACE_OUTER_BOUND('',#13114,.F.);
#13117=ORIENTED_EDGE('',*,*,#13116,.F.);
#13119=ORIENTED_EDGE('',*,*,#13118,.F.);
#13121=ORIENTED_EDGE('',*,*,#13120,.F.);
#13123=ORIENTED_EDGE('',*,*,#13122,.F.);
#13124=EDGE_LOOP('',(#13117,#13119,#13121,#13123));
#13125=FACE_BOUND('',#13124,.F.);
#13127=FILL_AREA_STYLE_COLOUR('',#1);
#13128=FILL_AREA_STYLE('',(#13127));
#13129=SURFACE_STYLE_FILL_AREA(#13128);
#13130=SURFACE_SIDE_STYLE('',(#13129));
#13131=SURFACE_STYLE_USAGE(.POSITIVE.,#13130);
#13132=PRESENTATION_STYLE_ASSIGNMENT((#13131));
#13133=STYLED_ITEM('',(#13132),#13126);
#13134=CARTESIAN_POINT('',(-8.01E0,0.E0,0.E0));
#13135=DIRECTION('',(-1.E0,0.E0,0.E0));
#13136=DIRECTION('',(0.E0,-1.E0,0.E0));
#13137=AXIS2_PLACEMENT_3D('',#13134,#13135,#13136);
#13138=PLANE('',#13137);
#13140=ORIENTED_EDGE('',*,*,#13139,.F.);
#13142=ORIENTED_EDGE('',*,*,#13141,.F.);
#13144=ORIENTED_EDGE('',*,*,#13143,.F.);
#13146=ORIENTED_EDGE('',*,*,#13145,.F.);
#13148=ORIENTED_EDGE('',*,*,#13147,.F.);
#13150=ORIENTED_EDGE('',*,*,#13149,.F.);
#13152=ORIENTED_EDGE('',*,*,#13151,.F.);
#13154=ORIENTED_EDGE('',*,*,#13153,.F.);
#13155=EDGE_LOOP('',(#13140,#13142,#13144,#13146,#13148,#13150,#13152,#13154));
#13156=FACE_OUTER_BOUND('',#13155,.F.);
#13158=ORIENTED_EDGE('',*,*,#13157,.F.);
#13160=ORIENTED_EDGE('',*,*,#13159,.F.);
#13162=ORIENTED_EDGE('',*,*,#13161,.F.);
#13164=ORIENTED_EDGE('',*,*,#13163,.F.);
#13166=ORIENTED_EDGE('',*,*,#13165,.F.);
#13167=EDGE_LOOP('',(#13158,#13160,#13162,#13164,#13166));
#13168=FACE_BOUND('',#13167,.F.);
#13170=FILL_AREA_STYLE_COLOUR('',#1);
#13171=FILL_AREA_STYLE('',(#13170));
#13172=SURFACE_STYLE_FILL_AREA(#13171);
#13173=SURFACE_SIDE_STYLE('',(#13172));
#13174=SURFACE_STYLE_USAGE(.POSITIVE.,#13173);
#13175=PRESENTATION_STYLE_ASSIGNMENT((#13174));
#13176=STYLED_ITEM('',(#13175),#13169);
#13177=CARTESIAN_POINT('',(-8.01E0,0.E0,0.E0));
#13178=DIRECTION('',(-1.E0,0.E0,0.E0));
#13179=DIRECTION('',(0.E0,-1.E0,0.E0));
#13180=AXIS2_PLACEMENT_3D('',#13177,#13178,#13179);
#13181=PLANE('',#13180);
#13183=ORIENTED_EDGE('',*,*,#13182,.F.);
#13185=ORIENTED_EDGE('',*,*,#13184,.F.);
#13187=ORIENTED_EDGE('',*,*,#13186,.F.);
#13189=ORIENTED_EDGE('',*,*,#13188,.F.);
#13191=ORIENTED_EDGE('',*,*,#13190,.F.);
#13193=ORIENTED_EDGE('',*,*,#13192,.F.);
#13195=ORIENTED_EDGE('',*,*,#13194,.F.);
#13197=ORIENTED_EDGE('',*,*,#13196,.F.);
#13199=ORIENTED_EDGE('',*,*,#13198,.F.);
#13201=ORIENTED_EDGE('',*,*,#13200,.F.);
#13203=ORIENTED_EDGE('',*,*,#13202,.F.);
#13205=ORIENTED_EDGE('',*,*,#13204,.F.);
#13207=ORIENTED_EDGE('',*,*,#13206,.F.);
#13209=ORIENTED_EDGE('',*,*,#13208,.F.);
#13211=ORIENTED_EDGE('',*,*,#13210,.F.);
#13213=ORIENTED_EDGE('',*,*,#13212,.F.);
#13214=EDGE_LOOP('',(#13183,#13185,#13187,#13189,#13191,#13193,#13195,#13197,
#13199,#13201,#13203,#13205,#13207,#13209,#13211,#13213));
#13215=FACE_OUTER_BOUND('',#13214,.F.);
#13216=ORIENTED_EDGE('',*,*,#12725,.F.);
#13217=ORIENTED_EDGE('',*,*,#12748,.F.);
#13218=EDGE_LOOP('',(#13216,#13217));
#13219=FACE_BOUND('',#13218,.F.);
#13221=FILL_AREA_STYLE_COLOUR('',#1);
#13222=FILL_AREA_STYLE('',(#13221));
#13223=SURFACE_STYLE_FILL_AREA(#13222);
#13224=SURFACE_SIDE_STYLE('',(#13223));
#13225=SURFACE_STYLE_USAGE(.POSITIVE.,#13224);
#13226=PRESENTATION_STYLE_ASSIGNMENT((#13225));
#13227=STYLED_ITEM('',(#13226),#13220);
#13228=CARTESIAN_POINT('',(-8.E0,-2.340747114350E0,1.737103845572E0));
#13229=DIRECTION('',(0.E0,-1.E0,0.E0));
#13230=DIRECTION('',(0.E0,0.E0,1.E0));
#13231=AXIS2_PLACEMENT_3D('',#13228,#13229,#13230);
#13232=PLANE('',#13231);
#13234=ORIENTED_EDGE('',*,*,#13233,.T.);
#13235=ORIENTED_EDGE('',*,*,#12765,.T.);
#13237=ORIENTED_EDGE('',*,*,#13236,.F.);
#13238=ORIENTED_EDGE('',*,*,#6311,.F.);
#13239=EDGE_LOOP('',(#13234,#13235,#13237,#13238));
#13240=FACE_OUTER_BOUND('',#13239,.F.);
#13242=FILL_AREA_STYLE_COLOUR('',#1);
#13243=FILL_AREA_STYLE('',(#13242));
#13244=SURFACE_STYLE_FILL_AREA(#13243);
#13245=SURFACE_SIDE_STYLE('',(#13244));
#13246=SURFACE_STYLE_USAGE(.POSITIVE.,#13245);
#13247=PRESENTATION_STYLE_ASSIGNMENT((#13246));
#13248=STYLED_ITEM('',(#13247),#13241);
#13249=CARTESIAN_POINT('',(-8.E0,-2.2E0,1.737103845572E0));
#13250=DIRECTION('',(0.E0,0.E0,-1.E0));
#13251=DIRECTION('',(0.E0,-1.E0,0.E0));
#13252=AXIS2_PLACEMENT_3D('',#13249,#13250,#13251);
#13253=PLANE('',#13252);
#13254=ORIENTED_EDGE('',*,*,#13233,.F.);
#13255=ORIENTED_EDGE('',*,*,#6321,.F.);
#13257=ORIENTED_EDGE('',*,*,#13256,.T.);
#13258=ORIENTED_EDGE('',*,*,#12767,.T.);
#13259=EDGE_LOOP('',(#13254,#13255,#13257,#13258));
#13260=FACE_OUTER_BOUND('',#13259,.F.);
#13262=FILL_AREA_STYLE_COLOUR('',#1);
#13263=FILL_AREA_STYLE('',(#13262));
#13264=SURFACE_STYLE_FILL_AREA(#13263);
#13265=SURFACE_SIDE_STYLE('',(#13264));
#13266=SURFACE_STYLE_USAGE(.POSITIVE.,#13265);
#13267=PRESENTATION_STYLE_ASSIGNMENT((#13266));
#13268=STYLED_ITEM('',(#13267),#13261);
#13269=CARTESIAN_POINT('',(-8.E0,-2.2E0,2.003998034296E0));
#13270=DIRECTION('',(0.E0,1.E0,0.E0));
#13271=DIRECTION('',(0.E0,0.E0,-1.E0));
#13272=AXIS2_PLACEMENT_3D('',#13269,#13270,#13271);
#13273=PLANE('',#13272);
#13275=ORIENTED_EDGE('',*,*,#13274,.T.);
#13276=ORIENTED_EDGE('',*,*,#12769,.T.);
#13277=ORIENTED_EDGE('',*,*,#13256,.F.);
#13278=ORIENTED_EDGE('',*,*,#6319,.F.);
#13279=EDGE_LOOP('',(#13275,#13276,#13277,#13278));
#13280=FACE_OUTER_BOUND('',#13279,.F.);
#13282=FILL_AREA_STYLE_COLOUR('',#1);
#13283=FILL_AREA_STYLE('',(#13282));
#13284=SURFACE_STYLE_FILL_AREA(#13283);
#13285=SURFACE_SIDE_STYLE('',(#13284));
#13286=SURFACE_STYLE_USAGE(.POSITIVE.,#13285);
#13287=PRESENTATION_STYLE_ASSIGNMENT((#13286));
#13288=STYLED_ITEM('',(#13287),#13281);
#13289=CARTESIAN_POINT('',(-8.E0,-2.234453365364E0,2.003998034296E0));
#13290=DIRECTION('',(0.E0,0.E0,1.E0));
#13291=DIRECTION('',(0.E0,1.E0,0.E0));
#13292=AXIS2_PLACEMENT_3D('',#13289,#13290,#13291);
#13293=PLANE('',#13292);
#13295=ORIENTED_EDGE('',*,*,#13294,.T.);
#13296=ORIENTED_EDGE('',*,*,#12771,.T.);
#13297=ORIENTED_EDGE('',*,*,#13274,.F.);
#13298=ORIENTED_EDGE('',*,*,#6317,.F.);
#13299=EDGE_LOOP('',(#13295,#13296,#13297,#13298));
#13300=FACE_OUTER_BOUND('',#13299,.F.);
#13302=FILL_AREA_STYLE_COLOUR('',#1);
#13303=FILL_AREA_STYLE('',(#13302));
#13304=SURFACE_STYLE_FILL_AREA(#13303);
#13305=SURFACE_SIDE_STYLE('',(#13304));
#13306=SURFACE_STYLE_USAGE(.POSITIVE.,#13305);
#13307=PRESENTATION_STYLE_ASSIGNMENT((#13306));
#13308=STYLED_ITEM('',(#13307),#13301);
#13309=CARTESIAN_POINT('',(-8.E0,-2.234453365364E0,1.767531966271E0));
#13310=DIRECTION('',(0.E0,-1.E0,0.E0));
#13311=DIRECTION('',(0.E0,0.E0,1.E0));
#13312=AXIS2_PLACEMENT_3D('',#13309,#13310,#13311);
#13313=PLANE('',#13312);
#13315=ORIENTED_EDGE('',*,*,#13314,.T.);
#13316=ORIENTED_EDGE('',*,*,#12773,.T.);
#13317=ORIENTED_EDGE('',*,*,#13294,.F.);
#13318=ORIENTED_EDGE('',*,*,#6315,.F.);
#13319=EDGE_LOOP('',(#13315,#13316,#13317,#13318));
#13320=FACE_OUTER_BOUND('',#13319,.F.);
#13322=FILL_AREA_STYLE_COLOUR('',#1);
#13323=FILL_AREA_STYLE('',(#13322));
#13324=SURFACE_STYLE_FILL_AREA(#13323);
#13325=SURFACE_SIDE_STYLE('',(#13324));
#13326=SURFACE_STYLE_USAGE(.POSITIVE.,#13325);
#13327=PRESENTATION_STYLE_ASSIGNMENT((#13326));
#13328=STYLED_ITEM('',(#13327),#13321);
#13329=CARTESIAN_POINT('',(-8.E0,-2.340747114350E0,1.767531966271E0));
#13330=DIRECTION('',(0.E0,0.E0,1.E0));
#13331=DIRECTION('',(0.E0,1.E0,0.E0));
#13332=AXIS2_PLACEMENT_3D('',#13329,#13330,#13331);
#13333=PLANE('',#13332);
#13334=ORIENTED_EDGE('',*,*,#13236,.T.);
#13335=ORIENTED_EDGE('',*,*,#12775,.T.);
#13336=ORIENTED_EDGE('',*,*,#13314,.F.);
#13337=ORIENTED_EDGE('',*,*,#6313,.F.);
#13338=EDGE_LOOP('',(#13334,#13335,#13336,#13337));
#13339=FACE_OUTER_BOUND('',#13338,.F.);
#13341=FILL_AREA_STYLE_COLOUR('',#1);
#13342=FILL_AREA_STYLE('',(#13341));
#13343=SURFACE_STYLE_FILL_AREA(#13342);
#13344=SURFACE_SIDE_STYLE('',(#13343));
#13345=SURFACE_STYLE_USAGE(.POSITIVE.,#13344);
#13346=PRESENTATION_STYLE_ASSIGNMENT((#13345));
#13347=STYLED_ITEM('',(#13346),#13340);
#13348=CARTESIAN_POINT('',(-8.E0,-2.551492551204E0,2.020351121238E0));
#13349=CARTESIAN_POINT('',(-8.E0,-2.551492551204E0,2.012762391700E0));
#13350=CARTESIAN_POINT('',(-8.E0,-2.551492551204E0,1.993166152650E0));
#13351=CARTESIAN_POINT('',(-8.E0,-2.551492551204E0,1.965981184061E0));
#13352=CARTESIAN_POINT('',(-8.E0,-2.551492551204E0,1.946384945010E0));
#13353=CARTESIAN_POINT('',(-8.E0,-2.551492551204E0,1.938796215472E0));
#13355=CURVE_STYLE('',#6190,POSITIVE_LENGTH_MEASURE(2.E-2),#1);
#13356=PRESENTATION_STYLE_ASSIGNMENT((#13355));
#13357=STYLED_ITEM('',(#13356),#13354);
#13358=DIRECTION('',(-1.E0,0.E0,0.E0));
#13359=VECTOR('',#13358,1.E0);
#13360=SURFACE_OF_LINEAR_EXTRUSION('',#13354,#13359);
#13361=ORIENTED_EDGE('',*,*,#6201,.T.);
#13362=ORIENTED_EDGE('',*,*,#12794,.T.);
#13363=ORIENTED_EDGE('',*,*,#6266,.F.);
#13364=ORIENTED_EDGE('',*,*,#6327,.F.);
#13365=EDGE_LOOP('',(#13361,#13362,#13363,#13364));
#13366=FACE_OUTER_BOUND('',#13365,.F.);
#13368=FILL_AREA_STYLE_COLOUR('',#1);
#13369=FILL_AREA_STYLE('',(#13368));
#13370=SURFACE_STYLE_FILL_AREA(#13369);
#13371=SURFACE_SIDE_STYLE('',(#13370));
#13372=SURFACE_STYLE_USAGE(.POSITIVE.,#13371);
#13373=PRESENTATION_STYLE_ASSIGNMENT((#13372));
#13374=STYLED_ITEM('',(#13373),#13367);
#13375=CARTESIAN_POINT('',(-8.E0,-2.748456641911E0,1.737103845572E0));
#13376=DIRECTION('',(0.E0,-1.E0,0.E0));
#13377=DIRECTION('',(0.E0,0.E0,1.E0));
#13378=AXIS2_PLACEMENT_3D('',#13375,#13376,#13377);
#13379=PLANE('',#13378);
#13381=ORIENTED_EDGE('',*,*,#13380,.T.);
#13382=ORIENTED_EDGE('',*,*,#12812,.T.);
#13384=ORIENTED_EDGE('',*,*,#13383,.F.);
#13385=ORIENTED_EDGE('',*,*,#6332,.F.);
#13386=EDGE_LOOP('',(#13381,#13382,#13384,#13385));
#13387=FACE_OUTER_BOUND('',#13386,.F.);
#13389=FILL_AREA_STYLE_COLOUR('',#1);
#13390=FILL_AREA_STYLE('',(#13389));
#13391=SURFACE_STYLE_FILL_AREA(#13390);
#13392=SURFACE_SIDE_STYLE('',(#13391));
#13393=SURFACE_STYLE_USAGE(.POSITIVE.,#13392);
#13394=PRESENTATION_STYLE_ASSIGNMENT((#13393));
#13395=STYLED_ITEM('',(#13394),#13388);
#13396=CARTESIAN_POINT('',(-8.E0,-2.604912323640E0,1.737103845572E0));
#13397=DIRECTION('',(0.E0,0.E0,-1.E0));
#13398=DIRECTION('',(0.E0,-1.E0,0.E0));
#13399=AXIS2_PLACEMENT_3D('',#13396,#13397,#13398);
#13400=PLANE('',#13399);
#13401=ORIENTED_EDGE('',*,*,#13380,.F.);
#13402=ORIENTED_EDGE('',*,*,#6354,.F.);
#13404=ORIENTED_EDGE('',*,*,#13403,.T.);
#13405=ORIENTED_EDGE('',*,*,#12814,.T.);
#13406=EDGE_LOOP('',(#13401,#13402,#13404,#13405));
#13407=FACE_OUTER_BOUND('',#13406,.F.);
#13409=FILL_AREA_STYLE_COLOUR('',#1);
#13410=FILL_AREA_STYLE('',(#13409));
#13411=SURFACE_STYLE_FILL_AREA(#13410);
#13412=SURFACE_SIDE_STYLE('',(#13411));
#13413=SURFACE_STYLE_USAGE(.POSITIVE.,#13412);
#13414=PRESENTATION_STYLE_ASSIGNMENT((#13413));
#13415=STYLED_ITEM('',(#13414),#13408);
#13416=CARTESIAN_POINT('',(-8.E0,-2.604912323640E0,2.003998034296E0));
#13417=DIRECTION('',(0.E0,1.E0,0.E0));
#13418=DIRECTION('',(0.E0,0.E0,-1.E0));
#13419=AXIS2_PLACEMENT_3D('',#13416,#13417,#13418);
#13420=PLANE('',#13419);
#13422=ORIENTED_EDGE('',*,*,#13421,.T.);
#13423=ORIENTED_EDGE('',*,*,#12816,.T.);
#13424=ORIENTED_EDGE('',*,*,#13403,.F.);
#13425=ORIENTED_EDGE('',*,*,#6352,.F.);
#13426=EDGE_LOOP('',(#13422,#13423,#13424,#13425));
#13427=FACE_OUTER_BOUND('',#13426,.F.);
#13429=FILL_AREA_STYLE_COLOUR('',#1);
#13430=FILL_AREA_STYLE('',(#13429));
#13431=SURFACE_STYLE_FILL_AREA(#13430);
#13432=SURFACE_SIDE_STYLE('',(#13431));
#13433=SURFACE_STYLE_USAGE(.POSITIVE.,#13432);
#13434=PRESENTATION_STYLE_ASSIGNMENT((#13433));
#13435=STYLED_ITEM('',(#13434),#13428);
#13436=CARTESIAN_POINT('',(-8.E0,-2.742384662667E0,2.003998034296E0));
#13437=DIRECTION('',(0.E0,0.E0,1.E0));
#13438=DIRECTION('',(0.E0,1.E0,0.E0));
#13439=AXIS2_PLACEMENT_3D('',#13436,#13437,#13438);
#13440=PLANE('',#13439);
#13442=ORIENTED_EDGE('',*,*,#13441,.T.);
#13443=ORIENTED_EDGE('',*,*,#12818,.T.);
#13444=ORIENTED_EDGE('',*,*,#13421,.F.);
#13445=ORIENTED_EDGE('',*,*,#6350,.F.);
#13446=EDGE_LOOP('',(#13442,#13443,#13444,#13445));
#13447=FACE_OUTER_BOUND('',#13446,.F.);
#13449=FILL_AREA_STYLE_COLOUR('',#1);
#13450=FILL_AREA_STYLE('',(#13449));
#13451=SURFACE_STYLE_FILL_AREA(#13450);
#13452=SURFACE_SIDE_STYLE('',(#13451));
#13453=SURFACE_STYLE_USAGE(.POSITIVE.,#13452);
#13454=PRESENTATION_STYLE_ASSIGNMENT((#13453));
#13455=STYLED_ITEM('',(#13454),#13448);
#13456=CARTESIAN_POINT('',(-8.E0,-2.742384662667E0,1.973297015655E0));
#13457=DIRECTION('',(0.E0,-1.E0,0.E0));
#13458=DIRECTION('',(0.E0,0.E0,1.E0));
#13459=AXIS2_PLACEMENT_3D('',#13456,#13457,#13458);
#13460=PLANE('',#13459);
#13462=ORIENTED_EDGE('',*,*,#13461,.T.);
#13463=ORIENTED_EDGE('',*,*,#12820,.T.);
#13464=ORIENTED_EDGE('',*,*,#13441,.F.);
#13465=ORIENTED_EDGE('',*,*,#6348,.F.);
#13466=EDGE_LOOP('',(#13462,#13463,#13464,#13465));
#13467=FACE_OUTER_BOUND('',#13466,.F.);
#13469=FILL_AREA_STYLE_COLOUR('',#1);
#13470=FILL_AREA_STYLE('',(#13469));
#13471=SURFACE_STYLE_FILL_AREA(#13470);
#13472=SURFACE_SIDE_STYLE('',(#13471));
#13473=SURFACE_STYLE_USAGE(.POSITIVE.,#13472);
#13474=PRESENTATION_STYLE_ASSIGNMENT((#13473));
#13475=STYLED_ITEM('',(#13474),#13468);
#13476=CARTESIAN_POINT('',(-8.E0,-2.639365689004E0,1.973297015655E0));
#13477=DIRECTION('',(0.E0,0.E0,-1.E0));
#13478=DIRECTION('',(0.E0,-1.E0,0.E0));
#13479=AXIS2_PLACEMENT_3D('',#13476,#13477,#13478);
#13480=PLANE('',#13479);
#13482=ORIENTED_EDGE('',*,*,#13481,.T.);
#13483=ORIENTED_EDGE('',*,*,#12822,.T.);
#13484=ORIENTED_EDGE('',*,*,#13461,.F.);
#13485=ORIENTED_EDGE('',*,*,#6346,.F.);
#13486=EDGE_LOOP('',(#13482,#13483,#13484,#13485));
#13487=FACE_OUTER_BOUND('',#13486,.F.);
#13489=FILL_AREA_STYLE_COLOUR('',#1);
#13490=FILL_AREA_STYLE('',(#13489));
#13491=SURFACE_STYLE_FILL_AREA(#13490);
#13492=SURFACE_SIDE_STYLE('',(#13491));
#13493=SURFACE_STYLE_USAGE(.POSITIVE.,#13492);
#13494=PRESENTATION_STYLE_ASSIGNMENT((#13493));
#13495=STYLED_ITEM('',(#13494),#13488);
#13496=CARTESIAN_POINT('',(-8.E0,-2.639365689004E0,1.887879959345E0));
#13497=DIRECTION('',(0.E0,-1.E0,0.E0));
#13498=DIRECTION('',(0.E0,0.E0,1.E0));
#13499=AXIS2_PLACEMENT_3D('',#13496,#13497,#13498);
#13500=PLANE('',#13499);
#13502=ORIENTED_EDGE('',*,*,#13501,.T.);
#13503=ORIENTED_EDGE('',*,*,#12824,.T.);
#13504=ORIENTED_EDGE('',*,*,#13481,.F.);
#13505=ORIENTED_EDGE('',*,*,#6344,.F.);
#13506=EDGE_LOOP('',(#13502,#13503,#13504,#13505));
#13507=FACE_OUTER_BOUND('',#13506,.F.);
#13509=FILL_AREA_STYLE_COLOUR('',#1);
#13510=FILL_AREA_STYLE('',(#13509));
#13511=SURFACE_STYLE_FILL_AREA(#13510);
#13512=SURFACE_SIDE_STYLE('',(#13511));
#13513=SURFACE_STYLE_USAGE(.POSITIVE.,#13512);
#13514=PRESENTATION_STYLE_ASSIGNMENT((#13513));
#13515=STYLED_ITEM('',(#13514),#13508);
#13516=CARTESIAN_POINT('',(-8.E0,-2.734811744736E0,1.887879959345E0));
#13517=DIRECTION('',(0.E0,0.E0,1.E0));
#13518=DIRECTION('',(0.E0,1.E0,0.E0));
#13519=AXIS2_PLACEMENT_3D('',#13516,#13517,#13518);
#13520=PLANE('',#13519);
#13522=ORIENTED_EDGE('',*,*,#13521,.T.);
#13523=ORIENTED_EDGE('',*,*,#12826,.T.);
#13524=ORIENTED_EDGE('',*,*,#13501,.F.);
#13525=ORIENTED_EDGE('',*,*,#6342,.F.);
#13526=EDGE_LOOP('',(#13522,#13523,#13524,#13525));
#13527=FACE_OUTER_BOUND('',#13526,.F.);
#13529=FILL_AREA_STYLE_COLOUR('',#1);
#13530=FILL_AREA_STYLE('',(#13529));
#13531=SURFACE_STYLE_FILL_AREA(#13530);
#13532=SURFACE_SIDE_STYLE('',(#13531));
#13533=SURFACE_STYLE_USAGE(.POSITIVE.,#13532);
#13534=PRESENTATION_STYLE_ASSIGNMENT((#13533));
#13535=STYLED_ITEM('',(#13534),#13528);
#13536=CARTESIAN_POINT('',(-8.E0,-2.734811744736E0,1.857315389675E0));
#13537=DIRECTION('',(0.E0,-1.E0,0.E0));
#13538=DIRECTION('',(0.E0,0.E0,1.E0));
#13539=AXIS2_PLACEMENT_3D('',#13536,#13537,#13538);
#13540=PLANE('',#13539);
#13542=ORIENTED_EDGE('',*,*,#13541,.T.);
#13543=ORIENTED_EDGE('',*,*,#12828,.T.);
#13544=ORIENTED_EDGE('',*,*,#13521,.F.);
#13545=ORIENTED_EDGE('',*,*,#6340,.F.);
#13546=EDGE_LOOP('',(#13542,#13543,#13544,#13545));
#13547=FACE_OUTER_BOUND('',#13546,.F.);
#13549=FILL_AREA_STYLE_COLOUR('',#1);
#13550=FILL_AREA_STYLE('',(#13549));
#13551=SURFACE_STYLE_FILL_AREA(#13550);
#13552=SURFACE_SIDE_STYLE('',(#13551));
#13553=SURFACE_STYLE_USAGE(.POSITIVE.,#13552);
#13554=PRESENTATION_STYLE_ASSIGNMENT((#13553));
#13555=STYLED_ITEM('',(#13554),#13548);
#13556=CARTESIAN_POINT('',(-8.E0,-2.639365689004E0,1.857315389675E0));
#13557=DIRECTION('',(0.E0,0.E0,-1.E0));
#13558=DIRECTION('',(0.E0,-1.E0,0.E0));
#13559=AXIS2_PLACEMENT_3D('',#13556,#13557,#13558);
#13560=PLANE('',#13559);
#13562=ORIENTED_EDGE('',*,*,#13561,.T.);
#13563=ORIENTED_EDGE('',*,*,#12830,.T.);
#13564=ORIENTED_EDGE('',*,*,#13541,.F.);
#13565=ORIENTED_EDGE('',*,*,#6338,.F.);
#13566=EDGE_LOOP('',(#13562,#13563,#13564,#13565));
#13567=FACE_OUTER_BOUND('',#13566,.F.);
#13569=FILL_AREA_STYLE_COLOUR('',#1);
#13570=FILL_AREA_STYLE('',(#13569));
#13571=SURFACE_STYLE_FILL_AREA(#13570);
#13572=SURFACE_SIDE_STYLE('',(#13571));
#13573=SURFACE_STYLE_USAGE(.POSITIVE.,#13572);
#13574=PRESENTATION_STYLE_ASSIGNMENT((#13573));
#13575=STYLED_ITEM('',(#13574),#13568);
#13576=CARTESIAN_POINT('',(-8.E0,-2.639365689004E0,1.767531966271E0));
#13577=DIRECTION('',(0.E0,-1.E0,0.E0));
#13578=DIRECTION('',(0.E0,0.E0,1.E0));
#13579=AXIS2_PLACEMENT_3D('',#13576,#13577,#13578);
#13580=PLANE('',#13579);
#13582=ORIENTED_EDGE('',*,*,#13581,.T.);
#13583=ORIENTED_EDGE('',*,*,#12832,.T.);
#13584=ORIENTED_EDGE('',*,*,#13561,.F.);
#13585=ORIENTED_EDGE('',*,*,#6336,.F.);
#13586=EDGE_LOOP('',(#13582,#13583,#13584,#13585));
#13587=FACE_OUTER_BOUND('',#13586,.F.);
#13589=FILL_AREA_STYLE_COLOUR('',#1);
#13590=FILL_AREA_STYLE('',(#13589));
#13591=SURFACE_STYLE_FILL_AREA(#13590);
#13592=SURFACE_SIDE_STYLE('',(#13591));
#13593=SURFACE_STYLE_USAGE(.POSITIVE.,#13592);
#13594=PRESENTATION_STYLE_ASSIGNMENT((#13593));
#13595=STYLED_ITEM('',(#13594),#13588);
#13596=CARTESIAN_POINT('',(-8.E0,-2.748456641911E0,1.767531966271E0));
#13597=DIRECTION('',(0.E0,0.E0,1.E0));
#13598=DIRECTION('',(0.E0,1.E0,0.E0));
#13599=AXIS2_PLACEMENT_3D('',#13596,#13597,#13598);
#13600=PLANE('',#13599);
#13601=ORIENTED_EDGE('',*,*,#13383,.T.);
#13602=ORIENTED_EDGE('',*,*,#12834,.T.);
#13603=ORIENTED_EDGE('',*,*,#13581,.F.);
#13604=ORIENTED_EDGE('',*,*,#6334,.F.);
#13605=EDGE_LOOP('',(#13601,#13602,#13603,#13604));
#13606=FACE_OUTER_BOUND('',#13605,.F.);
#13608=FILL_AREA_STYLE_COLOUR('',#1);
#13609=FILL_AREA_STYLE('',(#13608));
#13610=SURFACE_STYLE_FILL_AREA(#13609);
#13611=SURFACE_SIDE_STYLE('',(#13610));
#13612=SURFACE_STYLE_USAGE(.POSITIVE.,#13611);
#13613=PRESENTATION_STYLE_ASSIGNMENT((#13612));
#13614=STYLED_ITEM('',(#13613),#13607);
#13615=CARTESIAN_POINT('',(-8.E0,-2.896414762094E0,1.973297015655E0));
#13616=CARTESIAN_POINT('',(-8.E0,-2.888826032556E0,1.973297015655E0));
#13617=CARTESIAN_POINT('',(-8.E0,-2.867797079302E0,1.973297015655E0));
#13618=CARTESIAN_POINT('',(-8.E0,-2.839179396511E0,1.973297015655E0));
#13619=CARTESIAN_POINT('',(-8.E0,-2.818150443257E0,1.973297015655E0));
#13620=CARTESIAN_POINT('',(-8.E0,-2.810561713719E0,1.973297015655E0));
#13622=CURVE_STYLE('',#6190,POSITIVE_LENGTH_MEASURE(2.E-2),#1);
#13623=PRESENTATION_STYLE_ASSIGNMENT((#13622));
#13624=STYLED_ITEM('',(#13623),#13621);
#13625=DIRECTION('',(-1.E0,0.E0,0.E0));
#13626=VECTOR('',#13625,1.E0);
#13627=SURFACE_OF_LINEAR_EXTRUSION('',#13621,#13626);
#13629=ORIENTED_EDGE('',*,*,#13628,.T.);
#13630=ORIENTED_EDGE('',*,*,#12861,.T.);
#13632=ORIENTED_EDGE('',*,*,#13631,.F.);
#13633=ORIENTED_EDGE('',*,*,#6586,.F.);
#13634=EDGE_LOOP('',(#13629,#13630,#13632,#13633));
#13635=FACE_OUTER_BOUND('',#13634,.F.);
#13637=FILL_AREA_STYLE_COLOUR('',#1);
#13638=FILL_AREA_STYLE('',(#13637));
#13639=SURFACE_STYLE_FILL_AREA(#13638);
#13640=SURFACE_SIDE_STYLE('',(#13639));
#13641=SURFACE_STYLE_USAGE(.POSITIVE.,#13640);
#13642=PRESENTATION_STYLE_ASSIGNMENT((#13641));
#13643=STYLED_ITEM('',(#13642),#13636);
#13644=CARTESIAN_POINT('',(-8.E0,-2.833327902333E0,1.996063204269E0));
#13645=CARTESIAN_POINT('',(-8.E0,-2.833327902333E0,1.988474474731E0));
#13646=CARTESIAN_POINT('',(-8.E0,-2.833327902333E0,1.912297395399E0));
#13647=CARTESIAN_POINT('',(-8.E0,-2.833327902334E0,1.828531586528E0));
#13648=CARTESIAN_POINT('',(-8.E0,-2.833327902335E0,1.752354507195E0));
#13649=CARTESIAN_POINT('',(-8.E0,-2.833327902335E0,1.744765777657E0));
#13651=CURVE_STYLE('',#6190,POSITIVE_LENGTH_MEASURE(2.E-2),#1);
#13652=PRESENTATION_STYLE_ASSIGNMENT((#13651));
#13653=STYLED_ITEM('',(#13652),#13650);
#13654=DIRECTION('',(-1.E0,0.E0,0.E0));
#13655=VECTOR('',#13654,1.E0);
#13656=SURFACE_OF_LINEAR_EXTRUSION('',#13650,#13655);
#13657=ORIENTED_EDGE('',*,*,#13628,.F.);
#13658=ORIENTED_EDGE('',*,*,#6592,.F.);
#13660=ORIENTED_EDGE('',*,*,#13659,.T.);
#13661=ORIENTED_EDGE('',*,*,#12863,.T.);
#13662=EDGE_LOOP('',(#13657,#13658,#13660,#13661));
#13663=FACE_OUTER_BOUND('',#13662,.F.);
#13665=FILL_AREA_STYLE_COLOUR('',#1);
#13666=FILL_AREA_STYLE('',(#13665));
#13667=SURFACE_STYLE_FILL_AREA(#13666);
#13668=SURFACE_SIDE_STYLE('',(#13667));
#13669=SURFACE_STYLE_USAGE(.POSITIVE.,#13668);
#13670=PRESENTATION_STYLE_ASSIGNMENT((#13669));
#13671=STYLED_ITEM('',(#13670),#13664);
#13672=CARTESIAN_POINT('',(-8.E0,-2.810561713721E0,1.767531966271E0));
#13673=CARTESIAN_POINT('',(-8.E0,-2.818150443259E0,1.767531966271E0));
#13674=CARTESIAN_POINT('',(-8.E0,-2.838656342121E0,1.767531966271E0));
#13675=CARTESIAN_POINT('',(-8.E0,-2.866750970522E0,1.767531966271E0));
#13676=CARTESIAN_POINT('',(-8.E0,-2.887256869384E0,1.767531966271E0));
#13677=CARTESIAN_POINT('',(-8.E0,-2.894845598922E0,1.767531966271E0));
#13679=CURVE_STYLE('',#6190,POSITIVE_LENGTH_MEASURE(2.E-2),#1);
#13680=PRESENTATION_STYLE_ASSIGNMENT((#13679));
#13681=STYLED_ITEM('',(#13680),#13678);
#13682=DIRECTION('',(-1.E0,0.E0,0.E0));
#13683=VECTOR('',#13682,1.E0);
#13684=SURFACE_OF_LINEAR_EXTRUSION('',#13678,#13683);
#13686=ORIENTED_EDGE('',*,*,#13685,.T.);
#13687=ORIENTED_EDGE('',*,*,#12865,.T.);
#13688=ORIENTED_EDGE('',*,*,#13659,.F.);
#13689=ORIENTED_EDGE('',*,*,#6590,.F.);
#13690=EDGE_LOOP('',(#13686,#13687,#13688,#13689));
#13691=FACE_OUTER_BOUND('',#13690,.F.);
#13693=FILL_AREA_STYLE_COLOUR('',#1);
#13694=FILL_AREA_STYLE('',(#13693));
#13695=SURFACE_STYLE_FILL_AREA(#13694);
#13696=SURFACE_SIDE_STYLE('',(#13695));
#13697=SURFACE_STYLE_USAGE(.POSITIVE.,#13696);
#13698=PRESENTATION_STYLE_ASSIGNMENT((#13697));
#13699=STYLED_ITEM('',(#13698),#13692);
#13700=CARTESIAN_POINT('',(-8.E0,-2.860449196913E0,1.768036765469E0));
#13701=CARTESIAN_POINT('',(-8.E0,-2.864236187080E0,1.767702247915E0));
#13702=CARTESIAN_POINT('',(-8.E0,-2.895707647665E0,1.766324634304E0));
#13703=CARTESIAN_POINT('',(-8.E0,-2.961998051261E0,1.784512475428E0));
#13704=CARTESIAN_POINT('',(-8.E0,-2.989115843684E0,1.872262986207E0));
#13705=CARTESIAN_POINT('',(-8.E0,-2.961049356512E0,1.959061925792E0));
#13706=CARTESIAN_POINT('',(-8.E0,-2.896367327789E0,1.974307181971E0));
#13707=CARTESIAN_POINT('',(-8.E0,-2.866064374312E0,1.973153942538E0));
#13708=CARTESIAN_POINT('',(-8.E0,-2.862409327622E0,1.972878336442E0));
#13710=CURVE_STYLE('',#6190,POSITIVE_LENGTH_MEASURE(2.E-2),#1);
#13711=PRESENTATION_STYLE_ASSIGNMENT((#13710));
#13712=STYLED_ITEM('',(#13711),#13709);
#13713=DIRECTION('',(-1.E0,0.E0,0.E0));
#13714=VECTOR('',#13713,1.E0);
#13715=SURFACE_OF_LINEAR_EXTRUSION('',#13709,#13714);
#13716=ORIENTED_EDGE('',*,*,#13631,.T.);
#13717=ORIENTED_EDGE('',*,*,#12867,.T.);
#13718=ORIENTED_EDGE('',*,*,#13685,.F.);
#13719=ORIENTED_EDGE('',*,*,#6588,.T.);
#13720=EDGE_LOOP('',(#13716,#13717,#13718,#13719));
#13721=FACE_OUTER_BOUND('',#13720,.F.);
#13723=FILL_AREA_STYLE_COLOUR('',#1);
#13724=FILL_AREA_STYLE('',(#13723));
#13725=SURFACE_STYLE_FILL_AREA(#13724);
#13726=SURFACE_SIDE_STYLE('',(#13725));
#13727=SURFACE_STYLE_USAGE(.POSITIVE.,#13726);
#13728=PRESENTATION_STYLE_ASSIGNMENT((#13727));
#13729=STYLED_ITEM('',(#13728),#13722);
#13730=CARTESIAN_POINT('',(-8.E0,-2.895050272380E0,1.737103845572E0));
#13731=CARTESIAN_POINT('',(-8.E0,-2.887461542842E0,1.737103845572E0));
#13732=CARTESIAN_POINT('',(-8.E0,-2.855402964372E0,1.737103845572E0));
#13733=CARTESIAN_POINT('',(-8.E0,-2.815755656364E0,1.737103845572E0));
#13734=CARTESIAN_POINT('',(-8.E0,-2.783697077894E0,1.737103845572E0));
#13735=CARTESIAN_POINT('',(-8.E0,-2.776108348356E0,1.737103845572E0));
#13737=CURVE_STYLE('',#6190,POSITIVE_LENGTH_MEASURE(2.E-2),#1);
#13738=PRESENTATION_STYLE_ASSIGNMENT((#13737));
#13739=STYLED_ITEM('',(#13738),#13736);
#13740=DIRECTION('',(-1.E0,0.E0,0.E0));
#13741=VECTOR('',#13740,1.E0);
#13742=SURFACE_OF_LINEAR_EXTRUSION('',#13736,#13741);
#13744=ORIENTED_EDGE('',*,*,#13743,.T.);
#13745=ORIENTED_EDGE('',*,*,#12851,.T.);
#13747=ORIENTED_EDGE('',*,*,#13746,.F.);
#13748=ORIENTED_EDGE('',*,*,#6358,.F.);
#13749=EDGE_LOOP('',(#13744,#13745,#13747,#13748));
#13750=FACE_OUTER_BOUND('',#13749,.F.);
#13752=FILL_AREA_STYLE_COLOUR('',#1);
#13753=FILL_AREA_STYLE('',(#13752));
#13754=SURFACE_STYLE_FILL_AREA(#13753);
#13755=SURFACE_SIDE_STYLE('',(#13754));
#13756=SURFACE_STYLE_USAGE(.POSITIVE.,#13755);
#13757=PRESENTATION_STYLE_ASSIGNMENT((#13756));
#13758=STYLED_ITEM('',(#13757),#13751);
#13759=CARTESIAN_POINT('',(-8.E0,-2.798874536970E0,1.714337656958E0));
#13760=CARTESIAN_POINT('',(-8.E0,-2.798874536970E0,1.721926386496E0));
#13761=CARTESIAN_POINT('',(-8.E0,-2.798874536969E0,1.818479845609E0));
#13762=CARTESIAN_POINT('',(-8.E0,-2.798874536968E0,1.922622034259E0));
#13763=CARTESIAN_POINT('',(-8.E0,-2.798874536968E0,2.019175493372E0));
#13764=CARTESIAN_POINT('',(-8.E0,-2.798874536968E0,2.026764222910E0));
#13766=CURVE_STYLE('',#6190,POSITIVE_LENGTH_MEASURE(2.E-2),#1);
#13767=PRESENTATION_STYLE_ASSIGNMENT((#13766));
#13768=STYLED_ITEM('',(#13767),#13765);
#13769=DIRECTION('',(-1.E0,0.E0,0.E0));
#13770=VECTOR('',#13769,1.E0);
#13771=SURFACE_OF_LINEAR_EXTRUSION('',#13765,#13770);
#13772=ORIENTED_EDGE('',*,*,#13743,.F.);
#13773=ORIENTED_EDGE('',*,*,#6364,.F.);
#13775=ORIENTED_EDGE('',*,*,#13774,.T.);
#13776=ORIENTED_EDGE('',*,*,#12853,.T.);
#13777=EDGE_LOOP('',(#13772,#13773,#13775,#13776));
#13778=FACE_OUTER_BOUND('',#13777,.F.);
#13780=FILL_AREA_STYLE_COLOUR('',#1);
#13781=FILL_AREA_STYLE('',(#13780));
#13782=SURFACE_STYLE_FILL_AREA(#13781);
#13783=SURFACE_SIDE_STYLE('',(#13782));
#13784=SURFACE_STYLE_USAGE(.POSITIVE.,#13783);
#13785=PRESENTATION_STYLE_ASSIGNMENT((#13784));
#13786=STYLED_ITEM('',(#13785),#13779);
#13787=CARTESIAN_POINT('',(-8.E0,-2.776108348354E0,2.003998034296E0));
#13788=CARTESIAN_POINT('',(-8.E0,-2.783697077892E0,2.003998034296E0));
#13789=CARTESIAN_POINT('',(-8.E0,-2.816665316174E0,2.003998034296E0));
#13790=CARTESIAN_POINT('',(-8.E0,-2.857222283994E0,2.003998034296E0));
#13791=CARTESIAN_POINT('',(-8.E0,-2.890190522276E0,2.003998034296E0));
#13792=CARTESIAN_POINT('',(-8.E0,-2.897779251814E0,2.003998034296E0));
#13794=CURVE_STYLE('',#6190,POSITIVE_LENGTH_MEASURE(2.E-2),#1);
#13795=PRESENTATION_STYLE_ASSIGNMENT((#13794));
#13796=STYLED_ITEM('',(#13795),#13793);
#13797=DIRECTION('',(-1.E0,0.E0,0.E0));
#13798=VECTOR('',#13797,1.E0);
#13799=SURFACE_OF_LINEAR_EXTRUSION('',#13793,#13798);
#13801=ORIENTED_EDGE('',*,*,#13800,.T.);
#13802=ORIENTED_EDGE('',*,*,#12855,.T.);
#13803=ORIENTED_EDGE('',*,*,#13774,.F.);
#13804=ORIENTED_EDGE('',*,*,#6362,.F.);
#13805=EDGE_LOOP('',(#13801,#13802,#13803,#13804));
#13806=FACE_OUTER_BOUND('',#13805,.F.);
#13808=FILL_AREA_STYLE_COLOUR('',#1);
#13809=FILL_AREA_STYLE('',(#13808));
#13810=SURFACE_STYLE_FILL_AREA(#13809);
#13811=SURFACE_SIDE_STYLE('',(#13810));
#13812=SURFACE_STYLE_USAGE(.POSITIVE.,#13811);
#13813=PRESENTATION_STYLE_ASSIGNMENT((#13812));
#13814=STYLED_ITEM('',(#13813),#13807);
#13815=CARTESIAN_POINT('',(-8.E0,-2.863362143446E0,2.003597453451E0));
#13816=CARTESIAN_POINT('',(-8.E0,-2.867194414028E0,2.003863554789E0));
#13817=CARTESIAN_POINT('',(-8.E0,-2.906380839781E0,2.005218085514E0));
#13818=CARTESIAN_POINT('',(-8.E0,-2.986675969860E0,1.982276458504E0));
#13819=CARTESIAN_POINT('',(-8.E0,-3.030484620959E0,1.872596154242E0));
#13820=CARTESIAN_POINT('',(-8.E0,-2.987566353975E0,1.760773293473E0));
#13821=CARTESIAN_POINT('',(-8.E0,-2.904828352931E0,1.735844636979E0));
#13822=CARTESIAN_POINT('',(-8.E0,-2.864604800499E0,1.737236083454E0));
#13823=CARTESIAN_POINT('',(-8.E0,-2.860834243718E0,1.737498920008E0));
#13825=CURVE_STYLE('',#6190,POSITIVE_LENGTH_MEASURE(2.E-2),#1);
#13826=PRESENTATION_STYLE_ASSIGNMENT((#13825));
#13827=STYLED_ITEM('',(#13826),#13824);
#13828=DIRECTION('',(-1.E0,0.E0,0.E0));
#13829=VECTOR('',#13828,1.E0);
#13830=SURFACE_OF_LINEAR_EXTRUSION('',#13824,#13829);
#13831=ORIENTED_EDGE('',*,*,#13746,.T.);
#13832=ORIENTED_EDGE('',*,*,#12857,.T.);
#13833=ORIENTED_EDGE('',*,*,#13800,.F.);
#13834=ORIENTED_EDGE('',*,*,#6360,.T.);
#13835=EDGE_LOOP('',(#13831,#13832,#13833,#13834));
#13836=FACE_OUTER_BOUND('',#13835,.F.);
#13838=FILL_AREA_STYLE_COLOUR('',#1);
#13839=FILL_AREA_STYLE('',(#13838));
#13840=SURFACE_STYLE_FILL_AREA(#13839);
#13841=SURFACE_SIDE_STYLE('',(#13840));
#13842=SURFACE_STYLE_USAGE(.POSITIVE.,#13841);
#13843=PRESENTATION_STYLE_ASSIGNMENT((#13842));
#13844=STYLED_ITEM('',(#13843),#13837);
#13845=CARTESIAN_POINT('',(-8.E0,-3.154998556531E0,1.950829604032E0));
#13846=CARTESIAN_POINT('',(-8.E0,-3.154955361582E0,1.950950387487E0));
#13847=CARTESIAN_POINT('',(-8.E0,-3.152768338288E0,1.957115953011E0));
#13848=CARTESIAN_POINT('',(-8.E0,-3.151355983181E0,1.963688460260E0));
#13849=CARTESIAN_POINT('',(-8.E0,-3.150270283320E0,1.970138741983E0));
#13850=CARTESIAN_POINT('',(-8.E0,-3.150249106371E0,1.970265217573E0));
#13852=CURVE_STYLE('',#6190,POSITIVE_LENGTH_MEASURE(2.E-2),#1);
#13853=PRESENTATION_STYLE_ASSIGNMENT((#13852));
#13854=STYLED_ITEM('',(#13853),#13851);
#13855=DIRECTION('',(-1.E0,0.E0,0.E0));
#13856=VECTOR('',#13855,1.E0);
#13857=SURFACE_OF_LINEAR_EXTRUSION('',#13851,#13856);
#13859=ORIENTED_EDGE('',*,*,#13858,.T.);
#13860=ORIENTED_EDGE('',*,*,#12902,.T.);
#13862=ORIENTED_EDGE('',*,*,#13861,.F.);
#13863=ORIENTED_EDGE('',*,*,#6609,.T.);
#13864=EDGE_LOOP('',(#13859,#13860,#13862,#13863));
#13865=FACE_OUTER_BOUND('',#13864,.F.);
#13867=FILL_AREA_STYLE_COLOUR('',#1);
#13868=FILL_AREA_STYLE('',(#13867));
#13869=SURFACE_STYLE_FILL_AREA(#13868);
#13870=SURFACE_SIDE_STYLE('',(#13869));
#13871=SURFACE_STYLE_USAGE(.POSITIVE.,#13870);
#13872=PRESENTATION_STYLE_ASSIGNMENT((#13871));
#13873=STYLED_ITEM('',(#13872),#13866);
#13874=CARTESIAN_POINT('',(-8.E0,-3.150373747635E0,1.970266866243E0));
#13875=CARTESIAN_POINT('',(-8.E0,-3.150353683102E0,1.970139830409E0));
#13876=CARTESIAN_POINT('',(-8.E0,-3.149320583009E0,1.963661521205E0));
#13877=CARTESIAN_POINT('',(-8.E0,-3.147751566300E0,1.957088790292E0));
#13878=CARTESIAN_POINT('',(-8.E0,-3.145432506106E0,1.950951484773E0));
#13879=CARTESIAN_POINT('',(-8.E0,-3.145386732259E0,1.950831266391E0));
#13881=CURVE_STYLE('',#6190,POSITIVE_LENGTH_MEASURE(2.E-2),#1);
#13882=PRESENTATION_STYLE_ASSIGNMENT((#13881));
#13883=STYLED_ITEM('',(#13882),#13880);
#13884=DIRECTION('',(-1.E0,0.E0,0.E0));
#13885=VECTOR('',#13884,1.E0);
#13886=SURFACE_OF_LINEAR_EXTRUSION('',#13880,#13885);
#13887=ORIENTED_EDGE('',*,*,#13858,.F.);
#13888=ORIENTED_EDGE('',*,*,#6617,.T.);
#13890=ORIENTED_EDGE('',*,*,#13889,.T.);
#13891=ORIENTED_EDGE('',*,*,#12904,.T.);
#13892=EDGE_LOOP('',(#13887,#13888,#13890,#13891));
#13893=FACE_OUTER_BOUND('',#13892,.F.);
#13895=FILL_AREA_STYLE_COLOUR('',#1);
#13896=FILL_AREA_STYLE('',(#13895));
#13897=SURFACE_STYLE_FILL_AREA(#13896);
#13898=SURFACE_SIDE_STYLE('',(#13897));
#13899=SURFACE_STYLE_USAGE(.POSITIVE.,#13898);
#13900=PRESENTATION_STYLE_ASSIGNMENT((#13899));
#13901=STYLED_ITEM('',(#13900),#13894);
#13902=CARTESIAN_POINT('',(-8.E0,-3.153230302118E0,1.972614213639E0));
#13903=CARTESIAN_POINT('',(-8.E0,-3.150661251304E0,1.965473569837E0));
#13904=CARTESIAN_POINT('',(-8.E0,-3.134788425745E0,1.921355254692E0));
#13905=CARTESIAN_POINT('',(-8.E0,-3.116346549371E0,1.870096295745E0));
#13906=CARTESIAN_POINT('',(-8.E0,-3.100473723812E0,1.825977980601E0));
#13907=CARTESIAN_POINT('',(-8.E0,-3.097904672998E0,1.818837336799E0));
#13909=CURVE_STYLE('',#6190,POSITIVE_LENGTH_MEASURE(2.E-2),#1);
#13910=PRESENTATION_STYLE_ASSIGNMENT((#13909));
#13911=STYLED_ITEM('',(#13910),#13908);
#13912=DIRECTION('',(-1.E0,0.E0,0.E0));
#13913=VECTOR('',#13912,1.E0);
#13914=SURFACE_OF_LINEAR_EXTRUSION('',#13908,#13913);
#13916=ORIENTED_EDGE('',*,*,#13915,.T.);
#13917=ORIENTED_EDGE('',*,*,#12906,.T.);
#13918=ORIENTED_EDGE('',*,*,#13889,.F.);
#13919=ORIENTED_EDGE('',*,*,#6615,.F.);
#13920=EDGE_LOOP('',(#13916,#13917,#13918,#13919));
#13921=FACE_OUTER_BOUND('',#13920,.F.);
#13923=FILL_AREA_STYLE_COLOUR('',#1);
#13924=FILL_AREA_STYLE('',(#13923));
#13925=SURFACE_STYLE_FILL_AREA(#13924);
#13926=SURFACE_SIDE_STYLE('',(#13925));
#13927=SURFACE_STYLE_USAGE(.POSITIVE.,#13926);
#13928=PRESENTATION_STYLE_ASSIGNMENT((#13927));
#13929=STYLED_ITEM('',(#13928),#13922);
#13930=CARTESIAN_POINT('',(-8.E0,-3.082845636827E0,1.840259268206E0));
#13931=CARTESIAN_POINT('',(-8.E0,-3.090434366365E0,1.840259268206E0));
#13932=CARTESIAN_POINT('',(-8.E0,-3.127882679219E0,1.840259268206E0));
#13933=CARTESIAN_POINT('',(-8.E0,-3.172919721611E0,1.840259268206E0));
#13934=CARTESIAN_POINT('',(-8.E0,-3.210368034465E0,1.840259268206E0));
#13935=CARTESIAN_POINT('',(-8.E0,-3.217956764003E0,1.840259268206E0));
#13937=CURVE_STYLE('',#6190,POSITIVE_LENGTH_MEASURE(2.E-2),#1);
#13938=PRESENTATION_STYLE_ASSIGNMENT((#13937));
#13939=STYLED_ITEM('',(#13938),#13936);
#13940=DIRECTION('',(-1.E0,0.E0,0.E0));
#13941=VECTOR('',#13940,1.E0);
#13942=SURFACE_OF_LINEAR_EXTRUSION('',#13936,#13941);
#13944=ORIENTED_EDGE('',*,*,#13943,.T.);
#13945=ORIENTED_EDGE('',*,*,#12908,.T.);
#13946=ORIENTED_EDGE('',*,*,#13915,.F.);
#13947=ORIENTED_EDGE('',*,*,#6613,.F.);
#13948=EDGE_LOOP('',(#13944,#13945,#13946,#13947));
#13949=FACE_OUTER_BOUND('',#13948,.F.);
#13951=FILL_AREA_STYLE_COLOUR('',#1);
#13952=FILL_AREA_STYLE('',(#13951));
#13953=SURFACE_STYLE_FILL_AREA(#13952);
#13954=SURFACE_SIDE_STYLE('',(#13953));
#13955=SURFACE_STYLE_USAGE(.POSITIVE.,#13954);
#13956=PRESENTATION_STYLE_ASSIGNMENT((#13955));
#13957=STYLED_ITEM('',(#13956),#13950);
#13958=CARTESIAN_POINT('',(-8.E0,-3.202967592629E0,1.818862601483E0));
#13959=CARTESIAN_POINT('',(-8.E0,-3.200375253549E0,1.825994823724E0));
#13960=CARTESIAN_POINT('',(-8.E0,-3.184342690753E0,1.870104717307E0));
#13961=CARTESIAN_POINT('',(-8.E0,-3.165717788876E0,1.921346833131E0));
#13962=CARTESIAN_POINT('',(-8.E0,-3.149685226079E0,1.965456726714E0));
#13963=CARTESIAN_POINT('',(-8.E0,-3.147092886999E0,1.972588948955E0));
#13965=CURVE_STYLE('',#6190,POSITIVE_LENGTH_MEASURE(2.E-2),#1);
#13966=PRESENTATION_STYLE_ASSIGNMENT((#13965));
#13967=STYLED_ITEM('',(#13966),#13964);
#13968=DIRECTION('',(-1.E0,0.E0,0.E0));
#13969=VECTOR('',#13968,1.E0);
#13970=SURFACE_OF_LINEAR_EXTRUSION('',#13964,#13969);
#13971=ORIENTED_EDGE('',*,*,#13861,.T.);
#13972=ORIENTED_EDGE('',*,*,#12910,.T.);
#13973=ORIENTED_EDGE('',*,*,#13943,.F.);
#13974=ORIENTED_EDGE('',*,*,#6611,.F.);
#13975=EDGE_LOOP('',(#13971,#13972,#13973,#13974));
#13976=FACE_OUTER_BOUND('',#13975,.F.);
#13978=FILL_AREA_STYLE_COLOUR('',#1);
#13979=FILL_AREA_STYLE('',(#13978));
#13980=SURFACE_STYLE_FILL_AREA(#13979);
#13981=SURFACE_SIDE_STYLE('',(#13980));
#13982=SURFACE_STYLE_USAGE(.POSITIVE.,#13981);
#13983=PRESENTATION_STYLE_ASSIGNMENT((#13982));
#13984=STYLED_ITEM('',(#13983),#13977);
#13985=CARTESIAN_POINT('',(-8.E0,-3.271124428165E0,1.737103845572E0));
#13986=DIRECTION('',(0.E0,-9.345104387413E-1,3.559357243710E-1));
#13987=DIRECTION('',(0.E0,3.559357243710E-1,9.345104387413E-1));
#13988=AXIS2_PLACEMENT_3D('',#13985,#13986,#13987);
#13989=PLANE('',#13988);
#13991=ORIENTED_EDGE('',*,*,#13990,.T.);
#13992=ORIENTED_EDGE('',*,*,#12884,.T.);
#13994=ORIENTED_EDGE('',*,*,#13993,.F.);
#13995=ORIENTED_EDGE('',*,*,#6368,.F.);
#13996=EDGE_LOOP('',(#13991,#13992,#13994,#13995));
#13997=FACE_OUTER_BOUND('',#13996,.F.);
#13999=FILL_AREA_STYLE_COLOUR('',#1);
#14000=FILL_AREA_STYLE('',(#13999));
#14001=SURFACE_STYLE_FILL_AREA(#14000);
#14002=SURFACE_SIDE_STYLE('',(#14001));
#14003=SURFACE_STYLE_USAGE(.POSITIVE.,#14002);
#14004=PRESENTATION_STYLE_ASSIGNMENT((#14003));
#14005=STYLED_ITEM('',(#14004),#13998);
#14006=CARTESIAN_POINT('',(-8.E0,-3.233055165050E0,1.737103845572E0));
#14007=DIRECTION('',(0.E0,0.E0,-1.E0));
#14008=DIRECTION('',(0.E0,-1.E0,0.E0));
#14009=AXIS2_PLACEMENT_3D('',#14006,#14007,#14008);
#14010=PLANE('',#14009);
#14011=ORIENTED_EDGE('',*,*,#13990,.F.);
#14012=ORIENTED_EDGE('',*,*,#6382,.F.);
#14014=ORIENTED_EDGE('',*,*,#14013,.T.);
#14015=ORIENTED_EDGE('',*,*,#12886,.T.);
#14016=EDGE_LOOP('',(#14011,#14012,#14014,#14015));
#14017=FACE_OUTER_BOUND('',#14016,.F.);
#14019=FILL_AREA_STYLE_COLOUR('',#1);
#14020=FILL_AREA_STYLE('',(#14019));
#14021=SURFACE_STYLE_FILL_AREA(#14020);
#14022=SURFACE_SIDE_STYLE('',(#14021));
#14023=SURFACE_STYLE_USAGE(.POSITIVE.,#14022);
#14024=PRESENTATION_STYLE_ASSIGNMENT((#14023));
#14025=STYLED_ITEM('',(#14024),#14018);
#14026=CARTESIAN_POINT('',(-8.E0,-3.205833595189E0,1.810104045452E0));
#14027=DIRECTION('',(0.E0,9.369753459537E-1,-3.493954794714E-1));
#14028=DIRECTION('',(0.E0,-3.493954794714E-1,-9.369753459537E-1));
#14029=AXIS2_PLACEMENT_3D('',#14026,#14027,#14028);
#14030=PLANE('',#14029);
#14032=ORIENTED_EDGE('',*,*,#14031,.T.);
#14033=ORIENTED_EDGE('',*,*,#12888,.T.);
#14034=ORIENTED_EDGE('',*,*,#14013,.F.);
#14035=ORIENTED_EDGE('',*,*,#6380,.F.);
#14036=EDGE_LOOP('',(#14032,#14033,#14034,#14035));
#14037=FACE_OUTER_BOUND('',#14036,.F.);
#14039=FILL_AREA_STYLE_COLOUR('',#1);
#14040=FILL_AREA_STYLE('',(#14039));
#14041=SURFACE_STYLE_FILL_AREA(#14040);
#14042=SURFACE_SIDE_STYLE('',(#14041));
#14043=SURFACE_STYLE_USAGE(.POSITIVE.,#14042);
#14044=PRESENTATION_STYLE_ASSIGNMENT((#14043));
#14045=STYLED_ITEM('',(#14044),#14038);
#14046=CARTESIAN_POINT('',(-8.E0,-3.094695907706E0,1.810104045452E0));
#14047=DIRECTION('',(0.E0,0.E0,-1.E0));
#14048=DIRECTION('',(0.E0,-1.E0,0.E0));
#14049=AXIS2_PLACEMENT_3D('',#14046,#14047,#14048);
#14050=PLANE('',#14049);
#14052=ORIENTED_EDGE('',*,*,#14051,.T.);
#14053=ORIENTED_EDGE('',*,*,#12890,.T.);
#14054=ORIENTED_EDGE('',*,*,#14031,.F.);
#14055=ORIENTED_EDGE('',*,*,#6378,.F.);
#14056=EDGE_LOOP('',(#14052,#14053,#14054,#14055));
#14057=FACE_OUTER_BOUND('',#14056,.F.);
#14059=FILL_AREA_STYLE_COLOUR('',#1);
#14060=FILL_AREA_STYLE('',(#14059));
#14061=SURFACE_STYLE_FILL_AREA(#14060);
#14062=SURFACE_SIDE_STYLE('',(#14061));
#14063=SURFACE_STYLE_USAGE(.POSITIVE.,#14062);
#14064=PRESENTATION_STYLE_ASSIGNMENT((#14063));
#14065=STYLED_ITEM('',(#14064),#14058);
#14066=CARTESIAN_POINT('',(-8.E0,-3.069043501015E0,1.737103845572E0));
#14067=DIRECTION('',(0.E0,-9.434452330622E-1,-3.315284184081E-1));
#14068=DIRECTION('',(0.E0,-3.315284184081E-1,9.434452330622E-1));
#14069=AXIS2_PLACEMENT_3D('',#14066,#14067,#14068);
#14070=PLANE('',#14069);
#14072=ORIENTED_EDGE('',*,*,#14071,.T.);
#14073=ORIENTED_EDGE('',*,*,#12892,.T.);
#14074=ORIENTED_EDGE('',*,*,#14051,.F.);
#14075=ORIENTED_EDGE('',*,*,#6376,.F.);
#14076=EDGE_LOOP('',(#14072,#14073,#14074,#14075));
#14077=FACE_OUTER_BOUND('',#14076,.F.);
#14079=FILL_AREA_STYLE_COLOUR('',#1);
#14080=FILL_AREA_STYLE('',(#14079));
#14081=SURFACE_STYLE_FILL_AREA(#14080);
#14082=SURFACE_SIDE_STYLE('',(#14081));
#14083=SURFACE_STYLE_USAGE(.POSITIVE.,#14082);
#14084=PRESENTATION_STYLE_ASSIGNMENT((#14083));
#14085=STYLED_ITEM('',(#14084),#14078);
#14086=CARTESIAN_POINT('',(-8.E0,-3.030974237901E0,1.737103845572E0));
#14087=DIRECTION('',(0.E0,0.E0,-1.E0));
#14088=DIRECTION('',(0.E0,-1.E0,0.E0));
#14089=AXIS2_PLACEMENT_3D('',#14086,#14087,#14088);
#14090=PLANE('',#14089);
#14092=ORIENTED_EDGE('',*,*,#14091,.T.);
#14093=ORIENTED_EDGE('',*,*,#12894,.T.);
#14094=ORIENTED_EDGE('',*,*,#14071,.F.);
#14095=ORIENTED_EDGE('',*,*,#6374,.F.);
#14096=EDGE_LOOP('',(#14092,#14093,#14094,#14095));
#14097=FACE_OUTER_BOUND('',#14096,.F.);
#14099=FILL_AREA_STYLE_COLOUR('',#1);
#14100=FILL_AREA_STYLE('',(#14099));
#14101=SURFACE_STYLE_FILL_AREA(#14100);
#14102=SURFACE_SIDE_STYLE('',(#14101));
#14103=SURFACE_STYLE_USAGE(.POSITIVE.,#14102);
#14104=PRESENTATION_STYLE_ASSIGNMENT((#14103));
#14105=STYLED_ITEM('',(#14104),#14098);
#14106=CARTESIAN_POINT('',(-8.E0,-3.132628721847E0,2.003998034296E0));
#14107=DIRECTION('',(0.E0,9.345104387424E-1,3.559357243682E-1));
#14108=DIRECTION('',(0.E0,3.559357243682E-1,-9.345104387424E-1));
#14109=AXIS2_PLACEMENT_3D('',#14106,#14107,#14108);
#14110=PLANE('',#14109);
#14112=ORIENTED_EDGE('',*,*,#14111,.T.);
#14113=ORIENTED_EDGE('',*,*,#12896,.T.);
#14114=ORIENTED_EDGE('',*,*,#14091,.F.);
#14115=ORIENTED_EDGE('',*,*,#6372,.F.);
#14116=EDGE_LOOP('',(#14112,#14113,#14114,#14115));
#14117=FACE_OUTER_BOUND('',#14116,.F.);
#14119=FILL_AREA_STYLE_COLOUR('',#1);
#14120=FILL_AREA_STYLE('',(#14119));
#14121=SURFACE_STYLE_FILL_AREA(#14120);
#14122=SURFACE_SIDE_STYLE('',(#14121));
#14123=SURFACE_STYLE_USAGE(.POSITIVE.,#14122);
#14124=PRESENTATION_STYLE_ASSIGNMENT((#14123));
#14125=STYLED_ITEM('',(#14124),#14118);
#14126=CARTESIAN_POINT('',(-8.E0,-3.169469944217E0,2.003998034296E0));
#14127=DIRECTION('',(0.E0,0.E0,1.E0));
#14128=DIRECTION('',(0.E0,1.E0,0.E0));
#14129=AXIS2_PLACEMENT_3D('',#14126,#14127,#14128);
#14130=PLANE('',#14129);
#14131=ORIENTED_EDGE('',*,*,#13993,.T.);
#14132=ORIENTED_EDGE('',*,*,#12898,.T.);
#14133=ORIENTED_EDGE('',*,*,#14111,.F.);
#14134=ORIENTED_EDGE('',*,*,#6370,.F.);
#14135=EDGE_LOOP('',(#14131,#14132,#14133,#14134));
#14136=FACE_OUTER_BOUND('',#14135,.F.);
#14138=FILL_AREA_STYLE_COLOUR('',#1);
#14139=FILL_AREA_STYLE('',(#14138));
#14140=SURFACE_STYLE_FILL_AREA(#14139);
#14141=SURFACE_SIDE_STYLE('',(#14140));
#14142=SURFACE_STYLE_USAGE(.POSITIVE.,#14141);
#14143=PRESENTATION_STYLE_ASSIGNMENT((#14142));
#14144=STYLED_ITEM('',(#14143),#14137);
#14145=CARTESIAN_POINT('',(-8.E0,-2.343544318271E0,1.313702686261E0));
#14146=DIRECTION('',(0.E0,-1.E0,0.E0));
#14147=DIRECTION('',(0.E0,0.E0,1.E0));
#14148=AXIS2_PLACEMENT_3D('',#14145,#14146,#14147);
#14149=PLANE('',#14148);
#14151=ORIENTED_EDGE('',*,*,#14150,.T.);
#14152=ORIENTED_EDGE('',*,*,#12927,.T.);
#14154=ORIENTED_EDGE('',*,*,#14153,.F.);
#14155=ORIENTED_EDGE('',*,*,#6386,.F.);
#14156=EDGE_LOOP('',(#14151,#14152,#14154,#14155));
#14157=FACE_OUTER_BOUND('',#14156,.F.);
#14159=FILL_AREA_STYLE_COLOUR('',#1);
#14160=FILL_AREA_STYLE('',(#14159));
#14161=SURFACE_STYLE_FILL_AREA(#14160);
#14162=SURFACE_SIDE_STYLE('',(#14161));
#14163=SURFACE_STYLE_USAGE(.POSITIVE.,#14162);
#14164=PRESENTATION_STYLE_ASSIGNMENT((#14163));
#14165=STYLED_ITEM('',(#14164),#14158);
#14166=CARTESIAN_POINT('',(-8.E0,-2.2E0,1.313702686261E0));
#14167=DIRECTION('',(0.E0,0.E0,-1.E0));
#14168=DIRECTION('',(0.E0,-1.E0,0.E0));
#14169=AXIS2_PLACEMENT_3D('',#14166,#14167,#14168);
#14170=PLANE('',#14169);
#14171=ORIENTED_EDGE('',*,*,#14150,.F.);
#14172=ORIENTED_EDGE('',*,*,#6408,.F.);
#14174=ORIENTED_EDGE('',*,*,#14173,.T.);
#14175=ORIENTED_EDGE('',*,*,#12929,.T.);
#14176=EDGE_LOOP('',(#14171,#14172,#14174,#14175));
#14177=FACE_OUTER_BOUND('',#14176,.F.);
#14179=FILL_AREA_STYLE_COLOUR('',#1);
#14180=FILL_AREA_STYLE('',(#14179));
#14181=SURFACE_STYLE_FILL_AREA(#14180);
#14182=SURFACE_SIDE_STYLE('',(#14181));
#14183=SURFACE_STYLE_USAGE(.POSITIVE.,#14182);
#14184=PRESENTATION_STYLE_ASSIGNMENT((#14183));
#14185=STYLED_ITEM('',(#14184),#14178);
#14186=CARTESIAN_POINT('',(-8.E0,-2.2E0,1.580596874985E0));
#14187=DIRECTION('',(0.E0,1.E0,0.E0));
#14188=DIRECTION('',(0.E0,0.E0,-1.E0));
#14189=AXIS2_PLACEMENT_3D('',#14186,#14187,#14188);
#14190=PLANE('',#14189);
#14192=ORIENTED_EDGE('',*,*,#14191,.T.);
#14193=ORIENTED_EDGE('',*,*,#12931,.T.);
#14194=ORIENTED_EDGE('',*,*,#14173,.F.);
#14195=ORIENTED_EDGE('',*,*,#6406,.F.);
#14196=EDGE_LOOP('',(#14192,#14193,#14194,#14195));
#14197=FACE_OUTER_BOUND('',#14196,.F.);
#14199=FILL_AREA_STYLE_COLOUR('',#1);
#14200=FILL_AREA_STYLE('',(#14199));
#14201=SURFACE_STYLE_FILL_AREA(#14200);
#14202=SURFACE_SIDE_STYLE('',(#14201));
#14203=SURFACE_STYLE_USAGE(.POSITIVE.,#14202);
#14204=PRESENTATION_STYLE_ASSIGNMENT((#14203));
#14205=STYLED_ITEM('',(#14204),#14198);
#14206=CARTESIAN_POINT('',(-8.E0,-2.337472339027E0,1.580596874985E0));
#14207=DIRECTION('',(0.E0,0.E0,1.E0));
#14208=DIRECTION('',(0.E0,1.E0,0.E0));
#14209=AXIS2_PLACEMENT_3D('',#14206,#14207,#14208);
#14210=PLANE('',#14209);
#14212=ORIENTED_EDGE('',*,*,#14211,.T.);
#14213=ORIENTED_EDGE('',*,*,#12933,.T.);
#14214=ORIENTED_EDGE('',*,*,#14191,.F.);
#14215=ORIENTED_EDGE('',*,*,#6404,.F.);
#14216=EDGE_LOOP('',(#14212,#14213,#14214,#14215));
#14217=FACE_OUTER_BOUND('',#14216,.F.);
#14219=FILL_AREA_STYLE_COLOUR('',#1);
#14220=FILL_AREA_STYLE('',(#14219));
#14221=SURFACE_STYLE_FILL_AREA(#14220);
#14222=SURFACE_SIDE_STYLE('',(#14221));
#14223=SURFACE_STYLE_USAGE(.POSITIVE.,#14222);
#14224=PRESENTATION_STYLE_ASSIGNMENT((#14223));
#14225=STYLED_ITEM('',(#14224),#14218);
#14226=CARTESIAN_POINT('',(-8.E0,-2.337472339027E0,1.549895856345E0));
#14227=DIRECTION('',(0.E0,-1.E0,0.E0));
#14228=DIRECTION('',(0.E0,0.E0,1.E0));
#14229=AXIS2_PLACEMENT_3D('',#14226,#14227,#14228);
#14230=PLANE('',#14229);
#14232=ORIENTED_EDGE('',*,*,#14231,.T.);
#14233=ORIENTED_EDGE('',*,*,#12935,.T.);
#14234=ORIENTED_EDGE('',*,*,#14211,.F.);
#14235=ORIENTED_EDGE('',*,*,#6402,.F.);
#14236=EDGE_LOOP('',(#14232,#14233,#14234,#14235));
#14237=FACE_OUTER_BOUND('',#14236,.F.);
#14239=FILL_AREA_STYLE_COLOUR('',#1);
#14240=FILL_AREA_STYLE('',(#14239));
#14241=SURFACE_STYLE_FILL_AREA(#14240);
#14242=SURFACE_SIDE_STYLE('',(#14241));
#14243=SURFACE_STYLE_USAGE(.POSITIVE.,#14242);
#14244=PRESENTATION_STYLE_ASSIGNMENT((#14243));
#14245=STYLED_ITEM('',(#14244),#14238);
#14246=CARTESIAN_POINT('',(-8.E0,-2.234453365364E0,1.549895856345E0));
#14247=DIRECTION('',(0.E0,0.E0,-1.E0));
#14248=DIRECTION('',(0.E0,-1.E0,0.E0));
#14249=AXIS2_PLACEMENT_3D('',#14246,#14247,#14248);
#14250=PLANE('',#14249);
#14252=ORIENTED_EDGE('',*,*,#14251,.T.);
#14253=ORIENTED_EDGE('',*,*,#12937,.T.);
#14254=ORIENTED_EDGE('',*,*,#14231,.F.);
#14255=ORIENTED_EDGE('',*,*,#6400,.F.);
#14256=EDGE_LOOP('',(#14252,#14253,#14254,#14255));
#14257=FACE_OUTER_BOUND('',#14256,.F.);
#14259=FILL_AREA_STYLE_COLOUR('',#1);
#14260=FILL_AREA_STYLE('',(#14259));
#14261=SURFACE_STYLE_FILL_AREA(#14260);
#14262=SURFACE_SIDE_STYLE('',(#14261));
#14263=SURFACE_STYLE_USAGE(.POSITIVE.,#14262);
#14264=PRESENTATION_STYLE_ASSIGNMENT((#14263));
#14265=STYLED_ITEM('',(#14264),#14258);
#14266=CARTESIAN_POINT('',(-8.E0,-2.234453365364E0,1.464478800034E0));
#14267=DIRECTION('',(0.E0,-1.E0,0.E0));
#14268=DIRECTION('',(0.E0,0.E0,1.E0));
#14269=AXIS2_PLACEMENT_3D('',#14266,#14267,#14268);
#14270=PLANE('',#14269);
#14272=ORIENTED_EDGE('',*,*,#14271,.T.);
#14273=ORIENTED_EDGE('',*,*,#12939,.T.);
#14274=ORIENTED_EDGE('',*,*,#14251,.F.);
#14275=ORIENTED_EDGE('',*,*,#6398,.F.);
#14276=EDGE_LOOP('',(#14272,#14273,#14274,#14275));
#14277=FACE_OUTER_BOUND('',#14276,.F.);
#14279=FILL_AREA_STYLE_COLOUR('',#1);
#14280=FILL_AREA_STYLE('',(#14279));
#14281=SURFACE_STYLE_FILL_AREA(#14280);
#14282=SURFACE_SIDE_STYLE('',(#14281));
#14283=SURFACE_STYLE_USAGE(.POSITIVE.,#14282);
#14284=PRESENTATION_STYLE_ASSIGNMENT((#14283));
#14285=STYLED_ITEM('',(#14284),#14278);
#14286=CARTESIAN_POINT('',(-8.E0,-2.329899421096E0,1.464478800034E0));
#14287=DIRECTION('',(0.E0,0.E0,1.E0));
#14288=DIRECTION('',(0.E0,1.E0,0.E0));
#14289=AXIS2_PLACEMENT_3D('',#14286,#14287,#14288);
#14290=PLANE('',#14289);
#14292=ORIENTED_EDGE('',*,*,#14291,.T.);
#14293=ORIENTED_EDGE('',*,*,#12941,.T.);
#14294=ORIENTED_EDGE('',*,*,#14271,.F.);
#14295=ORIENTED_EDGE('',*,*,#6396,.F.);
#14296=EDGE_LOOP('',(#14292,#14293,#14294,#14295));
#14297=FACE_OUTER_BOUND('',#14296,.F.);
#14299=FILL_AREA_STYLE_COLOUR('',#1);
#14300=FILL_AREA_STYLE('',(#14299));
#14301=SURFACE_STYLE_FILL_AREA(#14300);
#14302=SURFACE_SIDE_STYLE('',(#14301));
#14303=SURFACE_STYLE_USAGE(.POSITIVE.,#14302);
#14304=PRESENTATION_STYLE_ASSIGNMENT((#14303));
#14305=STYLED_ITEM('',(#14304),#14298);
#14306=CARTESIAN_POINT('',(-8.E0,-2.329899421096E0,1.433914230364E0));
#14307=DIRECTION('',(0.E0,-1.E0,0.E0));
#14308=DIRECTION('',(0.E0,0.E0,1.E0));
#14309=AXIS2_PLACEMENT_3D('',#14306,#14307,#14308);
#14310=PLANE('',#14309);
#14312=ORIENTED_EDGE('',*,*,#14311,.T.);
#14313=ORIENTED_EDGE('',*,*,#12943,.T.);
#14314=ORIENTED_EDGE('',*,*,#14291,.F.);
#14315=ORIENTED_EDGE('',*,*,#6394,.F.);
#14316=EDGE_LOOP('',(#14312,#14313,#14314,#14315));
#14317=FACE_OUTER_BOUND('',#14316,.F.);
#14319=FILL_AREA_STYLE_COLOUR('',#1);
#14320=FILL_AREA_STYLE('',(#14319));
#14321=SURFACE_STYLE_FILL_AREA(#14320);
#14322=SURFACE_SIDE_STYLE('',(#14321));
#14323=SURFACE_STYLE_USAGE(.POSITIVE.,#14322);
#14324=PRESENTATION_STYLE_ASSIGNMENT((#14323));
#14325=STYLED_ITEM('',(#14324),#14318);
#14326=CARTESIAN_POINT('',(-8.E0,-2.234453365364E0,1.433914230364E0));
#14327=DIRECTION('',(0.E0,0.E0,-1.E0));
#14328=DIRECTION('',(0.E0,-1.E0,0.E0));
#14329=AXIS2_PLACEMENT_3D('',#14326,#14327,#14328);
#14330=PLANE('',#14329);
#14332=ORIENTED_EDGE('',*,*,#14331,.T.);
#14333=ORIENTED_EDGE('',*,*,#12945,.T.);
#14334=ORIENTED_EDGE('',*,*,#14311,.F.);
#14335=ORIENTED_EDGE('',*,*,#6392,.F.);
#14336=EDGE_LOOP('',(#14332,#14333,#14334,#14335));
#14337=FACE_OUTER_BOUND('',#14336,.F.);
#14339=FILL_AREA_STYLE_COLOUR('',#1);
#14340=FILL_AREA_STYLE('',(#14339));
#14341=SURFACE_STYLE_FILL_AREA(#14340);
#14342=SURFACE_SIDE_STYLE('',(#14341));
#14343=SURFACE_STYLE_USAGE(.POSITIVE.,#14342);
#14344=PRESENTATION_STYLE_ASSIGNMENT((#14343));
#14345=STYLED_ITEM('',(#14344),#14338);
#14346=CARTESIAN_POINT('',(-8.E0,-2.234453365364E0,1.344130806960E0));
#14347=DIRECTION('',(0.E0,-1.E0,0.E0));
#14348=DIRECTION('',(0.E0,0.E0,1.E0));
#14349=AXIS2_PLACEMENT_3D('',#14346,#14347,#14348);
#14350=PLANE('',#14349);
#14352=ORIENTED_EDGE('',*,*,#14351,.T.);
#14353=ORIENTED_EDGE('',*,*,#12947,.T.);
#14354=ORIENTED_EDGE('',*,*,#14331,.F.);
#14355=ORIENTED_EDGE('',*,*,#6390,.F.);
#14356=EDGE_LOOP('',(#14352,#14353,#14354,#14355));
#14357=FACE_OUTER_BOUND('',#14356,.F.);
#14359=FILL_AREA_STYLE_COLOUR('',#1);
#14360=FILL_AREA_STYLE('',(#14359));
#14361=SURFACE_STYLE_FILL_AREA(#14360);
#14362=SURFACE_SIDE_STYLE('',(#14361));
#14363=SURFACE_STYLE_USAGE(.POSITIVE.,#14362);
#14364=PRESENTATION_STYLE_ASSIGNMENT((#14363));
#14365=STYLED_ITEM('',(#14364),#14358);
#14366=CARTESIAN_POINT('',(-8.E0,-2.343544318271E0,1.344130806960E0));
#14367=DIRECTION('',(0.E0,0.E0,1.E0));
#14368=DIRECTION('',(0.E0,1.E0,0.E0));
#14369=AXIS2_PLACEMENT_3D('',#14366,#14367,#14368);
#14370=PLANE('',#14369);
#14371=ORIENTED_EDGE('',*,*,#14153,.T.);
#14372=ORIENTED_EDGE('',*,*,#12949,.T.);
#14373=ORIENTED_EDGE('',*,*,#14351,.F.);
#14374=ORIENTED_EDGE('',*,*,#6388,.F.);
#14375=EDGE_LOOP('',(#14371,#14372,#14373,#14374));
#14376=FACE_OUTER_BOUND('',#14375,.F.);
#14378=FILL_AREA_STYLE_COLOUR('',#1);
#14379=FILL_AREA_STYLE('',(#14378));
#14380=SURFACE_STYLE_FILL_AREA(#14379);
#14381=SURFACE_SIDE_STYLE('',(#14380));
#14382=SURFACE_STYLE_USAGE(.POSITIVE.,#14381);
#14383=PRESENTATION_STYLE_ASSIGNMENT((#14382));
#14384=STYLED_ITEM('',(#14383),#14377);
#14385=CARTESIAN_POINT('',(-8.E0,-2.517838424202E0,1.412389395182E0));
#14386=CARTESIAN_POINT('',(-8.E0,-2.510317474416E0,1.411377401938E0));
#14387=CARTESIAN_POINT('',(-8.E0,-2.487923586712E0,1.408364157109E0));
#14388=CARTESIAN_POINT('',(-8.E0,-2.458008749221E0,1.404338919037E0));
#14389=CARTESIAN_POINT('',(-8.E0,-2.435614861516E0,1.401325674207E0));
#14390=CARTESIAN_POINT('',(-8.E0,-2.428093911731E0,1.400313680964E0));
#14392=CURVE_STYLE('',#6190,POSITIVE_LENGTH_MEASURE(2.E-2),#1);
#14393=PRESENTATION_STYLE_ASSIGNMENT((#14392));
#14394=STYLED_ITEM('',(#14393),#14391);
#14395=DIRECTION('',(-1.E0,0.E0,0.E0));
#14396=VECTOR('',#14395,1.E0);
#14397=SURFACE_OF_LINEAR_EXTRUSION('',#14391,#14396);
#14399=ORIENTED_EDGE('',*,*,#14398,.T.);
#14400=ORIENTED_EDGE('',*,*,#12984,.T.);
#14402=ORIENTED_EDGE('',*,*,#14401,.F.);
#14403=ORIENTED_EDGE('',*,*,#6634,.F.);
#14404=EDGE_LOOP('',(#14399,#14400,#14402,#14403));
#14405=FACE_OUTER_BOUND('',#14404,.F.);
#14407=FILL_AREA_STYLE_COLOUR('',#1);
#14408=FILL_AREA_STYLE('',(#14407));
#14409=SURFACE_STYLE_FILL_AREA(#14408);
#14410=SURFACE_SIDE_STYLE('',(#14409));
#14411=SURFACE_STYLE_USAGE(.POSITIVE.,#14410);
#14412=PRESENTATION_STYLE_ASSIGNMENT((#14411));
#14413=STYLED_ITEM('',(#14412),#14406);
#14414=CARTESIAN_POINT('',(-8.E0,-2.461919081607E0,1.405062810324E0));
#14415=CARTESIAN_POINT('',(-8.E0,-2.458572210395E0,1.404408962971E0));
#14416=CARTESIAN_POINT('',(-8.E0,-2.443938831691E0,1.402541751515E0));
#14417=CARTESIAN_POINT('',(-8.E0,-2.416624609474E0,1.397954522859E0));
#14418=CARTESIAN_POINT('',(-8.E0,-2.406086854026E0,1.367783456678E0));
#14419=CARTESIAN_POINT('',(-8.E0,-2.417076919186E0,1.341477887470E0));
#14420=CARTESIAN_POINT('',(-8.E0,-2.449282673995E0,1.332805853636E0));
#14421=CARTESIAN_POINT('',(-8.E0,-2.485937752390E0,1.348365018970E0));
#14422=CARTESIAN_POINT('',(-8.E0,-2.496594652766E0,1.381335877915E0));
#14423=CARTESIAN_POINT('',(-8.E0,-2.494911693970E0,1.398616403872E0));
#14424=CARTESIAN_POINT('',(-8.E0,-2.494183555688E0,1.402162853713E0));
#14426=CURVE_STYLE('',#6190,POSITIVE_LENGTH_MEASURE(2.E-2),#1);
#14427=PRESENTATION_STYLE_ASSIGNMENT((#14426));
#14428=STYLED_ITEM('',(#14427),#14425);
#14429=DIRECTION('',(-1.E0,0.E0,0.E0));
#14430=VECTOR('',#14429,1.E0);
#14431=SURFACE_OF_LINEAR_EXTRUSION('',#14425,#14430);
#14432=ORIENTED_EDGE('',*,*,#14398,.F.);
#14433=ORIENTED_EDGE('',*,*,#6638,.T.);
#14435=ORIENTED_EDGE('',*,*,#14434,.T.);
#14436=ORIENTED_EDGE('',*,*,#12986,.T.);
#14437=EDGE_LOOP('',(#14432,#14433,#14435,#14436));
#14438=FACE_OUTER_BOUND('',#14437,.F.);
#14440=FILL_AREA_STYLE_COLOUR('',#1);
#14441=FILL_AREA_STYLE('',(#14440));
#14442=SURFACE_STYLE_FILL_AREA(#14441);
#14443=SURFACE_SIDE_STYLE('',(#14442));
#14444=SURFACE_STYLE_USAGE(.POSITIVE.,#14443);
#14445=PRESENTATION_STYLE_ASSIGNMENT((#14444));
#14446=STYLED_ITEM('',(#14445),#14439);
#14447=CARTESIAN_POINT('',(-8.E0,-2.495275574846E0,1.390703569994E0));
#14448=CARTESIAN_POINT('',(-8.E0,-2.495275574846E0,1.390825464408E0));
#14449=CARTESIAN_POINT('',(-8.E0,-2.495275574846E0,1.397042079561E0));
#14450=CARTESIAN_POINT('',(-8.E0,-2.495275574846E0,1.403380589128E0));
#14451=CARTESIAN_POINT('',(-8.E0,-2.495275574846E0,1.409597204281E0));
#14452=CARTESIAN_POINT('',(-8.E0,-2.495275574846E0,1.409719098696E0));
#14454=CURVE_STYLE('',#6190,POSITIVE_LENGTH_MEASURE(2.E-2),#1);
#14455=PRESENTATION_STYLE_ASSIGNMENT((#14454));
#14456=STYLED_ITEM('',(#14455),#14453);
#14457=DIRECTION('',(-1.E0,0.E0,0.E0));
#14458=VECTOR('',#14457,1.E0);
#14459=SURFACE_OF_LINEAR_EXTRUSION('',#14453,#14458);
#14460=ORIENTED_EDGE('',*,*,#14401,.T.);
#14461=ORIENTED_EDGE('',*,*,#12988,.T.);
#14462=ORIENTED_EDGE('',*,*,#14434,.F.);
#14463=ORIENTED_EDGE('',*,*,#6636,.F.);
#14464=EDGE_LOOP('',(#14460,#14461,#14462,#14463));
#14465=FACE_OUTER_BOUND('',#14464,.F.);
#14467=FILL_AREA_STYLE_COLOUR('',#1);
#14468=FILL_AREA_STYLE('',(#14467));
#14469=SURFACE_STYLE_FILL_AREA(#14468);
#14470=SURFACE_SIDE_STYLE('',(#14469));
#14471=SURFACE_STYLE_USAGE(.POSITIVE.,#14470);
#14472=PRESENTATION_STYLE_ASSIGNMENT((#14471));
#14473=STYLED_ITEM('',(#14472),#14466);
#14474=CARTESIAN_POINT('',(-8.E0,-2.495275574846E0,1.313113226703E0));
#14475=CARTESIAN_POINT('',(-8.E0,-2.495275574846E0,1.313309713223E0));
#14476=CARTESIAN_POINT('',(-8.E0,-2.495275574846E0,1.323330525707E0));
#14477=CARTESIAN_POINT('',(-8.E0,-2.495275574846E0,1.333547824711E0));
#14478=CARTESIAN_POINT('',(-8.E0,-2.495275574846E0,1.343568637196E0));
#14479=CARTESIAN_POINT('',(-8.E0,-2.495275574846E0,1.343765123715E0));
#14481=CURVE_STYLE('',#6190,POSITIVE_LENGTH_MEASURE(2.E-2),#1);
#14482=PRESENTATION_STYLE_ASSIGNMENT((#14481));
#14483=STYLED_ITEM('',(#14482),#14480);
#14484=DIRECTION('',(-1.E0,0.E0,0.E0));
#14485=VECTOR('',#14484,1.E0);
#14486=SURFACE_OF_LINEAR_EXTRUSION('',#14480,#14485);
#14488=ORIENTED_EDGE('',*,*,#14487,.T.);
#14489=ORIENTED_EDGE('',*,*,#12966,.T.);
#14491=ORIENTED_EDGE('',*,*,#14490,.F.);
#14492=ORIENTED_EDGE('',*,*,#6412,.F.);
#14493=EDGE_LOOP('',(#14488,#14489,#14491,#14492));
#14494=FACE_OUTER_BOUND('',#14493,.F.);
#14496=FILL_AREA_STYLE_COLOUR('',#1);
#14497=FILL_AREA_STYLE('',(#14496));
#14498=SURFACE_STYLE_FILL_AREA(#14497);
#14499=SURFACE_SIDE_STYLE('',(#14498));
#14500=SURFACE_STYLE_USAGE(.POSITIVE.,#14499);
#14501=PRESENTATION_STYLE_ASSIGNMENT((#14500));
#14502=STYLED_ITEM('',(#14501),#14495);
#14503=CARTESIAN_POINT('',(-8.E0,-2.500079482635E0,1.354099863285E0));
#14504=CARTESIAN_POINT('',(-8.E0,-2.498906034937E0,1.350279276199E0));
#14505=CARTESIAN_POINT('',(-8.E0,-2.488020433177E0,1.325798336661E0));
#14506=CARTESIAN_POINT('',(-8.E0,-2.443620392410E0,1.301284983185E0));
#14507=CARTESIAN_POINT('',(-8.E0,-2.388069890580E0,1.317945888143E0));
#14508=CARTESIAN_POINT('',(-8.E0,-2.361482176225E0,1.381199378828E0));
#14509=CARTESIAN_POINT('',(-8.E0,-2.413701642879E0,1.426531361591E0));
#14510=CARTESIAN_POINT('',(-8.E0,-2.446398569660E0,1.427613631848E0));
#14511=CARTESIAN_POINT('',(-8.E0,-2.450056838631E0,1.427282657116E0));
#14513=CURVE_STYLE('',#6190,POSITIVE_LENGTH_MEASURE(2.E-2),#1);
#14514=PRESENTATION_STYLE_ASSIGNMENT((#14513));
#14515=STYLED_ITEM('',(#14514),#14512);
#14516=DIRECTION('',(-1.E0,0.E0,0.E0));
#14517=VECTOR('',#14516,1.E0);
#14518=SURFACE_OF_LINEAR_EXTRUSION('',#14512,#14517);
#14519=ORIENTED_EDGE('',*,*,#14487,.F.);
#14520=ORIENTED_EDGE('',*,*,#6426,.T.);
#14522=ORIENTED_EDGE('',*,*,#14521,.T.);
#14523=ORIENTED_EDGE('',*,*,#12968,.T.);
#14524=EDGE_LOOP('',(#14519,#14520,#14522,#14523));
#14525=FACE_OUTER_BOUND('',#14524,.F.);
#14527=FILL_AREA_STYLE_COLOUR('',#1);
#14528=FILL_AREA_STYLE('',(#14527));
#14529=SURFACE_STYLE_FILL_AREA(#14528);
#14530=SURFACE_SIDE_STYLE('',(#14529));
#14531=SURFACE_STYLE_USAGE(.POSITIVE.,#14530);
#14532=PRESENTATION_STYLE_ASSIGNMENT((#14531));
#14533=STYLED_ITEM('',(#14532),#14526);
#14534=CARTESIAN_POINT('',(-8.E0,-2.416239692756E0,1.423796713359E0));
#14535=CARTESIAN_POINT('',(-8.E0,-2.423755028685E0,1.424849586509E0));
#14536=CARTESIAN_POINT('',(-8.E0,-2.450100322715E0,1.428540473111E0));
#14537=CARTESIAN_POINT('',(-8.E0,-2.483960952674E0,1.433284232863E0));
#14538=CARTESIAN_POINT('',(-8.E0,-2.510306246703E0,1.436975119466E0));
#14539=CARTESIAN_POINT('',(-8.E0,-2.517821582633E0,1.438027992615E0));
#14541=CURVE_STYLE('',#6190,POSITIVE_LENGTH_MEASURE(2.E-2),#1);
#14542=PRESENTATION_STYLE_ASSIGNMENT((#14541));
#14543=STYLED_ITEM('',(#14542),#14540);
#14544=DIRECTION('',(-1.E0,0.E0,0.E0));
#14545=VECTOR('',#14544,1.E0);
#14546=SURFACE_OF_LINEAR_EXTRUSION('',#14540,#14545);
#14548=ORIENTED_EDGE('',*,*,#14547,.T.);
#14549=ORIENTED_EDGE('',*,*,#12970,.T.);
#14550=ORIENTED_EDGE('',*,*,#14521,.F.);
#14551=ORIENTED_EDGE('',*,*,#6424,.F.);
#14552=EDGE_LOOP('',(#14548,#14549,#14550,#14551));
#14553=FACE_OUTER_BOUND('',#14552,.F.);
#14555=FILL_AREA_STYLE_COLOUR('',#1);
#14556=FILL_AREA_STYLE('',(#14555));
#14557=SURFACE_STYLE_FILL_AREA(#14556);
#14558=SURFACE_SIDE_STYLE('',(#14557));
#14559=SURFACE_STYLE_USAGE(.POSITIVE.,#14558);
#14560=PRESENTATION_STYLE_ASSIGNMENT((#14559));
#14561=STYLED_ITEM('',(#14560),#14554);
#14562=CARTESIAN_POINT('',(-8.E0,-2.492892877459E0,1.423060045220E0));
#14563=CARTESIAN_POINT('',(-8.E0,-2.494527951716E0,1.426848816805E0));
#14564=CARTESIAN_POINT('',(-8.E0,-2.499015056809E0,1.450760053009E0));
#14565=CARTESIAN_POINT('',(-8.E0,-2.456001371597E0,1.500215577219E0));
#14566=CARTESIAN_POINT('',(-8.E0,-2.407376244641E0,1.469959006139E0));
#14567=CARTESIAN_POINT('',(-8.E0,-2.388397701516E0,1.453661060231E0));
#14568=CARTESIAN_POINT('',(-8.E0,-2.385825331191E0,1.451383842628E0));
#14570=CURVE_STYLE('',#6190,POSITIVE_LENGTH_MEASURE(2.E-2),#1);
#14571=PRESENTATION_STYLE_ASSIGNMENT((#14570));
#14572=STYLED_ITEM('',(#14571),#14569);
#14573=DIRECTION('',(-1.E0,0.E0,0.E0));
#14574=VECTOR('',#14573,1.E0);
#14575=SURFACE_OF_LINEAR_EXTRUSION('',#14569,#14574);
#14577=ORIENTED_EDGE('',*,*,#14576,.T.);
#14578=ORIENTED_EDGE('',*,*,#12972,.T.);
#14579=ORIENTED_EDGE('',*,*,#14547,.F.);
#14580=ORIENTED_EDGE('',*,*,#6422,.T.);
#14581=EDGE_LOOP('',(#14577,#14578,#14579,#14580));
#14582=FACE_OUTER_BOUND('',#14581,.F.);
#14584=FILL_AREA_STYLE_COLOUR('',#1);
#14585=FILL_AREA_STYLE('',(#14584));
#14586=SURFACE_STYLE_FILL_AREA(#14585);
#14587=SURFACE_SIDE_STYLE('',(#14586));
#14588=SURFACE_STYLE_USAGE(.POSITIVE.,#14587);
#14589=PRESENTATION_STYLE_ASSIGNMENT((#14588));
#14590=STYLED_ITEM('',(#14589),#14583);
#14591=CARTESIAN_POINT('',(-8.E0,-2.394166886785E0,1.435708856663E0));
#14592=CARTESIAN_POINT('',(-8.E0,-2.394166886785E0,1.443297586201E0));
#14593=CARTESIAN_POINT('',(-8.E0,-2.394166886785E0,1.461711267497E0));
#14594=CARTESIAN_POINT('',(-8.E0,-2.394166886785E0,1.487713678332E0));
#14595=CARTESIAN_POINT('',(-8.E0,-2.394166886785E0,1.506127359628E0));
#14596=CARTESIAN_POINT('',(-8.E0,-2.394166886785E0,1.513716089166E0));
#14598=CURVE_STYLE('',#6190,POSITIVE_LENGTH_MEASURE(2.E-2),#1);
#14599=PRESENTATION_STYLE_ASSIGNMENT((#14598));
#14600=STYLED_ITEM('',(#14599),#14597);
#14601=DIRECTION('',(-1.E0,0.E0,0.E0));
#14602=VECTOR('',#14601,1.E0);
#14603=SURFACE_OF_LINEAR_EXTRUSION('',#14597,#14602);
#14605=ORIENTED_EDGE('',*,*,#14604,.T.);
#14606=ORIENTED_EDGE('',*,*,#12974,.T.);
#14607=ORIENTED_EDGE('',*,*,#14576,.F.);
#14608=ORIENTED_EDGE('',*,*,#6420,.F.);
#14609=EDGE_LOOP('',(#14605,#14606,#14607,#14608));
#14610=FACE_OUTER_BOUND('',#14609,.F.);
#14612=FILL_AREA_STYLE_COLOUR('',#1);
#14613=FILL_AREA_STYLE('',(#14612));
#14614=SURFACE_STYLE_FILL_AREA(#14613);
#14615=SURFACE_SIDE_STYLE('',(#14614));
#14616=SURFACE_STYLE_USAGE(.POSITIVE.,#14615);
#14617=PRESENTATION_STYLE_ASSIGNMENT((#14616));
#14618=STYLED_ITEM('',(#14617),#14611);
#14619=CARTESIAN_POINT('',(-8.E0,-2.384257724122E0,1.484275226614E0));
#14620=CARTESIAN_POINT('',(-8.E0,-2.387420126968E0,1.486546470082E0));
#14621=CARTESIAN_POINT('',(-8.E0,-2.409215433560E0,1.501326371277E0));
#14622=CARTESIAN_POINT('',(-8.E0,-2.470466713506E0,1.526143023423E0));
#14623=CARTESIAN_POINT('',(-8.E0,-2.53286094E0,1.465637410554E0));
#14624=CARTESIAN_POINT('',(-8.E0,-2.528207291772E0,1.428389346816E0));
#14625=CARTESIAN_POINT('',(-8.E0,-2.527150289858E0,1.424454632439E0));
#14627=CURVE_STYLE('',#6190,POSITIVE_LENGTH_MEASURE(2.E-2),#1);
#14628=PRESENTATION_STYLE_ASSIGNMENT((#14627));
#14629=STYLED_ITEM('',(#14628),#14626);
#14630=DIRECTION('',(-1.E0,0.E0,0.E0));
#14631=VECTOR('',#14630,1.E0);
#14632=SURFACE_OF_LINEAR_EXTRUSION('',#14626,#14631);
#14634=ORIENTED_EDGE('',*,*,#14633,.T.);
#14635=ORIENTED_EDGE('',*,*,#12976,.T.);
#14636=ORIENTED_EDGE('',*,*,#14604,.F.);
#14637=ORIENTED_EDGE('',*,*,#6418,.T.);
#14638=EDGE_LOOP('',(#14634,#14635,#14636,#14637));
#14639=FACE_OUTER_BOUND('',#14638,.F.);
#14641=FILL_AREA_STYLE_COLOUR('',#1);
#14642=FILL_AREA_STYLE('',(#14641));
#14643=SURFACE_STYLE_FILL_AREA(#14642);
#14644=SURFACE_SIDE_STYLE('',(#14643));
#14645=SURFACE_STYLE_USAGE(.POSITIVE.,#14644);
#14646=PRESENTATION_STYLE_ASSIGNMENT((#14645));
#14647=STYLED_ITEM('',(#14646),#14640);
#14648=CARTESIAN_POINT('',(-8.E0,-2.528705572921E0,1.459136500469E0));
#14649=CARTESIAN_POINT('',(-8.E0,-2.528705572921E0,1.451547770931E0));
#14650=CARTESIAN_POINT('',(-8.E0,-2.528705572922E0,1.403069832862E0));
#14651=CARTESIAN_POINT('',(-8.E0,-2.528705572922E0,1.347003165255E0));
#14652=CARTESIAN_POINT('',(-8.E0,-2.528705572923E0,1.298525227185E0));
#14653=CARTESIAN_POINT('',(-8.E0,-2.528705572923E0,1.290936497647E0));
#14655=CURVE_STYLE('',#6190,POSITIVE_LENGTH_MEASURE(2.E-2),#1);
#14656=PRESENTATION_STYLE_ASSIGNMENT((#14655));
#14657=STYLED_ITEM('',(#14656),#14654);
#14658=DIRECTION('',(-1.E0,0.E0,0.E0));
#14659=VECTOR('',#14658,1.E0);
#14660=SURFACE_OF_LINEAR_EXTRUSION('',#14654,#14659);
#14662=ORIENTED_EDGE('',*,*,#14661,.T.);
#14663=ORIENTED_EDGE('',*,*,#12978,.T.);
#14664=ORIENTED_EDGE('',*,*,#14633,.F.);
#14665=ORIENTED_EDGE('',*,*,#6416,.F.);
#14666=EDGE_LOOP('',(#14662,#14663,#14664,#14665));
#14667=FACE_OUTER_BOUND('',#14666,.F.);
#14669=FILL_AREA_STYLE_COLOUR('',#1);
#14670=FILL_AREA_STYLE('',(#14669));
#14671=SURFACE_STYLE_FILL_AREA(#14670);
#14672=SURFACE_SIDE_STYLE('',(#14671));
#14673=SURFACE_STYLE_USAGE(.POSITIVE.,#14672);
#14674=PRESENTATION_STYLE_ASSIGNMENT((#14673));
#14675=STYLED_ITEM('',(#14674),#14668);
#14676=CARTESIAN_POINT('',(-8.E0,-2.551471761536E0,1.313702686261E0));
#14677=CARTESIAN_POINT('',(-8.E0,-2.543883031998E0,1.313702686261E0));
#14678=CARTESIAN_POINT('',(-8.E0,-2.525150969768E0,1.313702686261E0));
#14679=CARTESIAN_POINT('',(-8.E0,-2.498830178E0,1.313702686261E0));
#14680=CARTESIAN_POINT('',(-8.E0,-2.480098115770E0,1.313702686261E0));
#14681=CARTESIAN_POINT('',(-8.E0,-2.472509386232E0,1.313702686261E0));
#14683=CURVE_STYLE('',#6190,POSITIVE_LENGTH_MEASURE(2.E-2),#1);
#14684=PRESENTATION_STYLE_ASSIGNMENT((#14683));
#14685=STYLED_ITEM('',(#14684),#14682);
#14686=DIRECTION('',(-1.E0,0.E0,0.E0));
#14687=VECTOR('',#14686,1.E0);
#14688=SURFACE_OF_LINEAR_EXTRUSION('',#14682,#14687);
#14689=ORIENTED_EDGE('',*,*,#14490,.T.);
#14690=ORIENTED_EDGE('',*,*,#12980,.T.);
#14691=ORIENTED_EDGE('',*,*,#14661,.F.);
#14692=ORIENTED_EDGE('',*,*,#6414,.F.);
#14693=EDGE_LOOP('',(#14689,#14690,#14691,#14692));
#14694=FACE_OUTER_BOUND('',#14693,.F.);
#14696=FILL_AREA_STYLE_COLOUR('',#1);
#14697=FILL_AREA_STYLE('',(#14696));
#14698=SURFACE_STYLE_FILL_AREA(#14697);
#14699=SURFACE_SIDE_STYLE('',(#14698));
#14700=SURFACE_STYLE_USAGE(.POSITIVE.,#14699);
#14701=PRESENTATION_STYLE_ASSIGNMENT((#14700));
#14702=STYLED_ITEM('',(#14701),#14695);
#14703=CARTESIAN_POINT('',(-8.E0,-2.574006631540E0,1.297622497262E0));
#14704=CARTESIAN_POINT('',(-8.E0,-2.574006631540E0,1.305211226800E0));
#14705=CARTESIAN_POINT('',(-8.E0,-2.574006631540E0,1.324307152955E0));
#14706=CARTESIAN_POINT('',(-8.E0,-2.574006631540E0,1.350991808648E0));
#14707=CARTESIAN_POINT('',(-8.E0,-2.574006631540E0,1.370087734803E0));
#14708=CARTESIAN_POINT('',(-8.E0,-2.574006631540E0,1.377676464341E0));
#14710=CURVE_STYLE('',#6190,POSITIVE_LENGTH_MEASURE(2.E-2),#1);
#14711=PRESENTATION_STYLE_ASSIGNMENT((#14710));
#14712=STYLED_ITEM('',(#14711),#14709);
#14713=DIRECTION('',(-1.E0,0.E0,0.E0));
#14714=VECTOR('',#14713,1.E0);
#14715=SURFACE_OF_LINEAR_EXTRUSION('',#14709,#14714);
#14717=ORIENTED_EDGE('',*,*,#14716,.T.);
#14718=ORIENTED_EDGE('',*,*,#13005,.T.);
#14720=ORIENTED_EDGE('',*,*,#14719,.F.);
#14721=ORIENTED_EDGE('',*,*,#6430,.F.);
#14722=EDGE_LOOP('',(#14717,#14718,#14720,#14721));
#14723=FACE_OUTER_BOUND('',#14722,.F.);
#14725=FILL_AREA_STYLE_COLOUR('',#1);
#14726=FILL_AREA_STYLE('',(#14725));
#14727=SURFACE_STYLE_FILL_AREA(#14726);
#14728=SURFACE_SIDE_STYLE('',(#14727));
#14729=SURFACE_STYLE_USAGE(.POSITIVE.,#14728);
#14730=PRESENTATION_STYLE_ASSIGNMENT((#14729));
#14731=STYLED_ITEM('',(#14730),#14724);
#14732=CARTESIAN_POINT('',(-8.E0,-2.564668928824E0,1.361885266165E0));
#14733=CARTESIAN_POINT('',(-8.E0,-2.567742683105E0,1.359538248824E0));
#14734=CARTESIAN_POINT('',(-8.E0,-2.586242767221E0,1.345515027863E0));
#14735=CARTESIAN_POINT('',(-8.E0,-2.620738035184E0,1.326527502985E0));
#14736=CARTESIAN_POINT('',(-8.E0,-2.677455334362E0,1.352071314077E0));
#14737=CARTESIAN_POINT('',(-8.E0,-2.657192940255E0,1.388794829844E0));
#14738=CARTESIAN_POINT('',(-8.E0,-2.621649517191E0,1.396946361890E0));
#14739=CARTESIAN_POINT('',(-8.E0,-2.582917228178E0,1.414484001025E0));
#14740=CARTESIAN_POINT('',(-8.E0,-2.568674902430E0,1.458009982214E0));
#14741=CARTESIAN_POINT('',(-8.E0,-2.593921608428E0,1.502131861460E0));
#14742=CARTESIAN_POINT('',(-8.E0,-2.645904144876E0,1.511743158945E0));
#14743=CARTESIAN_POINT('',(-8.E0,-2.683336167755E0,1.505400241308E0));
#14744=CARTESIAN_POINT('',(-8.E0,-2.700754755710E0,1.497043400311E0));
#14745=CARTESIAN_POINT('',(-8.E0,-2.704210639136E0,1.495123030757E0));
#14747=CURVE_STYLE('',#6190,POSITIVE_LENGTH_MEASURE(2.E-2),#1);
#14748=PRESENTATION_STYLE_ASSIGNMENT((#14747));
#14749=STYLED_ITEM('',(#14748),#14746);
#14750=DIRECTION('',(-1.E0,0.E0,0.E0));
#14751=VECTOR('',#14750,1.E0);
#14752=SURFACE_OF_LINEAR_EXTRUSION('',#14746,#14751);
#14753=ORIENTED_EDGE('',*,*,#14716,.F.);
#14754=ORIENTED_EDGE('',*,*,#6436,.T.);
#14756=ORIENTED_EDGE('',*,*,#14755,.T.);
#14757=ORIENTED_EDGE('',*,*,#13007,.T.);
#14758=EDGE_LOOP('',(#14753,#14754,#14756,#14757));
#14759=FACE_OUTER_BOUND('',#14758,.F.);
#14761=FILL_AREA_STYLE_COLOUR('',#1);
#14762=FILL_AREA_STYLE('',(#14761));
#14763=SURFACE_STYLE_FILL_AREA(#14762);
#14764=SURFACE_SIDE_STYLE('',(#14763));
#14765=SURFACE_STYLE_USAGE(.POSITIVE.,#14764);
#14766=PRESENTATION_STYLE_ASSIGNMENT((#14765));
#14767=STYLED_ITEM('',(#14766),#14760);
#14768=CARTESIAN_POINT('',(-8.E0,-2.693604155272E0,1.522994619243E0));
#14769=CARTESIAN_POINT('',(-8.E0,-2.693604155272E0,1.515405889705E0));
#14770=CARTESIAN_POINT('',(-8.E0,-2.693604155272E0,1.496992208409E0));
#14771=CARTESIAN_POINT('',(-8.E0,-2.693604155272E0,1.470989797575E0));
#14772=CARTESIAN_POINT('',(-8.E0,-2.693604155272E0,1.452576116279E0));
#14773=CARTESIAN_POINT('',(-8.E0,-2.693604155272E0,1.444987386741E0));
#14775=CURVE_STYLE('',#6190,POSITIVE_LENGTH_MEASURE(2.E-2),#1);
#14776=PRESENTATION_STYLE_ASSIGNMENT((#14775));
#14777=STYLED_ITEM('',(#14776),#14774);
#14778=DIRECTION('',(-1.E0,0.E0,0.E0));
#14779=VECTOR('',#14778,1.E0);
#14780=SURFACE_OF_LINEAR_EXTRUSION('',#14774,#14779);
#14782=ORIENTED_EDGE('',*,*,#14781,.T.);
#14783=ORIENTED_EDGE('',*,*,#13009,.T.);
#14784=ORIENTED_EDGE('',*,*,#14755,.F.);
#14785=ORIENTED_EDGE('',*,*,#6434,.F.);
#14786=EDGE_LOOP('',(#14782,#14783,#14784,#14785));
#14787=FACE_OUTER_BOUND('',#14786,.F.);
#14789=FILL_AREA_STYLE_COLOUR('',#1);
#14790=FILL_AREA_STYLE('',(#14789));
#14791=SURFACE_STYLE_FILL_AREA(#14790);
#14792=SURFACE_SIDE_STYLE('',(#14791));
#14793=SURFACE_STYLE_USAGE(.POSITIVE.,#14792);
#14794=PRESENTATION_STYLE_ASSIGNMENT((#14793));
#14795=STYLED_ITEM('',(#14794),#14788);
#14796=CARTESIAN_POINT('',(-8.E0,-2.702895070013E0,1.460814232794E0));
#14797=CARTESIAN_POINT('',(-8.E0,-2.699961869425E0,1.463354071592E0));
#14798=CARTESIAN_POINT('',(-8.E0,-2.683357381287E0,1.475728187242E0));
#14799=CARTESIAN_POINT('',(-8.E0,-2.653442500945E0,1.484090832065E0));
#14800=CARTESIAN_POINT('',(-8.E0,-2.618695365562E0,1.479077306570E0));
#14801=CARTESIAN_POINT('',(-8.E0,-2.604975811982E0,1.456595077240E0));
#14802=CARTESIAN_POINT('',(-8.E0,-2.617681324697E0,1.430707438612E0));
#14803=CARTESIAN_POINT('',(-8.E0,-2.653069335177E0,1.421191944501E0));
#14804=CARTESIAN_POINT('',(-8.E0,-2.692083409586E0,1.405518559666E0));
#14805=CARTESIAN_POINT('',(-8.E0,-2.708958829345E0,1.360959409821E0));
#14806=CARTESIAN_POINT('',(-8.E0,-2.682498762316E0,1.314822478525E0));
#14807=CARTESIAN_POINT('',(-8.E0,-2.626761277527E0,1.306018156225E0));
#14808=CARTESIAN_POINT('',(-8.E0,-2.585881449059E0,1.313184966205E0));
#14809=CARTESIAN_POINT('',(-8.E0,-2.567153061431E0,1.324094319944E0));
#14810=CARTESIAN_POINT('',(-8.E0,-2.563882270182E0,1.326314999688E0));
#14812=CURVE_STYLE('',#6190,POSITIVE_LENGTH_MEASURE(2.E-2),#1);
#14813=PRESENTATION_STYLE_ASSIGNMENT((#14812));
#14814=STYLED_ITEM('',(#14813),#14811);
#14815=DIRECTION('',(-1.E0,0.E0,0.E0));
#14816=VECTOR('',#14815,1.E0);
#14817=SURFACE_OF_LINEAR_EXTRUSION('',#14811,#14816);
#14818=ORIENTED_EDGE('',*,*,#14719,.T.);
#14819=ORIENTED_EDGE('',*,*,#13011,.T.);
#14820=ORIENTED_EDGE('',*,*,#14781,.F.);
#14821=ORIENTED_EDGE('',*,*,#6432,.T.);
#14822=EDGE_LOOP('',(#14818,#14819,#14820,#14821));
#14823=FACE_OUTER_BOUND('',#14822,.F.);
#14825=FILL_AREA_STYLE_COLOUR('',#1);
#14826=FILL_AREA_STYLE('',(#14825));
#14827=SURFACE_STYLE_FILL_AREA(#14826);
#14828=SURFACE_SIDE_STYLE('',(#14827));
#14829=SURFACE_STYLE_USAGE(.POSITIVE.,#14828);
#14830=PRESENTATION_STYLE_ASSIGNMENT((#14829));
#14831=STYLED_ITEM('',(#14830),#14824);
#14832=CARTESIAN_POINT('',(-8.E0,-2.807243964024E0,1.361364312090E0));
#14833=CARTESIAN_POINT('',(-8.E0,-2.807274100421E0,1.361259701212E0));
#14834=CARTESIAN_POINT('',(-8.E0,-2.808811056704E0,1.355924546417E0));
#14835=CARTESIAN_POINT('',(-8.E0,-2.810378149384E0,1.350484780743E0));
#14836=CARTESIAN_POINT('',(-8.E0,-2.811915105667E0,1.345149625948E0));
#14837=CARTESIAN_POINT('',(-8.E0,-2.811945242064E0,1.345045015070E0));
#14839=CURVE_STYLE('',#6190,POSITIVE_LENGTH_MEASURE(2.E-2),#1);
#14840=PRESENTATION_STYLE_ASSIGNMENT((#14839));
#14841=STYLED_ITEM('',(#14840),#14838);
#14842=DIRECTION('',(-1.E0,0.E0,0.E0));
#14843=VECTOR('',#14842,1.E0);
#14844=SURFACE_OF_LINEAR_EXTRUSION('',#14838,#14843);
#14846=ORIENTED_EDGE('',*,*,#14845,.T.);
#14847=ORIENTED_EDGE('',*,*,#13028,.T.);
#14849=ORIENTED_EDGE('',*,*,#14848,.F.);
#14850=ORIENTED_EDGE('',*,*,#6440,.F.);
#14851=EDGE_LOOP('',(#14846,#14847,#14849,#14850));
#14852=FACE_OUTER_BOUND('',#14851,.F.);
#14854=FILL_AREA_STYLE_COLOUR('',#1);
#14855=FILL_AREA_STYLE('',(#14854));
#14856=SURFACE_STYLE_FILL_AREA(#14855);
#14857=SURFACE_SIDE_STYLE('',(#14856));
#14858=SURFACE_STYLE_USAGE(.POSITIVE.,#14857);
#14859=PRESENTATION_STYLE_ASSIGNMENT((#14858));
#14860=STYLED_ITEM('',(#14859),#14853);
#14861=CARTESIAN_POINT('',(-8.E0,-2.811795274501E0,1.345042813394E0));
#14862=CARTESIAN_POINT('',(-8.E0,-2.811814735745E0,1.345148252173E0));
#14863=CARTESIAN_POINT('',(-8.E0,-2.812827413635E0,1.350520791505E0));
#14864=CARTESIAN_POINT('',(-8.E0,-2.814879025559E0,1.355753934926E0));
#14865=CARTESIAN_POINT('',(-8.E0,-2.816470814554E0,1.360982589836E0));
#14866=CARTESIAN_POINT('',(-8.E0,-2.816501853567E0,1.361085152032E0));
#14868=CURVE_STYLE('',#6190,POSITIVE_LENGTH_MEASURE(2.E-2),#1);
#14869=PRESENTATION_STYLE_ASSIGNMENT((#14868));
#14870=STYLED_ITEM('',(#14869),#14867);
#14871=DIRECTION('',(-1.E0,0.E0,0.E0));
#14872=VECTOR('',#14871,1.E0);
#14873=SURFACE_OF_LINEAR_EXTRUSION('',#14867,#14872);
#14874=ORIENTED_EDGE('',*,*,#14845,.F.);
#14875=ORIENTED_EDGE('',*,*,#6462,.T.);
#14877=ORIENTED_EDGE('',*,*,#14876,.T.);
#14878=ORIENTED_EDGE('',*,*,#13030,.T.);
#14879=EDGE_LOOP('',(#14874,#14875,#14877,#14878));
#14880=FACE_OUTER_BOUND('',#14879,.F.);
#14882=FILL_AREA_STYLE_COLOUR('',#1);
#14883=FILL_AREA_STYLE('',(#14882));
#14884=SURFACE_STYLE_FILL_AREA(#14883);
#14885=SURFACE_SIDE_STYLE('',(#14884));
#14886=SURFACE_STYLE_USAGE(.POSITIVE.,#14885);
#14887=PRESENTATION_STYLE_ASSIGNMENT((#14886));
#14888=STYLED_ITEM('',(#14887),#14881);
#14889=CARTESIAN_POINT('',(-8.E0,-2.808646830988E0,1.339375244446E0));
#14890=CARTESIAN_POINT('',(-8.E0,-2.811233963938E0,1.346509356801E0));
#14891=CARTESIAN_POINT('',(-8.E0,-2.831172857795E0,1.401491575247E0));
#14892=CARTESIAN_POINT('',(-8.E0,-2.853698884602E0,1.463607906047E0));
#14893=CARTESIAN_POINT('',(-8.E0,-2.873637778459E0,1.518590124493E0));
#14894=CARTESIAN_POINT('',(-8.E0,-2.876224911409E0,1.525724236848E0));
#14896=CURVE_STYLE('',#6190,POSITIVE_LENGTH_MEASURE(2.E-2),#1);
#14897=PRESENTATION_STYLE_ASSIGNMENT((#14896));
#14898=STYLED_ITEM('',(#14897),#14895);
#14899=DIRECTION('',(-1.E0,0.E0,0.E0));
#14900=VECTOR('',#14899,1.E0);
#14901=SURFACE_OF_LINEAR_EXTRUSION('',#14895,#14900);
#14903=ORIENTED_EDGE('',*,*,#14902,.T.);
#14904=ORIENTED_EDGE('',*,*,#13032,.T.);
#14905=ORIENTED_EDGE('',*,*,#14876,.F.);
#14906=ORIENTED_EDGE('',*,*,#6460,.F.);
#14907=EDGE_LOOP('',(#14903,#14904,#14905,#14906));
#14908=FACE_OUTER_BOUND('',#14907,.F.);
#14910=FILL_AREA_STYLE_COLOUR('',#1);
#14911=FILL_AREA_STYLE('',(#14910));
#14912=SURFACE_STYLE_FILL_AREA(#14911);
#14913=SURFACE_SIDE_STYLE('',(#14912));
#14914=SURFACE_STYLE_USAGE(.POSITIVE.,#14913);
#14915=PRESENTATION_STYLE_ASSIGNMENT((#14914));
#14916=STYLED_ITEM('',(#14915),#14909);
#14917=CARTESIAN_POINT('',(-8.E0,-2.845697323945E0,1.504321899782E0));
#14918=CARTESIAN_POINT('',(-8.E0,-2.853286053483E0,1.504321899782E0));
#14919=CARTESIAN_POINT('',(-8.E0,-2.872427462627E0,1.504321899782E0));
#14920=CARTESIAN_POINT('',(-8.E0,-2.899157601310E0,1.504321899782E0));
#14921=CARTESIAN_POINT('',(-8.E0,-2.918299010455E0,1.504321899782E0));
#14922=CARTESIAN_POINT('',(-8.E0,-2.925887739993E0,1.504321899782E0));
#14924=CURVE_STYLE('',#6190,POSITIVE_LENGTH_MEASURE(2.E-2),#1);
#14925=PRESENTATION_STYLE_ASSIGNMENT((#14924));
#14926=STYLED_ITEM('',(#14925),#14923);
#14927=DIRECTION('',(-1.E0,0.E0,0.E0));
#14928=VECTOR('',#14927,1.E0);
#14929=SURFACE_OF_LINEAR_EXTRUSION('',#14923,#14928);
#14931=ORIENTED_EDGE('',*,*,#14930,.T.);
#14932=ORIENTED_EDGE('',*,*,#13034,.T.);
#14933=ORIENTED_EDGE('',*,*,#14902,.F.);
#14934=ORIENTED_EDGE('',*,*,#6458,.F.);
#14935=EDGE_LOOP('',(#14931,#14932,#14933,#14934));
#14936=FACE_OUTER_BOUND('',#14935,.F.);
#14938=FILL_AREA_STYLE_COLOUR('',#1);
#14939=FILL_AREA_STYLE('',(#14938));
#14940=SURFACE_STYLE_FILL_AREA(#14939);
#14941=SURFACE_SIDE_STYLE('',(#14940));
#14942=SURFACE_STYLE_USAGE(.POSITIVE.,#14941);
#14943=PRESENTATION_STYLE_ASSIGNMENT((#14942));
#14944=STYLED_ITEM('',(#14943),#14937);
#14945=CARTESIAN_POINT('',(-8.E0,-2.911472136521E0,1.525501301846E0));
#14946=CARTESIAN_POINT('',(-8.E0,-2.908688608140E0,1.518441501158E0));
#14947=CARTESIAN_POINT('',(-8.E0,-2.877068863732E0,1.438245051618E0));
#14948=CARTESIAN_POINT('',(-8.E0,-2.842665590943E0,1.350988801389E0));
#14949=CARTESIAN_POINT('',(-8.E0,-2.811045846535E0,1.270792351849E0));
#14950=CARTESIAN_POINT('',(-8.E0,-2.808262318154E0,1.263732551161E0));
#14952=CURVE_STYLE('',#6190,POSITIVE_LENGTH_MEASURE(2.E-2),#1);
#14953=PRESENTATION_STYLE_ASSIGNMENT((#14952));
#14954=STYLED_ITEM('',(#14953),#14951);
#14955=DIRECTION('',(-1.E0,0.E0,0.E0));
#14956=VECTOR('',#14955,1.E0);
#14957=SURFACE_OF_LINEAR_EXTRUSION('',#14951,#14956);
#14959=ORIENTED_EDGE('',*,*,#14958,.T.);
#14960=ORIENTED_EDGE('',*,*,#13036,.T.);
#14961=ORIENTED_EDGE('',*,*,#14930,.F.);
#14962=ORIENTED_EDGE('',*,*,#6456,.F.);
#14963=EDGE_LOOP('',(#14959,#14960,#14961,#14962));
#14964=FACE_OUTER_BOUND('',#14963,.F.);
#14966=FILL_AREA_STYLE_COLOUR('',#1);
#14967=FILL_AREA_STYLE('',(#14966));
#14968=SURFACE_STYLE_FILL_AREA(#14967);
#14969=SURFACE_SIDE_STYLE('',(#14968));
#14970=SURFACE_STYLE_USAGE(.POSITIVE.,#14969);
#14971=PRESENTATION_STYLE_ASSIGNMENT((#14970));
#14972=STYLED_ITEM('',(#14971),#14965);
#14973=CARTESIAN_POINT('',(-8.E0,-2.820272804683E0,1.296115581857E0));
#14974=CARTESIAN_POINT('',(-8.E0,-2.819347536549E0,1.292473101776E0));
#14975=CARTESIAN_POINT('',(-8.E0,-2.808962463736E0,1.260712592587E0));
#14976=CARTESIAN_POINT('',(-8.E0,-2.772566500914E0,1.218656328589E0));
#14977=CARTESIAN_POINT('',(-8.E0,-2.729988100532E0,1.225185397812E0));
#14978=CARTESIAN_POINT('',(-8.E0,-2.719709599753E0,1.229149011125E0));
#14979=CARTESIAN_POINT('',(-8.E0,-2.716360171035E0,1.230699557059E0));
#14981=CURVE_STYLE('',#6190,POSITIVE_LENGTH_MEASURE(2.E-2),#1);
#14982=PRESENTATION_STYLE_ASSIGNMENT((#14981));
#14983=STYLED_ITEM('',(#14982),#14980);
#14984=DIRECTION('',(-1.E0,0.E0,0.E0));
#14985=VECTOR('',#14984,1.E0);
#14986=SURFACE_OF_LINEAR_EXTRUSION('',#14980,#14985);
#14988=ORIENTED_EDGE('',*,*,#14987,.T.);
#14989=ORIENTED_EDGE('',*,*,#13038,.T.);
#14990=ORIENTED_EDGE('',*,*,#14958,.F.);
#14991=ORIENTED_EDGE('',*,*,#6454,.T.);
#14992=EDGE_LOOP('',(#14988,#14989,#14990,#14991));
#14993=FACE_OUTER_BOUND('',#14992,.F.);
#14995=FILL_AREA_STYLE_COLOUR('',#1);
#14996=FILL_AREA_STYLE('',(#14995));
#14997=SURFACE_STYLE_FILL_AREA(#14996);
#14998=SURFACE_SIDE_STYLE('',(#14997));
#14999=SURFACE_STYLE_USAGE(.POSITIVE.,#14998);
#15000=PRESENTATION_STYLE_ASSIGNMENT((#14999));
#15001=STYLED_ITEM('',(#15000),#14994);
#15002=CARTESIAN_POINT('',(-8.E0,-2.727034153349E0,1.226053324773E0));
#15003=CARTESIAN_POINT('',(-8.E0,-2.727034153349E0,1.226251630612E0));
#15004=CARTESIAN_POINT('',(-8.E0,-2.727034153349E0,1.236365228398E0));
#15005=CARTESIAN_POINT('',(-8.E0,-2.727034153349E0,1.246677132023E0));
#15006=CARTESIAN_POINT('',(-8.E0,-2.727034153349E0,1.256790729809E0));
#15007=CARTESIAN_POINT('',(-8.E0,-2.727034153349E0,1.256989035648E0));
#15009=CURVE_STYLE('',#6190,POSITIVE_LENGTH_MEASURE(2.E-2),#1);
#15010=PRESENTATION_STYLE_ASSIGNMENT((#15009));
#15011=STYLED_ITEM('',(#15010),#15008);
#15012=DIRECTION('',(-1.E0,0.E0,0.E0));
#15013=VECTOR('',#15012,1.E0);
#15014=SURFACE_OF_LINEAR_EXTRUSION('',#15008,#15013);
#15016=ORIENTED_EDGE('',*,*,#15015,.T.);
#15017=ORIENTED_EDGE('',*,*,#13040,.T.);
#15018=ORIENTED_EDGE('',*,*,#14987,.F.);
#15019=ORIENTED_EDGE('',*,*,#6452,.F.);
#15020=EDGE_LOOP('',(#15016,#15017,#15018,#15019));
#15021=FACE_OUTER_BOUND('',#15020,.F.);
#15023=FILL_AREA_STYLE_COLOUR('',#1);
#15024=FILL_AREA_STYLE('',(#15023));
#15025=SURFACE_STYLE_FILL_AREA(#15024);
#15026=SURFACE_SIDE_STYLE('',(#15025));
#15027=SURFACE_STYLE_USAGE(.POSITIVE.,#15026);
#15028=PRESENTATION_STYLE_ASSIGNMENT((#15027));
#15029=STYLED_ITEM('',(#15028),#15022);
#15030=CARTESIAN_POINT('',(-8.E0,-2.716515578982E0,1.261017802057E0));
#15031=CARTESIAN_POINT('',(-8.E0,-2.719714625528E0,1.259572338731E0));
#15032=CARTESIAN_POINT('',(-8.E0,-2.728936265580E0,1.255193632042E0));
#15033=CARTESIAN_POINT('',(-8.E0,-2.754233855769E0,1.247945377385E0));
#15034=CARTESIAN_POINT('',(-8.E0,-2.778280061662E0,1.269326364973E0));
#15035=CARTESIAN_POINT('',(-8.E0,-2.782592990983E0,1.286438089636E0));
#15036=CARTESIAN_POINT('',(-8.E0,-2.782769946082E0,1.289826057587E0));
#15038=CURVE_STYLE('',#6190,POSITIVE_LENGTH_MEASURE(2.E-2),#1);
#15039=PRESENTATION_STYLE_ASSIGNMENT((#15038));
#15040=STYLED_ITEM('',(#15039),#15037);
#15041=DIRECTION('',(-1.E0,0.E0,0.E0));
#15042=VECTOR('',#15041,1.E0);
#15043=SURFACE_OF_LINEAR_EXTRUSION('',#15037,#15042);
#15045=ORIENTED_EDGE('',*,*,#15044,.T.);
#15046=ORIENTED_EDGE('',*,*,#13042,.T.);
#15047=ORIENTED_EDGE('',*,*,#15015,.F.);
#15048=ORIENTED_EDGE('',*,*,#6450,.T.);
#15049=EDGE_LOOP('',(#15045,#15046,#15047,#15048));
#15050=FACE_OUTER_BOUND('',#15049,.F.);
#15052=FILL_AREA_STYLE_COLOUR('',#1);
#15053=FILL_AREA_STYLE('',(#15052));
#15054=SURFACE_STYLE_FILL_AREA(#15053);
#15055=SURFACE_SIDE_STYLE('',(#15054));
#15056=SURFACE_STYLE_USAGE(.POSITIVE.,#15055);
#15057=PRESENTATION_STYLE_ASSIGNMENT((#15056));
#15058=STYLED_ITEM('',(#15057),#15051);
#15059=CARTESIAN_POINT('',(-8.E0,-2.771375942150E0,1.258488219613E0));
#15060=CARTESIAN_POINT('',(-8.E0,-2.774333712209E0,1.265476811193E0));
#15061=CARTESIAN_POINT('',(-8.E0,-2.782180903755E0,1.284018082381E0));
#15062=CARTESIAN_POINT('',(-8.E0,-2.792985865360E0,1.309547945150E0));
#15063=CARTESIAN_POINT('',(-8.E0,-2.800833056906E0,1.328089216338E0));
#15064=CARTESIAN_POINT('',(-8.E0,-2.803790826965E0,1.335077807919E0));
#15066=CURVE_STYLE('',#6190,POSITIVE_LENGTH_MEASURE(2.E-2),#1);
#15067=PRESENTATION_STYLE_ASSIGNMENT((#15066));
#15068=STYLED_ITEM('',(#15067),#15065);
#15069=DIRECTION('',(-1.E0,0.E0,0.E0));
#15070=VECTOR('',#15069,1.E0);
#15071=SURFACE_OF_LINEAR_EXTRUSION('',#15065,#15070);
#15073=ORIENTED_EDGE('',*,*,#15072,.T.);
#15074=ORIENTED_EDGE('',*,*,#13044,.T.);
#15075=ORIENTED_EDGE('',*,*,#15044,.F.);
#15076=ORIENTED_EDGE('',*,*,#6448,.F.);
#15077=EDGE_LOOP('',(#15073,#15074,#15075,#15076));
#15078=FACE_OUTER_BOUND('',#15077,.F.);
#15080=FILL_AREA_STYLE_COLOUR('',#1);
#15081=FILL_AREA_STYLE('',(#15080));
#15082=SURFACE_STYLE_FILL_AREA(#15081);
#15083=SURFACE_SIDE_STYLE('',(#15082));
#15084=SURFACE_STYLE_USAGE(.POSITIVE.,#15083);
#15085=PRESENTATION_STYLE_ASSIGNMENT((#15084));
#15086=STYLED_ITEM('',(#15085),#15079);
#15087=CARTESIAN_POINT('',(-8.E0,-2.803246730006E0,1.292924217075E0));
#15088=CARTESIAN_POINT('',(-8.E0,-2.800470325600E0,1.299986822442E0));
#15089=CARTESIAN_POINT('',(-8.E0,-2.772769242357E0,1.370452716678E0));
#15090=CARTESIAN_POINT('',(-8.E0,-2.742291754708E0,1.447981216282E0));
#15091=CARTESIAN_POINT('',(-8.E0,-2.714590671465E0,1.518447110517E0));
#15092=CARTESIAN_POINT('',(-8.E0,-2.711814267059E0,1.525509715885E0));
#15094=CURVE_STYLE('',#6190,POSITIVE_LENGTH_MEASURE(2.E-2),#1);
#15095=PRESENTATION_STYLE_ASSIGNMENT((#15094));
#15096=STYLED_ITEM('',(#15095),#15093);
#15097=DIRECTION('',(-1.E0,0.E0,0.E0));
#15098=VECTOR('',#15097,1.E0);
#15099=SURFACE_OF_LINEAR_EXTRUSION('',#15093,#15098);
#15101=ORIENTED_EDGE('',*,*,#15100,.T.);
#15102=ORIENTED_EDGE('',*,*,#13046,.T.);
#15103=ORIENTED_EDGE('',*,*,#15072,.F.);
#15104=ORIENTED_EDGE('',*,*,#6446,.F.);
#15105=EDGE_LOOP('',(#15101,#15102,#15103,#15104));
#15106=FACE_OUTER_BOUND('',#15105,.F.);
#15108=FILL_AREA_STYLE_COLOUR('',#1);
#15109=FILL_AREA_STYLE('',(#15108));
#15110=SURFACE_STYLE_FILL_AREA(#15109);
#15111=SURFACE_SIDE_STYLE('',(#15110));
#15112=SURFACE_STYLE_USAGE(.POSITIVE.,#15111);
#15113=PRESENTATION_STYLE_ASSIGNMENT((#15112));
#15114=STYLED_ITEM('',(#15113),#15107);
#15115=CARTESIAN_POINT('',(-8.E0,-2.697377291662E0,1.504321899782E0));
#15116=CARTESIAN_POINT('',(-8.E0,-2.704966021200E0,1.504321899782E0));
#15117=CARTESIAN_POINT('',(-8.E0,-2.725017090157E0,1.504321899782E0));
#15118=CARTESIAN_POINT('',(-8.E0,-2.752656888651E0,1.504321899782E0));
#15119=CARTESIAN_POINT('',(-8.E0,-2.772707957608E0,1.504321899782E0));
#15120=CARTESIAN_POINT('',(-8.E0,-2.780296687146E0,1.504321899782E0));
#15122=CURVE_STYLE('',#6190,POSITIVE_LENGTH_MEASURE(2.E-2),#1);
#15123=PRESENTATION_STYLE_ASSIGNMENT((#15122));
#15124=STYLED_ITEM('',(#15123),#15121);
#15125=DIRECTION('',(-1.E0,0.E0,0.E0));
#15126=VECTOR('',#15125,1.E0);
#15127=SURFACE_OF_LINEAR_EXTRUSION('',#15121,#15126);
#15129=ORIENTED_EDGE('',*,*,#15128,.T.);
#15130=ORIENTED_EDGE('',*,*,#13048,.T.);
#15131=ORIENTED_EDGE('',*,*,#15100,.F.);
#15132=ORIENTED_EDGE('',*,*,#6444,.F.);
#15133=EDGE_LOOP('',(#15129,#15130,#15131,#15132));
#15134=FACE_OUTER_BOUND('',#15133,.F.);
#15136=FILL_AREA_STYLE_COLOUR('',#1);
#15137=FILL_AREA_STYLE('',(#15136));
#15138=SURFACE_STYLE_FILL_AREA(#15137);
#15139=SURFACE_SIDE_STYLE('',(#15138));
#15140=SURFACE_STYLE_USAGE(.POSITIVE.,#15139);
#15141=PRESENTATION_STYLE_ASSIGNMENT((#15140));
#15142=STYLED_ITEM('',(#15141),#15135);
#15143=CARTESIAN_POINT('',(-8.E0,-2.750055307814E0,1.525825873083E0));
#15144=CARTESIAN_POINT('',(-8.E0,-2.752547038053E0,1.518657881983E0));
#15145=CARTESIAN_POINT('',(-8.E0,-2.771640059854E0,1.463732750774E0));
#15146=CARTESIAN_POINT('',(-8.E0,-2.793224811895E0,1.401639628464E0));
#15147=CARTESIAN_POINT('',(-8.E0,-2.812317833696E0,1.346714497254E0));
#15148=CARTESIAN_POINT('',(-8.E0,-2.814809563936E0,1.339546506154E0));
#15150=CURVE_STYLE('',#6190,POSITIVE_LENGTH_MEASURE(2.E-2),#1);
#15151=PRESENTATION_STYLE_ASSIGNMENT((#15150));
#15152=STYLED_ITEM('',(#15151),#15149);
#15153=DIRECTION('',(-1.E0,0.E0,0.E0));
#15154=VECTOR('',#15153,1.E0);
#15155=SURFACE_OF_LINEAR_EXTRUSION('',#15149,#15154);
#15156=ORIENTED_EDGE('',*,*,#14848,.T.);
#15157=ORIENTED_EDGE('',*,*,#13050,.T.);
#15158=ORIENTED_EDGE('',*,*,#15128,.F.);
#15159=ORIENTED_EDGE('',*,*,#6442,.F.);
#15160=EDGE_LOOP('',(#15156,#15157,#15158,#15159));
#15161=FACE_OUTER_BOUND('',#15160,.F.);
#15163=FILL_AREA_STYLE_COLOUR('',#1);
#15164=FILL_AREA_STYLE('',(#15163));
#15165=SURFACE_STYLE_FILL_AREA(#15164);
#15166=SURFACE_SIDE_STYLE('',(#15165));
#15167=SURFACE_STYLE_USAGE(.POSITIVE.,#15166);
#15168=PRESENTATION_STYLE_ASSIGNMENT((#15167));
#15169=STYLED_ITEM('',(#15168),#15162);
#15170=CARTESIAN_POINT('',(-8.E0,-3.082688398190E0,1.313702686261E0));
#15171=DIRECTION('',(0.E0,-1.E0,0.E0));
#15172=DIRECTION('',(0.E0,0.E0,1.E0));
#15173=AXIS2_PLACEMENT_3D('',#15170,#15171,#15172);
#15174=PLANE('',#15173);
#15176=ORIENTED_EDGE('',*,*,#15175,.T.);
#15177=ORIENTED_EDGE('',*,*,#13067,.T.);
#15179=ORIENTED_EDGE('',*,*,#15178,.F.);
#15180=ORIENTED_EDGE('',*,*,#6466,.F.);
#15181=EDGE_LOOP('',(#15176,#15177,#15179,#15180));
#15182=FACE_OUTER_BOUND('',#15181,.F.);
#15184=FILL_AREA_STYLE_COLOUR('',#1);
#15185=FILL_AREA_STYLE('',(#15184));
#15186=SURFACE_STYLE_FILL_AREA(#15185);
#15187=SURFACE_SIDE_STYLE('',(#15186));
#15188=SURFACE_STYLE_USAGE(.POSITIVE.,#15187);
#15189=PRESENTATION_STYLE_ASSIGNMENT((#15188));
#15190=STYLED_ITEM('',(#15189),#15183);
#15191=CARTESIAN_POINT('',(-8.E0,-2.939144079919E0,1.313702686261E0));
#15192=DIRECTION('',(0.E0,0.E0,-1.E0));
#15193=DIRECTION('',(0.E0,-1.E0,0.E0));
#15194=AXIS2_PLACEMENT_3D('',#15191,#15192,#15193);
#15195=PLANE('',#15194);
#15196=ORIENTED_EDGE('',*,*,#15175,.F.);
#15197=ORIENTED_EDGE('',*,*,#6488,.F.);
#15199=ORIENTED_EDGE('',*,*,#15198,.T.);
#15200=ORIENTED_EDGE('',*,*,#13069,.T.);
#15201=EDGE_LOOP('',(#15196,#15197,#15199,#15200));
#15202=FACE_OUTER_BOUND('',#15201,.F.);
#15204=FILL_AREA_STYLE_COLOUR('',#1);
#15205=FILL_AREA_STYLE('',(#15204));
#15206=SURFACE_STYLE_FILL_AREA(#15205);
#15207=SURFACE_SIDE_STYLE('',(#15206));
#15208=SURFACE_STYLE_USAGE(.POSITIVE.,#15207);
#15209=PRESENTATION_STYLE_ASSIGNMENT((#15208));
#15210=STYLED_ITEM('',(#15209),#15203);
#15211=CARTESIAN_POINT('',(-8.E0,-2.939144079919E0,1.580596874985E0));
#15212=DIRECTION('',(0.E0,1.E0,0.E0));
#15213=DIRECTION('',(0.E0,0.E0,-1.E0));
#15214=AXIS2_PLACEMENT_3D('',#15211,#15212,#15213);
#15215=PLANE('',#15214);
#15217=ORIENTED_EDGE('',*,*,#15216,.T.);
#15218=ORIENTED_EDGE('',*,*,#13071,.T.);
#15219=ORIENTED_EDGE('',*,*,#15198,.F.);
#15220=ORIENTED_EDGE('',*,*,#6486,.F.);
#15221=EDGE_LOOP('',(#15217,#15218,#15219,#15220));
#15222=FACE_OUTER_BOUND('',#15221,.F.);
#15224=FILL_AREA_STYLE_COLOUR('',#1);
#15225=FILL_AREA_STYLE('',(#15224));
#15226=SURFACE_STYLE_FILL_AREA(#15225);
#15227=SURFACE_SIDE_STYLE('',(#15226));
#15228=SURFACE_STYLE_USAGE(.POSITIVE.,#15227);
#15229=PRESENTATION_STYLE_ASSIGNMENT((#15228));
#15230=STYLED_ITEM('',(#15229),#15223);
#15231=CARTESIAN_POINT('',(-8.E0,-3.076616418946E0,1.580596874985E0));
#15232=DIRECTION('',(0.E0,0.E0,1.E0));
#15233=DIRECTION('',(0.E0,1.E0,0.E0));
#15234=AXIS2_PLACEMENT_3D('',#15231,#15232,#15233);
#15235=PLANE('',#15234);
#15237=ORIENTED_EDGE('',*,*,#15236,.T.);
#15238=ORIENTED_EDGE('',*,*,#13073,.T.);
#15239=ORIENTED_EDGE('',*,*,#15216,.F.);
#15240=ORIENTED_EDGE('',*,*,#6484,.F.);
#15241=EDGE_LOOP('',(#15237,#15238,#15239,#15240));
#15242=FACE_OUTER_BOUND('',#15241,.F.);
#15244=FILL_AREA_STYLE_COLOUR('',#1);
#15245=FILL_AREA_STYLE('',(#15244));
#15246=SURFACE_STYLE_FILL_AREA(#15245);
#15247=SURFACE_SIDE_STYLE('',(#15246));
#15248=SURFACE_STYLE_USAGE(.POSITIVE.,#15247);
#15249=PRESENTATION_STYLE_ASSIGNMENT((#15248));
#15250=STYLED_ITEM('',(#15249),#15243);
#15251=CARTESIAN_POINT('',(-8.E0,-3.076616418946E0,1.549895856345E0));
#15252=DIRECTION('',(0.E0,-1.E0,0.E0));
#15253=DIRECTION('',(0.E0,0.E0,1.E0));
#15254=AXIS2_PLACEMENT_3D('',#15251,#15252,#15253);
#15255=PLANE('',#15254);
#15257=ORIENTED_EDGE('',*,*,#15256,.T.);
#15258=ORIENTED_EDGE('',*,*,#13075,.T.);
#15259=ORIENTED_EDGE('',*,*,#15236,.F.);
#15260=ORIENTED_EDGE('',*,*,#6482,.F.);
#15261=EDGE_LOOP('',(#15257,#15258,#15259,#15260));
#15262=FACE_OUTER_BOUND('',#15261,.F.);
#15264=FILL_AREA_STYLE_COLOUR('',#1);
#15265=FILL_AREA_STYLE('',(#15264));
#15266=SURFACE_STYLE_FILL_AREA(#15265);
#15267=SURFACE_SIDE_STYLE('',(#15266));
#15268=SURFACE_STYLE_USAGE(.POSITIVE.,#15267);
#15269=PRESENTATION_STYLE_ASSIGNMENT((#15268));
#15270=STYLED_ITEM('',(#15269),#15263);
#15271=CARTESIAN_POINT('',(-8.E0,-2.973597445283E0,1.549895856345E0));
#15272=DIRECTION('',(0.E0,0.E0,-1.E0));
#15273=DIRECTION('',(0.E0,-1.E0,0.E0));
#15274=AXIS2_PLACEMENT_3D('',#15271,#15272,#15273);
#15275=PLANE('',#15274);
#15277=ORIENTED_EDGE('',*,*,#15276,.T.);
#15278=ORIENTED_EDGE('',*,*,#13077,.T.);
#15279=ORIENTED_EDGE('',*,*,#15256,.F.);
#15280=ORIENTED_EDGE('',*,*,#6480,.F.);
#15281=EDGE_LOOP('',(#15277,#15278,#15279,#15280));
#15282=FACE_OUTER_BOUND('',#15281,.F.);
#15284=FILL_AREA_STYLE_COLOUR('',#1);
#15285=FILL_AREA_STYLE('',(#15284));
#15286=SURFACE_STYLE_FILL_AREA(#15285);
#15287=SURFACE_SIDE_STYLE('',(#15286));
#15288=SURFACE_STYLE_USAGE(.POSITIVE.,#15287);
#15289=PRESENTATION_STYLE_ASSIGNMENT((#15288));
#15290=STYLED_ITEM('',(#15289),#15283);
#15291=CARTESIAN_POINT('',(-8.E0,-2.973597445283E0,1.464478800034E0));
#15292=DIRECTION('',(0.E0,-1.E0,0.E0));
#15293=DIRECTION('',(0.E0,0.E0,1.E0));
#15294=AXIS2_PLACEMENT_3D('',#15291,#15292,#15293);
#15295=PLANE('',#15294);
#15297=ORIENTED_EDGE('',*,*,#15296,.T.);
#15298=ORIENTED_EDGE('',*,*,#13079,.T.);
#15299=ORIENTED_EDGE('',*,*,#15276,.F.);
#15300=ORIENTED_EDGE('',*,*,#6478,.F.);
#15301=EDGE_LOOP('',(#15297,#15298,#15299,#15300));
#15302=FACE_OUTER_BOUND('',#15301,.F.);
#15304=FILL_AREA_STYLE_COLOUR('',#1);
#15305=FILL_AREA_STYLE('',(#15304));
#15306=SURFACE_STYLE_FILL_AREA(#15305);
#15307=SURFACE_SIDE_STYLE('',(#15306));
#15308=SURFACE_STYLE_USAGE(.POSITIVE.,#15307);
#15309=PRESENTATION_STYLE_ASSIGNMENT((#15308));
#15310=STYLED_ITEM('',(#15309),#15303);
#15311=CARTESIAN_POINT('',(-8.E0,-3.069043501015E0,1.464478800034E0));
#15312=DIRECTION('',(0.E0,0.E0,1.E0));
#15313=DIRECTION('',(0.E0,1.E0,0.E0));
#15314=AXIS2_PLACEMENT_3D('',#15311,#15312,#15313);
#15315=PLANE('',#15314);
#15317=ORIENTED_EDGE('',*,*,#15316,.T.);
#15318=ORIENTED_EDGE('',*,*,#13081,.T.);
#15319=ORIENTED_EDGE('',*,*,#15296,.F.);
#15320=ORIENTED_EDGE('',*,*,#6476,.F.);
#15321=EDGE_LOOP('',(#15317,#15318,#15319,#15320));
#15322=FACE_OUTER_BOUND('',#15321,.F.);
#15324=FILL_AREA_STYLE_COLOUR('',#1);
#15325=FILL_AREA_STYLE('',(#15324));
#15326=SURFACE_STYLE_FILL_AREA(#15325);
#15327=SURFACE_SIDE_STYLE('',(#15326));
#15328=SURFACE_STYLE_USAGE(.POSITIVE.,#15327);
#15329=PRESENTATION_STYLE_ASSIGNMENT((#15328));
#15330=STYLED_ITEM('',(#15329),#15323);
#15331=CARTESIAN_POINT('',(-8.E0,-3.069043501015E0,1.433914230364E0));
#15332=DIRECTION('',(0.E0,-1.E0,0.E0));
#15333=DIRECTION('',(0.E0,0.E0,1.E0));
#15334=AXIS2_PLACEMENT_3D('',#15331,#15332,#15333);
#15335=PLANE('',#15334);
#15337=ORIENTED_EDGE('',*,*,#15336,.T.);
#15338=ORIENTED_EDGE('',*,*,#13083,.T.);
#15339=ORIENTED_EDGE('',*,*,#15316,.F.);
#15340=ORIENTED_EDGE('',*,*,#6474,.F.);
#15341=EDGE_LOOP('',(#15337,#15338,#15339,#15340));
#15342=FACE_OUTER_BOUND('',#15341,.F.);
#15344=FILL_AREA_STYLE_COLOUR('',#1);
#15345=FILL_AREA_STYLE('',(#15344));
#15346=SURFACE_STYLE_FILL_AREA(#15345);
#15347=SURFACE_SIDE_STYLE('',(#15346));
#15348=SURFACE_STYLE_USAGE(.POSITIVE.,#15347);
#15349=PRESENTATION_STYLE_ASSIGNMENT((#15348));
#15350=STYLED_ITEM('',(#15349),#15343);
#15351=CARTESIAN_POINT('',(-8.E0,-2.973597445283E0,1.433914230364E0));
#15352=DIRECTION('',(0.E0,0.E0,-1.E0));
#15353=DIRECTION('',(0.E0,-1.E0,0.E0));
#15354=AXIS2_PLACEMENT_3D('',#15351,#15352,#15353);
#15355=PLANE('',#15354);
#15357=ORIENTED_EDGE('',*,*,#15356,.T.);
#15358=ORIENTED_EDGE('',*,*,#13085,.T.);
#15359=ORIENTED_EDGE('',*,*,#15336,.F.);
#15360=ORIENTED_EDGE('',*,*,#6472,.F.);
#15361=EDGE_LOOP('',(#15357,#15358,#15359,#15360));
#15362=FACE_OUTER_BOUND('',#15361,.F.);
#15364=FILL_AREA_STYLE_COLOUR('',#1);
#15365=FILL_AREA_STYLE('',(#15364));
#15366=SURFACE_STYLE_FILL_AREA(#15365);
#15367=SURFACE_SIDE_STYLE('',(#15366));
#15368=SURFACE_STYLE_USAGE(.POSITIVE.,#15367);
#15369=PRESENTATION_STYLE_ASSIGNMENT((#15368));
#15370=STYLED_ITEM('',(#15369),#15363);
#15371=CARTESIAN_POINT('',(-8.E0,-2.973597445283E0,1.344130806960E0));
#15372=DIRECTION('',(0.E0,-1.E0,0.E0));
#15373=DIRECTION('',(0.E0,0.E0,1.E0));
#15374=AXIS2_PLACEMENT_3D('',#15371,#15372,#15373);
#15375=PLANE('',#15374);
#15377=ORIENTED_EDGE('',*,*,#15376,.T.);
#15378=ORIENTED_EDGE('',*,*,#13087,.T.);
#15379=ORIENTED_EDGE('',*,*,#15356,.F.);
#15380=ORIENTED_EDGE('',*,*,#6470,.F.);
#15381=EDGE_LOOP('',(#15377,#15378,#15379,#15380));
#15382=FACE_OUTER_BOUND('',#15381,.F.);
#15384=FILL_AREA_STYLE_COLOUR('',#1);
#15385=FILL_AREA_STYLE('',(#15384));
#15386=SURFACE_STYLE_FILL_AREA(#15385);
#15387=SURFACE_SIDE_STYLE('',(#15386));
#15388=SURFACE_STYLE_USAGE(.POSITIVE.,#15387);
#15389=PRESENTATION_STYLE_ASSIGNMENT((#15388));
#15390=STYLED_ITEM('',(#15389),#15383);
#15391=CARTESIAN_POINT('',(-8.E0,-3.082688398190E0,1.344130806960E0));
#15392=DIRECTION('',(0.E0,0.E0,1.E0));
#15393=DIRECTION('',(0.E0,1.E0,0.E0));
#15394=AXIS2_PLACEMENT_3D('',#15391,#15392,#15393);
#15395=PLANE('',#15394);
#15396=ORIENTED_EDGE('',*,*,#15178,.T.);
#15397=ORIENTED_EDGE('',*,*,#13089,.T.);
#15398=ORIENTED_EDGE('',*,*,#15376,.F.);
#15399=ORIENTED_EDGE('',*,*,#6468,.F.);
#15400=EDGE_LOOP('',(#15396,#15397,#15398,#15399));
#15401=FACE_OUTER_BOUND('',#15400,.F.);
#15403=FILL_AREA_STYLE_COLOUR('',#1);
#15404=FILL_AREA_STYLE('',(#15403));
#15405=SURFACE_STYLE_FILL_AREA(#15404);
#15406=SURFACE_SIDE_STYLE('',(#15405));
#15407=SURFACE_STYLE_USAGE(.POSITIVE.,#15406);
#15408=PRESENTATION_STYLE_ASSIGNMENT((#15407));
#15409=STYLED_ITEM('',(#15408),#15402);
#15410=CARTESIAN_POINT('',(-8.E0,-3.230646518374E0,1.549895856345E0));
#15411=CARTESIAN_POINT('',(-8.E0,-3.223057788836E0,1.549895856345E0));
#15412=CARTESIAN_POINT('',(-8.E0,-3.202028835582E0,1.549895856345E0));
#15413=CARTESIAN_POINT('',(-8.E0,-3.173411152790E0,1.549895856345E0));
#15414=CARTESIAN_POINT('',(-8.E0,-3.152382199535E0,1.549895856345E0));
#15415=CARTESIAN_POINT('',(-8.E0,-3.144793469997E0,1.549895856345E0));
#15417=CURVE_STYLE('',#6190,POSITIVE_LENGTH_MEASURE(2.E-2),#1);
#15418=PRESENTATION_STYLE_ASSIGNMENT((#15417));
#15419=STYLED_ITEM('',(#15418),#15416);
#15420=DIRECTION('',(-1.E0,0.E0,0.E0));
#15421=VECTOR('',#15420,1.E0);
#15422=SURFACE_OF_LINEAR_EXTRUSION('',#15416,#15421);
#15424=ORIENTED_EDGE('',*,*,#15423,.T.);
#15425=ORIENTED_EDGE('',*,*,#13116,.T.);
#15427=ORIENTED_EDGE('',*,*,#15426,.F.);
#15428=ORIENTED_EDGE('',*,*,#6655,.F.);
#15429=EDGE_LOOP('',(#15424,#15425,#15427,#15428));
#15430=FACE_OUTER_BOUND('',#15429,.F.);
#15432=FILL_AREA_STYLE_COLOUR('',#1);
#15433=FILL_AREA_STYLE('',(#15432));
#15434=SURFACE_STYLE_FILL_AREA(#15433);
#15435=SURFACE_SIDE_STYLE('',(#15434));
#15436=SURFACE_STYLE_USAGE(.POSITIVE.,#15435);
#15437=PRESENTATION_STYLE_ASSIGNMENT((#15436));
#15438=STYLED_ITEM('',(#15437),#15431);
#15439=CARTESIAN_POINT('',(-8.E0,-3.167559658611E0,1.572662044959E0));
#15440=CARTESIAN_POINT('',(-8.E0,-3.167559658611E0,1.565073315421E0));
#15441=CARTESIAN_POINT('',(-8.E0,-3.167559658611E0,1.488896236088E0));
#15442=CARTESIAN_POINT('',(-8.E0,-3.167559658612E0,1.405130427217E0));
#15443=CARTESIAN_POINT('',(-8.E0,-3.167559658612E0,1.328953347884E0));
#15444=CARTESIAN_POINT('',(-8.E0,-3.167559658612E0,1.321364618347E0));
#15446=CURVE_STYLE('',#6190,POSITIVE_LENGTH_MEASURE(2.E-2),#1);
#15447=PRESENTATION_STYLE_ASSIGNMENT((#15446));
#15448=STYLED_ITEM('',(#15447),#15445);
#15449=DIRECTION('',(-1.E0,0.E0,0.E0));
#15450=VECTOR('',#15449,1.E0);
#15451=SURFACE_OF_LINEAR_EXTRUSION('',#15445,#15450);
#15452=ORIENTED_EDGE('',*,*,#15423,.F.);
#15453=ORIENTED_EDGE('',*,*,#6661,.F.);
#15455=ORIENTED_EDGE('',*,*,#15454,.T.);
#15456=ORIENTED_EDGE('',*,*,#13118,.T.);
#15457=EDGE_LOOP('',(#15452,#15453,#15455,#15456));
#15458=FACE_OUTER_BOUND('',#15457,.F.);
#15460=FILL_AREA_STYLE_COLOUR('',#1);
#15461=FILL_AREA_STYLE('',(#15460));
#15462=SURFACE_STYLE_FILL_AREA(#15461);
#15463=SURFACE_SIDE_STYLE('',(#15462));
#15464=SURFACE_STYLE_USAGE(.POSITIVE.,#15463);
#15465=PRESENTATION_STYLE_ASSIGNMENT((#15464));
#15466=STYLED_ITEM('',(#15465),#15459);
#15467=CARTESIAN_POINT('',(-8.E0,-3.144793469998E0,1.344130806960E0));
#15468=CARTESIAN_POINT('',(-8.E0,-3.152382199536E0,1.344130806960E0));
#15469=CARTESIAN_POINT('',(-8.E0,-3.172888098399E0,1.344130806960E0));
#15470=CARTESIAN_POINT('',(-8.E0,-3.200982726799E0,1.344130806960E0));
#15471=CARTESIAN_POINT('',(-8.E0,-3.221488625662E0,1.344130806960E0));
#15472=CARTESIAN_POINT('',(-8.E0,-3.229077355200E0,1.344130806960E0));
#15474=CURVE_STYLE('',#6190,POSITIVE_LENGTH_MEASURE(2.E-2),#1);
#15475=PRESENTATION_STYLE_ASSIGNMENT((#15474));
#15476=STYLED_ITEM('',(#15475),#15473);
#15477=DIRECTION('',(-1.E0,0.E0,0.E0));
#15478=VECTOR('',#15477,1.E0);
#15479=SURFACE_OF_LINEAR_EXTRUSION('',#15473,#15478);
#15481=ORIENTED_EDGE('',*,*,#15480,.T.);
#15482=ORIENTED_EDGE('',*,*,#13120,.T.);
#15483=ORIENTED_EDGE('',*,*,#15454,.F.);
#15484=ORIENTED_EDGE('',*,*,#6659,.F.);
#15485=EDGE_LOOP('',(#15481,#15482,#15483,#15484));
#15486=FACE_OUTER_BOUND('',#15485,.F.);
#15488=FILL_AREA_STYLE_COLOUR('',#1);
#15489=FILL_AREA_STYLE('',(#15488));
#15490=SURFACE_STYLE_FILL_AREA(#15489);
#15491=SURFACE_SIDE_STYLE('',(#15490));
#15492=SURFACE_STYLE_USAGE(.POSITIVE.,#15491);
#15493=PRESENTATION_STYLE_ASSIGNMENT((#15492));
#15494=STYLED_ITEM('',(#15493),#15487);
#15495=CARTESIAN_POINT('',(-8.E0,-3.194680953191E0,1.344635606158E0));
#15496=CARTESIAN_POINT('',(-8.E0,-3.198467943357E0,1.344301088604E0));
#15497=CARTESIAN_POINT('',(-8.E0,-3.229939403942E0,1.342923474993E0));
#15498=CARTESIAN_POINT('',(-8.E0,-3.296229807540E0,1.361111316116E0));
#15499=CARTESIAN_POINT('',(-8.E0,-3.323347599959E0,1.448861826896E0));
#15500=CARTESIAN_POINT('',(-8.E0,-3.295281112790E0,1.535660766481E0));
#15501=CARTESIAN_POINT('',(-8.E0,-3.230599084068E0,1.550906022660E0));
#15502=CARTESIAN_POINT('',(-8.E0,-3.200296130592E0,1.549752783227E0));
#15503=CARTESIAN_POINT('',(-8.E0,-3.196641083902E0,1.549477177131E0));
#15505=CURVE_STYLE('',#6190,POSITIVE_LENGTH_MEASURE(2.E-2),#1);
#15506=PRESENTATION_STYLE_ASSIGNMENT((#15505));
#15507=STYLED_ITEM('',(#15506),#15504);
#15508=DIRECTION('',(-1.E0,0.E0,0.E0));
#15509=VECTOR('',#15508,1.E0);
#15510=SURFACE_OF_LINEAR_EXTRUSION('',#15504,#15509);
#15511=ORIENTED_EDGE('',*,*,#15426,.T.);
#15512=ORIENTED_EDGE('',*,*,#13122,.T.);
#15513=ORIENTED_EDGE('',*,*,#15480,.F.);
#15514=ORIENTED_EDGE('',*,*,#6657,.T.);
#15515=EDGE_LOOP('',(#15511,#15512,#15513,#15514));
#15516=FACE_OUTER_BOUND('',#15515,.F.);
#15518=FILL_AREA_STYLE_COLOUR('',#1);
#15519=FILL_AREA_STYLE('',(#15518));
#15520=SURFACE_STYLE_FILL_AREA(#15519);
#15521=SURFACE_SIDE_STYLE('',(#15520));
#15522=SURFACE_STYLE_USAGE(.POSITIVE.,#15521);
#15523=PRESENTATION_STYLE_ASSIGNMENT((#15522));
#15524=STYLED_ITEM('',(#15523),#15517);
#15525=CARTESIAN_POINT('',(-8.E0,-3.229282028659E0,1.313702686261E0));
#15526=CARTESIAN_POINT('',(-8.E0,-3.221693299122E0,1.313702686261E0));
#15527=CARTESIAN_POINT('',(-8.E0,-3.189634720651E0,1.313702686261E0));
#15528=CARTESIAN_POINT('',(-8.E0,-3.149987412643E0,1.313702686261E0));
#15529=CARTESIAN_POINT('',(-8.E0,-3.117928834173E0,1.313702686261E0));
#15530=CARTESIAN_POINT('',(-8.E0,-3.110340104635E0,1.313702686261E0));
#15532=CURVE_STYLE('',#6190,POSITIVE_LENGTH_MEASURE(2.E-2),#1);
#15533=PRESENTATION_STYLE_ASSIGNMENT((#15532));
#15534=STYLED_ITEM('',(#15533),#15531);
#15535=DIRECTION('',(-1.E0,0.E0,0.E0));
#15536=VECTOR('',#15535,1.E0);
#15537=SURFACE_OF_LINEAR_EXTRUSION('',#15531,#15536);
#15539=ORIENTED_EDGE('',*,*,#15538,.T.);
#15540=ORIENTED_EDGE('',*,*,#13106,.T.);
#15542=ORIENTED_EDGE('',*,*,#15541,.F.);
#15543=ORIENTED_EDGE('',*,*,#6492,.F.);
#15544=EDGE_LOOP('',(#15539,#15540,#15542,#15543));
#15545=FACE_OUTER_BOUND('',#15544,.F.);
#15547=FILL_AREA_STYLE_COLOUR('',#1);
#15548=FILL_AREA_STYLE('',(#15547));
#15549=SURFACE_STYLE_FILL_AREA(#15548);
#15550=SURFACE_SIDE_STYLE('',(#15549));
#15551=SURFACE_STYLE_USAGE(.POSITIVE.,#15550);
#15552=PRESENTATION_STYLE_ASSIGNMENT((#15551));
#15553=STYLED_ITEM('',(#15552),#15546);
#15554=CARTESIAN_POINT('',(-8.E0,-3.133106293249E0,1.290936497647E0));
#15555=CARTESIAN_POINT('',(-8.E0,-3.133106293249E0,1.298525227185E0));
#15556=CARTESIAN_POINT('',(-8.E0,-3.133106293248E0,1.395078686298E0));
#15557=CARTESIAN_POINT('',(-8.E0,-3.133106293248E0,1.499220874949E0));
#15558=CARTESIAN_POINT('',(-8.E0,-3.133106293248E0,1.595774334061E0));
#15559=CARTESIAN_POINT('',(-8.E0,-3.133106293248E0,1.603363063599E0));
#15561=CURVE_STYLE('',#6190,POSITIVE_LENGTH_MEASURE(2.E-2),#1);
#15562=PRESENTATION_STYLE_ASSIGNMENT((#15561));
#15563=STYLED_ITEM('',(#15562),#15560);
#15564=DIRECTION('',(-1.E0,0.E0,0.E0));
#15565=VECTOR('',#15564,1.E0);
#15566=SURFACE_OF_LINEAR_EXTRUSION('',#15560,#15565);
#15567=ORIENTED_EDGE('',*,*,#15538,.F.);
#15568=ORIENTED_EDGE('',*,*,#6498,.F.);
#15570=ORIENTED_EDGE('',*,*,#15569,.T.);
#15571=ORIENTED_EDGE('',*,*,#13108,.T.);
#15572=EDGE_LOOP('',(#15567,#15568,#15570,#15571));
#15573=FACE_OUTER_BOUND('',#15572,.F.);
#15575=FILL_AREA_STYLE_COLOUR('',#1);
#15576=FILL_AREA_STYLE('',(#15575));
#15577=SURFACE_STYLE_FILL_AREA(#15576);
#15578=SURFACE_SIDE_STYLE('',(#15577));
#15579=SURFACE_STYLE_USAGE(.POSITIVE.,#15578);
#15580=PRESENTATION_STYLE_ASSIGNMENT((#15579));
#15581=STYLED_ITEM('',(#15580),#15574);
#15582=CARTESIAN_POINT('',(-8.E0,-3.110340104634E0,1.580596874985E0));
#15583=CARTESIAN_POINT('',(-8.E0,-3.117928834172E0,1.580596874985E0));
#15584=CARTESIAN_POINT('',(-8.E0,-3.150897072453E0,1.580596874985E0));
#15585=CARTESIAN_POINT('',(-8.E0,-3.191454040273E0,1.580596874985E0));
#15586=CARTESIAN_POINT('',(-8.E0,-3.224422278554E0,1.580596874985E0));
#15587=CARTESIAN_POINT('',(-8.E0,-3.232011008092E0,1.580596874985E0));
#15589=CURVE_STYLE('',#6190,POSITIVE_LENGTH_MEASURE(2.E-2),#1);
#15590=PRESENTATION_STYLE_ASSIGNMENT((#15589));
#15591=STYLED_ITEM('',(#15590),#15588);
#15592=DIRECTION('',(-1.E0,0.E0,0.E0));
#15593=VECTOR('',#15592,1.E0);
#15594=SURFACE_OF_LINEAR_EXTRUSION('',#15588,#15593);
#15596=ORIENTED_EDGE('',*,*,#15595,.T.);
#15597=ORIENTED_EDGE('',*,*,#13110,.T.);
#15598=ORIENTED_EDGE('',*,*,#15569,.F.);
#15599=ORIENTED_EDGE('',*,*,#6496,.F.);
#15600=EDGE_LOOP('',(#15596,#15597,#15598,#15599));
#15601=FACE_OUTER_BOUND('',#15600,.F.);
#15603=FILL_AREA_STYLE_COLOUR('',#1);
#15604=FILL_AREA_STYLE('',(#15603));
#15605=SURFACE_STYLE_FILL_AREA(#15604);
#15606=SURFACE_SIDE_STYLE('',(#15605));
#15607=SURFACE_STYLE_USAGE(.POSITIVE.,#15606);
#15608=PRESENTATION_STYLE_ASSIGNMENT((#15607));
#15609=STYLED_ITEM('',(#15608),#15602);
#15610=CARTESIAN_POINT('',(-8.E0,-3.197593899724E0,1.580196294140E0));
#15611=CARTESIAN_POINT('',(-8.E0,-3.201426170306E0,1.580462395478E0));
#15612=CARTESIAN_POINT('',(-8.E0,-3.240612596059E0,1.581816926203E0));
#15613=CARTESIAN_POINT('',(-8.E0,-3.320907726139E0,1.558875299194E0));
#15614=CARTESIAN_POINT('',(-8.E0,-3.364716377240E0,1.449194994931E0));
#15615=CARTESIAN_POINT('',(-8.E0,-3.321798110251E0,1.337372134165E0));
#15616=CARTESIAN_POINT('',(-8.E0,-3.239060109210E0,1.312443477668E0));
#15617=CARTESIAN_POINT('',(-8.E0,-3.198836556778E0,1.313834924143E0));
#15618=CARTESIAN_POINT('',(-8.E0,-3.195065999997E0,1.314097760697E0));
#15620=CURVE_STYLE('',#6190,POSITIVE_LENGTH_MEASURE(2.E-2),#1);
#15621=PRESENTATION_STYLE_ASSIGNMENT((#15620));
#15622=STYLED_ITEM('',(#15621),#15619);
#15623=DIRECTION('',(-1.E0,0.E0,0.E0));
#15624=VECTOR('',#15623,1.E0);
#15625=SURFACE_OF_LINEAR_EXTRUSION('',#15619,#15624);
#15626=ORIENTED_EDGE('',*,*,#15541,.T.);
#15627=ORIENTED_EDGE('',*,*,#13112,.T.);
#15628=ORIENTED_EDGE('',*,*,#15595,.F.);
#15629=ORIENTED_EDGE('',*,*,#6494,.T.);
#15630=EDGE_LOOP('',(#15626,#15627,#15628,#15629));
#15631=FACE_OUTER_BOUND('',#15630,.F.);
#15633=FILL_AREA_STYLE_COLOUR('',#1);
#15634=FILL_AREA_STYLE('',(#15633));
#15635=SURFACE_STYLE_FILL_AREA(#15634);
#15636=SURFACE_SIDE_STYLE('',(#15635));
#15637=SURFACE_STYLE_USAGE(.POSITIVE.,#15636);
#15638=PRESENTATION_STYLE_ASSIGNMENT((#15637));
#15639=STYLED_ITEM('',(#15638),#15632);
#15640=CARTESIAN_POINT('',(-8.E0,-3.489230320204E0,1.527428364610E0));
#15641=CARTESIAN_POINT('',(-8.E0,-3.489187129259E0,1.527549176343E0));
#15642=CARTESIAN_POINT('',(-8.E0,-3.486999975939E0,1.533716102735E0));
#15643=CARTESIAN_POINT('',(-8.E0,-3.485570780235E0,1.540285935032E0));
#15644=CARTESIAN_POINT('',(-8.E0,-3.484485179273E0,1.546737636804E0));
#15645=CARTESIAN_POINT('',(-8.E0,-3.484464010905E0,1.546864141855E0));
#15647=CURVE_STYLE('',#6190,POSITIVE_LENGTH_MEASURE(2.E-2),#1);
#15648=PRESENTATION_STYLE_ASSIGNMENT((#15647));
#15649=STYLED_ITEM('',(#15648),#15646);
#15650=DIRECTION('',(-1.E0,0.E0,0.E0));
#15651=VECTOR('',#15650,1.E0);
#15652=SURFACE_OF_LINEAR_EXTRUSION('',#15646,#15651);
#15654=ORIENTED_EDGE('',*,*,#15653,.T.);
#15655=ORIENTED_EDGE('',*,*,#13157,.T.);
#15657=ORIENTED_EDGE('',*,*,#15656,.F.);
#15658=ORIENTED_EDGE('',*,*,#6678,.T.);
#15659=EDGE_LOOP('',(#15654,#15655,#15657,#15658));
#15660=FACE_OUTER_BOUND('',#15659,.F.);
#15662=FILL_AREA_STYLE_COLOUR('',#1);
#15663=FILL_AREA_STYLE('',(#15662));
#15664=SURFACE_STYLE_FILL_AREA(#15663);
#15665=SURFACE_SIDE_STYLE('',(#15664));
#15666=SURFACE_STYLE_USAGE(.POSITIVE.,#15665);
#15667=PRESENTATION_STYLE_ASSIGNMENT((#15666));
#15668=STYLED_ITEM('',(#15667),#15661);
#15669=CARTESIAN_POINT('',(-8.E0,-3.484588652181E0,1.546865619517E0));
#15670=CARTESIAN_POINT('',(-8.E0,-3.484568579081E0,1.546738614485E0));
#15671=CARTESIAN_POINT('',(-8.E0,-3.483535379880E0,1.540261790218E0));
#15672=CARTESIAN_POINT('',(-8.E0,-3.481983156607E0,1.533686273608E0));
#15673=CARTESIAN_POINT('',(-8.E0,-3.479664275677E0,1.527550379210E0));
#15674=CARTESIAN_POINT('',(-8.E0,-3.479618498829E0,1.527430190153E0));
#15676=CURVE_STYLE('',#6190,POSITIVE_LENGTH_MEASURE(2.E-2),#1);
#15677=PRESENTATION_STYLE_ASSIGNMENT((#15676));
#15678=STYLED_ITEM('',(#15677),#15675);
#15679=DIRECTION('',(-1.E0,0.E0,0.E0));
#15680=VECTOR('',#15679,1.E0);
#15681=SURFACE_OF_LINEAR_EXTRUSION('',#15675,#15680);
#15682=ORIENTED_EDGE('',*,*,#15653,.F.);
#15683=ORIENTED_EDGE('',*,*,#6686,.T.);
#15685=ORIENTED_EDGE('',*,*,#15684,.T.);
#15686=ORIENTED_EDGE('',*,*,#13159,.T.);
#15687=EDGE_LOOP('',(#15682,#15683,#15685,#15686));
#15688=FACE_OUTER_BOUND('',#15687,.F.);
#15690=FILL_AREA_STYLE_COLOUR('',#1);
#15691=FILL_AREA_STYLE('',(#15690));
#15692=SURFACE_STYLE_FILL_AREA(#15691);
#15693=SURFACE_SIDE_STYLE('',(#15692));
#15694=SURFACE_STYLE_USAGE(.POSITIVE.,#15693);
#15695=PRESENTATION_STYLE_ASSIGNMENT((#15694));
#15696=STYLED_ITEM('',(#15695),#15689);
#15697=CARTESIAN_POINT('',(-8.E0,-3.487462058395E0,1.549213054330E0));
#15698=CARTESIAN_POINT('',(-8.E0,-3.484893007581E0,1.542072410528E0));
#15699=CARTESIAN_POINT('',(-8.E0,-3.469020182023E0,1.497954095383E0));
#15700=CARTESIAN_POINT('',(-8.E0,-3.450578305651E0,1.446695136436E0));
#15701=CARTESIAN_POINT('',(-8.E0,-3.434705480093E0,1.402576821292E0));
#15702=CARTESIAN_POINT('',(-8.E0,-3.432136429278E0,1.395436177490E0));
#15704=CURVE_STYLE('',#6190,POSITIVE_LENGTH_MEASURE(2.E-2),#1);
#15705=PRESENTATION_STYLE_ASSIGNMENT((#15704));
#15706=STYLED_ITEM('',(#15705),#15703);
#15707=DIRECTION('',(-1.E0,0.E0,0.E0));
#15708=VECTOR('',#15707,1.E0);
#15709=SURFACE_OF_LINEAR_EXTRUSION('',#15703,#15708);
#15711=ORIENTED_EDGE('',*,*,#15710,.T.);
#15712=ORIENTED_EDGE('',*,*,#13161,.T.);
#15713=ORIENTED_EDGE('',*,*,#15684,.F.);
#15714=ORIENTED_EDGE('',*,*,#6684,.F.);
#15715=EDGE_LOOP('',(#15711,#15712,#15713,#15714));
#15716=FACE_OUTER_BOUND('',#15715,.F.);
#15718=FILL_AREA_STYLE_COLOUR('',#1);
#15719=FILL_AREA_STYLE('',(#15718));
#15720=SURFACE_STYLE_FILL_AREA(#15719);
#15721=SURFACE_SIDE_STYLE('',(#15720));
#15722=SURFACE_STYLE_USAGE(.POSITIVE.,#15721);
#15723=PRESENTATION_STYLE_ASSIGNMENT((#15722));
#15724=STYLED_ITEM('',(#15723),#15717);
#15725=CARTESIAN_POINT('',(-8.E0,-3.417077393107E0,1.416858108897E0));
#15726=CARTESIAN_POINT('',(-8.E0,-3.424666122645E0,1.416858108897E0));
#15727=CARTESIAN_POINT('',(-8.E0,-3.462114435499E0,1.416858108897E0));
#15728=CARTESIAN_POINT('',(-8.E0,-3.507151477891E0,1.416858108897E0));
#15729=CARTESIAN_POINT('',(-8.E0,-3.544599790745E0,1.416858108897E0));
#15730=CARTESIAN_POINT('',(-8.E0,-3.552188520283E0,1.416858108897E0));
#15732=CURVE_STYLE('',#6190,POSITIVE_LENGTH_MEASURE(2.E-2),#1);
#15733=PRESENTATION_STYLE_ASSIGNMENT((#15732));
#15734=STYLED_ITEM('',(#15733),#15731);
#15735=DIRECTION('',(-1.E0,0.E0,0.E0));
#15736=VECTOR('',#15735,1.E0);
#15737=SURFACE_OF_LINEAR_EXTRUSION('',#15731,#15736);
#15739=ORIENTED_EDGE('',*,*,#15738,.T.);
#15740=ORIENTED_EDGE('',*,*,#13163,.T.);
#15741=ORIENTED_EDGE('',*,*,#15710,.F.);
#15742=ORIENTED_EDGE('',*,*,#6682,.F.);
#15743=EDGE_LOOP('',(#15739,#15740,#15741,#15742));
#15744=FACE_OUTER_BOUND('',#15743,.F.);
#15746=FILL_AREA_STYLE_COLOUR('',#1);
#15747=FILL_AREA_STYLE('',(#15746));
#15748=SURFACE_STYLE_FILL_AREA(#15747);
#15749=SURFACE_SIDE_STYLE('',(#15748));
#15750=SURFACE_STYLE_USAGE(.POSITIVE.,#15749);
#15751=PRESENTATION_STYLE_ASSIGNMENT((#15750));
#15752=STYLED_ITEM('',(#15751),#15745);
#15753=CARTESIAN_POINT('',(-8.E0,-3.537199348910E0,1.395461442174E0));
#15754=CARTESIAN_POINT('',(-8.E0,-3.534607009829E0,1.402593664415E0));
#15755=CARTESIAN_POINT('',(-8.E0,-3.518574447032E0,1.446703557998E0));
#15756=CARTESIAN_POINT('',(-8.E0,-3.499949545154E0,1.497945673822E0));
#15757=CARTESIAN_POINT('',(-8.E0,-3.483916982357E0,1.542055567405E0));
#15758=CARTESIAN_POINT('',(-8.E0,-3.481324643276E0,1.549187789646E0));
#15760=CURVE_STYLE('',#6190,POSITIVE_LENGTH_MEASURE(2.E-2),#1);
#15761=PRESENTATION_STYLE_ASSIGNMENT((#15760));
#15762=STYLED_ITEM('',(#15761),#15759);
#15763=DIRECTION('',(-1.E0,0.E0,0.E0));
#15764=VECTOR('',#15763,1.E0);
#15765=SURFACE_OF_LINEAR_EXTRUSION('',#15759,#15764);
#15766=ORIENTED_EDGE('',*,*,#15656,.T.);
#15767=ORIENTED_EDGE('',*,*,#13165,.T.);
#15768=ORIENTED_EDGE('',*,*,#15738,.F.);
#15769=ORIENTED_EDGE('',*,*,#6680,.F.);
#15770=EDGE_LOOP('',(#15766,#15767,#15768,#15769));
#15771=FACE_OUTER_BOUND('',#15770,.F.);
#15773=FILL_AREA_STYLE_COLOUR('',#1);
#15774=FILL_AREA_STYLE('',(#15773));
#15775=SURFACE_STYLE_FILL_AREA(#15774);
#15776=SURFACE_SIDE_STYLE('',(#15775));
#15777=SURFACE_STYLE_USAGE(.POSITIVE.,#15776);
#15778=PRESENTATION_STYLE_ASSIGNMENT((#15777));
#15779=STYLED_ITEM('',(#15778),#15772);
#15780=CARTESIAN_POINT('',(-8.E0,-3.605356184444E0,1.313702686261E0));
#15781=DIRECTION('',(0.E0,-9.345104387413E-1,3.559357243710E-1));
#15782=DIRECTION('',(0.E0,3.559357243710E-1,9.345104387413E-1));
#15783=AXIS2_PLACEMENT_3D('',#15780,#15781,#15782);
#15784=PLANE('',#15783);
#15786=ORIENTED_EDGE('',*,*,#15785,.T.);
#15787=ORIENTED_EDGE('',*,*,#13139,.T.);
#15789=ORIENTED_EDGE('',*,*,#15788,.F.);
#15790=ORIENTED_EDGE('',*,*,#6502,.F.);
#15791=EDGE_LOOP('',(#15786,#15787,#15789,#15790));
#15792=FACE_OUTER_BOUND('',#15791,.F.);
#15794=FILL_AREA_STYLE_COLOUR('',#1);
#15795=FILL_AREA_STYLE('',(#15794));
#15796=SURFACE_STYLE_FILL_AREA(#15795);
#15797=SURFACE_SIDE_STYLE('',(#15796));
#15798=SURFACE_STYLE_USAGE(.POSITIVE.,#15797);
#15799=PRESENTATION_STYLE_ASSIGNMENT((#15798));
#15800=STYLED_ITEM('',(#15799),#15793);
#15801=CARTESIAN_POINT('',(-8.E0,-3.567286921330E0,1.313702686261E0));
#15802=DIRECTION('',(0.E0,0.E0,-1.E0));
#15803=DIRECTION('',(0.E0,-1.E0,0.E0));
#15804=AXIS2_PLACEMENT_3D('',#15801,#15802,#15803);
#15805=PLANE('',#15804);
#15806=ORIENTED_EDGE('',*,*,#15785,.F.);
#15807=ORIENTED_EDGE('',*,*,#6516,.F.);
#15809=ORIENTED_EDGE('',*,*,#15808,.T.);
#15810=ORIENTED_EDGE('',*,*,#13141,.T.);
#15811=EDGE_LOOP('',(#15806,#15807,#15809,#15810));
#15812=FACE_OUTER_BOUND('',#15811,.F.);
#15814=FILL_AREA_STYLE_COLOUR('',#1);
#15815=FILL_AREA_STYLE('',(#15814));
#15816=SURFACE_STYLE_FILL_AREA(#15815);
#15817=SURFACE_SIDE_STYLE('',(#15816));
#15818=SURFACE_STYLE_USAGE(.POSITIVE.,#15817);
#15819=PRESENTATION_STYLE_ASSIGNMENT((#15818));
#15820=STYLED_ITEM('',(#15819),#15813);
#15821=CARTESIAN_POINT('',(-8.E0,-3.540065351468E0,1.386702886141E0));
#15822=DIRECTION('',(0.E0,9.369753459537E-1,-3.493954794714E-1));
#15823=DIRECTION('',(0.E0,-3.493954794714E-1,-9.369753459537E-1));
#15824=AXIS2_PLACEMENT_3D('',#15821,#15822,#15823);
#15825=PLANE('',#15824);
#15827=ORIENTED_EDGE('',*,*,#15826,.T.);
#15828=ORIENTED_EDGE('',*,*,#13143,.T.);
#15829=ORIENTED_EDGE('',*,*,#15808,.F.);
#15830=ORIENTED_EDGE('',*,*,#6514,.F.);
#15831=EDGE_LOOP('',(#15827,#15828,#15829,#15830));
#15832=FACE_OUTER_BOUND('',#15831,.F.);
#15834=FILL_AREA_STYLE_COLOUR('',#1);
#15835=FILL_AREA_STYLE('',(#15834));
#15836=SURFACE_STYLE_FILL_AREA(#15835);
#15837=SURFACE_SIDE_STYLE('',(#15836));
#15838=SURFACE_STYLE_USAGE(.POSITIVE.,#15837);
#15839=PRESENTATION_STYLE_ASSIGNMENT((#15838));
#15840=STYLED_ITEM('',(#15839),#15833);
#15841=CARTESIAN_POINT('',(-8.E0,-3.428927663986E0,1.386702886141E0));
#15842=DIRECTION('',(0.E0,0.E0,-1.E0));
#15843=DIRECTION('',(0.E0,-1.E0,0.E0));
#15844=AXIS2_PLACEMENT_3D('',#15841,#15842,#15843);
#15845=PLANE('',#15844);
#15847=ORIENTED_EDGE('',*,*,#15846,.T.);
#15848=ORIENTED_EDGE('',*,*,#13145,.T.);
#15849=ORIENTED_EDGE('',*,*,#15826,.F.);
#15850=ORIENTED_EDGE('',*,*,#6512,.F.);
#15851=EDGE_LOOP('',(#15847,#15848,#15849,#15850));
#15852=FACE_OUTER_BOUND('',#15851,.F.);
#15854=FILL_AREA_STYLE_COLOUR('',#1);
#15855=FILL_AREA_STYLE('',(#15854));
#15856=SURFACE_STYLE_FILL_AREA(#15855);
#15857=SURFACE_SIDE_STYLE('',(#15856));
#15858=SURFACE_STYLE_USAGE(.POSITIVE.,#15857);
#15859=PRESENTATION_STYLE_ASSIGNMENT((#15858));
#15860=STYLED_ITEM('',(#15859),#15853);
#15861=CARTESIAN_POINT('',(-8.E0,-3.403275257294E0,1.313702686261E0));
#15862=DIRECTION('',(0.E0,-9.434452330622E-1,-3.315284184081E-1));
#15863=DIRECTION('',(0.E0,-3.315284184081E-1,9.434452330622E-1));
#15864=AXIS2_PLACEMENT_3D('',#15861,#15862,#15863);
#15865=PLANE('',#15864);
#15867=ORIENTED_EDGE('',*,*,#15866,.T.);
#15868=ORIENTED_EDGE('',*,*,#13147,.T.);
#15869=ORIENTED_EDGE('',*,*,#15846,.F.);
#15870=ORIENTED_EDGE('',*,*,#6510,.F.);
#15871=EDGE_LOOP('',(#15867,#15868,#15869,#15870));
#15872=FACE_OUTER_BOUND('',#15871,.F.);
#15874=FILL_AREA_STYLE_COLOUR('',#1);
#15875=FILL_AREA_STYLE('',(#15874));
#15876=SURFACE_STYLE_FILL_AREA(#15875);
#15877=SURFACE_SIDE_STYLE('',(#15876));
#15878=SURFACE_STYLE_USAGE(.POSITIVE.,#15877);
#15879=PRESENTATION_STYLE_ASSIGNMENT((#15878));
#15880=STYLED_ITEM('',(#15879),#15873);
#15881=CARTESIAN_POINT('',(-8.E0,-3.365205994180E0,1.313702686261E0));
#15882=DIRECTION('',(0.E0,0.E0,-1.E0));
#15883=DIRECTION('',(0.E0,-1.E0,0.E0));
#15884=AXIS2_PLACEMENT_3D('',#15881,#15882,#15883);
#15885=PLANE('',#15884);
#15887=ORIENTED_EDGE('',*,*,#15886,.T.);
#15888=ORIENTED_EDGE('',*,*,#13149,.T.);
#15889=ORIENTED_EDGE('',*,*,#15866,.F.);
#15890=ORIENTED_EDGE('',*,*,#6508,.F.);
#15891=EDGE_LOOP('',(#15887,#15888,#15889,#15890));
#15892=FACE_OUTER_BOUND('',#15891,.F.);
#15894=FILL_AREA_STYLE_COLOUR('',#1);
#15895=FILL_AREA_STYLE('',(#15894));
#15896=SURFACE_STYLE_FILL_AREA(#15895);
#15897=SURFACE_SIDE_STYLE('',(#15896));
#15898=SURFACE_STYLE_USAGE(.POSITIVE.,#15897);
#15899=PRESENTATION_STYLE_ASSIGNMENT((#15898));
#15900=STYLED_ITEM('',(#15899),#15893);
#15901=CARTESIAN_POINT('',(-8.E0,-3.466860478127E0,1.580596874985E0));
#15902=DIRECTION('',(0.E0,9.345104387424E-1,3.559357243682E-1));
#15903=DIRECTION('',(0.E0,3.559357243682E-1,-9.345104387424E-1));
#15904=AXIS2_PLACEMENT_3D('',#15901,#15902,#15903);
#15905=PLANE('',#15904);
#15907=ORIENTED_EDGE('',*,*,#15906,.T.);
#15908=ORIENTED_EDGE('',*,*,#13151,.T.);
#15909=ORIENTED_EDGE('',*,*,#15886,.F.);
#15910=ORIENTED_EDGE('',*,*,#6506,.F.);
#15911=EDGE_LOOP('',(#15907,#15908,#15909,#15910));
#15912=FACE_OUTER_BOUND('',#15911,.F.);
#15914=FILL_AREA_STYLE_COLOUR('',#1);
#15915=FILL_AREA_STYLE('',(#15914));
#15916=SURFACE_STYLE_FILL_AREA(#15915);
#15917=SURFACE_SIDE_STYLE('',(#15916));
#15918=SURFACE_STYLE_USAGE(.POSITIVE.,#15917);
#15919=PRESENTATION_STYLE_ASSIGNMENT((#15918));
#15920=STYLED_ITEM('',(#15919),#15913);
#15921=CARTESIAN_POINT('',(-8.E0,-3.503701700496E0,1.580596874985E0));
#15922=DIRECTION('',(0.E0,0.E0,1.E0));
#15923=DIRECTION('',(0.E0,1.E0,0.E0));
#15924=AXIS2_PLACEMENT_3D('',#15921,#15922,#15923);
#15925=PLANE('',#15924);
#15926=ORIENTED_EDGE('',*,*,#15788,.T.);
#15927=ORIENTED_EDGE('',*,*,#13153,.T.);
#15928=ORIENTED_EDGE('',*,*,#15906,.F.);
#15929=ORIENTED_EDGE('',*,*,#6504,.F.);
#15930=EDGE_LOOP('',(#15926,#15927,#15928,#15929));
#15931=FACE_OUTER_BOUND('',#15930,.F.);
#15933=FILL_AREA_STYLE_COLOUR('',#1);
#15934=FILL_AREA_STYLE('',(#15933));
#15935=SURFACE_STYLE_FILL_AREA(#15934);
#15936=SURFACE_SIDE_STYLE('',(#15935));
#15937=SURFACE_STYLE_USAGE(.POSITIVE.,#15936);
#15938=PRESENTATION_STYLE_ASSIGNMENT((#15937));
#15939=STYLED_ITEM('',(#15938),#15932);
#15940=CARTESIAN_POINT('',(-8.E0,-1.797356971986E0,1.816112819778E0));
#15941=CARTESIAN_POINT('',(-8.E0,-1.796151212325E0,1.819767570883E0));
#15942=CARTESIAN_POINT('',(-8.E0,-1.774989325224E0,1.880529562711E0));
#15943=CARTESIAN_POINT('',(-8.E0,-1.682872810645E0,2.015434387579E0));
#15944=CARTESIAN_POINT('',(-8.E0,-1.445631096755E0,2.106557956685E0));
#15945=CARTESIAN_POINT('',(-8.E0,-1.229671081989E0,2.036235165572E0));
#15946=CARTESIAN_POINT('',(-8.E0,-1.143007979982E0,1.946568488520E0));
#15947=CARTESIAN_POINT('',(-8.E0,-1.117171033874E0,1.911969013507E0));
#15948=CARTESIAN_POINT('',(-8.E0,-1.114905806450E0,1.908864796151E0));
#15950=CURVE_STYLE('',#6190,POSITIVE_LENGTH_MEASURE(2.E-2),#1);
#15951=PRESENTATION_STYLE_ASSIGNMENT((#15950));
#15952=STYLED_ITEM('',(#15951),#15949);
#15953=DIRECTION('',(-1.E0,0.E0,0.E0));
#15954=VECTOR('',#15953,1.E0);
#15955=SURFACE_OF_LINEAR_EXTRUSION('',#15949,#15954);
#15957=ORIENTED_EDGE('',*,*,#15956,.T.);
#15958=ORIENTED_EDGE('',*,*,#13182,.T.);
#15960=ORIENTED_EDGE('',*,*,#15959,.F.);
#15961=ORIENTED_EDGE('',*,*,#6520,.F.);
#15962=EDGE_LOOP('',(#15957,#15958,#15960,#15961));
#15963=FACE_OUTER_BOUND('',#15962,.F.);
#15965=FILL_AREA_STYLE_COLOUR('',#1);
#15966=FILL_AREA_STYLE('',(#15965));
#15967=SURFACE_STYLE_FILL_AREA(#15966);
#15968=SURFACE_SIDE_STYLE('',(#15967));
#15969=SURFACE_STYLE_USAGE(.POSITIVE.,#15968);
#15970=PRESENTATION_STYLE_ASSIGNMENT((#15969));
#15971=STYLED_ITEM('',(#15970),#15964);
#15972=CARTESIAN_POINT('',(-8.E0,-1.726720927917E0,1.312064149316E0));
#15973=CARTESIAN_POINT('',(-8.E0,-1.730656323190E0,1.312201469778E0));
#15974=CARTESIAN_POINT('',(-8.E0,-1.798614412361E0,1.316316288543E0));
#15975=CARTESIAN_POINT('',(-8.E0,-1.929354017545E0,1.381644992129E0));
#15976=CARTESIAN_POINT('',(-8.E0,-2.028806704967E0,1.617100938365E0));
#15977=CARTESIAN_POINT('',(-8.E0,-1.889419484522E0,1.799917404593E0));
#15978=CARTESIAN_POINT('',(-8.E0,-1.786042280700E0,1.829277428678E0));
#15979=CARTESIAN_POINT('',(-8.E0,-1.782255963876E0,1.830230242735E0));
#15981=CURVE_STYLE('',#6190,POSITIVE_LENGTH_MEASURE(2.E-2),#1);
#15982=PRESENTATION_STYLE_ASSIGNMENT((#15981));
#15983=STYLED_ITEM('',(#15982),#15980);
#15984=DIRECTION('',(-1.E0,0.E0,0.E0));
#15985=VECTOR('',#15984,1.E0);
#15986=SURFACE_OF_LINEAR_EXTRUSION('',#15980,#15985);
#15987=ORIENTED_EDGE('',*,*,#15956,.F.);
#15988=ORIENTED_EDGE('',*,*,#6550,.F.);
#15990=ORIENTED_EDGE('',*,*,#15989,.T.);
#15991=ORIENTED_EDGE('',*,*,#13184,.T.);
#15992=EDGE_LOOP('',(#15987,#15988,#15990,#15991));
#15993=FACE_OUTER_BOUND('',#15992,.F.);
#15995=FILL_AREA_STYLE_COLOUR('',#1);
#15996=FILL_AREA_STYLE('',(#15995));
#15997=SURFACE_STYLE_FILL_AREA(#15996);
#15998=SURFACE_SIDE_STYLE('',(#15997));
#15999=SURFACE_STYLE_USAGE(.POSITIVE.,#15998);
#16000=PRESENTATION_STYLE_ASSIGNMENT((#15999));
#16001=STYLED_ITEM('',(#16000),#15994);
#16002=CARTESIAN_POINT('',(-8.E0,-1.732720669473E0,1.312777053613E0));
#16003=CARTESIAN_POINT('',(-8.E0,-1.732758621185E0,1.312777053613E0));
#16004=CARTESIAN_POINT('',(-8.E0,-1.734694158456E0,1.312777053613E0));
#16005=CARTESIAN_POINT('',(-8.E0,-1.736667647439E0,1.312777053613E0));
#16006=CARTESIAN_POINT('',(-8.E0,-1.738603184711E0,1.312777053613E0));
#16007=CARTESIAN_POINT('',(-8.E0,-1.738641136422E0,1.312777053613E0));
#16009=CURVE_STYLE('',#6190,POSITIVE_LENGTH_MEASURE(2.E-2),#1);
#16010=PRESENTATION_STYLE_ASSIGNMENT((#16009));
#16011=STYLED_ITEM('',(#16010),#16008);
#16012=DIRECTION('',(-1.E0,0.E0,0.E0));
#16013=VECTOR('',#16012,1.E0);
#16014=SURFACE_OF_LINEAR_EXTRUSION('',#16008,#16013);
#16016=ORIENTED_EDGE('',*,*,#16015,.T.);
#16017=ORIENTED_EDGE('',*,*,#13186,.T.);
#16018=ORIENTED_EDGE('',*,*,#15989,.F.);
#16019=ORIENTED_EDGE('',*,*,#6548,.F.);
#16020=EDGE_LOOP('',(#16016,#16017,#16018,#16019));
#16021=FACE_OUTER_BOUND('',#16020,.F.);
#16023=FILL_AREA_STYLE_COLOUR('',#1);
#16024=FILL_AREA_STYLE('',(#16023));
#16025=SURFACE_STYLE_FILL_AREA(#16024);
#16026=SURFACE_SIDE_STYLE('',(#16025));
#16027=SURFACE_STYLE_USAGE(.POSITIVE.,#16026);
#16028=PRESENTATION_STYLE_ASSIGNMENT((#16027));
#16029=STYLED_ITEM('',(#16028),#16022);
#16030=CARTESIAN_POINT('',(-8.E0,-1.727027912793E0,1.312777053613E0));
#16031=CARTESIAN_POINT('',(-8.E0,-1.727065864504E0,1.312777053613E0));
#16032=CARTESIAN_POINT('',(-8.E0,-1.729001401776E0,1.312777053613E0));
#16033=CARTESIAN_POINT('',(-8.E0,-1.730974890758E0,1.312777053613E0));
#16034=CARTESIAN_POINT('',(-8.E0,-1.732910428030E0,1.312777053613E0));
#16035=CARTESIAN_POINT('',(-8.E0,-1.732948379741E0,1.312777053613E0));
#16037=CURVE_STYLE('',#6190,POSITIVE_LENGTH_MEASURE(2.E-2),#1);
#16038=PRESENTATION_STYLE_ASSIGNMENT((#16037));
#16039=STYLED_ITEM('',(#16038),#16036);
#16040=DIRECTION('',(-1.E0,0.E0,0.E0));
#16041=VECTOR('',#16040,1.E0);
#16042=SURFACE_OF_LINEAR_EXTRUSION('',#16036,#16041);
#16044=ORIENTED_EDGE('',*,*,#16043,.T.);
#16045=ORIENTED_EDGE('',*,*,#13188,.T.);
#16046=ORIENTED_EDGE('',*,*,#16015,.F.);
#16047=ORIENTED_EDGE('',*,*,#6546,.F.);
#16048=EDGE_LOOP('',(#16044,#16045,#16046,#16047));
#16049=FACE_OUTER_BOUND('',#16048,.F.);
#16051=FILL_AREA_STYLE_COLOUR('',#1);
#16052=FILL_AREA_STYLE('',(#16051));
#16053=SURFACE_STYLE_FILL_AREA(#16052);
#16054=SURFACE_SIDE_STYLE('',(#16053));
#16055=SURFACE_STYLE_USAGE(.POSITIVE.,#16054);
#16056=PRESENTATION_STYLE_ASSIGNMENT((#16055));
#16057=STYLED_ITEM('',(#16056),#16050);
#16058=CARTESIAN_POINT('',(-8.E0,-1.603803303334E0,1.312777053613E0));
#16059=CARTESIAN_POINT('',(-8.E0,-1.611392032872E0,1.312777053613E0));
#16060=CARTESIAN_POINT('',(-8.E0,-1.652504854403E0,1.312777053613E0));
#16061=CARTESIAN_POINT('',(-8.E0,-1.701206405472E0,1.312777053613E0));
#16062=CARTESIAN_POINT('',(-8.E0,-1.742319227003E0,1.312777053613E0));
#16063=CARTESIAN_POINT('',(-8.E0,-1.749907956541E0,1.312777053613E0));
#16065=CURVE_STYLE('',#6190,POSITIVE_LENGTH_MEASURE(2.E-2),#1);
#16066=PRESENTATION_STYLE_ASSIGNMENT((#16065));
#16067=STYLED_ITEM('',(#16066),#16064);
#16068=DIRECTION('',(-1.E0,0.E0,0.E0));
#16069=VECTOR('',#16068,1.E0);
#16070=SURFACE_OF_LINEAR_EXTRUSION('',#16064,#16069);
#16072=ORIENTED_EDGE('',*,*,#16071,.T.);
#16073=ORIENTED_EDGE('',*,*,#13190,.T.);
#16074=ORIENTED_EDGE('',*,*,#16043,.F.);
#16075=ORIENTED_EDGE('',*,*,#6544,.F.);
#16076=EDGE_LOOP('',(#16072,#16073,#16074,#16075));
#16077=FACE_OUTER_BOUND('',#16076,.F.);
#16079=FILL_AREA_STYLE_COLOUR('',#1);
#16080=FILL_AREA_STYLE('',(#16079));
#16081=SURFACE_STYLE_FILL_AREA(#16080);
#16082=SURFACE_SIDE_STYLE('',(#16081));
#16083=SURFACE_STYLE_USAGE(.POSITIVE.,#16082);
#16084=PRESENTATION_STYLE_ASSIGNMENT((#16083));
#16085=STYLED_ITEM('',(#16084),#16078);
#16086=CARTESIAN_POINT('',(-8.E0,-1.654391558614E0,1.435094084153E0));
#16087=CARTESIAN_POINT('',(-8.E0,-1.649913303171E0,1.429952838103E0));
#16088=CARTESIAN_POINT('',(-8.E0,-1.641803155424E0,1.427168104497E0));
#16089=CARTESIAN_POINT('',(-8.E0,-1.607258874678E0,1.439229752215E0));
#16090=CARTESIAN_POINT('',(-8.E0,-1.541756144680E0,1.370561652667E0));
#16091=CARTESIAN_POINT('',(-8.E0,-1.604093448309E0,1.310271325043E0));
#16092=CARTESIAN_POINT('',(-8.E0,-1.634647189922E0,1.312864470073E0));
#16093=CARTESIAN_POINT('',(-8.E0,-1.638519846651E0,1.313883642392E0));
#16095=CURVE_STYLE('',#6190,POSITIVE_LENGTH_MEASURE(2.E-2),#1);
#16096=PRESENTATION_STYLE_ASSIGNMENT((#16095));
#16097=STYLED_ITEM('',(#16096),#16094);
#16098=DIRECTION('',(-1.E0,0.E0,0.E0));
#16099=VECTOR('',#16098,1.E0);
#16100=SURFACE_OF_LINEAR_EXTRUSION('',#16094,#16099);
#16102=ORIENTED_EDGE('',*,*,#16101,.T.);
#16103=ORIENTED_EDGE('',*,*,#13192,.T.);
#16104=ORIENTED_EDGE('',*,*,#16071,.F.);
#16105=ORIENTED_EDGE('',*,*,#6542,.F.);
#16106=EDGE_LOOP('',(#16102,#16103,#16104,#16105));
#16107=FACE_OUTER_BOUND('',#16106,.F.);
#16109=FILL_AREA_STYLE_COLOUR('',#1);
#16110=FILL_AREA_STYLE('',(#16109));
#16111=SURFACE_STYLE_FILL_AREA(#16110);
#16112=SURFACE_SIDE_STYLE('',(#16111));
#16113=SURFACE_STYLE_USAGE(.POSITIVE.,#16112);
#16114=PRESENTATION_STYLE_ASSIGNMENT((#16113));
#16115=STYLED_ITEM('',(#16114),#16108);
#16116=CARTESIAN_POINT('',(-8.E0,-1.749907884154E0,1.428530038204E0));
#16117=CARTESIAN_POINT('',(-8.E0,-1.742319154616E0,1.428530038204E0));
#16118=CARTESIAN_POINT('',(-8.E0,-1.706266569289E0,1.428530038204E0));
#16119=CARTESIAN_POINT('',(-8.E0,-1.662625254423E0,1.428530038204E0));
#16120=CARTESIAN_POINT('',(-8.E0,-1.626572669096E0,1.428530038204E0));
#16121=CARTESIAN_POINT('',(-8.E0,-1.618983939558E0,1.428530038204E0));
#16123=CURVE_STYLE('',#6190,POSITIVE_LENGTH_MEASURE(2.E-2),#1);
#16124=PRESENTATION_STYLE_ASSIGNMENT((#16123));
#16125=STYLED_ITEM('',(#16124),#16122);
#16126=DIRECTION('',(-1.E0,0.E0,0.E0));
#16127=VECTOR('',#16126,1.E0);
#16128=SURFACE_OF_LINEAR_EXTRUSION('',#16122,#16127);
#16130=ORIENTED_EDGE('',*,*,#16129,.T.);
#16131=ORIENTED_EDGE('',*,*,#13194,.T.);
#16132=ORIENTED_EDGE('',*,*,#16101,.F.);
#16133=ORIENTED_EDGE('',*,*,#6540,.F.);
#16134=EDGE_LOOP('',(#16130,#16131,#16132,#16133));
#16135=FACE_OUTER_BOUND('',#16134,.F.);
#16137=FILL_AREA_STYLE_COLOUR('',#1);
#16138=FILL_AREA_STYLE('',(#16137));
#16139=SURFACE_STYLE_FILL_AREA(#16138);
#16140=SURFACE_SIDE_STYLE('',(#16139));
#16141=SURFACE_STYLE_USAGE(.POSITIVE.,#16140);
#16142=PRESENTATION_STYLE_ASSIGNMENT((#16141));
#16143=STYLED_ITEM('',(#16142),#16136);
#16144=CARTESIAN_POINT('',(-8.E0,-1.688222361664E0,1.725202972437E0));
#16145=CARTESIAN_POINT('',(-8.E0,-1.692372825901E0,1.724673653997E0));
#16146=CARTESIAN_POINT('',(-8.E0,-1.701556101066E0,1.724406389438E0));
#16147=CARTESIAN_POINT('',(-8.E0,-1.780186977092E0,1.727253563185E0));
#16148=CARTESIAN_POINT('',(-8.E0,-1.937481483456E0,1.580895429508E0));
#16149=CARTESIAN_POINT('',(-8.E0,-1.789836831711E0,1.429038624092E0));
#16150=CARTESIAN_POINT('',(-8.E0,-1.719021505943E0,1.428183558155E0));
#16151=CARTESIAN_POINT('',(-8.E0,-1.714996554388E0,1.428398624730E0));
#16153=CURVE_STYLE('',#6190,POSITIVE_LENGTH_MEASURE(2.E-2),#1);
#16154=PRESENTATION_STYLE_ASSIGNMENT((#16153));
#16155=STYLED_ITEM('',(#16154),#16152);
#16156=DIRECTION('',(-1.E0,0.E0,0.E0));
#16157=VECTOR('',#16156,1.E0);
#16158=SURFACE_OF_LINEAR_EXTRUSION('',#16152,#16157);
#16160=ORIENTED_EDGE('',*,*,#16159,.T.);
#16161=ORIENTED_EDGE('',*,*,#13196,.T.);
#16162=ORIENTED_EDGE('',*,*,#16129,.F.);
#16163=ORIENTED_EDGE('',*,*,#6538,.F.);
#16164=EDGE_LOOP('',(#16160,#16161,#16162,#16163));
#16165=FACE_OUTER_BOUND('',#16164,.F.);
#16167=FILL_AREA_STYLE_COLOUR('',#1);
#16168=FILL_AREA_STYLE('',(#16167));
#16169=SURFACE_STYLE_FILL_AREA(#16168);
#16170=SURFACE_SIDE_STYLE('',(#16169));
#16171=SURFACE_STYLE_USAGE(.POSITIVE.,#16170);
#16172=PRESENTATION_STYLE_ASSIGNMENT((#16171));
#16173=STYLED_ITEM('',(#16172),#16166);
#16174=CARTESIAN_POINT('',(-8.E0,-1.177058391272E0,1.767931753843E0));
#16175=CARTESIAN_POINT('',(-8.E0,-1.178130185987E0,1.771832918087E0));
#16176=CARTESIAN_POINT('',(-8.E0,-1.209820604371E0,1.874966189712E0));
#16177=CARTESIAN_POINT('',(-8.E0,-1.449855069725E0,2.061617788118E0));
#16178=CARTESIAN_POINT('',(-8.E0,-1.691404628090E0,1.838521971746E0));
#16179=CARTESIAN_POINT('',(-8.E0,-1.701363865228E0,1.716505248192E0));
#16180=CARTESIAN_POINT('',(-8.E0,-1.701556605915E0,1.712483043017E0));
#16182=CURVE_STYLE('',#6190,POSITIVE_LENGTH_MEASURE(2.E-2),#1);
#16183=PRESENTATION_STYLE_ASSIGNMENT((#16182));
#16184=STYLED_ITEM('',(#16183),#16181);
#16185=DIRECTION('',(-1.E0,0.E0,0.E0));
#16186=VECTOR('',#16185,1.E0);
#16187=SURFACE_OF_LINEAR_EXTRUSION('',#16181,#16186);
#16189=ORIENTED_EDGE('',*,*,#16188,.T.);
#16190=ORIENTED_EDGE('',*,*,#13198,.T.);
#16191=ORIENTED_EDGE('',*,*,#16159,.F.);
#16192=ORIENTED_EDGE('',*,*,#6536,.F.);
#16193=EDGE_LOOP('',(#16189,#16190,#16191,#16192));
#16194=FACE_OUTER_BOUND('',#16193,.F.);
#16196=FILL_AREA_STYLE_COLOUR('',#1);
#16197=FILL_AREA_STYLE('',(#16196));
#16198=SURFACE_STYLE_FILL_AREA(#16197);
#16199=SURFACE_SIDE_STYLE('',(#16198));
#16200=SURFACE_STYLE_USAGE(.POSITIVE.,#16199);
#16201=PRESENTATION_STYLE_ASSIGNMENT((#16200));
#16202=STYLED_ITEM('',(#16201),#16195);
#16203=CARTESIAN_POINT('',(-8.E0,-1.015323763831E0,1.439111835629E0));
#16204=CARTESIAN_POINT('',(-8.E0,-1.011574080647E0,1.440488038857E0));
#16205=CARTESIAN_POINT('',(-8.E0,-9.440749761130E-1,1.468325728740E0));
#16206=CARTESIAN_POINT('',(-8.E0,-8.195171124013E-1,1.639856040216E0));
#16207=CARTESIAN_POINT('',(-8.E0,-1.025653897817E0,1.840332921145E0));
#16208=CARTESIAN_POINT('',(-8.E0,-1.154793293487E0,1.796129213409E0));
#16209=CARTESIAN_POINT('',(-8.E0,-1.187439296760E0,1.775382659958E0));
#16210=CARTESIAN_POINT('',(-8.E0,-1.190730987408E0,1.773175806817E0));
#16212=CURVE_STYLE('',#6190,POSITIVE_LENGTH_MEASURE(2.E-2),#1);
#16213=PRESENTATION_STYLE_ASSIGNMENT((#16212));
#16214=STYLED_ITEM('',(#16213),#16211);
#16215=DIRECTION('',(-1.E0,0.E0,0.E0));
#16216=VECTOR('',#16215,1.E0);
#16217=SURFACE_OF_LINEAR_EXTRUSION('',#16211,#16216);
#16219=ORIENTED_EDGE('',*,*,#16218,.T.);
#16220=ORIENTED_EDGE('',*,*,#13200,.T.);
#16221=ORIENTED_EDGE('',*,*,#16188,.F.);
#16222=ORIENTED_EDGE('',*,*,#6534,.F.);
#16223=EDGE_LOOP('',(#16219,#16220,#16221,#16222));
#16224=FACE_OUTER_BOUND('',#16223,.F.);
#16226=FILL_AREA_STYLE_COLOUR('',#1);
#16227=FILL_AREA_STYLE('',(#16226));
#16228=SURFACE_STYLE_FILL_AREA(#16227);
#16229=SURFACE_SIDE_STYLE('',(#16228));
#16230=SURFACE_STYLE_USAGE(.POSITIVE.,#16229);
#16231=PRESENTATION_STYLE_ASSIGNMENT((#16230));
#16232=STYLED_ITEM('',(#16231),#16225);
#16233=CARTESIAN_POINT('',(-8.E0,-1.332274150149E0,1.495127699532E0));
#16234=CARTESIAN_POINT('',(-8.E0,-1.329923267481E0,1.498303375207E0));
#16235=CARTESIAN_POINT('',(-8.E0,-1.295079979331E0,1.541972955211E0));
#16236=CARTESIAN_POINT('',(-8.E0,-1.161860202244E0,1.606824633630E0));
#16237=CARTESIAN_POINT('',(-8.E0,-1.025075688265E0,1.508874215336E0));
#16238=CARTESIAN_POINT('',(-8.E0,-1.001582130066E0,1.436257725478E0));
#16239=CARTESIAN_POINT('',(-8.E0,-1.000533012830E0,1.432480602431E0));
#16241=CURVE_STYLE('',#6190,POSITIVE_LENGTH_MEASURE(2.E-2),#1);
#16242=PRESENTATION_STYLE_ASSIGNMENT((#16241));
#16243=STYLED_ITEM('',(#16242),#16240);
#16244=DIRECTION('',(-1.E0,0.E0,0.E0));
#16245=VECTOR('',#16244,1.E0);
#16246=SURFACE_OF_LINEAR_EXTRUSION('',#16240,#16245);
#16248=ORIENTED_EDGE('',*,*,#16247,.T.);
#16249=ORIENTED_EDGE('',*,*,#13202,.T.);
#16250=ORIENTED_EDGE('',*,*,#16218,.F.);
#16251=ORIENTED_EDGE('',*,*,#6532,.F.);
#16252=EDGE_LOOP('',(#16248,#16249,#16250,#16251));
#16253=FACE_OUTER_BOUND('',#16252,.F.);
#16255=FILL_AREA_STYLE_COLOUR('',#1);
#16256=FILL_AREA_STYLE('',(#16255));
#16257=SURFACE_STYLE_FILL_AREA(#16256);
#16258=SURFACE_SIDE_STYLE('',(#16257));
#16259=SURFACE_STYLE_USAGE(.POSITIVE.,#16258);
#16260=PRESENTATION_STYLE_ASSIGNMENT((#16259));
#16261=STYLED_ITEM('',(#16260),#16254);
#16262=CARTESIAN_POINT('',(-8.E0,-1.599308517231E0,1.647806209656E0));
#16263=CARTESIAN_POINT('',(-8.E0,-1.592582255586E0,1.644292490786E0));
#16264=CARTESIAN_POINT('',(-8.E0,-1.501096959115E0,1.596501662911E0));
#16265=CARTESIAN_POINT('',(-8.E0,-1.402885401E0,1.545197116167E0));
#16266=CARTESIAN_POINT('',(-8.E0,-1.311400104528E0,1.497406288292E0));
#16267=CARTESIAN_POINT('',(-8.E0,-1.304673842884E0,1.493892569422E0));
#16269=CURVE_STYLE('',#6190,POSITIVE_LENGTH_MEASURE(2.E-2),#1);
#16270=PRESENTATION_STYLE_ASSIGNMENT((#16269));
#16271=STYLED_ITEM('',(#16270),#16268);
#16272=DIRECTION('',(-1.E0,0.E0,0.E0));
#16273=VECTOR('',#16272,1.E0);
#16274=SURFACE_OF_LINEAR_EXTRUSION('',#16268,#16273);
#16276=ORIENTED_EDGE('',*,*,#16275,.T.);
#16277=ORIENTED_EDGE('',*,*,#13204,.T.);
#16278=ORIENTED_EDGE('',*,*,#16247,.F.);
#16279=ORIENTED_EDGE('',*,*,#6530,.F.);
#16280=EDGE_LOOP('',(#16276,#16277,#16278,#16279));
#16281=FACE_OUTER_BOUND('',#16280,.F.);
#16283=FILL_AREA_STYLE_COLOUR('',#1);
#16284=FILL_AREA_STYLE('',(#16283));
#16285=SURFACE_STYLE_FILL_AREA(#16284);
#16286=SURFACE_SIDE_STYLE('',(#16285));
#16287=SURFACE_STYLE_USAGE(.POSITIVE.,#16286);
#16288=PRESENTATION_STYLE_ASSIGNMENT((#16287));
#16289=STYLED_ITEM('',(#16288),#16282);
#16290=CARTESIAN_POINT('',(-8.E0,-1.649449268023E0,1.517041245546E0));
#16291=CARTESIAN_POINT('',(-8.E0,-1.645617847118E0,1.523591743989E0));
#16292=CARTESIAN_POINT('',(-8.E0,-1.622178001876E0,1.563666346489E0));
#16293=CARTESIAN_POINT('',(-8.E0,-1.594906735730E0,1.610291447433E0));
#16294=CARTESIAN_POINT('',(-8.E0,-1.571466890489E0,1.650366049933E0));
#16295=CARTESIAN_POINT('',(-8.E0,-1.567635469584E0,1.656916548377E0));
#16297=CURVE_STYLE('',#6190,POSITIVE_LENGTH_MEASURE(2.E-2),#1);
#16298=PRESENTATION_STYLE_ASSIGNMENT((#16297));
#16299=STYLED_ITEM('',(#16298),#16296);
#16300=DIRECTION('',(-1.E0,0.E0,0.E0));
#16301=VECTOR('',#16300,1.E0);
#16302=SURFACE_OF_LINEAR_EXTRUSION('',#16296,#16301);
#16304=ORIENTED_EDGE('',*,*,#16303,.T.);
#16305=ORIENTED_EDGE('',*,*,#13206,.T.);
#16306=ORIENTED_EDGE('',*,*,#16275,.F.);
#16307=ORIENTED_EDGE('',*,*,#6528,.F.);
#16308=EDGE_LOOP('',(#16304,#16305,#16306,#16307));
#16309=FACE_OUTER_BOUND('',#16308,.F.);
#16311=FILL_AREA_STYLE_COLOUR('',#1);
#16312=FILL_AREA_STYLE('',(#16311));
#16313=SURFACE_STYLE_FILL_AREA(#16312);
#16314=SURFACE_SIDE_STYLE('',(#16313));
#16315=SURFACE_STYLE_USAGE(.POSITIVE.,#16314);
#16316=PRESENTATION_STYLE_ASSIGNMENT((#16315));
#16317=STYLED_ITEM('',(#16316),#16310);
#16318=CARTESIAN_POINT('',(-8.E0,-1.352164878883E0,1.385632253266E0));
#16319=CARTESIAN_POINT('',(-8.E0,-1.358874036346E0,1.389178522028E0));
#16320=CARTESIAN_POINT('',(-8.E0,-1.454137411821E0,1.439532017898E0));
#16321=CARTESIAN_POINT('',(-8.E0,-1.556109944760E0,1.493431782529E0));
#16322=CARTESIAN_POINT('',(-8.E0,-1.651373320236E0,1.543785278399E0));
#16323=CARTESIAN_POINT('',(-8.E0,-1.658082477699E0,1.547331547161E0));
#16325=CURVE_STYLE('',#6190,POSITIVE_LENGTH_MEASURE(2.E-2),#1);
#16326=PRESENTATION_STYLE_ASSIGNMENT((#16325));
#16327=STYLED_ITEM('',(#16326),#16324);
#16328=DIRECTION('',(-1.E0,0.E0,0.E0));
#16329=VECTOR('',#16328,1.E0);
#16330=SURFACE_OF_LINEAR_EXTRUSION('',#16324,#16329);
#16332=ORIENTED_EDGE('',*,*,#16331,.T.);
#16333=ORIENTED_EDGE('',*,*,#13208,.T.);
#16334=ORIENTED_EDGE('',*,*,#16303,.F.);
#16335=ORIENTED_EDGE('',*,*,#6526,.F.);
#16336=EDGE_LOOP('',(#16332,#16333,#16334,#16335));
#16337=FACE_OUTER_BOUND('',#16336,.F.);
#16339=FILL_AREA_STYLE_COLOUR('',#1);
#16340=FILL_AREA_STYLE('',(#16339));
#16341=SURFACE_STYLE_FILL_AREA(#16340);
#16342=SURFACE_SIDE_STYLE('',(#16341));
#16343=SURFACE_STYLE_USAGE(.POSITIVE.,#16342);
#16344=PRESENTATION_STYLE_ASSIGNMENT((#16343));
#16345=STYLED_ITEM('',(#16344),#16338);
#16346=CARTESIAN_POINT('',(-8.E0,-9.989946920533E-1,1.328336369961E0));
#16347=CARTESIAN_POINT('',(-8.E0,-9.999031795596E-1,1.324393842301E0));
#16348=CARTESIAN_POINT('',(-8.E0,-1.020697104545E0,1.249695644890E0));
#16349=CARTESIAN_POINT('',(-8.E0,-1.200738251327E0,1.110646992358E0));
#16350=CARTESIAN_POINT('',(-8.E0,-1.375664189385E0,1.294439283608E0));
#16351=CARTESIAN_POINT('',(-8.E0,-1.372148805867E0,1.394011646128E0));
#16352=CARTESIAN_POINT('',(-8.E0,-1.372384884777E0,1.404433469603E0));
#16353=CARTESIAN_POINT('',(-8.E0,-1.372748901076E0,1.408540315882E0));
#16355=CURVE_STYLE('',#6190,POSITIVE_LENGTH_MEASURE(2.E-2),#1);
#16356=PRESENTATION_STYLE_ASSIGNMENT((#16355));
#16357=STYLED_ITEM('',(#16356),#16354);
#16358=DIRECTION('',(-1.E0,0.E0,0.E0));
#16359=VECTOR('',#16358,1.E0);
#16360=SURFACE_OF_LINEAR_EXTRUSION('',#16354,#16359);
#16362=ORIENTED_EDGE('',*,*,#16361,.T.);
#16363=ORIENTED_EDGE('',*,*,#13210,.T.);
#16364=ORIENTED_EDGE('',*,*,#16331,.F.);
#16365=ORIENTED_EDGE('',*,*,#6524,.F.);
#16366=EDGE_LOOP('',(#16362,#16363,#16364,#16365));
#16367=FACE_OUTER_BOUND('',#16366,.F.);
#16369=FILL_AREA_STYLE_COLOUR('',#1);
#16370=FILL_AREA_STYLE('',(#16369));
#16371=SURFACE_STYLE_FILL_AREA(#16370);
#16372=SURFACE_SIDE_STYLE('',(#16371));
#16373=SURFACE_STYLE_USAGE(.POSITIVE.,#16372);
#16374=PRESENTATION_STYLE_ASSIGNMENT((#16373));
#16375=STYLED_ITEM('',(#16374),#16368);
#16376=CARTESIAN_POINT('',(-8.E0,-1.133347316053E0,1.916647144085E0));
#16377=CARTESIAN_POINT('',(-8.E0,-1.129503295028E0,1.917133504391E0));
#16378=CARTESIAN_POINT('',(-8.E0,-1.111177055118E0,1.919487252454E0));
#16379=CARTESIAN_POINT('',(-8.E0,-1.014392033434E0,1.930337083869E0));
#16380=CARTESIAN_POINT('',(-8.E0,-8.360914538303E-1,1.853866470305E0));
#16381=CARTESIAN_POINT('',(-8.E0,-7.400244914005E-1,1.618890407770E0));
#16382=CARTESIAN_POINT('',(-8.E0,-8.230303693787E-1,1.402980557218E0));
#16383=CARTESIAN_POINT('',(-8.E0,-9.486780253371E-1,1.329230928036E0));
#16384=CARTESIAN_POINT('',(-8.E0,-1.009770416976E0,1.314711354516E0));
#16385=CARTESIAN_POINT('',(-8.E0,-1.013540351561E0,1.313892328470E0));
#16387=CURVE_STYLE('',#6190,POSITIVE_LENGTH_MEASURE(2.E-2),#1);
#16388=PRESENTATION_STYLE_ASSIGNMENT((#16387));
#16389=STYLED_ITEM('',(#16388),#16386);
#16390=DIRECTION('',(-1.E0,0.E0,0.E0));
#16391=VECTOR('',#16390,1.E0);
#16392=SURFACE_OF_LINEAR_EXTRUSION('',#16386,#16391);
#16393=ORIENTED_EDGE('',*,*,#15959,.T.);
#16394=ORIENTED_EDGE('',*,*,#13212,.T.);
#16395=ORIENTED_EDGE('',*,*,#16361,.F.);
#16396=ORIENTED_EDGE('',*,*,#6522,.F.);
#16397=EDGE_LOOP('',(#16393,#16394,#16395,#16396));
#16398=FACE_OUTER_BOUND('',#16397,.F.);
#16400=FILL_AREA_STYLE_COLOUR('',#1);
#16401=FILL_AREA_STYLE('',(#16400));
#16402=SURFACE_STYLE_FILL_AREA(#16401);
#16403=SURFACE_SIDE_STYLE('',(#16402));
#16404=SURFACE_STYLE_USAGE(.POSITIVE.,#16403);
#16405=PRESENTATION_STYLE_ASSIGNMENT((#16404));
#16406=STYLED_ITEM('',(#16405),#16399);
#16409=CARTESIAN_POINT('',(-7.15E0,2.7098E0,1.9375E0));
#16410=DIRECTION('',(1.E0,0.E0,0.E0));
#16411=DIRECTION('',(0.E0,1.E0,0.E0));
#16412=AXIS2_PLACEMENT_3D('',#16409,#16410,#16411);
#16414=DIRECTION('',(0.E0,0.E0,-1.E0));
#16415=VECTOR('',#16414,3.301617219119E-1);
#16416=CARTESIAN_POINT('',(-7.15E0,2.9098E0,1.9375E0));
#16417=LINE('',#16416,#16415);
#16418=CARTESIAN_POINT('',(-7.15E0,3.006242153651E0,1.419181494462E0));
#16419=DIRECTION('',(1.E0,0.E0,0.E0));
#16420=DIRECTION('',(0.E0,-4.561349981126E-1,8.899105929793E-1));
#16421=AXIS2_PLACEMENT_3D('',#16418,#16419,#16420);
#16423=DIRECTION('',(0.E0,0.E0,-1.E0));
#16424=VECTOR('',#16423,1.131024710837E0);
#16425=CARTESIAN_POINT('',(-7.15E0,2.9098E0,1.231024710837E0));
#16426=LINE('',#16425,#16424);
#16427=CARTESIAN_POINT('',(-7.15E0,2.7098E0,1.E-1));
#16428=DIRECTION('',(1.E0,0.E0,0.E0));
#16429=DIRECTION('',(0.E0,0.E0,-1.E0));
#16430=AXIS2_PLACEMENT_3D('',#16427,#16428,#16429);
#16432=DIRECTION('',(0.E0,-1.E0,0.E0));
#16433=VECTOR('',#16432,8.953433841821E-1);
#16434=CARTESIAN_POINT('',(-7.15E0,2.7098E0,-1.E-1));
#16435=LINE('',#16434,#16433);
#16436=CARTESIAN_POINT('',(-7.15E0,1.659299637320E0,-1.703684398825E-1));
#16437=DIRECTION('',(1.E0,0.E0,0.E0));
#16438=DIRECTION('',(0.E0,9.107143236423E-1,4.130368273081E-1));
#16439=AXIS2_PLACEMENT_3D('',#16436,#16437,#16438);
#16441=DIRECTION('',(0.E0,-1.E0,0.E0));
#16442=VECTOR('',#16441,1.430642658823E0);
#16443=CARTESIAN_POINT('',(-7.15E0,1.504142658823E0,-1.E-1));
#16444=LINE('',#16443,#16442);
#16445=CARTESIAN_POINT('',(-7.15E0,7.35E-2,1.E-1));
#16446=DIRECTION('',(1.E0,0.E0,0.E0));
#16447=DIRECTION('',(0.E0,-1.E0,0.E0));
#16448=AXIS2_PLACEMENT_3D('',#16445,#16446,#16447);
#16450=DIRECTION('',(0.E0,0.E0,1.E0));
#16451=VECTOR('',#16450,2.0375E0);
#16452=CARTESIAN_POINT('',(-7.15E0,-1.265E-1,1.E-1));
#16453=LINE('',#16452,#16451);
#16454=DIRECTION('',(0.E0,1.E0,0.E0));
#16455=VECTOR('',#16454,2.8363E0);
#16456=CARTESIAN_POINT('',(-7.15E0,-1.265E-1,2.1375E0));
#16457=LINE('',#16456,#16455);
#16458=DIRECTION('',(1.E0,0.E0,0.E0));
#16459=VECTOR('',#16458,4.E-1);
#16460=CARTESIAN_POINT('',(-7.55E0,2.7098E0,2.1375E0));
#16461=LINE('',#16460,#16459);
#16462=DIRECTION('',(-1.E0,0.E0,0.E0));
#16463=VECTOR('',#16462,4.E-1);
#16464=CARTESIAN_POINT('',(-7.15E0,-1.265E-1,2.1375E0));
#16465=LINE('',#16464,#16463);
#16466=DIRECTION('',(1.E0,0.E0,0.E0));
#16467=VECTOR('',#16466,4.E-1);
#16468=CARTESIAN_POINT('',(-7.55E0,-1.265E-1,1.E-1));
#16469=LINE('',#16468,#16467);
#16470=CARTESIAN_POINT('',(-7.55E0,2.7098E0,1.9375E0));
#16471=DIRECTION('',(-1.E0,0.E0,0.E0));
#16472=DIRECTION('',(0.E0,0.E0,1.E0));
#16473=AXIS2_PLACEMENT_3D('',#16470,#16471,#16472);
#16475=DIRECTION('',(0.E0,1.E0,0.E0));
#16476=VECTOR('',#16475,2.8363E0);
#16477=CARTESIAN_POINT('',(-7.55E0,-1.265E-1,2.1375E0));
#16478=LINE('',#16477,#16476);
#16479=DIRECTION('',(0.E0,0.E0,1.E0));
#16480=VECTOR('',#16479,2.0375E0);
#16481=CARTESIAN_POINT('',(-7.55E0,-1.265E-1,1.E-1));
#16482=LINE('',#16481,#16480);
#16483=CARTESIAN_POINT('',(-7.55E0,7.35E-2,1.E-1));
#16484=DIRECTION('',(-1.E0,0.E0,0.E0));
#16485=DIRECTION('',(0.E0,0.E0,-1.E0));
#16486=AXIS2_PLACEMENT_3D('',#16483,#16484,#16485);
#16488=DIRECTION('',(0.E0,-1.E0,0.E0));
#16489=VECTOR('',#16488,1.430642658823E0);
#16490=CARTESIAN_POINT('',(-7.55E0,1.504142658823E0,-1.E-1));
#16491=LINE('',#16490,#16489);
#16492=CARTESIAN_POINT('',(-7.55E0,1.659299637320E0,-1.703684398825E-1));
#16493=DIRECTION('',(1.E0,0.E0,0.E0));
#16494=DIRECTION('',(0.E0,9.107143236423E-1,4.130368273081E-1));
#16495=AXIS2_PLACEMENT_3D('',#16492,#16493,#16494);
#16497=DIRECTION('',(0.E0,-1.E0,0.E0));
#16498=VECTOR('',#16497,8.953433841821E-1);
#16499=CARTESIAN_POINT('',(-7.55E0,2.7098E0,-1.E-1));
#16500=LINE('',#16499,#16498);
#16501=CARTESIAN_POINT('',(-7.55E0,2.7098E0,1.E-1));
#16502=DIRECTION('',(-1.E0,0.E0,0.E0));
#16503=DIRECTION('',(0.E0,1.E0,0.E0));
#16504=AXIS2_PLACEMENT_3D('',#16501,#16502,#16503);
#16506=DIRECTION('',(0.E0,0.E0,-1.E0));
#16507=VECTOR('',#16506,1.131024710836E0);
#16508=CARTESIAN_POINT('',(-7.55E0,2.9098E0,1.231024710837E0));
#16509=LINE('',#16508,#16507);
#16510=CARTESIAN_POINT('',(-7.55E0,3.006242153651E0,1.419181494462E0));
#16511=DIRECTION('',(1.E0,0.E0,0.E0));
#16512=DIRECTION('',(0.E0,-4.561349981126E-1,8.899105929793E-1));
#16513=AXIS2_PLACEMENT_3D('',#16510,#16511,#16512);
#16515=DIRECTION('',(0.E0,0.E0,-1.E0));
#16516=VECTOR('',#16515,3.301617219119E-1);
#16517=CARTESIAN_POINT('',(-7.55E0,2.9098E0,1.9375E0));
#16518=LINE('',#16517,#16516);
#16519=DIRECTION('',(1.E0,0.E0,0.E0));
#16520=VECTOR('',#16519,4.E-1);
#16521=CARTESIAN_POINT('',(-7.55E0,7.35E-2,-1.E-1));
#16522=LINE('',#16521,#16520);
#16523=DIRECTION('',(-1.E0,0.E0,0.E0));
#16524=VECTOR('',#16523,4.E-1);
#16525=CARTESIAN_POINT('',(-7.15E0,1.504142658823E0,-1.E-1));
#16526=LINE('',#16525,#16524);
#16527=DIRECTION('',(-1.E0,0.E0,0.E0));
#16528=VECTOR('',#16527,4.E-1);
#16529=CARTESIAN_POINT('',(-7.15E0,1.814456615818E0,-1.E-1));
#16530=LINE('',#16529,#16528);
#16531=DIRECTION('',(1.E0,0.E0,0.E0));
#16532=VECTOR('',#16531,4.E-1);
#16533=CARTESIAN_POINT('',(-7.55E0,2.7098E0,-1.E-1));
#16534=LINE('',#16533,#16532);
#16535=DIRECTION('',(1.E0,0.E0,0.E0));
#16536=VECTOR('',#16535,4.E-1);
#16537=CARTESIAN_POINT('',(-7.55E0,2.9098E0,1.E-1));
#16538=LINE('',#16537,#16536);
#16539=DIRECTION('',(-1.E0,0.E0,0.E0));
#16540=VECTOR('',#16539,4.E-1);
#16541=CARTESIAN_POINT('',(-7.15E0,2.9098E0,1.231024710837E0));
#16542=LINE('',#16541,#16540);
#16543=DIRECTION('',(-1.E0,0.E0,0.E0));
#16544=VECTOR('',#16543,4.E-1);
#16545=CARTESIAN_POINT('',(-7.15E0,2.9098E0,1.607338278088E0));
#16546=LINE('',#16545,#16544);
#16547=DIRECTION('',(1.E0,0.E0,0.E0));
#16548=VECTOR('',#16547,4.E-1);
#16549=CARTESIAN_POINT('',(-7.55E0,2.9098E0,1.9375E0));
#16550=LINE('',#16549,#16548);
#16551=CARTESIAN_POINT('',(-7.15E0,2.9098E0,1.607338278088E0));
#16552=CARTESIAN_POINT('',(-7.15E0,2.9098E0,1.231024710837E0));
#16553=VERTEX_POINT('',#16551);
#16554=VERTEX_POINT('',#16552);
#16555=CARTESIAN_POINT('',(-7.15E0,1.814456615818E0,-1.E-1));
#16556=CARTESIAN_POINT('',(-7.15E0,1.504142658823E0,-1.E-1));
#16557=VERTEX_POINT('',#16555);
#16558=VERTEX_POINT('',#16556);
#16559=CARTESIAN_POINT('',(-7.55E0,2.9098E0,1.607338278088E0));
#16560=CARTESIAN_POINT('',(-7.55E0,2.9098E0,1.231024710837E0));
#16561=VERTEX_POINT('',#16559);
#16562=VERTEX_POINT('',#16560);
#16563=CARTESIAN_POINT('',(-7.55E0,1.814456615818E0,-1.E-1));
#16564=CARTESIAN_POINT('',(-7.55E0,1.504142658823E0,-1.E-1));
#16565=VERTEX_POINT('',#16563);
#16566=VERTEX_POINT('',#16564);
#16567=CARTESIAN_POINT('',(-7.15E0,-1.265E-1,2.1375E0));
#16568=CARTESIAN_POINT('',(-7.55E0,-1.265E-1,2.1375E0));
#16569=VERTEX_POINT('',#16567);
#16570=VERTEX_POINT('',#16568);
#16571=CARTESIAN_POINT('',(-7.15E0,2.9098E0,1.9375E0));
#16572=CARTESIAN_POINT('',(-7.15E0,2.7098E0,2.1375E0));
#16573=VERTEX_POINT('',#16571);
#16574=VERTEX_POINT('',#16572);
#16575=CARTESIAN_POINT('',(-7.55E0,2.7098E0,2.1375E0));
#16576=VERTEX_POINT('',#16575);
#16577=CARTESIAN_POINT('',(-7.55E0,2.9098E0,1.9375E0));
#16578=VERTEX_POINT('',#16577);
#16579=CARTESIAN_POINT('',(-7.15E0,2.7098E0,-1.E-1));
#16580=CARTESIAN_POINT('',(-7.15E0,2.9098E0,1.E-1));
#16581=VERTEX_POINT('',#16579);
#16582=VERTEX_POINT('',#16580);
#16583=CARTESIAN_POINT('',(-7.55E0,2.9098E0,1.E-1));
#16584=VERTEX_POINT('',#16583);
#16585=CARTESIAN_POINT('',(-7.55E0,2.7098E0,-1.E-1));
#16586=VERTEX_POINT('',#16585);
#16587=CARTESIAN_POINT('',(-7.15E0,-1.265E-1,1.E-1));
#16588=CARTESIAN_POINT('',(-7.15E0,7.35E-2,-1.E-1));
#16589=VERTEX_POINT('',#16587);
#16590=VERTEX_POINT('',#16588);
#16591=CARTESIAN_POINT('',(-7.55E0,7.35E-2,-1.E-1));
#16592=VERTEX_POINT('',#16591);
#16593=CARTESIAN_POINT('',(-7.55E0,-1.265E-1,1.E-1));
#16594=VERTEX_POINT('',#16593);
#16595=CARTESIAN_POINT('',(-2.88576E1,7.35E-2,1.E-1));
#16596=DIRECTION('',(1.E0,0.E0,0.E0));
#16597=DIRECTION('',(0.E0,-1.E0,0.E0));
#16598=AXIS2_PLACEMENT_3D('',#16595,#16596,#16597);
#16599=CYLINDRICAL_SURFACE('',#16598,2.E-1);
#16601=ORIENTED_EDGE('',*,*,#16600,.T.);
#16603=ORIENTED_EDGE('',*,*,#16602,.F.);
#16605=ORIENTED_EDGE('',*,*,#16604,.T.);
#16607=ORIENTED_EDGE('',*,*,#16606,.T.);
#16608=EDGE_LOOP('',(#16601,#16603,#16605,#16607));
#16609=FACE_OUTER_BOUND('',#16608,.F.);
#16611=FILL_AREA_STYLE_COLOUR('',#16);
#16612=FILL_AREA_STYLE('',(#16611));
#16613=SURFACE_STYLE_FILL_AREA(#16612);
#16614=SURFACE_SIDE_STYLE('',(#16613));
#16615=SURFACE_STYLE_USAGE(.POSITIVE.,#16614);
#16616=PRESENTATION_STYLE_ASSIGNMENT((#16615));
#16617=STYLED_ITEM('',(#16616),#16610);
#16618=CARTESIAN_POINT('',(-7.15E0,0.E0,0.E0));
#16619=DIRECTION('',(-1.E0,0.E0,0.E0));
#16620=DIRECTION('',(0.E0,-1.E0,0.E0));
#16621=AXIS2_PLACEMENT_3D('',#16618,#16619,#16620);
#16622=PLANE('',#16621);
#16624=ORIENTED_EDGE('',*,*,#16623,.F.);
#16626=ORIENTED_EDGE('',*,*,#16625,.T.);
#16628=ORIENTED_EDGE('',*,*,#16627,.T.);
#16630=ORIENTED_EDGE('',*,*,#16629,.T.);
#16632=ORIENTED_EDGE('',*,*,#16631,.F.);
#16634=ORIENTED_EDGE('',*,*,#16633,.T.);
#16636=ORIENTED_EDGE('',*,*,#16635,.T.);
#16638=ORIENTED_EDGE('',*,*,#16637,.T.);
#16639=ORIENTED_EDGE('',*,*,#16600,.F.);
#16641=ORIENTED_EDGE('',*,*,#16640,.T.);
#16643=ORIENTED_EDGE('',*,*,#16642,.T.);
#16644=EDGE_LOOP('',(#16624,#16626,#16628,#16630,#16632,#16634,#16636,#16638,
#16639,#16641,#16643));
#16645=FACE_OUTER_BOUND('',#16644,.F.);
#16647=FILL_AREA_STYLE_COLOUR('',#16);
#16648=FILL_AREA_STYLE('',(#16647));
#16649=SURFACE_STYLE_FILL_AREA(#16648);
#16650=SURFACE_SIDE_STYLE('',(#16649));
#16651=SURFACE_STYLE_USAGE(.POSITIVE.,#16650);
#16652=PRESENTATION_STYLE_ASSIGNMENT((#16651));
#16653=STYLED_ITEM('',(#16652),#16646);
#16654=CARTESIAN_POINT('',(-2.88576E1,2.7098E0,1.9375E0));
#16655=DIRECTION('',(1.E0,0.E0,0.E0));
#16656=DIRECTION('',(0.E0,1.E0,0.E0));
#16657=AXIS2_PLACEMENT_3D('',#16654,#16655,#16656);
#16658=CYLINDRICAL_SURFACE('',#16657,2.E-1);
#16659=ORIENTED_EDGE('',*,*,#16623,.T.);
#16661=ORIENTED_EDGE('',*,*,#16660,.F.);
#16663=ORIENTED_EDGE('',*,*,#16662,.T.);
#16665=ORIENTED_EDGE('',*,*,#16664,.T.);
#16666=EDGE_LOOP('',(#16659,#16661,#16663,#16665));
#16667=FACE_OUTER_BOUND('',#16666,.F.);
#16669=FILL_AREA_STYLE_COLOUR('',#16);
#16670=FILL_AREA_STYLE('',(#16669));
#16671=SURFACE_STYLE_FILL_AREA(#16670);
#16672=SURFACE_SIDE_STYLE('',(#16671));
#16673=SURFACE_STYLE_USAGE(.POSITIVE.,#16672);
#16674=PRESENTATION_STYLE_ASSIGNMENT((#16673));
#16675=STYLED_ITEM('',(#16674),#16668);
#16676=CARTESIAN_POINT('',(-7.15E0,-1.265E-1,2.1375E0));
#16677=DIRECTION('',(0.E0,0.E0,1.E0));
#16678=DIRECTION('',(0.E0,1.E0,0.E0));
#16679=AXIS2_PLACEMENT_3D('',#16676,#16677,#16678);
#16680=PLANE('',#16679);
#16681=ORIENTED_EDGE('',*,*,#16660,.T.);
#16682=ORIENTED_EDGE('',*,*,#16642,.F.);
#16684=ORIENTED_EDGE('',*,*,#16683,.T.);
#16686=ORIENTED_EDGE('',*,*,#16685,.T.);
#16687=EDGE_LOOP('',(#16681,#16682,#16684,#16686));
#16688=FACE_OUTER_BOUND('',#16687,.F.);
#16690=FILL_AREA_STYLE_COLOUR('',#16);
#16691=FILL_AREA_STYLE('',(#16690));
#16692=SURFACE_STYLE_FILL_AREA(#16691);
#16693=SURFACE_SIDE_STYLE('',(#16692));
#16694=SURFACE_STYLE_USAGE(.POSITIVE.,#16693);
#16695=PRESENTATION_STYLE_ASSIGNMENT((#16694));
#16696=STYLED_ITEM('',(#16695),#16689);
#16697=CARTESIAN_POINT('',(-7.15E0,-1.265E-1,-1.E-1));
#16698=DIRECTION('',(0.E0,-1.E0,0.E0));
#16699=DIRECTION('',(0.E0,0.E0,1.E0));
#16700=AXIS2_PLACEMENT_3D('',#16697,#16698,#16699);
#16701=PLANE('',#16700);
#16702=ORIENTED_EDGE('',*,*,#16606,.F.);
#16704=ORIENTED_EDGE('',*,*,#16703,.T.);
#16705=ORIENTED_EDGE('',*,*,#16683,.F.);
#16706=ORIENTED_EDGE('',*,*,#16640,.F.);
#16707=EDGE_LOOP('',(#16702,#16704,#16705,#16706));
#16708=FACE_OUTER_BOUND('',#16707,.F.);
#16710=FILL_AREA_STYLE_COLOUR('',#16);
#16711=FILL_AREA_STYLE('',(#16710));
#16712=SURFACE_STYLE_FILL_AREA(#16711);
#16713=SURFACE_SIDE_STYLE('',(#16712));
#16714=SURFACE_STYLE_USAGE(.POSITIVE.,#16713);
#16715=PRESENTATION_STYLE_ASSIGNMENT((#16714));
#16716=STYLED_ITEM('',(#16715),#16709);
#16717=CARTESIAN_POINT('',(-7.55E0,0.E0,0.E0));
#16718=DIRECTION('',(-1.E0,0.E0,0.E0));
#16719=DIRECTION('',(0.E0,-1.E0,0.E0));
#16720=AXIS2_PLACEMENT_3D('',#16717,#16718,#16719);
#16721=PLANE('',#16720);
#16722=ORIENTED_EDGE('',*,*,#16662,.F.);
#16723=ORIENTED_EDGE('',*,*,#16685,.F.);
#16724=ORIENTED_EDGE('',*,*,#16703,.F.);
#16725=ORIENTED_EDGE('',*,*,#16604,.F.);
#16727=ORIENTED_EDGE('',*,*,#16726,.F.);
#16729=ORIENTED_EDGE('',*,*,#16728,.F.);
#16731=ORIENTED_EDGE('',*,*,#16730,.F.);
#16733=ORIENTED_EDGE('',*,*,#16732,.F.);
#16735=ORIENTED_EDGE('',*,*,#16734,.F.);
#16737=ORIENTED_EDGE('',*,*,#16736,.F.);
#16739=ORIENTED_EDGE('',*,*,#16738,.F.);
#16740=EDGE_LOOP('',(#16722,#16723,#16724,#16725,#16727,#16729,#16731,#16733,
#16735,#16737,#16739));
#16741=FACE_OUTER_BOUND('',#16740,.F.);
#16743=FILL_AREA_STYLE_COLOUR('',#16);
#16744=FILL_AREA_STYLE('',(#16743));
#16745=SURFACE_STYLE_FILL_AREA(#16744);
#16746=SURFACE_SIDE_STYLE('',(#16745));
#16747=SURFACE_STYLE_USAGE(.POSITIVE.,#16746);
#16748=PRESENTATION_STYLE_ASSIGNMENT((#16747));
#16749=STYLED_ITEM('',(#16748),#16742);
#16750=CARTESIAN_POINT('',(-7.15E0,1.504142658823E0,-1.E-1));
#16751=DIRECTION('',(0.E0,0.E0,-1.E0));
#16752=DIRECTION('',(0.E0,-1.E0,0.E0));
#16753=AXIS2_PLACEMENT_3D('',#16750,#16751,#16752);
#16754=PLANE('',#16753);
#16755=ORIENTED_EDGE('',*,*,#16602,.T.);
#16756=ORIENTED_EDGE('',*,*,#16637,.F.);
#16758=ORIENTED_EDGE('',*,*,#16757,.T.);
#16759=ORIENTED_EDGE('',*,*,#16726,.T.);
#16760=EDGE_LOOP('',(#16755,#16756,#16758,#16759));
#16761=FACE_OUTER_BOUND('',#16760,.F.);
#16763=FILL_AREA_STYLE_COLOUR('',#16);
#16764=FILL_AREA_STYLE('',(#16763));
#16765=SURFACE_STYLE_FILL_AREA(#16764);
#16766=SURFACE_SIDE_STYLE('',(#16765));
#16767=SURFACE_STYLE_USAGE(.POSITIVE.,#16766);
#16768=PRESENTATION_STYLE_ASSIGNMENT((#16767));
#16769=STYLED_ITEM('',(#16768),#16762);
#16770=CARTESIAN_POINT('',(-7.15E0,1.659299637320E0,-1.703684398825E-1));
#16771=DIRECTION('',(-1.E0,0.E0,0.E0));
#16772=DIRECTION('',(0.E0,-1.E0,0.E0));
#16773=AXIS2_PLACEMENT_3D('',#16770,#16771,#16772);
#16774=CYLINDRICAL_SURFACE('',#16773,1.703684398825E-1);
#16775=ORIENTED_EDGE('',*,*,#16635,.F.);
#16777=ORIENTED_EDGE('',*,*,#16776,.T.);
#16778=ORIENTED_EDGE('',*,*,#16728,.T.);
#16779=ORIENTED_EDGE('',*,*,#16757,.F.);
#16780=EDGE_LOOP('',(#16775,#16777,#16778,#16779));
#16781=FACE_OUTER_BOUND('',#16780,.F.);
#16783=FILL_AREA_STYLE_COLOUR('',#16);
#16784=FILL_AREA_STYLE('',(#16783));
#16785=SURFACE_STYLE_FILL_AREA(#16784);
#16786=SURFACE_SIDE_STYLE('',(#16785));
#16787=SURFACE_STYLE_USAGE(.POSITIVE.,#16786);
#16788=PRESENTATION_STYLE_ASSIGNMENT((#16787));
#16789=STYLED_ITEM('',(#16788),#16782);
#16790=CARTESIAN_POINT('',(-7.15E0,2.9098E0,-1.E-1));
#16791=DIRECTION('',(0.E0,0.E0,-1.E0));
#16792=DIRECTION('',(0.E0,-1.E0,0.E0));
#16793=AXIS2_PLACEMENT_3D('',#16790,#16791,#16792);
#16794=PLANE('',#16793);
#16796=ORIENTED_EDGE('',*,*,#16795,.F.);
#16797=ORIENTED_EDGE('',*,*,#16730,.T.);
#16798=ORIENTED_EDGE('',*,*,#16776,.F.);
#16799=ORIENTED_EDGE('',*,*,#16633,.F.);
#16800=EDGE_LOOP('',(#16796,#16797,#16798,#16799));
#16801=FACE_OUTER_BOUND('',#16800,.F.);
#16803=FILL_AREA_STYLE_COLOUR('',#16);
#16804=FILL_AREA_STYLE('',(#16803));
#16805=SURFACE_STYLE_FILL_AREA(#16804);
#16806=SURFACE_SIDE_STYLE('',(#16805));
#16807=SURFACE_STYLE_USAGE(.POSITIVE.,#16806);
#16808=PRESENTATION_STYLE_ASSIGNMENT((#16807));
#16809=STYLED_ITEM('',(#16808),#16802);
#16810=CARTESIAN_POINT('',(-2.88576E1,2.7098E0,1.E-1));
#16811=DIRECTION('',(1.E0,0.E0,0.E0));
#16812=DIRECTION('',(0.E0,0.E0,-1.E0));
#16813=AXIS2_PLACEMENT_3D('',#16810,#16811,#16812);
#16814=CYLINDRICAL_SURFACE('',#16813,2.E-1);
#16815=ORIENTED_EDGE('',*,*,#16631,.T.);
#16817=ORIENTED_EDGE('',*,*,#16816,.F.);
#16818=ORIENTED_EDGE('',*,*,#16732,.T.);
#16819=ORIENTED_EDGE('',*,*,#16795,.T.);
#16820=EDGE_LOOP('',(#16815,#16817,#16818,#16819));
#16821=FACE_OUTER_BOUND('',#16820,.F.);
#16823=FILL_AREA_STYLE_COLOUR('',#16);
#16824=FILL_AREA_STYLE('',(#16823));
#16825=SURFACE_STYLE_FILL_AREA(#16824);
#16826=SURFACE_SIDE_STYLE('',(#16825));
#16827=SURFACE_STYLE_USAGE(.POSITIVE.,#16826);
#16828=PRESENTATION_STYLE_ASSIGNMENT((#16827));
#16829=STYLED_ITEM('',(#16828),#16822);
#16830=CARTESIAN_POINT('',(-7.15E0,2.9098E0,1.231024710837E0));
#16831=DIRECTION('',(0.E0,1.E0,0.E0));
#16832=DIRECTION('',(0.E0,0.E0,-1.E0));
#16833=AXIS2_PLACEMENT_3D('',#16830,#16831,#16832);
#16834=PLANE('',#16833);
#16835=ORIENTED_EDGE('',*,*,#16816,.T.);
#16836=ORIENTED_EDGE('',*,*,#16629,.F.);
#16838=ORIENTED_EDGE('',*,*,#16837,.T.);
#16839=ORIENTED_EDGE('',*,*,#16734,.T.);
#16840=EDGE_LOOP('',(#16835,#16836,#16838,#16839));
#16841=FACE_OUTER_BOUND('',#16840,.F.);
#16843=FILL_AREA_STYLE_COLOUR('',#16);
#16844=FILL_AREA_STYLE('',(#16843));
#16845=SURFACE_STYLE_FILL_AREA(#16844);
#16846=SURFACE_SIDE_STYLE('',(#16845));
#16847=SURFACE_STYLE_USAGE(.POSITIVE.,#16846);
#16848=PRESENTATION_STYLE_ASSIGNMENT((#16847));
#16849=STYLED_ITEM('',(#16848),#16842);
#16850=CARTESIAN_POINT('',(-7.15E0,3.006242153651E0,1.419181494462E0));
#16851=DIRECTION('',(-1.E0,0.E0,0.E0));
#16852=DIRECTION('',(0.E0,-1.E0,0.E0));
#16853=AXIS2_PLACEMENT_3D('',#16850,#16851,#16852);
#16854=CYLINDRICAL_SURFACE('',#16853,2.114333564632E-1);
#16855=ORIENTED_EDGE('',*,*,#16627,.F.);
#16857=ORIENTED_EDGE('',*,*,#16856,.T.);
#16858=ORIENTED_EDGE('',*,*,#16736,.T.);
#16859=ORIENTED_EDGE('',*,*,#16837,.F.);
#16860=EDGE_LOOP('',(#16855,#16857,#16858,#16859));
#16861=FACE_OUTER_BOUND('',#16860,.F.);
#16863=FILL_AREA_STYLE_COLOUR('',#16);
#16864=FILL_AREA_STYLE('',(#16863));
#16865=SURFACE_STYLE_FILL_AREA(#16864);
#16866=SURFACE_SIDE_STYLE('',(#16865));
#16867=SURFACE_STYLE_USAGE(.POSITIVE.,#16866);
#16868=PRESENTATION_STYLE_ASSIGNMENT((#16867));
#16869=STYLED_ITEM('',(#16868),#16862);
#16870=CARTESIAN_POINT('',(-7.15E0,2.9098E0,2.1375E0));
#16871=DIRECTION('',(0.E0,1.E0,0.E0));
#16872=DIRECTION('',(0.E0,0.E0,-1.E0));
#16873=AXIS2_PLACEMENT_3D('',#16870,#16871,#16872);
#16874=PLANE('',#16873);
#16875=ORIENTED_EDGE('',*,*,#16664,.F.);
#16876=ORIENTED_EDGE('',*,*,#16738,.T.);
#16877=ORIENTED_EDGE('',*,*,#16856,.F.);
#16878=ORIENTED_EDGE('',*,*,#16625,.F.);
#16879=EDGE_LOOP('',(#16875,#16876,#16877,#16878));
#16880=FACE_OUTER_BOUND('',#16879,.F.);
#16882=FILL_AREA_STYLE_COLOUR('',#16);
#16883=FILL_AREA_STYLE('',(#16882));
#16884=SURFACE_STYLE_FILL_AREA(#16883);
#16885=SURFACE_SIDE_STYLE('',(#16884));
#16886=SURFACE_STYLE_USAGE(.POSITIVE.,#16885);
#16887=PRESENTATION_STYLE_ASSIGNMENT((#16886));
#16888=STYLED_ITEM('',(#16887),#16881);
#16891=CARTESIAN_POINT('',(7.55E0,2.7098E0,1.9375E0));
#16892=DIRECTION('',(1.E0,0.E0,0.E0));
#16893=DIRECTION('',(0.E0,1.E0,0.E0));
#16894=AXIS2_PLACEMENT_3D('',#16891,#16892,#16893);
#16896=DIRECTION('',(0.E0,0.E0,-1.E0));
#16897=VECTOR('',#16896,3.301617219119E-1);
#16898=CARTESIAN_POINT('',(7.55E0,2.9098E0,1.9375E0));
#16899=LINE('',#16898,#16897);
#16900=CARTESIAN_POINT('',(7.55E0,3.006242153651E0,1.419181494462E0));
#16901=DIRECTION('',(1.E0,0.E0,0.E0));
#16902=DIRECTION('',(0.E0,-4.561349981126E-1,8.899105929793E-1));
#16903=AXIS2_PLACEMENT_3D('',#16900,#16901,#16902);
#16905=DIRECTION('',(0.E0,0.E0,-1.E0));
#16906=VECTOR('',#16905,1.131024710837E0);
#16907=CARTESIAN_POINT('',(7.55E0,2.9098E0,1.231024710837E0));
#16908=LINE('',#16907,#16906);
#16909=CARTESIAN_POINT('',(7.55E0,2.7098E0,1.E-1));
#16910=DIRECTION('',(1.E0,0.E0,0.E0));
#16911=DIRECTION('',(0.E0,0.E0,-1.E0));
#16912=AXIS2_PLACEMENT_3D('',#16909,#16910,#16911);
#16914=DIRECTION('',(0.E0,-1.E0,0.E0));
#16915=VECTOR('',#16914,8.953433841821E-1);
#16916=CARTESIAN_POINT('',(7.55E0,2.7098E0,-1.E-1));
#16917=LINE('',#16916,#16915);
#16918=CARTESIAN_POINT('',(7.55E0,1.659299637320E0,-1.703684398825E-1));
#16919=DIRECTION('',(1.E0,0.E0,0.E0));
#16920=DIRECTION('',(0.E0,9.107143236423E-1,4.130368273081E-1));
#16921=AXIS2_PLACEMENT_3D('',#16918,#16919,#16920);
#16923=DIRECTION('',(0.E0,-1.E0,0.E0));
#16924=VECTOR('',#16923,1.430642658823E0);
#16925=CARTESIAN_POINT('',(7.55E0,1.504142658823E0,-1.E-1));
#16926=LINE('',#16925,#16924);
#16927=CARTESIAN_POINT('',(7.55E0,7.35E-2,1.E-1));
#16928=DIRECTION('',(1.E0,0.E0,0.E0));
#16929=DIRECTION('',(0.E0,-1.E0,0.E0));
#16930=AXIS2_PLACEMENT_3D('',#16927,#16928,#16929);
#16932=DIRECTION('',(0.E0,0.E0,1.E0));
#16933=VECTOR('',#16932,2.0375E0);
#16934=CARTESIAN_POINT('',(7.55E0,-1.265E-1,1.E-1));
#16935=LINE('',#16934,#16933);
#16936=DIRECTION('',(0.E0,1.E0,0.E0));
#16937=VECTOR('',#16936,2.8363E0);
#16938=CARTESIAN_POINT('',(7.55E0,-1.265E-1,2.1375E0));
#16939=LINE('',#16938,#16937);
#16940=DIRECTION('',(1.E0,0.E0,0.E0));
#16941=VECTOR('',#16940,4.E-1);
#16942=CARTESIAN_POINT('',(7.15E0,2.7098E0,2.1375E0));
#16943=LINE('',#16942,#16941);
#16944=DIRECTION('',(1.E0,0.E0,0.E0));
#16945=VECTOR('',#16944,4.E-1);
#16946=CARTESIAN_POINT('',(7.15E0,-1.265E-1,2.1375E0));
#16947=LINE('',#16946,#16945);
#16948=DIRECTION('',(1.E0,0.E0,0.E0));
#16949=VECTOR('',#16948,4.E-1);
#16950=CARTESIAN_POINT('',(7.15E0,-1.265E-1,1.E-1));
#16951=LINE('',#16950,#16949);
#16952=CARTESIAN_POINT('',(7.15E0,2.7098E0,1.9375E0));
#16953=DIRECTION('',(-1.E0,0.E0,0.E0));
#16954=DIRECTION('',(0.E0,0.E0,1.E0));
#16955=AXIS2_PLACEMENT_3D('',#16952,#16953,#16954);
#16957=DIRECTION('',(0.E0,1.E0,0.E0));
#16958=VECTOR('',#16957,2.8363E0);
#16959=CARTESIAN_POINT('',(7.15E0,-1.265E-1,2.1375E0));
#16960=LINE('',#16959,#16958);
#16961=DIRECTION('',(0.E0,0.E0,1.E0));
#16962=VECTOR('',#16961,2.0375E0);
#16963=CARTESIAN_POINT('',(7.15E0,-1.265E-1,1.E-1));
#16964=LINE('',#16963,#16962);
#16965=CARTESIAN_POINT('',(7.15E0,7.35E-2,1.E-1));
#16966=DIRECTION('',(-1.E0,0.E0,0.E0));
#16967=DIRECTION('',(0.E0,0.E0,-1.E0));
#16968=AXIS2_PLACEMENT_3D('',#16965,#16966,#16967);
#16970=DIRECTION('',(0.E0,-1.E0,0.E0));
#16971=VECTOR('',#16970,1.430642658823E0);
#16972=CARTESIAN_POINT('',(7.15E0,1.504142658823E0,-1.E-1));
#16973=LINE('',#16972,#16971);
#16974=CARTESIAN_POINT('',(7.15E0,1.659299637320E0,-1.703684398825E-1));
#16975=DIRECTION('',(1.E0,0.E0,0.E0));
#16976=DIRECTION('',(0.E0,9.107143236423E-1,4.130368273081E-1));
#16977=AXIS2_PLACEMENT_3D('',#16974,#16975,#16976);
#16979=DIRECTION('',(0.E0,-1.E0,0.E0));
#16980=VECTOR('',#16979,8.953433841821E-1);
#16981=CARTESIAN_POINT('',(7.15E0,2.7098E0,-1.E-1));
#16982=LINE('',#16981,#16980);
#16983=CARTESIAN_POINT('',(7.15E0,2.7098E0,1.E-1));
#16984=DIRECTION('',(-1.E0,0.E0,0.E0));
#16985=DIRECTION('',(0.E0,1.E0,0.E0));
#16986=AXIS2_PLACEMENT_3D('',#16983,#16984,#16985);
#16988=DIRECTION('',(0.E0,0.E0,-1.E0));
#16989=VECTOR('',#16988,1.131024710837E0);
#16990=CARTESIAN_POINT('',(7.15E0,2.9098E0,1.231024710837E0));
#16991=LINE('',#16990,#16989);
#16992=CARTESIAN_POINT('',(7.15E0,3.006242153651E0,1.419181494462E0));
#16993=DIRECTION('',(1.E0,0.E0,0.E0));
#16994=DIRECTION('',(0.E0,-4.561349981126E-1,8.899105929793E-1));
#16995=AXIS2_PLACEMENT_3D('',#16992,#16993,#16994);
#16997=DIRECTION('',(0.E0,0.E0,-1.E0));
#16998=VECTOR('',#16997,3.301617219119E-1);
#16999=CARTESIAN_POINT('',(7.15E0,2.9098E0,1.9375E0));
#17000=LINE('',#16999,#16998);
#17001=DIRECTION('',(1.E0,0.E0,0.E0));
#17002=VECTOR('',#17001,4.E-1);
#17003=CARTESIAN_POINT('',(7.15E0,7.35E-2,-1.E-1));
#17004=LINE('',#17003,#17002);
#17005=DIRECTION('',(1.E0,0.E0,0.E0));
#17006=VECTOR('',#17005,4.E-1);
#17007=CARTESIAN_POINT('',(7.15E0,1.504142658823E0,-1.E-1));
#17008=LINE('',#17007,#17006);
#17009=DIRECTION('',(1.E0,0.E0,0.E0));
#17010=VECTOR('',#17009,4.E-1);
#17011=CARTESIAN_POINT('',(7.15E0,1.814456615818E0,-1.E-1));
#17012=LINE('',#17011,#17010);
#17013=DIRECTION('',(1.E0,0.E0,0.E0));
#17014=VECTOR('',#17013,4.E-1);
#17015=CARTESIAN_POINT('',(7.15E0,2.7098E0,-1.E-1));
#17016=LINE('',#17015,#17014);
#17017=DIRECTION('',(1.E0,0.E0,0.E0));
#17018=VECTOR('',#17017,4.E-1);
#17019=CARTESIAN_POINT('',(7.15E0,2.9098E0,1.E-1));
#17020=LINE('',#17019,#17018);
#17021=DIRECTION('',(1.E0,0.E0,0.E0));
#17022=VECTOR('',#17021,4.E-1);
#17023=CARTESIAN_POINT('',(7.15E0,2.9098E0,1.231024710837E0));
#17024=LINE('',#17023,#17022);
#17025=DIRECTION('',(1.E0,0.E0,0.E0));
#17026=VECTOR('',#17025,4.E-1);
#17027=CARTESIAN_POINT('',(7.15E0,2.9098E0,1.607338278088E0));
#17028=LINE('',#17027,#17026);
#17029=DIRECTION('',(1.E0,0.E0,0.E0));
#17030=VECTOR('',#17029,4.E-1);
#17031=CARTESIAN_POINT('',(7.15E0,2.9098E0,1.9375E0));
#17032=LINE('',#17031,#17030);
#17033=CARTESIAN_POINT('',(7.15E0,2.9098E0,1.607338278088E0));
#17034=CARTESIAN_POINT('',(7.15E0,2.9098E0,1.231024710837E0));
#17035=VERTEX_POINT('',#17033);
#17036=VERTEX_POINT('',#17034);
#17037=CARTESIAN_POINT('',(7.15E0,1.814456615818E0,-1.E-1));
#17038=CARTESIAN_POINT('',(7.15E0,1.504142658823E0,-1.E-1));
#17039=VERTEX_POINT('',#17037);
#17040=VERTEX_POINT('',#17038);
#17041=CARTESIAN_POINT('',(7.55E0,2.9098E0,1.607338278088E0));
#17042=CARTESIAN_POINT('',(7.55E0,2.9098E0,1.231024710837E0));
#17043=VERTEX_POINT('',#17041);
#17044=VERTEX_POINT('',#17042);
#17045=CARTESIAN_POINT('',(7.55E0,1.814456615818E0,-1.E-1));
#17046=CARTESIAN_POINT('',(7.55E0,1.504142658823E0,-1.E-1));
#17047=VERTEX_POINT('',#17045);
#17048=VERTEX_POINT('',#17046);
#17049=CARTESIAN_POINT('',(7.15E0,-1.265E-1,2.1375E0));
#17050=CARTESIAN_POINT('',(7.55E0,-1.265E-1,2.1375E0));
#17051=VERTEX_POINT('',#17049);
#17052=VERTEX_POINT('',#17050);
#17053=CARTESIAN_POINT('',(7.55E0,2.9098E0,1.9375E0));
#17054=CARTESIAN_POINT('',(7.55E0,2.7098E0,2.1375E0));
#17055=VERTEX_POINT('',#17053);
#17056=VERTEX_POINT('',#17054);
#17057=CARTESIAN_POINT('',(7.15E0,2.7098E0,2.1375E0));
#17058=VERTEX_POINT('',#17057);
#17059=CARTESIAN_POINT('',(7.15E0,2.9098E0,1.9375E0));
#17060=VERTEX_POINT('',#17059);
#17061=CARTESIAN_POINT('',(7.55E0,2.7098E0,-1.E-1));
#17062=CARTESIAN_POINT('',(7.55E0,2.9098E0,1.E-1));
#17063=VERTEX_POINT('',#17061);
#17064=VERTEX_POINT('',#17062);
#17065=CARTESIAN_POINT('',(7.15E0,2.9098E0,1.E-1));
#17066=VERTEX_POINT('',#17065);
#17067=CARTESIAN_POINT('',(7.15E0,2.7098E0,-1.E-1));
#17068=VERTEX_POINT('',#17067);
#17069=CARTESIAN_POINT('',(7.55E0,-1.265E-1,1.E-1));
#17070=CARTESIAN_POINT('',(7.55E0,7.35E-2,-1.E-1));
#17071=VERTEX_POINT('',#17069);
#17072=VERTEX_POINT('',#17070);
#17073=CARTESIAN_POINT('',(7.15E0,7.35E-2,-1.E-1));
#17074=VERTEX_POINT('',#17073);
#17075=CARTESIAN_POINT('',(7.15E0,-1.265E-1,1.E-1));
#17076=VERTEX_POINT('',#17075);
#17077=CARTESIAN_POINT('',(-2.615979088416E1,7.35E-2,1.E-1));
#17078=DIRECTION('',(1.E0,0.E0,0.E0));
#17079=DIRECTION('',(0.E0,-1.E0,0.E0));
#17080=AXIS2_PLACEMENT_3D('',#17077,#17078,#17079);
#17081=CYLINDRICAL_SURFACE('',#17080,2.E-1);
#17083=ORIENTED_EDGE('',*,*,#17082,.T.);
#17085=ORIENTED_EDGE('',*,*,#17084,.F.);
#17087=ORIENTED_EDGE('',*,*,#17086,.T.);
#17089=ORIENTED_EDGE('',*,*,#17088,.T.);
#17090=EDGE_LOOP('',(#17083,#17085,#17087,#17089));
#17091=FACE_OUTER_BOUND('',#17090,.F.);
#17093=FILL_AREA_STYLE_COLOUR('',#16);
#17094=FILL_AREA_STYLE('',(#17093));
#17095=SURFACE_STYLE_FILL_AREA(#17094);
#17096=SURFACE_SIDE_STYLE('',(#17095));
#17097=SURFACE_STYLE_USAGE(.POSITIVE.,#17096);
#17098=PRESENTATION_STYLE_ASSIGNMENT((#17097));
#17099=STYLED_ITEM('',(#17098),#17092);
#17100=CARTESIAN_POINT('',(7.55E0,0.E0,0.E0));
#17101=DIRECTION('',(-1.E0,0.E0,0.E0));
#17102=DIRECTION('',(0.E0,-1.E0,0.E0));
#17103=AXIS2_PLACEMENT_3D('',#17100,#17101,#17102);
#17104=PLANE('',#17103);
#17106=ORIENTED_EDGE('',*,*,#17105,.F.);
#17108=ORIENTED_EDGE('',*,*,#17107,.T.);
#17110=ORIENTED_EDGE('',*,*,#17109,.T.);
#17112=ORIENTED_EDGE('',*,*,#17111,.T.);
#17114=ORIENTED_EDGE('',*,*,#17113,.F.);
#17116=ORIENTED_EDGE('',*,*,#17115,.T.);
#17118=ORIENTED_EDGE('',*,*,#17117,.T.);
#17120=ORIENTED_EDGE('',*,*,#17119,.T.);
#17121=ORIENTED_EDGE('',*,*,#17082,.F.);
#17123=ORIENTED_EDGE('',*,*,#17122,.T.);
#17125=ORIENTED_EDGE('',*,*,#17124,.T.);
#17126=EDGE_LOOP('',(#17106,#17108,#17110,#17112,#17114,#17116,#17118,#17120,
#17121,#17123,#17125));
#17127=FACE_OUTER_BOUND('',#17126,.F.);
#17129=FILL_AREA_STYLE_COLOUR('',#16);
#17130=FILL_AREA_STYLE('',(#17129));
#17131=SURFACE_STYLE_FILL_AREA(#17130);
#17132=SURFACE_SIDE_STYLE('',(#17131));
#17133=SURFACE_STYLE_USAGE(.POSITIVE.,#17132);
#17134=PRESENTATION_STYLE_ASSIGNMENT((#17133));
#17135=STYLED_ITEM('',(#17134),#17128);
#17136=CARTESIAN_POINT('',(-2.859666875235E1,2.7098E0,1.9375E0));
#17137=DIRECTION('',(1.E0,0.E0,0.E0));
#17138=DIRECTION('',(0.E0,1.E0,0.E0));
#17139=AXIS2_PLACEMENT_3D('',#17136,#17137,#17138);
#17140=CYLINDRICAL_SURFACE('',#17139,2.E-1);
#17141=ORIENTED_EDGE('',*,*,#17105,.T.);
#17143=ORIENTED_EDGE('',*,*,#17142,.F.);
#17145=ORIENTED_EDGE('',*,*,#17144,.T.);
#17147=ORIENTED_EDGE('',*,*,#17146,.T.);
#17148=EDGE_LOOP('',(#17141,#17143,#17145,#17147));
#17149=FACE_OUTER_BOUND('',#17148,.F.);
#17151=FILL_AREA_STYLE_COLOUR('',#16);
#17152=FILL_AREA_STYLE('',(#17151));
#17153=SURFACE_STYLE_FILL_AREA(#17152);
#17154=SURFACE_SIDE_STYLE('',(#17153));
#17155=SURFACE_STYLE_USAGE(.POSITIVE.,#17154);
#17156=PRESENTATION_STYLE_ASSIGNMENT((#17155));
#17157=STYLED_ITEM('',(#17156),#17150);
#17158=CARTESIAN_POINT('',(7.15E0,-1.265E-1,2.1375E0));
#17159=DIRECTION('',(0.E0,0.E0,-1.E0));
#17160=DIRECTION('',(0.E0,1.E0,0.E0));
#17161=AXIS2_PLACEMENT_3D('',#17158,#17159,#17160);
#17162=PLANE('',#17161);
#17163=ORIENTED_EDGE('',*,*,#17142,.T.);
#17164=ORIENTED_EDGE('',*,*,#17124,.F.);
#17166=ORIENTED_EDGE('',*,*,#17165,.F.);
#17168=ORIENTED_EDGE('',*,*,#17167,.T.);
#17169=EDGE_LOOP('',(#17163,#17164,#17166,#17168));
#17170=FACE_OUTER_BOUND('',#17169,.F.);
#17172=FILL_AREA_STYLE_COLOUR('',#16);
#17173=FILL_AREA_STYLE('',(#17172));
#17174=SURFACE_STYLE_FILL_AREA(#17173);
#17175=SURFACE_SIDE_STYLE('',(#17174));
#17176=SURFACE_STYLE_USAGE(.POSITIVE.,#17175);
#17177=PRESENTATION_STYLE_ASSIGNMENT((#17176));
#17178=STYLED_ITEM('',(#17177),#17171);
#17179=CARTESIAN_POINT('',(7.15E0,-1.265E-1,-1.E-1));
#17180=DIRECTION('',(0.E0,1.E0,0.E0));
#17181=DIRECTION('',(0.E0,0.E0,1.E0));
#17182=AXIS2_PLACEMENT_3D('',#17179,#17180,#17181);
#17183=PLANE('',#17182);
#17184=ORIENTED_EDGE('',*,*,#17088,.F.);
#17186=ORIENTED_EDGE('',*,*,#17185,.T.);
#17187=ORIENTED_EDGE('',*,*,#17165,.T.);
#17188=ORIENTED_EDGE('',*,*,#17122,.F.);
#17189=EDGE_LOOP('',(#17184,#17186,#17187,#17188));
#17190=FACE_OUTER_BOUND('',#17189,.F.);
#17192=FILL_AREA_STYLE_COLOUR('',#16);
#17193=FILL_AREA_STYLE('',(#17192));
#17194=SURFACE_STYLE_FILL_AREA(#17193);
#17195=SURFACE_SIDE_STYLE('',(#17194));
#17196=SURFACE_STYLE_USAGE(.POSITIVE.,#17195);
#17197=PRESENTATION_STYLE_ASSIGNMENT((#17196));
#17198=STYLED_ITEM('',(#17197),#17191);
#17199=CARTESIAN_POINT('',(7.15E0,0.E0,0.E0));
#17200=DIRECTION('',(-1.E0,0.E0,0.E0));
#17201=DIRECTION('',(0.E0,-1.E0,0.E0));
#17202=AXIS2_PLACEMENT_3D('',#17199,#17200,#17201);
#17203=PLANE('',#17202);
#17204=ORIENTED_EDGE('',*,*,#17144,.F.);
#17205=ORIENTED_EDGE('',*,*,#17167,.F.);
#17206=ORIENTED_EDGE('',*,*,#17185,.F.);
#17207=ORIENTED_EDGE('',*,*,#17086,.F.);
#17209=ORIENTED_EDGE('',*,*,#17208,.F.);
#17211=ORIENTED_EDGE('',*,*,#17210,.F.);
#17213=ORIENTED_EDGE('',*,*,#17212,.F.);
#17215=ORIENTED_EDGE('',*,*,#17214,.F.);
#17217=ORIENTED_EDGE('',*,*,#17216,.F.);
#17219=ORIENTED_EDGE('',*,*,#17218,.F.);
#17221=ORIENTED_EDGE('',*,*,#17220,.F.);
#17222=EDGE_LOOP('',(#17204,#17205,#17206,#17207,#17209,#17211,#17213,#17215,
#17217,#17219,#17221));
#17223=FACE_OUTER_BOUND('',#17222,.F.);
#17225=FILL_AREA_STYLE_COLOUR('',#16);
#17226=FILL_AREA_STYLE('',(#17225));
#17227=SURFACE_STYLE_FILL_AREA(#17226);
#17228=SURFACE_SIDE_STYLE('',(#17227));
#17229=SURFACE_STYLE_USAGE(.POSITIVE.,#17228);
#17230=PRESENTATION_STYLE_ASSIGNMENT((#17229));
#17231=STYLED_ITEM('',(#17230),#17224);
#17232=CARTESIAN_POINT('',(7.15E0,1.504142658823E0,-1.E-1));
#17233=DIRECTION('',(0.E0,0.E0,1.E0));
#17234=DIRECTION('',(0.E0,-1.E0,0.E0));
#17235=AXIS2_PLACEMENT_3D('',#17232,#17233,#17234);
#17236=PLANE('',#17235);
#17237=ORIENTED_EDGE('',*,*,#17084,.T.);
#17238=ORIENTED_EDGE('',*,*,#17119,.F.);
#17240=ORIENTED_EDGE('',*,*,#17239,.F.);
#17241=ORIENTED_EDGE('',*,*,#17208,.T.);
#17242=EDGE_LOOP('',(#17237,#17238,#17240,#17241));
#17243=FACE_OUTER_BOUND('',#17242,.F.);
#17245=FILL_AREA_STYLE_COLOUR('',#16);
#17246=FILL_AREA_STYLE('',(#17245));
#17247=SURFACE_STYLE_FILL_AREA(#17246);
#17248=SURFACE_SIDE_STYLE('',(#17247));
#17249=SURFACE_STYLE_USAGE(.POSITIVE.,#17248);
#17250=PRESENTATION_STYLE_ASSIGNMENT((#17249));
#17251=STYLED_ITEM('',(#17250),#17244);
#17252=CARTESIAN_POINT('',(7.15E0,1.659299637320E0,-1.703684398825E-1));
#17253=DIRECTION('',(-1.E0,0.E0,0.E0));
#17254=DIRECTION('',(0.E0,-1.E0,0.E0));
#17255=AXIS2_PLACEMENT_3D('',#17252,#17253,#17254);
#17256=CYLINDRICAL_SURFACE('',#17255,1.703684398825E-1);
#17257=ORIENTED_EDGE('',*,*,#17210,.T.);
#17258=ORIENTED_EDGE('',*,*,#17239,.T.);
#17259=ORIENTED_EDGE('',*,*,#17117,.F.);
#17261=ORIENTED_EDGE('',*,*,#17260,.F.);
#17262=EDGE_LOOP('',(#17257,#17258,#17259,#17261));
#17263=FACE_OUTER_BOUND('',#17262,.F.);
#17265=FILL_AREA_STYLE_COLOUR('',#16);
#17266=FILL_AREA_STYLE('',(#17265));
#17267=SURFACE_STYLE_FILL_AREA(#17266);
#17268=SURFACE_SIDE_STYLE('',(#17267));
#17269=SURFACE_STYLE_USAGE(.POSITIVE.,#17268);
#17270=PRESENTATION_STYLE_ASSIGNMENT((#17269));
#17271=STYLED_ITEM('',(#17270),#17264);
#17272=CARTESIAN_POINT('',(7.15E0,2.9098E0,-1.E-1));
#17273=DIRECTION('',(0.E0,0.E0,1.E0));
#17274=DIRECTION('',(0.E0,-1.E0,0.E0));
#17275=AXIS2_PLACEMENT_3D('',#17272,#17273,#17274);
#17276=PLANE('',#17275);
#17278=ORIENTED_EDGE('',*,*,#17277,.F.);
#17279=ORIENTED_EDGE('',*,*,#17212,.T.);
#17280=ORIENTED_EDGE('',*,*,#17260,.T.);
#17281=ORIENTED_EDGE('',*,*,#17115,.F.);
#17282=EDGE_LOOP('',(#17278,#17279,#17280,#17281));
#17283=FACE_OUTER_BOUND('',#17282,.F.);
#17285=FILL_AREA_STYLE_COLOUR('',#16);
#17286=FILL_AREA_STYLE('',(#17285));
#17287=SURFACE_STYLE_FILL_AREA(#17286);
#17288=SURFACE_SIDE_STYLE('',(#17287));
#17289=SURFACE_STYLE_USAGE(.POSITIVE.,#17288);
#17290=PRESENTATION_STYLE_ASSIGNMENT((#17289));
#17291=STYLED_ITEM('',(#17290),#17284);
#17292=CARTESIAN_POINT('',(-2.831397887675E1,2.7098E0,1.E-1));
#17293=DIRECTION('',(1.E0,0.E0,0.E0));
#17294=DIRECTION('',(0.E0,0.E0,-1.E0));
#17295=AXIS2_PLACEMENT_3D('',#17292,#17293,#17294);
#17296=CYLINDRICAL_SURFACE('',#17295,2.E-1);
#17297=ORIENTED_EDGE('',*,*,#17113,.T.);
#17299=ORIENTED_EDGE('',*,*,#17298,.F.);
#17300=ORIENTED_EDGE('',*,*,#17214,.T.);
#17301=ORIENTED_EDGE('',*,*,#17277,.T.);
#17302=EDGE_LOOP('',(#17297,#17299,#17300,#17301));
#17303=FACE_OUTER_BOUND('',#17302,.F.);
#17305=FILL_AREA_STYLE_COLOUR('',#16);
#17306=FILL_AREA_STYLE('',(#17305));
#17307=SURFACE_STYLE_FILL_AREA(#17306);
#17308=SURFACE_SIDE_STYLE('',(#17307));
#17309=SURFACE_STYLE_USAGE(.POSITIVE.,#17308);
#17310=PRESENTATION_STYLE_ASSIGNMENT((#17309));
#17311=STYLED_ITEM('',(#17310),#17304);
#17312=CARTESIAN_POINT('',(7.15E0,2.9098E0,1.231024710837E0));
#17313=DIRECTION('',(0.E0,-1.E0,0.E0));
#17314=DIRECTION('',(0.E0,0.E0,-1.E0));
#17315=AXIS2_PLACEMENT_3D('',#17312,#17313,#17314);
#17316=PLANE('',#17315);
#17317=ORIENTED_EDGE('',*,*,#17298,.T.);
#17318=ORIENTED_EDGE('',*,*,#17111,.F.);
#17320=ORIENTED_EDGE('',*,*,#17319,.F.);
#17321=ORIENTED_EDGE('',*,*,#17216,.T.);
#17322=EDGE_LOOP('',(#17317,#17318,#17320,#17321));
#17323=FACE_OUTER_BOUND('',#17322,.F.);
#17325=FILL_AREA_STYLE_COLOUR('',#16);
#17326=FILL_AREA_STYLE('',(#17325));
#17327=SURFACE_STYLE_FILL_AREA(#17326);
#17328=SURFACE_SIDE_STYLE('',(#17327));
#17329=SURFACE_STYLE_USAGE(.POSITIVE.,#17328);
#17330=PRESENTATION_STYLE_ASSIGNMENT((#17329));
#17331=STYLED_ITEM('',(#17330),#17324);
#17332=CARTESIAN_POINT('',(7.15E0,3.006242153651E0,1.419181494462E0));
#17333=DIRECTION('',(-1.E0,0.E0,0.E0));
#17334=DIRECTION('',(0.E0,-1.E0,0.E0));
#17335=AXIS2_PLACEMENT_3D('',#17332,#17333,#17334);
#17336=CYLINDRICAL_SURFACE('',#17335,2.114333564632E-1);
#17337=ORIENTED_EDGE('',*,*,#17218,.T.);
#17338=ORIENTED_EDGE('',*,*,#17319,.T.);
#17339=ORIENTED_EDGE('',*,*,#17109,.F.);
#17341=ORIENTED_EDGE('',*,*,#17340,.F.);
#17342=EDGE_LOOP('',(#17337,#17338,#17339,#17341));
#17343=FACE_OUTER_BOUND('',#17342,.F.);
#17345=FILL_AREA_STYLE_COLOUR('',#16);
#17346=FILL_AREA_STYLE('',(#17345));
#17347=SURFACE_STYLE_FILL_AREA(#17346);
#17348=SURFACE_SIDE_STYLE('',(#17347));
#17349=SURFACE_STYLE_USAGE(.POSITIVE.,#17348);
#17350=PRESENTATION_STYLE_ASSIGNMENT((#17349));
#17351=STYLED_ITEM('',(#17350),#17344);
#17352=CARTESIAN_POINT('',(7.15E0,2.9098E0,2.1375E0));
#17353=DIRECTION('',(0.E0,-1.E0,0.E0));
#17354=DIRECTION('',(0.E0,0.E0,-1.E0));
#17355=AXIS2_PLACEMENT_3D('',#17352,#17353,#17354);
#17356=PLANE('',#17355);
#17357=ORIENTED_EDGE('',*,*,#17146,.F.);
#17358=ORIENTED_EDGE('',*,*,#17220,.T.);
#17359=ORIENTED_EDGE('',*,*,#17340,.T.);
#17360=ORIENTED_EDGE('',*,*,#17107,.F.);
#17361=EDGE_LOOP('',(#17357,#17358,#17359,#17360));
#17362=FACE_OUTER_BOUND('',#17361,.F.);
#17364=FILL_AREA_STYLE_COLOUR('',#16);
#17365=FILL_AREA_STYLE('',(#17364));
#17366=SURFACE_STYLE_FILL_AREA(#17365);
#17367=SURFACE_SIDE_STYLE('',(#17366));
#17368=SURFACE_STYLE_USAGE(.POSITIVE.,#17367);
#17369=PRESENTATION_STYLE_ASSIGNMENT((#17368));
#17370=STYLED_ITEM('',(#17369),#17363);
#17375=PLANE_ANGLE_MEASURE_WITH_UNIT(PLANE_ANGLE_MEASURE(1.745329251994E-2),
#17374);
#17376=(CONVERSION_BASED_UNIT('DEGREE',#17375)NAMED_UNIT(*)PLANE_ANGLE_UNIT());
#17378=UNCERTAINTY_MEASURE_WITH_UNIT(LENGTH_MEASURE(1.897106497190E-3),#17373,
'distance_accuracy_value',
'Maximum model space distance between geometric entities at asserted connectivities');
#17381=MECHANICAL_DESIGN_GEOMETRIC_PRESENTATION_REPRESENTATION('',(#6193,#6214,
#6224,#6244,#6259,#6279,#6561,#6580,#6603,#6628,#6649,#6672,#6697,#6727,#6749,
#6774,#6799,#6821,#6844,#6875,#6900,#6921,#6960,#7005,#7041,#7063,#7085,#7114,
#7145,#7170,#7195,#7217,#7238,#7261,#7297,#7317,#7341,#7387,#7414,#7437,#7460,
#7483,#7506,#7533,#7556,#7655,#7677,#7698,#7719,#7739,#7758,#7829,#7850,#7871,
#7892,#7913,#7934,#7955,#7976,#7996,#8052,#8071,#8090,#8109,#8128,#8147,#8166,
#8185,#8204,#8223,#8242,#8261,#8281,#8308,#8334,#8358,#8378,#8398,#8417,#8438,
#8458,#8482,#8544,#8567,#8600,#8622,#8644,#8666,#8688,#8721,#8742,#8761,#8892,
#8914,#8969,#8990,#9010,#9029,#9049,#9080,#9104,#9124,#9145,#9165,#9184,#9206,
#9229,#9249,#9269,#9288,#9307,#9328,#9349,#9369,#9388,#9409,#9430,#9450,#9469,
#9490,#9511,#9531,#9550,#9571,#9592,#9612,#9631,#9653,#9675,#9697,#9718,#9739,
#9759,#9792,#9813,#9832,#9851,#9884,#9906,#9928,#9949,#9969,#9989,#10009,#10029,
#10048,#10068,#10088,#10108,#10127,#10149,#10171,#10193,#10214,#10235,#10255,
#10288,#10309,#10328,#10347,#10380,#10402,#10424,#10445,#10465,#10485,#10505,
#10525,#10544,#10564,#10584,#10604,#10623,#10645,#10667,#10689,#10710,#10731,
#10751,#10784,#10805,#10824,#10843,#10876,#10898,#10920,#10941,#10961,#10981,
#11001,#11021,#11040,#11060,#11080,#11100,#11119,#11141,#11163,#11185,#11206,
#11227,#11247,#11280,#11301,#11320,#11339,#11372,#11394,#11416,#11437,#11457,
#11477,#11497,#11517,#11536,#11556,#11576,#11596,#11615,#11637,#11659,#11681,
#11702,#11723,#11743,#11776,#11797,#11816,#11835,#11868,#11890,#11912,#11933,
#11953,#11973,#11993,#12013,#12032,#12052,#12072,#12092,#12111,#12131,#12150,
#12172,#12194,#12214,#12234,#12253,#12274,#12295,#12314,#12334,#12354,#12374,
#12393,#12418,#12438,#12457,#12476,#12500,#12520,#12540,#12559,#12580,#12601,
#12621,#12640,#12659,#12678,#12698,#12717,#12739,#12759,#12786,#12806,#12845,
#12878,#12921,#12960,#12999,#13022,#13061,#13100,#13133,#13176,#13227,#13248,
#13268,#13288,#13308,#13328,#13347,#13357,#13374,#13395,#13415,#13435,#13455,
#13475,#13495,#13515,#13535,#13555,#13575,#13595,#13614,#13624,#13643,#13653,
#13671,#13681,#13699,#13712,#13729,#13739,#13758,#13768,#13786,#13796,#13814,
#13827,#13844,#13854,#13873,#13883,#13901,#13911,#13929,#13939,#13957,#13967,
#13984,#14005,#14025,#14045,#14065,#14085,#14105,#14125,#14144,#14165,#14185,
#14205,#14225,#14245,#14265,#14285,#14305,#14325,#14345,#14365,#14384,#14394,
#14413,#14428,#14446,#14456,#14473,#14483,#14502,#14515,#14533,#14543,#14561,
#14572,#14590,#14600,#14618,#14629,#14647,#14657,#14675,#14685,#14702,#14712,
#14731,#14749,#14767,#14777,#14795,#14814,#14831,#14841,#14860,#14870,#14888,
#14898,#14916,#14926,#14944,#14954,#14972,#14983,#15001,#15011,#15029,#15040,
#15058,#15068,#15086,#15096,#15114,#15124,#15142,#15152,#15169,#15190,#15210,
#15230,#15250,#15270,#15290,#15310,#15330,#15350,#15370,#15390,#15409,#15419,
#15438,#15448,#15466,#15476,#15494,#15507,#15524,#15534,#15553,#15563,#15581,
#15591,#15609,#15622,#15639,#15649,#15668,#15678,#15696,#15706,#15724,#15734,
#15752,#15762,#15779,#15800,#15820,#15840,#15860,#15880,#15900,#15920,#15939,
#15952,#15971,#15983,#16001,#16011,#16029,#16039,#16057,#16067,#16085,#16097,
#16115,#16125,#16143,#16155,#16173,#16184,#16202,#16214,#16232,#16243,#16261,
#16271,#16289,#16299,#16317,#16327,#16345,#16357,#16375,#16389,#16406,#16617,
#16653,#16675,#16696,#16716,#16749,#16769,#16789,#16809,#16829,#16849,#16869,
#16888,#17099,#17135,#17157,#17178,#17198,#17231,#17251,#17271,#17291,#17311,
#17331,#17351,#17370),#17379);
#17382=APPLICATION_CONTEXT('automotive_design');
#17383=APPLICATION_PROTOCOL_DEFINITION('international standard',
'automotive_design',2001,#17382);
#17384=PRODUCT_DEFINITION_CONTEXT('part definition',#17382,'design');
#17385=PRODUCT_CONTEXT('',#17382,'mechanical');
#17386=PRODUCT('1515','1515','NOT SPECIFIED',(#17385));
#17387=PRODUCT_DEFINITION_FORMATION('2','LAST_VERSION',#17386);
#17395=DERIVED_UNIT_ELEMENT(#17394,2.E0);
#17396=DERIVED_UNIT((#17395));
#17397=MEASURE_REPRESENTATION_ITEM('surface area measure',AREA_MEASURE(
8.304189373741E2),#17396);
#17402=DERIVED_UNIT_ELEMENT(#17401,3.E0);
#17403=DERIVED_UNIT((#17402));
#17404=MEASURE_REPRESENTATION_ITEM('volume measure',VOLUME_MEASURE(
2.269803389838E2),#17403);
#17408=CARTESIAN_POINT('centre point',(-8.678239316245E-3,-8.173482385111E-1,
2.693713766030E0));
#17413=DERIVED_UNIT_ELEMENT(#17412,2.E0);
#17414=DERIVED_UNIT((#17413));
#17415=MEASURE_REPRESENTATION_ITEM('surface area measure',AREA_MEASURE(
8.304189373741E2),#17414);
#17420=DERIVED_UNIT_ELEMENT(#17419,3.E0);
#17421=DERIVED_UNIT((#17420));
#17422=MEASURE_REPRESENTATION_ITEM('volume measure',VOLUME_MEASURE(
2.269803389838E2),#17421);
#17426=CARTESIAN_POINT('centre point',(-8.678239316245E-3,-8.173482385111E-1,
2.693713766030E0));
#17431=PRODUCT_RELATED_PRODUCT_CATEGORY('part','',(#17386));
#1=DRAUGHTING_PRE_DEFINED_COLOUR('black');
#2=DRAUGHTING_PRE_DEFINED_COLOUR('green');
#3=COLOUR_RGB('',1.1E-2,1.2E-2,1.E0);
#4=COLOUR_RGB('',3.20388E-1,3.20388E-1,3.20388E-1);
#5=COLOUR_RGB('',4.1E-1,2.61589E-1,1.12848E-1);
#6=COLOUR_RGB('',5.04854E-1,1.5455E-2,1.5455E-2);
#7=COLOUR_RGB('',6.35294E-1,6.86275E-1,7.4902E-1);
#8=COLOUR_RGB('',6.40777E-1,6.40777E-1,6.40777E-1);
#9=COLOUR_RGB('',6.69062E-1,6.69903E-1,6.55217E-1);
#10=COLOUR_RGB('',9.02913E-1,8.84262E-1,8.43606E-1);
#11=COLOUR_RGB('',9.21569E-1,7.05882E-1,4.70588E-1);
#12=DRAUGHTING_PRE_DEFINED_COLOUR('red');
#13=DRAUGHTING_PRE_DEFINED_COLOUR('yellow');
#14=COLOUR_RGB('',1.E0,1.E0,5.3E-1);
#15=COLOUR_RGB('',1.E0,1.E0,9.49E-1);
#16=DRAUGHTING_PRE_DEFINED_COLOUR('white');
#69=CIRCLE('',#68,7.400603591054E-2);
#74=CIRCLE('',#73,7.400603591054E-2);
#103=B_SPLINE_CURVE_WITH_KNOTS('',3,(#99,#100,#101,#102),.UNSPECIFIED.,.F.,.F.,(
4,4),(0.E0,1.E0),.UNSPECIFIED.);
#113=B_SPLINE_CURVE_WITH_KNOTS('',3,(#104,#105,#106,#107,#108,#109,#110,#111,
#112),.UNSPECIFIED.,.F.,.F.,(4,1,1,1,1,1,4),(0.E0,1.428123809713E-1,
3.157002335176E-1,5.028266890791E-1,6.801090736562E-1,8.432647676470E-1,1.E0),
.UNSPECIFIED.);
#118=B_SPLINE_CURVE_WITH_KNOTS('',3,(#114,#115,#116,#117),.UNSPECIFIED.,.F.,.F.,
(4,4),(0.E0,1.E0),.UNSPECIFIED.);
#128=B_SPLINE_CURVE_WITH_KNOTS('',3,(#119,#120,#121,#122,#123,#124,#125,#126,
#127),.UNSPECIFIED.,.F.,.F.,(4,1,1,1,1,1,4),(0.E0,1.355656425280E-1,
3.127119931457E-1,4.965056153384E-1,6.951384388364E-1,8.847719214979E-1,1.E0),
.UNSPECIFIED.);
#181=B_SPLINE_CURVE_WITH_KNOTS('',3,(#177,#178,#179,#180),.UNSPECIFIED.,.F.,.F.,
(4,4),(0.E0,1.E0),.UNSPECIFIED.);
#189=B_SPLINE_CURVE_WITH_KNOTS('',3,(#182,#183,#184,#185,#186,#187,#188),
.UNSPECIFIED.,.F.,.F.,(4,1,1,1,4),(0.E0,2.559769024855E-1,5.077686946022E-1,
7.533752025714E-1,1.E0),.UNSPECIFIED.);
#194=B_SPLINE_CURVE_WITH_KNOTS('',3,(#190,#191,#192,#193),.UNSPECIFIED.,.F.,.F.,
(4,4),(0.E0,1.E0),.UNSPECIFIED.);
#199=B_SPLINE_CURVE_WITH_KNOTS('',3,(#195,#196,#197,#198),.UNSPECIFIED.,.F.,.F.,
(4,4),(0.E0,1.E0),.UNSPECIFIED.);
#204=B_SPLINE_CURVE_WITH_KNOTS('',3,(#200,#201,#202,#203),.UNSPECIFIED.,.F.,.F.,
(4,4),(0.E0,1.E0),.UNSPECIFIED.);
#212=B_SPLINE_CURVE_WITH_KNOTS('',3,(#205,#206,#207,#208,#209,#210,#211),
.UNSPECIFIED.,.F.,.F.,(4,1,1,1,4),(0.E0,2.502152773835E-1,4.910267303209E-1,
7.421623589777E-1,1.E0),.UNSPECIFIED.);
#217=B_SPLINE_CURVE_WITH_KNOTS('',3,(#213,#214,#215,#216),.UNSPECIFIED.,.F.,.F.,
(4,4),(0.E0,1.E0),.UNSPECIFIED.);
#222=B_SPLINE_CURVE_WITH_KNOTS('',3,(#218,#219,#220,#221),.UNSPECIFIED.,.F.,.F.,
(4,4),(0.E0,1.E0),.UNSPECIFIED.);
#227=B_SPLINE_CURVE_WITH_KNOTS('',3,(#223,#224,#225,#226),.UNSPECIFIED.,.F.,.F.,
(4,4),(0.E0,1.E0),.UNSPECIFIED.);
#232=B_SPLINE_CURVE_WITH_KNOTS('',3,(#228,#229,#230,#231),.UNSPECIFIED.,.F.,.F.,
(4,4),(0.E0,1.E0),.UNSPECIFIED.);
#237=B_SPLINE_CURVE_WITH_KNOTS('',3,(#233,#234,#235,#236),.UNSPECIFIED.,.F.,.F.,
(4,4),(0.E0,1.E0),.UNSPECIFIED.);
#242=B_SPLINE_CURVE_WITH_KNOTS('',3,(#238,#239,#240,#241),.UNSPECIFIED.,.F.,.F.,
(4,4),(0.E0,1.E0),.UNSPECIFIED.);
#247=B_SPLINE_CURVE_WITH_KNOTS('',3,(#243,#244,#245,#246),.UNSPECIFIED.,.F.,.F.,
(4,4),(0.E0,1.E0),.UNSPECIFIED.);
#332=B_SPLINE_CURVE_WITH_KNOTS('',3,(#328,#329,#330,#331),.UNSPECIFIED.,.F.,.F.,
(4,4),(0.E0,1.E0),.UNSPECIFIED.);
#337=B_SPLINE_CURVE_WITH_KNOTS('',3,(#333,#334,#335,#336),.UNSPECIFIED.,.F.,.F.,
(4,4),(0.E0,1.E0),.UNSPECIFIED.);
#347=B_SPLINE_CURVE_WITH_KNOTS('',3,(#338,#339,#340,#341,#342,#343,#344,#345,
#346),.UNSPECIFIED.,.F.,.F.,(4,1,1,1,1,1,4),(0.E0,1.789457703317E-1,
3.127767465800E-1,4.389666650841E-1,5.790218632447E-1,7.844263875846E-1,1.E0),
.UNSPECIFIED.);
#352=B_SPLINE_CURVE_WITH_KNOTS('',3,(#348,#349,#350,#351),.UNSPECIFIED.,.F.,.F.,
(4,4),(0.E0,1.E0),.UNSPECIFIED.);
#357=B_SPLINE_CURVE_WITH_KNOTS('',3,(#353,#354,#355,#356),.UNSPECIFIED.,.F.,.F.,
(4,4),(0.E0,1.E0),.UNSPECIFIED.);
#362=B_SPLINE_CURVE_WITH_KNOTS('',3,(#358,#359,#360,#361),.UNSPECIFIED.,.F.,.F.,
(4,4),(0.E0,1.E0),.UNSPECIFIED.);
#368=B_SPLINE_CURVE_WITH_KNOTS('',3,(#363,#364,#365,#366,#367),.UNSPECIFIED.,
.F.,.F.,(4,1,4),(0.E0,4.049801273211E-1,1.E0),.UNSPECIFIED.);
#373=B_SPLINE_CURVE_WITH_KNOTS('',3,(#369,#370,#371,#372),.UNSPECIFIED.,.F.,.F.,
(4,4),(0.E0,1.E0),.UNSPECIFIED.);
#379=B_SPLINE_CURVE_WITH_KNOTS('',3,(#374,#375,#376,#377,#378),.UNSPECIFIED.,
.F.,.F.,(4,1,4),(0.E0,4.762475716500E-1,1.E0),.UNSPECIFIED.);
#384=B_SPLINE_CURVE_WITH_KNOTS('',3,(#380,#381,#382,#383),.UNSPECIFIED.,.F.,.F.,
(4,4),(0.E0,1.E0),.UNSPECIFIED.);
#392=B_SPLINE_CURVE_WITH_KNOTS('',3,(#385,#386,#387,#388,#389,#390,#391),
.UNSPECIFIED.,.F.,.F.,(4,1,1,1,4),(0.E0,2.762921365359E-1,4.645455754548E-1,
6.412734532372E-1,1.E0),.UNSPECIFIED.);
#397=B_SPLINE_CURVE_WITH_KNOTS('',3,(#393,#394,#395,#396),.UNSPECIFIED.,.F.,.F.,
(4,4),(0.E0,1.E0),.UNSPECIFIED.);
#411=B_SPLINE_CURVE_WITH_KNOTS('',3,(#398,#399,#400,#401,#402,#403,#404,#405,
#406,#407,#408,#409,#410),.UNSPECIFIED.,.F.,.F.,(4,1,1,1,1,1,1,1,1,1,4),(0.E0,
1.276819283975E-1,1.968290535356E-1,2.504732951503E-1,2.991047906893E-1,
3.913116296472E-1,5.172908831455E-1,6.020882689472E-1,7.199160264533E-1,
8.658555187811E-1,1.E0),.UNSPECIFIED.);
#416=B_SPLINE_CURVE_WITH_KNOTS('',3,(#412,#413,#414,#415),.UNSPECIFIED.,.F.,.F.,
(4,4),(0.E0,1.E0),.UNSPECIFIED.);
#429=B_SPLINE_CURVE_WITH_KNOTS('',3,(#417,#418,#419,#420,#421,#422,#423,#424,
#425,#426,#427,#428),.UNSPECIFIED.,.F.,.F.,(4,1,1,1,1,1,1,1,1,4),(0.E0,
1.483757450376E-1,2.689286802329E-1,3.203061056882E-1,4.199203346453E-1,
5.434124167720E-1,6.242910899825E-1,7.418812970803E-1,8.824346707196E-1,1.E0),
.UNSPECIFIED.);
#434=B_SPLINE_CURVE_WITH_KNOTS('',3,(#430,#431,#432,#433),.UNSPECIFIED.,.F.,.F.,
(4,4),(0.E0,1.E0),.UNSPECIFIED.);
#439=B_SPLINE_CURVE_WITH_KNOTS('',3,(#435,#436,#437,#438),.UNSPECIFIED.,.F.,.F.,
(4,4),(0.E0,1.E0),.UNSPECIFIED.);
#444=B_SPLINE_CURVE_WITH_KNOTS('',3,(#440,#441,#442,#443),.UNSPECIFIED.,.F.,.F.,
(4,4),(0.E0,1.E0),.UNSPECIFIED.);
#449=B_SPLINE_CURVE_WITH_KNOTS('',3,(#445,#446,#447,#448),.UNSPECIFIED.,.F.,.F.,
(4,4),(0.E0,1.E0),.UNSPECIFIED.);
#454=B_SPLINE_CURVE_WITH_KNOTS('',3,(#450,#451,#452,#453),.UNSPECIFIED.,.F.,.F.,
(4,4),(0.E0,1.E0),.UNSPECIFIED.);
#460=B_SPLINE_CURVE_WITH_KNOTS('',3,(#455,#456,#457,#458,#459),.UNSPECIFIED.,
.F.,.F.,(4,1,4),(0.E0,3.076625543478E-1,1.E0),.UNSPECIFIED.);
#465=B_SPLINE_CURVE_WITH_KNOTS('',3,(#461,#462,#463,#464),.UNSPECIFIED.,.F.,.F.,
(4,4),(0.E0,1.E0),.UNSPECIFIED.);
#471=B_SPLINE_CURVE_WITH_KNOTS('',3,(#466,#467,#468,#469,#470),.UNSPECIFIED.,
.F.,.F.,(4,1,4),(0.E0,8.078466422658E-1,1.E0),.UNSPECIFIED.);
#476=B_SPLINE_CURVE_WITH_KNOTS('',3,(#472,#473,#474,#475),.UNSPECIFIED.,.F.,.F.,
(4,4),(0.E0,1.E0),.UNSPECIFIED.);
#481=B_SPLINE_CURVE_WITH_KNOTS('',3,(#477,#478,#479,#480),.UNSPECIFIED.,.F.,.F.,
(4,4),(0.E0,1.E0),.UNSPECIFIED.);
#486=B_SPLINE_CURVE_WITH_KNOTS('',3,(#482,#483,#484,#485),.UNSPECIFIED.,.F.,.F.,
(4,4),(0.E0,1.E0),.UNSPECIFIED.);
#491=B_SPLINE_CURVE_WITH_KNOTS('',3,(#487,#488,#489,#490),.UNSPECIFIED.,.F.,.F.,
(4,4),(0.E0,1.E0),.UNSPECIFIED.);
#544=B_SPLINE_CURVE_WITH_KNOTS('',3,(#540,#541,#542,#543),.UNSPECIFIED.,.F.,.F.,
(4,4),(0.E0,1.E0),.UNSPECIFIED.);
#552=B_SPLINE_CURVE_WITH_KNOTS('',3,(#545,#546,#547,#548,#549,#550,#551),
.UNSPECIFIED.,.F.,.F.,(4,1,1,1,4),(0.E0,2.559769024879E-1,5.077686946101E-1,
7.533752025744E-1,1.E0),.UNSPECIFIED.);
#557=B_SPLINE_CURVE_WITH_KNOTS('',3,(#553,#554,#555,#556),.UNSPECIFIED.,.F.,.F.,
(4,4),(0.E0,1.E0),.UNSPECIFIED.);
#562=B_SPLINE_CURVE_WITH_KNOTS('',3,(#558,#559,#560,#561),.UNSPECIFIED.,.F.,.F.,
(4,4),(0.E0,1.E0),.UNSPECIFIED.);
#567=B_SPLINE_CURVE_WITH_KNOTS('',3,(#563,#564,#565,#566),.UNSPECIFIED.,.F.,.F.,
(4,4),(0.E0,1.E0),.UNSPECIFIED.);
#575=B_SPLINE_CURVE_WITH_KNOTS('',3,(#568,#569,#570,#571,#572,#573,#574),
.UNSPECIFIED.,.F.,.F.,(4,1,1,1,4),(0.E0,2.502152773823E-1,4.910267303254E-1,
7.421623589801E-1,1.E0),.UNSPECIFIED.);
#580=B_SPLINE_CURVE_WITH_KNOTS('',3,(#576,#577,#578,#579),.UNSPECIFIED.,.F.,.F.,
(4,4),(0.E0,1.E0),.UNSPECIFIED.);
#585=B_SPLINE_CURVE_WITH_KNOTS('',3,(#581,#582,#583,#584),.UNSPECIFIED.,.F.,.F.,
(4,4),(0.E0,1.E0),.UNSPECIFIED.);
#590=B_SPLINE_CURVE_WITH_KNOTS('',3,(#586,#587,#588,#589),.UNSPECIFIED.,.F.,.F.,
(4,4),(0.E0,1.E0),.UNSPECIFIED.);
#595=B_SPLINE_CURVE_WITH_KNOTS('',3,(#591,#592,#593,#594),.UNSPECIFIED.,.F.,.F.,
(4,4),(0.E0,1.E0),.UNSPECIFIED.);
#600=B_SPLINE_CURVE_WITH_KNOTS('',3,(#596,#597,#598,#599),.UNSPECIFIED.,.F.,.F.,
(4,4),(0.E0,1.E0),.UNSPECIFIED.);
#605=B_SPLINE_CURVE_WITH_KNOTS('',3,(#601,#602,#603,#604),.UNSPECIFIED.,.F.,.F.,
(4,4),(0.E0,1.E0),.UNSPECIFIED.);
#610=B_SPLINE_CURVE_WITH_KNOTS('',3,(#606,#607,#608,#609),.UNSPECIFIED.,.F.,.F.,
(4,4),(0.E0,1.E0),.UNSPECIFIED.);
#650=B_SPLINE_CURVE_WITH_KNOTS('',3,(#643,#644,#645,#646,#647,#648,#649),
.UNSPECIFIED.,.F.,.F.,(4,1,1,1,4),(0.E0,2.226963329829E-1,5.615438495888E-1,
8.551881585072E-1,1.E0),.UNSPECIFIED.);
#659=B_SPLINE_CURVE_WITH_KNOTS('',3,(#651,#652,#653,#654,#655,#656,#657,#658),
.UNSPECIFIED.,.F.,.F.,(4,1,1,1,1,4),(0.E0,4.798572530125E-2,3.069980039736E-1,
5.632939930434E-1,8.060865076554E-1,1.E0),.UNSPECIFIED.);
#666=B_SPLINE_CURVE_WITH_KNOTS('',3,(#660,#661,#662,#663,#664,#665),
.UNSPECIFIED.,.F.,.F.,(4,1,1,4),(0.E0,4.355221245185E-1,9.627213829328E-1,1.E0),
.UNSPECIFIED.);
#671=B_SPLINE_CURVE_WITH_KNOTS('',3,(#667,#668,#669,#670),.UNSPECIFIED.,.F.,.F.,
(4,4),(0.E0,1.E0),.UNSPECIFIED.);
#676=B_SPLINE_CURVE_WITH_KNOTS('',3,(#672,#673,#674,#675),.UNSPECIFIED.,.F.,.F.,
(4,4),(0.E0,1.E0),.UNSPECIFIED.);
#681=B_SPLINE_CURVE_WITH_KNOTS('',3,(#677,#678,#679,#680),.UNSPECIFIED.,.F.,.F.,
(4,4),(0.E0,1.E0),.UNSPECIFIED.);
#687=B_SPLINE_CURVE_WITH_KNOTS('',3,(#682,#683,#684,#685,#686),.UNSPECIFIED.,
.F.,.F.,(4,1,4),(0.E0,4.175733561965E-1,1.E0),.UNSPECIFIED.);
#694=B_SPLINE_CURVE_WITH_KNOTS('',3,(#688,#689,#690,#691,#692,#693),
.UNSPECIFIED.,.F.,.F.,(4,1,1,4),(0.E0,3.585443611440E-1,8.201936862644E-1,1.E0),
.UNSPECIFIED.);
#700=B_SPLINE_CURVE_WITH_KNOTS('',3,(#695,#696,#697,#698,#699),.UNSPECIFIED.,
.F.,.F.,(4,1,4),(0.E0,4.675992636402E-1,1.E0),.UNSPECIFIED.);
#707=B_SPLINE_CURVE_WITH_KNOTS('',3,(#701,#702,#703,#704,#705,#706),
.UNSPECIFIED.,.F.,.F.,(4,1,1,4),(0.E0,3.564114353987E-2,5.270824027251E-1,1.E0),
.UNSPECIFIED.);
#712=B_SPLINE_CURVE_WITH_KNOTS('',3,(#708,#709,#710,#711),.UNSPECIFIED.,.F.,.F.,
(4,4),(0.E0,1.E0),.UNSPECIFIED.);
#719=B_SPLINE_CURVE_WITH_KNOTS('',3,(#713,#714,#715,#716,#717,#718),
.UNSPECIFIED.,.F.,.F.,(4,1,1,4),(0.E0,6.584959150851E-2,5.404520185202E-1,1.E0),
.UNSPECIFIED.);
#724=B_SPLINE_CURVE_WITH_KNOTS('',3,(#720,#721,#722,#723),.UNSPECIFIED.,.F.,.F.,
(4,4),(0.E0,1.E0),.UNSPECIFIED.);
#729=B_SPLINE_CURVE_WITH_KNOTS('',3,(#725,#726,#727,#728),.UNSPECIFIED.,.F.,.F.,
(4,4),(0.E0,1.E0),.UNSPECIFIED.);
#734=B_SPLINE_CURVE_WITH_KNOTS('',3,(#730,#731,#732,#733),.UNSPECIFIED.,.F.,.F.,
(4,4),(0.E0,1.E0),.UNSPECIFIED.);
#741=B_SPLINE_CURVE_WITH_KNOTS('',3,(#735,#736,#737,#738,#739,#740),
.UNSPECIFIED.,.F.,.F.,(4,1,1,4),(0.E0,2.761126116402E-1,5.534015859397E-1,1.E0),
.UNSPECIFIED.);
#1898=CIRCLE('',#1897,6.537342623826E-1);
#1907=CIRCLE('',#1906,2.245198331529E-1);
#1956=CIRCLE('',#1955,7.245198331529E-1);
#2505=CIRCLE('',#2504,7.245198331529E-1);
#2538=CIRCLE('',#2537,6.537342623826E-1);
#2547=CIRCLE('',#2546,2.245198331529E-1);
#2604=CIRCLE('',#2603,7.245198331529E-1);
#2629=CIRCLE('',#2628,2.245198331529E-1);
#2642=CIRCLE('',#2641,6.537342623826E-1);
#2699=CIRCLE('',#2698,7.245198331529E-1);
#2732=CIRCLE('',#2731,6.537342623826E-1);
#2741=CIRCLE('',#2740,2.245198331529E-1);
#2798=CIRCLE('',#2797,7.245198331529E-1);
#2823=CIRCLE('',#2822,2.245198331529E-1);
#2836=CIRCLE('',#2835,6.537342623826E-1);
#2893=CIRCLE('',#2892,7.245198331529E-1);
#2926=CIRCLE('',#2925,6.537342623826E-1);
#2935=CIRCLE('',#2934,2.245198331529E-1);
#2992=CIRCLE('',#2991,7.245198331529E-1);
#3017=CIRCLE('',#3016,2.245198331529E-1);
#3030=CIRCLE('',#3029,6.537342623826E-1);
#3087=CIRCLE('',#3086,7.245198331529E-1);
#3120=CIRCLE('',#3119,6.537342623826E-1);
#3129=CIRCLE('',#3128,2.245198331529E-1);
#3186=CIRCLE('',#3185,7.245198331529E-1);
#3211=CIRCLE('',#3210,2.245198331529E-1);
#3224=CIRCLE('',#3223,6.537342623826E-1);
#3281=CIRCLE('',#3280,7.245198331529E-1);
#3314=CIRCLE('',#3313,6.537342623826E-1);
#3323=CIRCLE('',#3322,2.245198331529E-1);
#3380=CIRCLE('',#3379,7.245198331529E-1);
#3405=CIRCLE('',#3404,2.245198331529E-1);
#3418=CIRCLE('',#3417,6.537342623826E-1);
#3459=CIRCLE('',#3458,7.245198331529E-1);
#3508=CIRCLE('',#3507,2.245198331529E-1);
#3521=CIRCLE('',#3520,6.537342623826E-1);
#3614=CIRCLE('',#3613,7.400603591054E-2);
#3619=CIRCLE('',#3618,7.400603591054E-2);
#3648=B_SPLINE_CURVE_WITH_KNOTS('',3,(#3644,#3645,#3646,#3647),.UNSPECIFIED.,
.F.,.F.,(4,4),(0.E0,1.E0),.UNSPECIFIED.);
#3658=B_SPLINE_CURVE_WITH_KNOTS('',3,(#3649,#3650,#3651,#3652,#3653,#3654,#3655,
#3656,#3657),.UNSPECIFIED.,.F.,.F.,(4,1,1,1,1,1,4),(0.E0,1.152280785021E-1,
3.048615611636E-1,5.034943846616E-1,6.872880068543E-1,8.644343574720E-1,1.E0),
.UNSPECIFIED.);
#3663=B_SPLINE_CURVE_WITH_KNOTS('',3,(#3659,#3660,#3661,#3662),.UNSPECIFIED.,
.F.,.F.,(4,4),(0.E0,1.E0),.UNSPECIFIED.);
#3673=B_SPLINE_CURVE_WITH_KNOTS('',3,(#3664,#3665,#3666,#3667,#3668,#3669,#3670,
#3671,#3672),.UNSPECIFIED.,.F.,.F.,(4,1,1,1,1,1,4),(0.E0,1.567352323530E-1,
3.198909263438E-1,4.971733109209E-1,6.842997664824E-1,8.571876190287E-1,1.E0),
.UNSPECIFIED.);
#3726=B_SPLINE_CURVE_WITH_KNOTS('',3,(#3722,#3723,#3724,#3725),.UNSPECIFIED.,
.F.,.F.,(4,4),(0.E0,1.E0),.UNSPECIFIED.);
#3731=B_SPLINE_CURVE_WITH_KNOTS('',3,(#3727,#3728,#3729,#3730),.UNSPECIFIED.,
.F.,.F.,(4,4),(0.E0,1.E0),.UNSPECIFIED.);
#3736=B_SPLINE_CURVE_WITH_KNOTS('',3,(#3732,#3733,#3734,#3735),.UNSPECIFIED.,
.F.,.F.,(4,4),(0.E0,1.E0),.UNSPECIFIED.);
#3744=B_SPLINE_CURVE_WITH_KNOTS('',3,(#3737,#3738,#3739,#3740,#3741,#3742,
#3743),.UNSPECIFIED.,.F.,.F.,(4,1,1,1,4),(0.E0,2.466247974286E-1,
4.922313053978E-1,7.440230975145E-1,1.E0),.UNSPECIFIED.);
#3749=B_SPLINE_CURVE_WITH_KNOTS('',3,(#3745,#3746,#3747,#3748),.UNSPECIFIED.,
.F.,.F.,(4,4),(0.E0,1.E0),.UNSPECIFIED.);
#3754=B_SPLINE_CURVE_WITH_KNOTS('',3,(#3750,#3751,#3752,#3753),.UNSPECIFIED.,
.F.,.F.,(4,4),(0.E0,1.E0),.UNSPECIFIED.);
#3759=B_SPLINE_CURVE_WITH_KNOTS('',3,(#3755,#3756,#3757,#3758),.UNSPECIFIED.,
.F.,.F.,(4,4),(0.E0,1.E0),.UNSPECIFIED.);
#3767=B_SPLINE_CURVE_WITH_KNOTS('',3,(#3760,#3761,#3762,#3763,#3764,#3765,
#3766),.UNSPECIFIED.,.F.,.F.,(4,1,1,1,4),(0.E0,2.578376410223E-1,
5.089732696792E-1,7.497847226165E-1,1.E0),.UNSPECIFIED.);
#3772=B_SPLINE_CURVE_WITH_KNOTS('',3,(#3768,#3769,#3770,#3771),.UNSPECIFIED.,
.F.,.F.,(4,4),(0.E0,1.E0),.UNSPECIFIED.);
#3777=B_SPLINE_CURVE_WITH_KNOTS('',3,(#3773,#3774,#3775,#3776),.UNSPECIFIED.,
.F.,.F.,(4,4),(0.E0,1.E0),.UNSPECIFIED.);
#3782=B_SPLINE_CURVE_WITH_KNOTS('',3,(#3778,#3779,#3780,#3781),.UNSPECIFIED.,
.F.,.F.,(4,4),(0.E0,1.E0),.UNSPECIFIED.);
#3787=B_SPLINE_CURVE_WITH_KNOTS('',3,(#3783,#3784,#3785,#3786),.UNSPECIFIED.,
.F.,.F.,(4,4),(0.E0,1.E0),.UNSPECIFIED.);
#3792=B_SPLINE_CURVE_WITH_KNOTS('',3,(#3788,#3789,#3790,#3791),.UNSPECIFIED.,
.F.,.F.,(4,4),(0.E0,1.E0),.UNSPECIFIED.);
#3877=B_SPLINE_CURVE_WITH_KNOTS('',3,(#3873,#3874,#3875,#3876),.UNSPECIFIED.,
.F.,.F.,(4,4),(0.E0,1.E0),.UNSPECIFIED.);
#3887=B_SPLINE_CURVE_WITH_KNOTS('',3,(#3878,#3879,#3880,#3881,#3882,#3883,#3884,
#3885,#3886),.UNSPECIFIED.,.F.,.F.,(4,1,1,1,1,1,4),(0.E0,2.155736124154E-1,
4.209781367553E-1,5.610333349159E-1,6.872232534200E-1,8.210542296683E-1,1.E0),
.UNSPECIFIED.);
#3892=B_SPLINE_CURVE_WITH_KNOTS('',3,(#3888,#3889,#3890,#3891),.UNSPECIFIED.,
.F.,.F.,(4,4),(0.E0,1.E0),.UNSPECIFIED.);
#3897=B_SPLINE_CURVE_WITH_KNOTS('',3,(#3893,#3894,#3895,#3896),.UNSPECIFIED.,
.F.,.F.,(4,4),(0.E0,1.E0),.UNSPECIFIED.);
#3905=B_SPLINE_CURVE_WITH_KNOTS('',3,(#3898,#3899,#3900,#3901,#3902,#3903,
#3904),.UNSPECIFIED.,.F.,.F.,(4,1,1,1,4),(0.E0,3.587265467628E-1,
5.354544245452E-1,7.237078634641E-1,1.E0),.UNSPECIFIED.);
#3910=B_SPLINE_CURVE_WITH_KNOTS('',3,(#3906,#3907,#3908,#3909),.UNSPECIFIED.,
.F.,.F.,(4,4),(0.E0,1.E0),.UNSPECIFIED.);
#3916=B_SPLINE_CURVE_WITH_KNOTS('',3,(#3911,#3912,#3913,#3914,#3915),
.UNSPECIFIED.,.F.,.F.,(4,1,4),(0.E0,5.237524283500E-1,1.E0),.UNSPECIFIED.);
#3921=B_SPLINE_CURVE_WITH_KNOTS('',3,(#3917,#3918,#3919,#3920),.UNSPECIFIED.,
.F.,.F.,(4,4),(0.E0,1.E0),.UNSPECIFIED.);
#3927=B_SPLINE_CURVE_WITH_KNOTS('',3,(#3922,#3923,#3924,#3925,#3926),
.UNSPECIFIED.,.F.,.F.,(4,1,4),(0.E0,5.950198726789E-1,1.E0),.UNSPECIFIED.);
#3932=B_SPLINE_CURVE_WITH_KNOTS('',3,(#3928,#3929,#3930,#3931),.UNSPECIFIED.,
.F.,.F.,(4,4),(0.E0,1.E0),.UNSPECIFIED.);
#3937=B_SPLINE_CURVE_WITH_KNOTS('',3,(#3933,#3934,#3935,#3936),.UNSPECIFIED.,
.F.,.F.,(4,4),(0.E0,1.E0),.UNSPECIFIED.);
#3942=B_SPLINE_CURVE_WITH_KNOTS('',3,(#3938,#3939,#3940,#3941),.UNSPECIFIED.,
.F.,.F.,(4,4),(0.E0,1.E0),.UNSPECIFIED.);
#3955=B_SPLINE_CURVE_WITH_KNOTS('',3,(#3943,#3944,#3945,#3946,#3947,#3948,#3949,
#3950,#3951,#3952,#3953,#3954),.UNSPECIFIED.,.F.,.F.,(4,1,1,1,1,1,1,1,1,4),
(0.E0,1.175653292804E-1,2.581187029197E-1,3.757089100175E-1,4.565875832280E-1,
5.800796653547E-1,6.796938943118E-1,7.310713197671E-1,8.516242549624E-1,1.E0),
.UNSPECIFIED.);
#3960=B_SPLINE_CURVE_WITH_KNOTS('',3,(#3956,#3957,#3958,#3959),.UNSPECIFIED.,
.F.,.F.,(4,4),(0.E0,1.E0),.UNSPECIFIED.);
#3974=B_SPLINE_CURVE_WITH_KNOTS('',3,(#3961,#3962,#3963,#3964,#3965,#3966,#3967,
#3968,#3969,#3970,#3971,#3972,#3973),.UNSPECIFIED.,.F.,.F.,(4,1,1,1,1,1,1,1,1,1,
4),(0.E0,1.341444812189E-1,2.800839735467E-1,3.979117310528E-1,
4.827091168545E-1,6.086883703528E-1,7.008952093107E-1,7.495267048497E-1,
8.031709464644E-1,8.723180716025E-1,1.E0),.UNSPECIFIED.);
#3979=B_SPLINE_CURVE_WITH_KNOTS('',3,(#3975,#3976,#3977,#3978),.UNSPECIFIED.,
.F.,.F.,(4,4),(0.E0,1.E0),.UNSPECIFIED.);
#3984=B_SPLINE_CURVE_WITH_KNOTS('',3,(#3980,#3981,#3982,#3983),.UNSPECIFIED.,
.F.,.F.,(4,4),(0.E0,1.E0),.UNSPECIFIED.);
#3989=B_SPLINE_CURVE_WITH_KNOTS('',3,(#3985,#3986,#3987,#3988),.UNSPECIFIED.,
.F.,.F.,(4,4),(0.E0,1.E0),.UNSPECIFIED.);
#3994=B_SPLINE_CURVE_WITH_KNOTS('',3,(#3990,#3991,#3992,#3993),.UNSPECIFIED.,
.F.,.F.,(4,4),(0.E0,1.E0),.UNSPECIFIED.);
#3999=B_SPLINE_CURVE_WITH_KNOTS('',3,(#3995,#3996,#3997,#3998),.UNSPECIFIED.,
.F.,.F.,(4,4),(0.E0,1.E0),.UNSPECIFIED.);
#4005=B_SPLINE_CURVE_WITH_KNOTS('',3,(#4000,#4001,#4002,#4003,#4004),
.UNSPECIFIED.,.F.,.F.,(4,1,4),(0.E0,1.921533577342E-1,1.E0),.UNSPECIFIED.);
#4010=B_SPLINE_CURVE_WITH_KNOTS('',3,(#4006,#4007,#4008,#4009),.UNSPECIFIED.,
.F.,.F.,(4,4),(0.E0,1.E0),.UNSPECIFIED.);
#4016=B_SPLINE_CURVE_WITH_KNOTS('',3,(#4011,#4012,#4013,#4014,#4015),
.UNSPECIFIED.,.F.,.F.,(4,1,4),(0.E0,6.923374456522E-1,1.E0),.UNSPECIFIED.);
#4021=B_SPLINE_CURVE_WITH_KNOTS('',3,(#4017,#4018,#4019,#4020),.UNSPECIFIED.,
.F.,.F.,(4,4),(0.E0,1.E0),.UNSPECIFIED.);
#4026=B_SPLINE_CURVE_WITH_KNOTS('',3,(#4022,#4023,#4024,#4025),.UNSPECIFIED.,
.F.,.F.,(4,4),(0.E0,1.E0),.UNSPECIFIED.);
#4031=B_SPLINE_CURVE_WITH_KNOTS('',3,(#4027,#4028,#4029,#4030),.UNSPECIFIED.,
.F.,.F.,(4,4),(0.E0,1.E0),.UNSPECIFIED.);
#4036=B_SPLINE_CURVE_WITH_KNOTS('',3,(#4032,#4033,#4034,#4035),.UNSPECIFIED.,
.F.,.F.,(4,4),(0.E0,1.E0),.UNSPECIFIED.);
#4089=B_SPLINE_CURVE_WITH_KNOTS('',3,(#4085,#4086,#4087,#4088),.UNSPECIFIED.,
.F.,.F.,(4,4),(0.E0,1.E0),.UNSPECIFIED.);
#4094=B_SPLINE_CURVE_WITH_KNOTS('',3,(#4090,#4091,#4092,#4093),.UNSPECIFIED.,
.F.,.F.,(4,4),(0.E0,1.E0),.UNSPECIFIED.);
#4099=B_SPLINE_CURVE_WITH_KNOTS('',3,(#4095,#4096,#4097,#4098),.UNSPECIFIED.,
.F.,.F.,(4,4),(0.E0,1.E0),.UNSPECIFIED.);
#4107=B_SPLINE_CURVE_WITH_KNOTS('',3,(#4100,#4101,#4102,#4103,#4104,#4105,
#4106),.UNSPECIFIED.,.F.,.F.,(4,1,1,1,4),(0.E0,2.466247974256E-1,
4.922313053899E-1,7.440230975121E-1,1.E0),.UNSPECIFIED.);
#4112=B_SPLINE_CURVE_WITH_KNOTS('',3,(#4108,#4109,#4110,#4111),.UNSPECIFIED.,
.F.,.F.,(4,4),(0.E0,1.E0),.UNSPECIFIED.);
#4117=B_SPLINE_CURVE_WITH_KNOTS('',3,(#4113,#4114,#4115,#4116),.UNSPECIFIED.,
.F.,.F.,(4,4),(0.E0,1.E0),.UNSPECIFIED.);
#4122=B_SPLINE_CURVE_WITH_KNOTS('',3,(#4118,#4119,#4120,#4121),.UNSPECIFIED.,
.F.,.F.,(4,4),(0.E0,1.E0),.UNSPECIFIED.);
#4130=B_SPLINE_CURVE_WITH_KNOTS('',3,(#4123,#4124,#4125,#4126,#4127,#4128,
#4129),.UNSPECIFIED.,.F.,.F.,(4,1,1,1,4),(0.E0,2.578376410199E-1,
5.089732696746E-1,7.497847226177E-1,1.E0),.UNSPECIFIED.);
#4135=B_SPLINE_CURVE_WITH_KNOTS('',3,(#4131,#4132,#4133,#4134),.UNSPECIFIED.,
.F.,.F.,(4,4),(0.E0,1.E0),.UNSPECIFIED.);
#4140=B_SPLINE_CURVE_WITH_KNOTS('',3,(#4136,#4137,#4138,#4139),.UNSPECIFIED.,
.F.,.F.,(4,4),(0.E0,1.E0),.UNSPECIFIED.);
#4145=B_SPLINE_CURVE_WITH_KNOTS('',3,(#4141,#4142,#4143,#4144),.UNSPECIFIED.,
.F.,.F.,(4,4),(0.E0,1.E0),.UNSPECIFIED.);
#4150=B_SPLINE_CURVE_WITH_KNOTS('',3,(#4146,#4147,#4148,#4149),.UNSPECIFIED.,
.F.,.F.,(4,4),(0.E0,1.E0),.UNSPECIFIED.);
#4155=B_SPLINE_CURVE_WITH_KNOTS('',3,(#4151,#4152,#4153,#4154),.UNSPECIFIED.,
.F.,.F.,(4,4),(0.E0,1.E0),.UNSPECIFIED.);
#4195=B_SPLINE_CURVE_WITH_KNOTS('',3,(#4188,#4189,#4190,#4191,#4192,#4193,
#4194),.UNSPECIFIED.,.F.,.F.,(4,1,1,1,4),(0.E0,2.226963329829E-1,
5.615438495888E-1,8.551881585072E-1,1.E0),.UNSPECIFIED.);
#4202=B_SPLINE_CURVE_WITH_KNOTS('',3,(#4196,#4197,#4198,#4199,#4200,#4201),
.UNSPECIFIED.,.F.,.F.,(4,1,1,4),(0.E0,2.761126116402E-1,5.534015859397E-1,1.E0),
.UNSPECIFIED.);
#4207=B_SPLINE_CURVE_WITH_KNOTS('',3,(#4203,#4204,#4205,#4206),.UNSPECIFIED.,
.F.,.F.,(4,4),(0.E0,1.E0),.UNSPECIFIED.);
#4212=B_SPLINE_CURVE_WITH_KNOTS('',3,(#4208,#4209,#4210,#4211),.UNSPECIFIED.,
.F.,.F.,(4,4),(0.E0,1.E0),.UNSPECIFIED.);
#4217=B_SPLINE_CURVE_WITH_KNOTS('',3,(#4213,#4214,#4215,#4216),.UNSPECIFIED.,
.F.,.F.,(4,4),(0.E0,1.E0),.UNSPECIFIED.);
#4224=B_SPLINE_CURVE_WITH_KNOTS('',3,(#4218,#4219,#4220,#4221,#4222,#4223),
.UNSPECIFIED.,.F.,.F.,(4,1,1,4),(0.E0,6.584959150851E-2,5.404520185202E-1,1.E0),
.UNSPECIFIED.);
#4229=B_SPLINE_CURVE_WITH_KNOTS('',3,(#4225,#4226,#4227,#4228),.UNSPECIFIED.,
.F.,.F.,(4,4),(0.E0,1.E0),.UNSPECIFIED.);
#4236=B_SPLINE_CURVE_WITH_KNOTS('',3,(#4230,#4231,#4232,#4233,#4234,#4235),
.UNSPECIFIED.,.F.,.F.,(4,1,1,4),(0.E0,3.564114353987E-2,5.270824027251E-1,1.E0),
.UNSPECIFIED.);
#4242=B_SPLINE_CURVE_WITH_KNOTS('',3,(#4237,#4238,#4239,#4240,#4241),
.UNSPECIFIED.,.F.,.F.,(4,1,4),(0.E0,4.675992636402E-1,1.E0),.UNSPECIFIED.);
#4249=B_SPLINE_CURVE_WITH_KNOTS('',3,(#4243,#4244,#4245,#4246,#4247,#4248),
.UNSPECIFIED.,.F.,.F.,(4,1,1,4),(0.E0,3.585443611440E-1,8.201936862644E-1,1.E0),
.UNSPECIFIED.);
#4255=B_SPLINE_CURVE_WITH_KNOTS('',3,(#4250,#4251,#4252,#4253,#4254),
.UNSPECIFIED.,.F.,.F.,(4,1,4),(0.E0,4.175733561965E-1,1.E0),.UNSPECIFIED.);
#4260=B_SPLINE_CURVE_WITH_KNOTS('',3,(#4256,#4257,#4258,#4259),.UNSPECIFIED.,
.F.,.F.,(4,4),(0.E0,1.E0),.UNSPECIFIED.);
#4265=B_SPLINE_CURVE_WITH_KNOTS('',3,(#4261,#4262,#4263,#4264),.UNSPECIFIED.,
.F.,.F.,(4,4),(0.E0,1.E0),.UNSPECIFIED.);
#4270=B_SPLINE_CURVE_WITH_KNOTS('',3,(#4266,#4267,#4268,#4269),.UNSPECIFIED.,
.F.,.F.,(4,4),(0.E0,1.E0),.UNSPECIFIED.);
#4277=B_SPLINE_CURVE_WITH_KNOTS('',3,(#4271,#4272,#4273,#4274,#4275,#4276),
.UNSPECIFIED.,.F.,.F.,(4,1,1,4),(0.E0,4.355221245185E-1,9.627213829328E-1,1.E0),
.UNSPECIFIED.);
#4286=B_SPLINE_CURVE_WITH_KNOTS('',3,(#4278,#4279,#4280,#4281,#4282,#4283,#4284,
#4285),.UNSPECIFIED.,.F.,.F.,(4,1,1,1,1,4),(0.E0,4.798572530125E-2,
3.069980039736E-1,5.632939930434E-1,8.060865076554E-1,1.E0),.UNSPECIFIED.);
#6189=B_SPLINE_CURVE_WITH_KNOTS('',3,(#6178,#6179,#6180,#6181,#6182,#6183,#6184,
#6185,#6186,#6187,#6188),.UNSPECIFIED.,.F.,.F.,(4,1,1,1,1,1,1,1,4),(0.E0,
2.439644913516E-2,1.602551066771E-1,3.247248213649E-1,5.027398426834E-1,
6.713901138339E-1,8.266015416187E-1,9.757051285218E-1,1.E0),.UNSPECIFIED.);
#6197=EDGE_CURVE('',#5931,#5736,#20,.T.);
#6199=EDGE_CURVE('',#5736,#5737,#3673,.T.);
#6201=EDGE_CURVE('',#5933,#5737,#4314,.T.);
#6203=EDGE_CURVE('',#5933,#5931,#113,.T.);
#6207=ADVANCED_FACE('',(#6206),#6196,.F.);
#6221=B_SPLINE_CURVE_WITH_KNOTS('',3,(#6215,#6216,#6217,#6218,#6219,#6220),
.UNSPECIFIED.,.F.,.F.,(4,1,1,4),(0.E0,2.898193625490E-1,7.101806374510E-1,1.E0),
.UNSPECIFIED.);
#6228=EDGE_CURVE('',#5929,#5735,#24,.T.);
#6230=EDGE_CURVE('',#5735,#5736,#3648,.T.);
#6233=EDGE_CURVE('',#5929,#5931,#103,.T.);
#6237=ADVANCED_FACE('',(#6236),#6227,.F.);
#6256=B_SPLINE_CURVE_WITH_KNOTS('',3,(#6245,#6246,#6247,#6248,#6249,#6250,#6251,
#6252,#6253,#6254,#6255),.UNSPECIFIED.,.F.,.F.,(4,1,1,1,1,1,1,1,4),(0.E0,
1.999292448541E-2,1.501286863952E-1,3.201797028421E-1,4.966117442664E-1,
6.872886248105E-1,8.693266197595E-1,9.799394085874E-1,1.E0),.UNSPECIFIED.);
#6264=EDGE_CURVE('',#5929,#5935,#128,.T.);
#6266=EDGE_CURVE('',#5935,#5738,#28,.T.);
#6268=EDGE_CURVE('',#5738,#5735,#3658,.T.);
#6272=ADVANCED_FACE('',(#6271),#6262,.F.);
#6285=EDGE_CURVE('',#4945,#4946,#32,.T.);
#6287=EDGE_CURVE('',#4946,#4948,#36,.T.);
#6289=EDGE_CURVE('',#4950,#4948,#40,.T.);
#6291=EDGE_CURVE('',#4938,#4950,#44,.T.);
#6293=EDGE_CURVE('',#4938,#4812,#1149,.T.);
#6295=EDGE_CURVE('',#4809,#4812,#1333,.T.);
#6297=EDGE_CURVE('',#4802,#4809,#48,.T.);
#6299=EDGE_CURVE('',#4801,#4802,#52,.T.);
#6301=EDGE_CURVE('',#4932,#4801,#1721,.T.);
#6303=EDGE_CURVE('',#4932,#4940,#56,.T.);
#6305=EDGE_CURVE('',#4940,#4942,#60,.T.);
#6307=EDGE_CURVE('',#4945,#4942,#64,.T.);
#6311=EDGE_CURVE('',#5917,#5919,#78,.T.);
#6313=EDGE_CURVE('',#5919,#5921,#82,.T.);
#6315=EDGE_CURVE('',#5921,#5923,#86,.T.);
#6317=EDGE_CURVE('',#5923,#5925,#90,.T.);
#6319=EDGE_CURVE('',#5925,#5927,#94,.T.);
#6321=EDGE_CURVE('',#5927,#5917,#98,.T.);
#6327=EDGE_CURVE('',#5933,#5935,#118,.T.);
#6332=EDGE_CURVE('',#5937,#5939,#132,.T.);
#6334=EDGE_CURVE('',#5939,#5941,#136,.T.);
#6336=EDGE_CURVE('',#5941,#5943,#140,.T.);
#6338=EDGE_CURVE('',#5943,#5945,#144,.T.);
#6340=EDGE_CURVE('',#5945,#5947,#148,.T.);
#6342=EDGE_CURVE('',#5947,#5949,#152,.T.);
#6344=EDGE_CURVE('',#5949,#5951,#156,.T.);
#6346=EDGE_CURVE('',#5951,#5953,#160,.T.);
#6348=EDGE_CURVE('',#5953,#5955,#164,.T.);
#6350=EDGE_CURVE('',#5955,#5957,#168,.T.);
#6352=EDGE_CURVE('',#5957,#5959,#172,.T.);
#6354=EDGE_CURVE('',#5959,#5937,#176,.T.);
#6358=EDGE_CURVE('',#5969,#5971,#204,.T.);
#6360=EDGE_CURVE('',#5973,#5971,#212,.T.);
#6362=EDGE_CURVE('',#5973,#5975,#217,.T.);
#6364=EDGE_CURVE('',#5975,#5969,#222,.T.);
#6368=EDGE_CURVE('',#5987,#5989,#251,.T.);
#6370=EDGE_CURVE('',#5989,#5991,#255,.T.);
#6372=EDGE_CURVE('',#5991,#5993,#259,.T.);
#6374=EDGE_CURVE('',#5993,#5995,#263,.T.);
#6376=EDGE_CURVE('',#5995,#5997,#267,.T.);
#6378=EDGE_CURVE('',#5997,#5999,#271,.T.);
#6380=EDGE_CURVE('',#5999,#6001,#275,.T.);
#6382=EDGE_CURVE('',#6001,#5987,#279,.T.);
#6386=EDGE_CURVE('',#6003,#6005,#283,.T.);
#6388=EDGE_CURVE('',#6005,#6007,#287,.T.);
#6390=EDGE_CURVE('',#6007,#6009,#291,.T.);
#6392=EDGE_CURVE('',#6009,#6011,#295,.T.);
#6394=EDGE_CURVE('',#6011,#6013,#299,.T.);
#6396=EDGE_CURVE('',#6013,#6015,#303,.T.);
#6398=EDGE_CURVE('',#6015,#6017,#307,.T.);
#6400=EDGE_CURVE('',#6017,#6019,#311,.T.);
#6402=EDGE_CURVE('',#6019,#6021,#315,.T.);
#6404=EDGE_CURVE('',#6021,#6023,#319,.T.);
#6406=EDGE_CURVE('',#6023,#6025,#323,.T.);
#6408=EDGE_CURVE('',#6025,#6003,#327,.T.);
#6412=EDGE_CURVE('',#6033,#6035,#352,.T.);
#6414=EDGE_CURVE('',#6035,#6037,#357,.T.);
#6416=EDGE_CURVE('',#6037,#6039,#362,.T.);
#6418=EDGE_CURVE('',#6041,#6039,#368,.T.);
#6420=EDGE_CURVE('',#6041,#6043,#373,.T.);
#6422=EDGE_CURVE('',#6045,#6043,#379,.T.);
#6424=EDGE_CURVE('',#6045,#6047,#384,.T.);
#6426=EDGE_CURVE('',#6033,#6047,#392,.T.);
#6430=EDGE_CURVE('',#6049,#6051,#397,.T.);
#6432=EDGE_CURVE('',#6053,#6051,#411,.T.);
#6434=EDGE_CURVE('',#6053,#6055,#416,.T.);
#6436=EDGE_CURVE('',#6049,#6055,#429,.T.);
#6440=EDGE_CURVE('',#6057,#6059,#434,.T.);
#6442=EDGE_CURVE('',#6059,#6061,#439,.T.);
#6444=EDGE_CURVE('',#6061,#6063,#444,.T.);
#6446=EDGE_CURVE('',#6063,#6065,#449,.T.);
#6448=EDGE_CURVE('',#6065,#6067,#454,.T.);
#6450=EDGE_CURVE('',#6069,#6067,#460,.T.);
#6452=EDGE_CURVE('',#6069,#6071,#465,.T.);
#6454=EDGE_CURVE('',#6073,#6071,#471,.T.);
#6456=EDGE_CURVE('',#6073,#6075,#476,.T.);
#6458=EDGE_CURVE('',#6075,#6077,#481,.T.);
#6460=EDGE_CURVE('',#6077,#6079,#486,.T.);
#6462=EDGE_CURVE('',#6057,#6079,#491,.T.);
#6466=EDGE_CURVE('',#6081,#6083,#495,.T.);
#6468=EDGE_CURVE('',#6083,#6085,#499,.T.);
#6470=EDGE_CURVE('',#6085,#6087,#503,.T.);
#6472=EDGE_CURVE('',#6087,#6089,#507,.T.);
#6474=EDGE_CURVE('',#6089,#6091,#511,.T.);
#6476=EDGE_CURVE('',#6091,#6093,#515,.T.);
#6478=EDGE_CURVE('',#6093,#6095,#519,.T.);
#6480=EDGE_CURVE('',#6095,#6097,#523,.T.);
#6482=EDGE_CURVE('',#6097,#6099,#527,.T.);
#6484=EDGE_CURVE('',#6099,#6101,#531,.T.);
#6486=EDGE_CURVE('',#6101,#6103,#535,.T.);
#6488=EDGE_CURVE('',#6103,#6081,#539,.T.);
#6492=EDGE_CURVE('',#6113,#6115,#567,.T.);
#6494=EDGE_CURVE('',#6117,#6115,#575,.T.);
#6496=EDGE_CURVE('',#6117,#6119,#580,.T.);
#6498=EDGE_CURVE('',#6119,#6113,#585,.T.);
#6502=EDGE_CURVE('',#6131,#6133,#614,.T.);
#6504=EDGE_CURVE('',#6133,#6135,#618,.T.);
#6506=EDGE_CURVE('',#6135,#6137,#622,.T.);
#6508=EDGE_CURVE('',#6137,#6139,#626,.T.);
#6510=EDGE_CURVE('',#6139,#6141,#630,.T.);
#6512=EDGE_CURVE('',#6141,#6143,#634,.T.);
#6514=EDGE_CURVE('',#6143,#6145,#638,.T.);
#6516=EDGE_CURVE('',#6145,#6131,#642,.T.);
#6520=EDGE_CURVE('',#6147,#6149,#650,.T.);
#6522=EDGE_CURVE('',#6149,#6151,#659,.T.);
#6524=EDGE_CURVE('',#6151,#6153,#666,.T.);
#6526=EDGE_CURVE('',#6153,#6155,#671,.T.);
#6528=EDGE_CURVE('',#6155,#6157,#676,.T.);
#6530=EDGE_CURVE('',#6157,#6159,#681,.T.);
#6532=EDGE_CURVE('',#6159,#6161,#687,.T.);
#6534=EDGE_CURVE('',#6161,#6163,#694,.T.);
#6536=EDGE_CURVE('',#6163,#6165,#700,.T.);
#6538=EDGE_CURVE('',#6165,#6167,#707,.T.);
#6540=EDGE_CURVE('',#6167,#6169,#712,.T.);
#6542=EDGE_CURVE('',#6169,#6171,#719,.T.);
#6544=EDGE_CURVE('',#6171,#6173,#724,.T.);
#6546=EDGE_CURVE('',#6173,#6175,#729,.T.);
#6548=EDGE_CURVE('',#6175,#6177,#734,.T.);
#6550=EDGE_CURVE('',#6177,#6147,#741,.T.);
#6554=ADVANCED_FACE('',(#6310,#6324,#6331,#6357,#6367,#6385,#6411,#6429,#6439,
#6465,#6491,#6501,#6519,#6553),#6284,.T.);
#6567=EDGE_CURVE('',#5915,#5913,#69,.T.);
#6569=EDGE_CURVE('',#5913,#5915,#74,.T.);
#6573=ADVANCED_FACE('',(#6572),#6566,.T.);
#6586=EDGE_CURVE('',#5961,#5963,#181,.T.);
#6588=EDGE_CURVE('',#5965,#5963,#189,.T.);
#6590=EDGE_CURVE('',#5965,#5967,#194,.T.);
#6592=EDGE_CURVE('',#5967,#5961,#199,.T.);
#6596=ADVANCED_FACE('',(#6595),#6585,.T.);
#6609=EDGE_CURVE('',#5979,#5977,#227,.T.);
#6611=EDGE_CURVE('',#5979,#5981,#232,.T.);
#6613=EDGE_CURVE('',#5981,#5983,#237,.T.);
#6615=EDGE_CURVE('',#5983,#5985,#242,.T.);
#6617=EDGE_CURVE('',#5977,#5985,#247,.T.);
#6621=ADVANCED_FACE('',(#6620),#6608,.T.);
#6634=EDGE_CURVE('',#6027,#6029,#332,.T.);
#6636=EDGE_CURVE('',#6029,#6031,#337,.T.);
#6638=EDGE_CURVE('',#6027,#6031,#347,.T.);
#6642=ADVANCED_FACE('',(#6641),#6633,.T.);
#6655=EDGE_CURVE('',#6105,#6107,#544,.T.);
#6657=EDGE_CURVE('',#6109,#6107,#552,.T.);
#6659=EDGE_CURVE('',#6109,#6111,#557,.T.);
#6661=EDGE_CURVE('',#6111,#6105,#562,.T.);
#6665=ADVANCED_FACE('',(#6664),#6654,.T.);
#6678=EDGE_CURVE('',#6123,#6121,#590,.T.);
#6680=EDGE_CURVE('',#6123,#6125,#595,.T.);
#6682=EDGE_CURVE('',#6125,#6127,#600,.T.);
#6684=EDGE_CURVE('',#6127,#6129,#605,.T.);
#6686=EDGE_CURVE('',#6121,#6129,#610,.T.);
#6690=ADVANCED_FACE('',(#6689),#6677,.T.);
#6703=EDGE_CURVE('',#4982,#4945,#757,.T.);
#6705=EDGE_CURVE('',#4971,#4982,#837,.T.);
#6707=EDGE_CURVE('',#4971,#4972,#929,.T.);
#6709=EDGE_CURVE('',#4972,#4978,#865,.T.);
#6711=EDGE_CURVE('',#4985,#4978,#841,.T.);
#6713=EDGE_CURVE('',#4985,#4954,#825,.T.);
#6715=EDGE_CURVE('',#4946,#4954,#789,.T.);
#6720=ADVANCED_FACE('',(#6719),#6702,.F.);
#6733=EDGE_CURVE('',#4952,#4950,#745,.T.);
#6735=EDGE_CURVE('',#4952,#4936,#805,.T.);
#6737=EDGE_CURVE('',#4938,#4936,#1153,.T.);
#6742=ADVANCED_FACE('',(#6741),#6732,.F.);
#6755=EDGE_CURVE('',#4994,#4996,#749,.T.);
#6757=EDGE_CURVE('',#4998,#4996,#753,.T.);
#6759=EDGE_CURVE('',#4998,#4982,#829,.T.);
#6763=EDGE_CURVE('',#4942,#4994,#761,.T.);
#6767=ADVANCED_FACE('',(#6766),#6754,.F.);
#6780=EDGE_CURVE('',#4963,#4966,#765,.T.);
#6782=EDGE_CURVE('',#4957,#4966,#769,.T.);
#6784=EDGE_CURVE('',#4957,#4952,#809,.T.);
#6788=EDGE_CURVE('',#4948,#4963,#773,.T.);
#6792=ADVANCED_FACE('',(#6791),#6779,.F.);
#6805=EDGE_CURVE('',#4963,#4964,#785,.T.);
#6807=EDGE_CURVE('',#4968,#4964,#777,.T.);
#6809=EDGE_CURVE('',#4966,#4968,#781,.T.);
#6814=ADVANCED_FACE('',(#6813),#6804,.T.);
#6831=EDGE_CURVE('',#4954,#4960,#821,.T.);
#6833=EDGE_CURVE('',#4960,#4964,#793,.T.);
#6837=ADVANCED_FACE('',(#6836),#6826,.F.);
#6850=EDGE_CURVE('',#4985,#4986,#797,.T.);
#6852=EDGE_CURVE('',#4975,#4986,#801,.T.);
#6854=EDGE_CURVE('',#4975,#4935,#889,.T.);
#6856=EDGE_CURVE('',#4935,#4936,#1157,.T.);
#6860=EDGE_CURVE('',#4957,#4958,#813,.T.);
#6862=EDGE_CURVE('',#4960,#4958,#817,.T.);
#6868=ADVANCED_FACE('',(#6867),#6849,.T.);
#6882=EDGE_CURVE('',#4998,#4990,#833,.T.);
#6884=EDGE_CURVE('',#4930,#4990,#1761,.T.);
#6886=EDGE_CURVE('',#4929,#4930,#1713,.T.);
#6888=EDGE_CURVE('',#4929,#4971,#933,.T.);
#6893=ADVANCED_FACE('',(#6892),#6880,.T.);
#6906=EDGE_CURVE('',#4978,#4980,#861,.T.);
#6908=EDGE_CURVE('',#4986,#4980,#3597,.T.);
#6914=ADVANCED_FACE('',(#6913),#6905,.F.);
#6927=EDGE_CURVE('',#4972,#5077,#845,.T.);
#6929=EDGE_CURVE('',#5073,#5077,#2280,.T.);
#6931=EDGE_CURVE('',#5073,#4892,#849,.T.);
#6933=EDGE_CURVE('',#4892,#4877,#2088,.T.);
#6935=EDGE_CURVE('',#4877,#4868,#2328,.T.);
#6937=EDGE_CURVE('',#4853,#4868,#1337,.T.);
#6939=EDGE_CURVE('',#4853,#4854,#1141,.T.);
#6941=EDGE_CURVE('',#4854,#4886,#853,.T.);
#6943=EDGE_CURVE('',#4841,#4886,#2348,.T.);
#6945=EDGE_CURVE('',#4976,#4841,#897,.T.);
#6947=EDGE_CURVE('',#4976,#4980,#857,.T.);
#6953=ADVANCED_FACE('',(#6952),#6926,.F.);
#6966=EDGE_CURVE('',#5065,#5066,#869,.T.);
#6968=EDGE_CURVE('',#5065,#5037,#873,.T.);
#6970=EDGE_CURVE('',#5037,#4920,#1177,.T.);
#6972=EDGE_CURVE('',#4920,#4924,#877,.T.);
#6974=EDGE_CURVE('',#4924,#4926,#881,.T.);
#6976=EDGE_CURVE('',#4922,#4926,#885,.T.);
#6978=EDGE_CURVE('',#4922,#4935,#1161,.T.);
#6981=EDGE_CURVE('',#4975,#4976,#893,.T.);
#6984=EDGE_CURVE('',#4841,#4842,#901,.T.);
#6986=EDGE_CURVE('',#4842,#4844,#905,.T.);
#6988=EDGE_CURVE('',#4844,#4846,#909,.T.);
#6990=EDGE_CURVE('',#4846,#4848,#913,.T.);
#6992=EDGE_CURVE('',#4848,#4850,#917,.T.);
#6994=EDGE_CURVE('',#4850,#5066,#921,.T.);
#6998=ADVANCED_FACE('',(#6997),#6965,.T.);
#7011=EDGE_CURVE('',#5077,#5078,#925,.T.);
#7016=EDGE_CURVE('',#4902,#4929,#1733,.T.);
#7018=EDGE_CURVE('',#4902,#4910,#937,.T.);
#7020=EDGE_CURVE('',#4910,#4908,#941,.T.);
#7022=EDGE_CURVE('',#4898,#4908,#945,.T.);
#7024=EDGE_CURVE('',#5031,#4898,#1741,.T.);
#7026=EDGE_CURVE('',#5031,#5061,#949,.T.);
#7028=EDGE_CURVE('',#5061,#5062,#953,.T.);
#7030=EDGE_CURVE('',#5078,#5062,#2288,.T.);
#7034=ADVANCED_FACE('',(#7033),#7010,.T.);
#7047=EDGE_CURVE('',#5017,#5018,#957,.T.);
#7049=EDGE_CURVE('',#5065,#5017,#993,.T.);
#7052=EDGE_CURVE('',#5066,#5018,#2300,.T.);
#7056=ADVANCED_FACE('',(#7055),#7046,.T.);
#7069=EDGE_CURVE('',#5013,#5014,#961,.T.);
#7071=EDGE_CURVE('',#5013,#5017,#965,.T.);
#7074=EDGE_CURVE('',#5014,#5018,#2296,.T.);
#7078=ADVANCED_FACE('',(#7077),#7068,.T.);
#7091=EDGE_CURVE('',#5013,#5002,#969,.T.);
#7094=EDGE_CURVE('',#5062,#5014,#2292,.T.);
#7097=EDGE_CURVE('',#5061,#5068,#1005,.T.);
#7099=EDGE_CURVE('',#5068,#5046,#1093,.T.);
#7101=EDGE_CURVE('',#5046,#5001,#1041,.T.);
#7103=EDGE_CURVE('',#5001,#5002,#1017,.T.);
#7107=ADVANCED_FACE('',(#7106),#7090,.T.);
#7122=EDGE_CURVE('',#5002,#5056,#973,.T.);
#7124=EDGE_CURVE('',#5056,#5010,#977,.T.);
#7126=EDGE_CURVE('',#5054,#5010,#981,.T.);
#7128=EDGE_CURVE('',#5054,#5052,#985,.T.);
#7130=EDGE_CURVE('',#5052,#5038,#989,.T.);
#7132=EDGE_CURVE('',#5037,#5038,#1101,.T.);
#7138=ADVANCED_FACE('',(#7137),#7119,.F.);
#7151=EDGE_CURVE('',#5022,#5032,#3557,.T.);
#7153=EDGE_CURVE('',#5026,#5022,#997,.T.);
#7155=EDGE_CURVE('',#5026,#5068,#1001,.T.);
#7159=EDGE_CURVE('',#5031,#5032,#1737,.T.);
#7163=ADVANCED_FACE('',(#7162),#7150,.F.);
#7176=EDGE_CURVE('',#5058,#5008,#1009,.T.);
#7178=EDGE_CURVE('',#5056,#5008,#1013,.T.);
#7182=EDGE_CURVE('',#5001,#5048,#1077,.T.);
#7184=EDGE_CURVE('',#5048,#5058,#1033,.T.);
#7188=ADVANCED_FACE('',(#7187),#7175,.T.);
#7201=EDGE_CURVE('',#5005,#5006,#1021,.T.);
#7203=EDGE_CURVE('',#5006,#5008,#1025,.T.);
#7206=EDGE_CURVE('',#5058,#5005,#1029,.T.);
#7210=ADVANCED_FACE('',(#7209),#7200,.F.);
#7224=EDGE_CURVE('',#5054,#5005,#1037,.T.);
#7227=EDGE_CURVE('',#5010,#5006,#3593,.T.);
#7231=ADVANCED_FACE('',(#7230),#7222,.F.);
#7246=EDGE_CURVE('',#5050,#5048,#1073,.T.);
#7248=EDGE_CURVE('',#5052,#5050,#1081,.T.);
#7254=ADVANCED_FACE('',(#7253),#7243,.T.);
#7268=EDGE_CURVE('',#5046,#5044,#1045,.T.);
#7270=EDGE_CURVE('',#5042,#5044,#1049,.T.);
#7272=EDGE_CURVE('',#5034,#5042,#1053,.T.);
#7274=EDGE_CURVE('',#4817,#5034,#1753,.T.);
#7276=EDGE_CURVE('',#4817,#4818,#1057,.T.);
#7278=EDGE_CURVE('',#4818,#4824,#1061,.T.);
#7280=EDGE_CURVE('',#4824,#4830,#1065,.T.);
#7282=EDGE_CURVE('',#4830,#5040,#1109,.T.);
#7284=EDGE_CURVE('',#5040,#5050,#1069,.T.);
#7290=ADVANCED_FACE('',(#7289),#7266,.T.);
#7305=EDGE_CURVE('',#5040,#5038,#1105,.T.);
#7310=ADVANCED_FACE('',(#7309),#7302,.T.);
#7323=EDGE_CURVE('',#5070,#5028,#1085,.T.);
#7325=EDGE_CURVE('',#5044,#5070,#1089,.T.);
#7330=EDGE_CURVE('',#5026,#5028,#1097,.T.);
#7334=ADVANCED_FACE('',(#7333),#7322,.T.);
#7350=EDGE_CURVE('',#4866,#4830,#1113,.T.);
#7352=EDGE_CURVE('',#4866,#4861,#1117,.T.);
#7354=EDGE_CURVE('',#4861,#4862,#1121,.T.);
#7356=EDGE_CURVE('',#4864,#4862,#1125,.T.);
#7358=EDGE_CURVE('',#4857,#4864,#1129,.T.);
#7360=EDGE_CURVE('',#4857,#4858,#1133,.T.);
#7362=EDGE_CURVE('',#4858,#4854,#1137,.T.);
#7365=EDGE_CURVE('',#4812,#4853,#1145,.T.);
#7371=EDGE_CURVE('',#4922,#4917,#1165,.T.);
#7373=EDGE_CURVE('',#4917,#4918,#1169,.T.);
#7375=EDGE_CURVE('',#4920,#4918,#1173,.T.);
#7380=ADVANCED_FACE('',(#7379),#7346,.T.);
#7393=EDGE_CURVE('',#5117,#5118,#1197,.T.);
#7395=EDGE_CURVE('',#5118,#5108,#1201,.T.);
#7397=EDGE_CURVE('',#4826,#5108,#1205,.T.);
#7399=EDGE_CURVE('',#4897,#4826,#1749,.T.);
#7401=EDGE_CURVE('',#4897,#4904,#1209,.T.);
#7403=EDGE_CURVE('',#5117,#4904,#1213,.T.);
#7407=ADVANCED_FACE('',(#7406),#7392,.T.);
#7420=EDGE_CURVE('',#5133,#5134,#1217,.T.);
#7422=EDGE_CURVE('',#5134,#5114,#1221,.T.);
#7424=EDGE_CURVE('',#5113,#5114,#1225,.T.);
#7426=EDGE_CURVE('',#5133,#5113,#1229,.T.);
#7430=ADVANCED_FACE('',(#7429),#7419,.T.);
#7443=EDGE_CURVE('',#5149,#5150,#1233,.T.);
#7445=EDGE_CURVE('',#5150,#5130,#1237,.T.);
#7447=EDGE_CURVE('',#5129,#5130,#1241,.T.);
#7449=EDGE_CURVE('',#5149,#5129,#1245,.T.);
#7453=ADVANCED_FACE('',(#7452),#7442,.T.);
#7466=EDGE_CURVE('',#5165,#5166,#1249,.T.);
#7468=EDGE_CURVE('',#5166,#5146,#1253,.T.);
#7470=EDGE_CURVE('',#5145,#5146,#1257,.T.);
#7472=EDGE_CURVE('',#5165,#5145,#1261,.T.);
#7476=ADVANCED_FACE('',(#7475),#7465,.T.);
#7489=EDGE_CURVE('',#5469,#5470,#1265,.T.);
#7491=EDGE_CURVE('',#5470,#5162,#1269,.T.);
#7493=EDGE_CURVE('',#5161,#5162,#1273,.T.);
#7495=EDGE_CURVE('',#5469,#5161,#1277,.T.);
#7499=ADVANCED_FACE('',(#7498),#7488,.T.);
#7512=EDGE_CURVE('',#5553,#5554,#1281,.T.);
#7514=EDGE_CURVE('',#4906,#5553,#1285,.T.);
#7516=EDGE_CURVE('',#4901,#4906,#1289,.T.);
#7518=EDGE_CURVE('',#4814,#4901,#1725,.T.);
#7520=EDGE_CURVE('',#4814,#5104,#1293,.T.);
#7522=EDGE_CURVE('',#5104,#5554,#1297,.T.);
#7526=ADVANCED_FACE('',(#7525),#7511,.T.);
#7539=EDGE_CURVE('',#5557,#5558,#1301,.T.);
#7541=EDGE_CURVE('',#5558,#5466,#1305,.T.);
#7543=EDGE_CURVE('',#5465,#5466,#1309,.T.);
#7545=EDGE_CURVE('',#5557,#5465,#1313,.T.);
#7549=ADVANCED_FACE('',(#7548),#7538,.T.);
#7562=EDGE_CURVE('',#5596,#5590,#1317,.T.);
#7564=EDGE_CURVE('',#5596,#5106,#1321,.T.);
#7566=EDGE_CURVE('',#5106,#4810,#1325,.T.);
#7568=EDGE_CURVE('',#4809,#4810,#1329,.T.);
#7573=EDGE_CURVE('',#4868,#4870,#1341,.T.);
#7575=EDGE_CURVE('',#4857,#4870,#1345,.T.);
#7578=EDGE_CURVE('',#4864,#4872,#1349,.T.);
#7580=EDGE_CURVE('',#4872,#4874,#1353,.T.);
#7582=EDGE_CURVE('',#4866,#4874,#1357,.T.);
#7586=EDGE_CURVE('',#4824,#4828,#1361,.T.);
#7588=EDGE_CURVE('',#5110,#4828,#1365,.T.);
#7590=EDGE_CURVE('',#5110,#5201,#1369,.T.);
#7592=EDGE_CURVE('',#5201,#5202,#1373,.T.);
#7594=EDGE_CURVE('',#5198,#5202,#1377,.T.);
#7596=EDGE_CURVE('',#5197,#5198,#1381,.T.);
#7598=EDGE_CURVE('',#5197,#5334,#1385,.T.);
#7600=EDGE_CURVE('',#5334,#5268,#1389,.T.);
#7602=EDGE_CURVE('',#5270,#5268,#1393,.T.);
#7604=EDGE_CURVE('',#5332,#5270,#1397,.T.);
#7606=EDGE_CURVE('',#5332,#5378,#1401,.T.);
#7608=EDGE_CURVE('',#5378,#5296,#1405,.T.);
#7610=EDGE_CURVE('',#5298,#5296,#1409,.T.);
#7612=EDGE_CURVE('',#5376,#5298,#1413,.T.);
#7614=EDGE_CURVE('',#5376,#5422,#1417,.T.);
#7616=EDGE_CURVE('',#5422,#5324,#1421,.T.);
#7618=EDGE_CURVE('',#5326,#5324,#1425,.T.);
#7620=EDGE_CURVE('',#5420,#5326,#1429,.T.);
#7622=EDGE_CURVE('',#5420,#5510,#1433,.T.);
#7624=EDGE_CURVE('',#5510,#5500,#1437,.T.);
#7626=EDGE_CURVE('',#5502,#5500,#1441,.T.);
#7628=EDGE_CURVE('',#5508,#5502,#1445,.T.);
#7630=EDGE_CURVE('',#5508,#5598,#1449,.T.);
#7632=EDGE_CURVE('',#5598,#5588,#1453,.T.);
#7634=EDGE_CURVE('',#5590,#5588,#1457,.T.);
#7638=EDGE_CURVE('',#5097,#5098,#1181,.T.);
#7640=EDGE_CURVE('',#5098,#5100,#1185,.T.);
#7642=EDGE_CURVE('',#5100,#5102,#1189,.T.);
#7644=EDGE_CURVE('',#5102,#5097,#1193,.T.);
#7648=ADVANCED_FACE('',(#7637,#7647),#7561,.T.);
#7662=EDGE_CURVE('',#5097,#5089,#1461,.T.);
#7664=EDGE_CURVE('',#5089,#5090,#1477,.T.);
#7666=EDGE_CURVE('',#5098,#5090,#1473,.T.);
#7670=ADVANCED_FACE('',(#7669),#7660,.F.);
#7684=EDGE_CURVE('',#5102,#5094,#1465,.T.);
#7686=EDGE_CURVE('',#5094,#5089,#1481,.T.);
#7691=ADVANCED_FACE('',(#7690),#7682,.F.);
#7705=EDGE_CURVE('',#5100,#5092,#1469,.T.);
#7707=EDGE_CURVE('',#5092,#5094,#1485,.T.);
#7712=ADVANCED_FACE('',(#7711),#7703,.F.);
#7727=EDGE_CURVE('',#5090,#5092,#1489,.T.);
#7732=ADVANCED_FACE('',(#7731),#7724,.F.);
#7751=ADVANCED_FACE('',(#7750),#7744,.T.);
#7764=EDGE_CURVE('',#5566,#5476,#1493,.T.);
#7766=EDGE_CURVE('',#5566,#5562,#1497,.T.);
#7768=EDGE_CURVE('',#5562,#5560,#1613,.T.);
#7770=EDGE_CURVE('',#5564,#5560,#1685,.T.);
#7772=EDGE_CURVE('',#5084,#5564,#1501,.T.);
#7774=EDGE_CURVE('',#5082,#5084,#1505,.T.);
#7776=EDGE_CURVE('',#5081,#5082,#1509,.T.);
#7778=EDGE_CURVE('',#5086,#5081,#1513,.T.);
#7780=EDGE_CURVE('',#5126,#5086,#1517,.T.);
#7782=EDGE_CURVE('',#5126,#5122,#1521,.T.);
#7784=EDGE_CURVE('',#5122,#5120,#1673,.T.);
#7786=EDGE_CURVE('',#5124,#5120,#1705,.T.);
#7788=EDGE_CURVE('',#5142,#5124,#1525,.T.);
#7790=EDGE_CURVE('',#5142,#5138,#1529,.T.);
#7792=EDGE_CURVE('',#5138,#5136,#1661,.T.);
#7794=EDGE_CURVE('',#5140,#5136,#1701,.T.);
#7796=EDGE_CURVE('',#5158,#5140,#1533,.T.);
#7798=EDGE_CURVE('',#5158,#5154,#1537,.T.);
#7800=EDGE_CURVE('',#5154,#5152,#1649,.T.);
#7802=EDGE_CURVE('',#5156,#5152,#1697,.T.);
#7804=EDGE_CURVE('',#5174,#5156,#1541,.T.);
#7806=EDGE_CURVE('',#5174,#5170,#1545,.T.);
#7808=EDGE_CURVE('',#5170,#5168,#1637,.T.);
#7810=EDGE_CURVE('',#5172,#5168,#1693,.T.);
#7812=EDGE_CURVE('',#5478,#5172,#1549,.T.);
#7814=EDGE_CURVE('',#5478,#5474,#1553,.T.);
#7816=EDGE_CURVE('',#5474,#5472,#1625,.T.);
#7818=EDGE_CURVE('',#5476,#5472,#1689,.T.);
#7822=ADVANCED_FACE('',(#7821),#7763,.T.);
#7835=EDGE_CURVE('',#5118,#5126,#1557,.T.);
#7838=EDGE_CURVE('',#5108,#5086,#3525,.T.);
#7843=ADVANCED_FACE('',(#7842),#7834,.F.);
#7856=EDGE_CURVE('',#5134,#5142,#1561,.T.);
#7859=EDGE_CURVE('',#5114,#5124,#1565,.T.);
#7864=ADVANCED_FACE('',(#7863),#7855,.F.);
#7877=EDGE_CURVE('',#5150,#5158,#1569,.T.);
#7880=EDGE_CURVE('',#5130,#5140,#1573,.T.);
#7885=ADVANCED_FACE('',(#7884),#7876,.F.);
#7898=EDGE_CURVE('',#5166,#5174,#1577,.T.);
#7901=EDGE_CURVE('',#5146,#5156,#1581,.T.);
#7906=ADVANCED_FACE('',(#7905),#7897,.F.);
#7919=EDGE_CURVE('',#5470,#5478,#1585,.T.);
#7922=EDGE_CURVE('',#5162,#5172,#1589,.T.);
#7927=ADVANCED_FACE('',(#7926),#7918,.F.);
#7940=EDGE_CURVE('',#5554,#5564,#1593,.T.);
#7943=EDGE_CURVE('',#5104,#5084,#1597,.T.);
#7948=ADVANCED_FACE('',(#7947),#7939,.F.);
#7961=EDGE_CURVE('',#5558,#5566,#1601,.T.);
#7964=EDGE_CURVE('',#5466,#5476,#1605,.T.);
#7969=ADVANCED_FACE('',(#7968),#7960,.F.);
#7983=EDGE_CURVE('',#5117,#5122,#1677,.T.);
#7989=ADVANCED_FACE('',(#7988),#7981,.F.);
#8002=EDGE_CURVE('',#5553,#5560,#1609,.T.);
#8005=EDGE_CURVE('',#5557,#5562,#1617,.T.);
#8008=EDGE_CURVE('',#5465,#5472,#1621,.T.);
#8011=EDGE_CURVE('',#5469,#5474,#1629,.T.);
#8014=EDGE_CURVE('',#5161,#5168,#1633,.T.);
#8017=EDGE_CURVE('',#5165,#5170,#1641,.T.);
#8020=EDGE_CURVE('',#5145,#5152,#1645,.T.);
#8023=EDGE_CURVE('',#5149,#5154,#1653,.T.);
#8026=EDGE_CURVE('',#5129,#5136,#1657,.T.);
#8029=EDGE_CURVE('',#5133,#5138,#1665,.T.);
#8032=EDGE_CURVE('',#5113,#5120,#1669,.T.);
#8037=EDGE_CURVE('',#4908,#4904,#1709,.T.);
#8040=EDGE_CURVE('',#4910,#4906,#1681,.T.);
#8045=ADVANCED_FACE('',(#8044),#8001,.F.);
#8064=ADVANCED_FACE('',(#8063),#8057,.F.);
#8083=ADVANCED_FACE('',(#8082),#8076,.F.);
#8102=ADVANCED_FACE('',(#8101),#8095,.F.);
#8121=ADVANCED_FACE('',(#8120),#8114,.F.);
#8140=ADVANCED_FACE('',(#8139),#8133,.F.);
#8159=ADVANCED_FACE('',(#8158),#8152,.F.);
#8178=ADVANCED_FACE('',(#8177),#8171,.F.);
#8197=ADVANCED_FACE('',(#8196),#8190,.F.);
#8216=ADVANCED_FACE('',(#8215),#8209,.F.);
#8235=ADVANCED_FACE('',(#8234),#8228,.F.);
#8254=ADVANCED_FACE('',(#8253),#8247,.F.);
#8267=EDGE_CURVE('',#4897,#4898,#1745,.T.);
#8274=ADVANCED_FACE('',(#8273),#8266,.F.);
#8288=EDGE_CURVE('',#4932,#4930,#1717,.T.);
#8291=EDGE_CURVE('',#4801,#4805,#1785,.T.);
#8293=EDGE_CURVE('',#4814,#4805,#1797,.T.);
#8296=EDGE_CURVE('',#4901,#4902,#1729,.T.);
#8301=ADVANCED_FACE('',(#8300),#8286,.F.);
#8318=EDGE_CURVE('',#4826,#4821,#3537,.T.);
#8320=EDGE_CURVE('',#4817,#4821,#3545,.T.);
#8323=EDGE_CURVE('',#5034,#5032,#1757,.T.);
#8327=ADVANCED_FACE('',(#8326),#8313,.F.);
#8341=EDGE_CURVE('',#4989,#4990,#1765,.T.);
#8343=EDGE_CURVE('',#4993,#4989,#1769,.T.);
#8345=EDGE_CURVE('',#4940,#4993,#1781,.T.);
#8351=ADVANCED_FACE('',(#8350),#8339,.F.);
#8365=EDGE_CURVE('',#4996,#4989,#1773,.T.);
#8371=ADVANCED_FACE('',(#8370),#8363,.F.);
#8384=EDGE_CURVE('',#4993,#4994,#1777,.T.);
#8391=ADVANCED_FACE('',(#8390),#8383,.F.);
#8410=ADVANCED_FACE('',(#8409),#8403,.F.);
#8424=EDGE_CURVE('',#4802,#4806,#1789,.T.);
#8426=EDGE_CURVE('',#4805,#4806,#1801,.T.);
#8431=ADVANCED_FACE('',(#8430),#8422,.T.);
#8445=EDGE_CURVE('',#4806,#4810,#1805,.T.);
#8451=ADVANCED_FACE('',(#8450),#8443,.T.);
#8465=EDGE_CURVE('',#5106,#5082,#1793,.T.);
#8475=ADVANCED_FACE('',(#8474),#8463,.F.);
#8488=EDGE_CURVE('',#5592,#5596,#1809,.T.);
#8490=EDGE_CURVE('',#5592,#5594,#1813,.T.);
#8492=EDGE_CURVE('',#5594,#5598,#1817,.T.);
#8495=EDGE_CURVE('',#5504,#5508,#1821,.T.);
#8497=EDGE_CURVE('',#5504,#5506,#1825,.T.);
#8499=EDGE_CURVE('',#5506,#5510,#1829,.T.);
#8502=EDGE_CURVE('',#5328,#5420,#1833,.T.);
#8504=EDGE_CURVE('',#5328,#5330,#1837,.T.);
#8506=EDGE_CURVE('',#5330,#5422,#1841,.T.);
#8509=EDGE_CURVE('',#5300,#5376,#1845,.T.);
#8511=EDGE_CURVE('',#5300,#5302,#1849,.T.);
#8513=EDGE_CURVE('',#5302,#5378,#1853,.T.);
#8516=EDGE_CURVE('',#5272,#5332,#1857,.T.);
#8518=EDGE_CURVE('',#5272,#5274,#1861,.T.);
#8520=EDGE_CURVE('',#5274,#5334,#1865,.T.);
#8523=EDGE_CURVE('',#5212,#5197,#1869,.T.);
#8525=EDGE_CURVE('',#5212,#5214,#1873,.T.);
#8527=EDGE_CURVE('',#5214,#5201,#1877,.T.);
#8530=EDGE_CURVE('',#5110,#5081,#1881,.T.);
#8537=ADVANCED_FACE('',(#8536),#8487,.F.);
#8550=EDGE_CURVE('',#5622,#5616,#1885,.T.);
#8552=EDGE_CURVE('',#5616,#5602,#1889,.T.);
#8554=EDGE_CURVE('',#5604,#5602,#2188,.T.);
#8556=EDGE_CURVE('',#5622,#5604,#1968,.T.);
#8560=ADVANCED_FACE('',(#8559),#8549,.T.);
#8573=EDGE_CURVE('',#5634,#5636,#1893,.T.);
#8575=EDGE_CURVE('',#5585,#5636,#3450,.T.);
#8577=EDGE_CURVE('',#5577,#5585,#3459,.T.);
#8579=EDGE_CURVE('',#5592,#5577,#3463,.T.);
#8583=EDGE_CURVE('',#5590,#5570,#1898,.T.);
#8585=EDGE_CURVE('',#5570,#5574,#1902,.T.);
#8587=EDGE_CURVE('',#5574,#5582,#1907,.T.);
#8589=EDGE_CURVE('',#5582,#5634,#1911,.T.);
#8593=ADVANCED_FACE('',(#8592),#8572,.T.);
#8606=EDGE_CURVE('',#5620,#5618,#1927,.T.);
#8608=EDGE_CURVE('',#5616,#5618,#1915,.T.);
#8611=EDGE_CURVE('',#5622,#5620,#1972,.T.);
#8615=ADVANCED_FACE('',(#8614),#8605,.T.);
#8628=EDGE_CURVE('',#5613,#5614,#1919,.T.);
#8630=EDGE_CURVE('',#5618,#5613,#1923,.T.);
#8633=EDGE_CURVE('',#5614,#5620,#1931,.T.);
#8637=ADVANCED_FACE('',(#8636),#8627,.F.);
#8650=EDGE_CURVE('',#5609,#5610,#1939,.T.);
#8652=EDGE_CURVE('',#5609,#5613,#3430,.T.);
#8655=EDGE_CURVE('',#5610,#5614,#1935,.T.);
#8659=ADVANCED_FACE('',(#8658),#8649,.T.);
#8673=EDGE_CURVE('',#5610,#5606,#1943,.T.);
#8675=EDGE_CURVE('',#5606,#5601,#2180,.T.);
#8677=EDGE_CURVE('',#5609,#5601,#3426,.T.);
#8681=ADVANCED_FACE('',(#8680),#8671,.T.);
#8694=EDGE_CURVE('',#5625,#5626,#1947,.T.);
#8696=EDGE_CURVE('',#5581,#5626,#3499,.T.);
#8698=EDGE_CURVE('',#5573,#5581,#3508,.T.);
#8700=EDGE_CURVE('',#5569,#5573,#3516,.T.);
#8702=EDGE_CURVE('',#5588,#5569,#3521,.T.);
#8706=EDGE_CURVE('',#5594,#5578,#1951,.T.);
#8708=EDGE_CURVE('',#5578,#5586,#1956,.T.);
#8710=EDGE_CURVE('',#5586,#5625,#1960,.T.);
#8714=ADVANCED_FACE('',(#8713),#8693,.T.);
#8727=EDGE_CURVE('',#5610,#5622,#1964,.T.);
#8730=EDGE_CURVE('',#5604,#5606,#2184,.T.);
#8735=ADVANCED_FACE('',(#8734),#8726,.T.);
#8754=ADVANCED_FACE('',(#8753),#8747,.T.);
#8767=EDGE_CURVE('',#5709,#5710,#1976,.T.);
#8769=EDGE_CURVE('',#5710,#5712,#1980,.T.);
#8771=EDGE_CURVE('',#5714,#5712,#1984,.T.);
#8773=EDGE_CURVE('',#5693,#5714,#1988,.T.);
#8775=EDGE_CURVE('',#5693,#5694,#1992,.T.);
#8777=EDGE_CURVE('',#5694,#5696,#1996,.T.);
#8779=EDGE_CURVE('',#5698,#5696,#2000,.T.);
#8781=EDGE_CURVE('',#5677,#5698,#2004,.T.);
#8783=EDGE_CURVE('',#5677,#5678,#2008,.T.);
#8785=EDGE_CURVE('',#5678,#5680,#2012,.T.);
#8787=EDGE_CURVE('',#5682,#5680,#2016,.T.);
#8789=EDGE_CURVE('',#5661,#5682,#2020,.T.);
#8791=EDGE_CURVE('',#5661,#5662,#2024,.T.);
#8793=EDGE_CURVE('',#5662,#5664,#2028,.T.);
#8795=EDGE_CURVE('',#5666,#5664,#2032,.T.);
#8797=EDGE_CURVE('',#5645,#5666,#2036,.T.);
#8799=EDGE_CURVE('',#5645,#5646,#2040,.T.);
#8801=EDGE_CURVE('',#5646,#5648,#2044,.T.);
#8803=EDGE_CURVE('',#5650,#5648,#2048,.T.);
#8805=EDGE_CURVE('',#4894,#5650,#2052,.T.);
#8807=EDGE_CURVE('',#4882,#4894,#2056,.T.);
#8809=EDGE_CURVE('',#4881,#4882,#2060,.T.);
#8811=EDGE_CURVE('',#4838,#4881,#2064,.T.);
#8813=EDGE_CURVE('',#4836,#4838,#2068,.T.);
#8815=EDGE_CURVE('',#4834,#4836,#2072,.T.);
#8817=EDGE_CURVE('',#4833,#4834,#2076,.T.);
#8819=EDGE_CURVE('',#4878,#4833,#2080,.T.);
#8821=EDGE_CURVE('',#4877,#4878,#2084,.T.);
#8824=EDGE_CURVE('',#5709,#4892,#2092,.T.);
#8828=EDGE_CURVE('',#5205,#5206,#2096,.T.);
#8830=EDGE_CURVE('',#5210,#5205,#2100,.T.);
#8832=EDGE_CURVE('',#5208,#5210,#2104,.T.);
#8834=EDGE_CURVE('',#5208,#5206,#2108,.T.);
#8838=EDGE_CURVE('',#5337,#5338,#2112,.T.);
#8840=EDGE_CURVE('',#5342,#5337,#2116,.T.);
#8842=EDGE_CURVE('',#5340,#5342,#2120,.T.);
#8844=EDGE_CURVE('',#5340,#5338,#2124,.T.);
#8848=EDGE_CURVE('',#5381,#5382,#2128,.T.);
#8850=EDGE_CURVE('',#5386,#5381,#2132,.T.);
#8852=EDGE_CURVE('',#5384,#5386,#2136,.T.);
#8854=EDGE_CURVE('',#5384,#5382,#2140,.T.);
#8858=EDGE_CURVE('',#5425,#5426,#2144,.T.);
#8860=EDGE_CURVE('',#5430,#5425,#2148,.T.);
#8862=EDGE_CURVE('',#5428,#5430,#2152,.T.);
#8864=EDGE_CURVE('',#5428,#5426,#2156,.T.);
#8868=EDGE_CURVE('',#5513,#5514,#2160,.T.);
#8870=EDGE_CURVE('',#5518,#5513,#2164,.T.);
#8872=EDGE_CURVE('',#5516,#5518,#2168,.T.);
#8874=EDGE_CURVE('',#5516,#5514,#2172,.T.);
#8878=EDGE_CURVE('',#5601,#5602,#2176,.T.);
#8885=ADVANCED_FACE('',(#8827,#8837,#8847,#8857,#8867,#8877,#8884),#8766,.T.);
#8899=EDGE_CURVE('',#5709,#5718,#2196,.T.);
#8901=EDGE_CURVE('',#5718,#5705,#2268,.T.);
#8903=EDGE_CURVE('',#5710,#5705,#2276,.T.);
#8907=ADVANCED_FACE('',(#8906),#8897,.T.);
#8920=EDGE_CURVE('',#5717,#5718,#2192,.T.);
#8925=EDGE_CURVE('',#5073,#5074,#2200,.T.);
#8927=EDGE_CURVE('',#5074,#4894,#2204,.T.);
#8930=EDGE_CURVE('',#5650,#5653,#2208,.T.);
#8932=EDGE_CURVE('',#5653,#5654,#2212,.T.);
#8934=EDGE_CURVE('',#5645,#5654,#2216,.T.);
#8937=EDGE_CURVE('',#5666,#5669,#2220,.T.);
#8939=EDGE_CURVE('',#5669,#5670,#2224,.T.);
#8941=EDGE_CURVE('',#5661,#5670,#2228,.T.);
#8944=EDGE_CURVE('',#5682,#5685,#2232,.T.);
#8946=EDGE_CURVE('',#5685,#5686,#2236,.T.);
#8948=EDGE_CURVE('',#5677,#5686,#2240,.T.);
#8951=EDGE_CURVE('',#5698,#5701,#2244,.T.);
#8953=EDGE_CURVE('',#5701,#5702,#2248,.T.);
#8955=EDGE_CURVE('',#5693,#5702,#2252,.T.);
#8958=EDGE_CURVE('',#5714,#5717,#2256,.T.);
#8962=ADVANCED_FACE('',(#8961),#8919,.F.);
#8976=EDGE_CURVE('',#5706,#5717,#2260,.T.);
#8978=EDGE_CURVE('',#5705,#5706,#2264,.T.);
#8983=ADVANCED_FACE('',(#8982),#8974,.T.);
#8997=EDGE_CURVE('',#5712,#5706,#2272,.T.);
#9003=ADVANCED_FACE('',(#9002),#8995,.T.);
#9022=ADVANCED_FACE('',(#9021),#9015,.T.);
#9038=EDGE_CURVE('',#5078,#5074,#2284,.T.);
#9042=ADVANCED_FACE('',(#9041),#9034,.T.);
#9062=EDGE_CURVE('',#4850,#4889,#2304,.T.);
#9064=EDGE_CURVE('',#4861,#4889,#2320,.T.);
#9068=EDGE_CURVE('',#4874,#4882,#2340,.T.);
#9073=ADVANCED_FACE('',(#9072),#9054,.F.);
#9086=EDGE_CURVE('',#4889,#4890,#2308,.T.);
#9090=EDGE_CURVE('',#4848,#4838,#2312,.T.);
#9093=EDGE_CURVE('',#4881,#4890,#2316,.T.);
#9097=ADVANCED_FACE('',(#9096),#9085,.F.);
#9113=EDGE_CURVE('',#4862,#4890,#2324,.T.);
#9117=ADVANCED_FACE('',(#9116),#9109,.F.);
#9133=EDGE_CURVE('',#4881,#4872,#2336,.T.);
#9138=ADVANCED_FACE('',(#9137),#9129,.F.);
#9154=EDGE_CURVE('',#4870,#4878,#2332,.T.);
#9158=ADVANCED_FACE('',(#9157),#9150,.T.);
#9177=ADVANCED_FACE('',(#9176),#9170,.T.);
#9193=EDGE_CURVE('',#4878,#4884,#2344,.T.);
#9195=EDGE_CURVE('',#4858,#4884,#2368,.T.);
#9199=ADVANCED_FACE('',(#9198),#9189,.F.);
#9214=EDGE_CURVE('',#4842,#4833,#2356,.T.);
#9218=EDGE_CURVE('',#4886,#4884,#2352,.T.);
#9222=ADVANCED_FACE('',(#9221),#9211,.F.);
#9238=EDGE_CURVE('',#4844,#4834,#2360,.T.);
#9242=ADVANCED_FACE('',(#9241),#9234,.F.);
#9258=EDGE_CURVE('',#4846,#4836,#2364,.T.);
#9262=ADVANCED_FACE('',(#9261),#9254,.F.);
#9281=ADVANCED_FACE('',(#9280),#9274,.F.);
#9300=ADVANCED_FACE('',(#9299),#9293,.F.);
#9314=EDGE_CURVE('',#5648,#5642,#2372,.T.);
#9316=EDGE_CURVE('',#5642,#5653,#2380,.T.);
#9321=ADVANCED_FACE('',(#9320),#9312,.T.);
#9335=EDGE_CURVE('',#5646,#5641,#2376,.T.);
#9337=EDGE_CURVE('',#5641,#5642,#2384,.T.);
#9342=ADVANCED_FACE('',(#9341),#9333,.T.);
#9357=EDGE_CURVE('',#5654,#5641,#2388,.T.);
#9362=ADVANCED_FACE('',(#9361),#9354,.T.);
#9381=ADVANCED_FACE('',(#9380),#9374,.T.);
#9395=EDGE_CURVE('',#5664,#5658,#2392,.T.);
#9397=EDGE_CURVE('',#5658,#5669,#2400,.T.);
#9402=ADVANCED_FACE('',(#9401),#9393,.T.);
#9416=EDGE_CURVE('',#5662,#5657,#2396,.T.);
#9418=EDGE_CURVE('',#5657,#5658,#2404,.T.);
#9423=ADVANCED_FACE('',(#9422),#9414,.T.);
#9438=EDGE_CURVE('',#5670,#5657,#2408,.T.);
#9443=ADVANCED_FACE('',(#9442),#9435,.T.);
#9462=ADVANCED_FACE('',(#9461),#9455,.T.);
#9476=EDGE_CURVE('',#5680,#5674,#2412,.T.);
#9478=EDGE_CURVE('',#5674,#5685,#2420,.T.);
#9483=ADVANCED_FACE('',(#9482),#9474,.T.);
#9497=EDGE_CURVE('',#5678,#5673,#2416,.T.);
#9499=EDGE_CURVE('',#5673,#5674,#2424,.T.);
#9504=ADVANCED_FACE('',(#9503),#9495,.T.);
#9519=EDGE_CURVE('',#5686,#5673,#2428,.T.);
#9524=ADVANCED_FACE('',(#9523),#9516,.T.);
#9543=ADVANCED_FACE('',(#9542),#9536,.T.);
#9557=EDGE_CURVE('',#5696,#5690,#2432,.T.);
#9559=EDGE_CURVE('',#5690,#5701,#2440,.T.);
#9564=ADVANCED_FACE('',(#9563),#9555,.T.);
#9578=EDGE_CURVE('',#5694,#5689,#2436,.T.);
#9580=EDGE_CURVE('',#5689,#5690,#2444,.T.);
#9585=ADVANCED_FACE('',(#9584),#9576,.T.);
#9600=EDGE_CURVE('',#5702,#5689,#2448,.T.);
#9605=ADVANCED_FACE('',(#9604),#9597,.T.);
#9624=ADVANCED_FACE('',(#9623),#9617,.T.);
#9637=EDGE_CURVE('',#5224,#5217,#2452,.T.);
#9639=EDGE_CURVE('',#5217,#5205,#2456,.T.);
#9642=EDGE_CURVE('',#5224,#5206,#2529,.T.);
#9646=ADVANCED_FACE('',(#9645),#9636,.T.);
#9660=EDGE_CURVE('',#5224,#5226,#2464,.T.);
#9662=EDGE_CURVE('',#5226,#5221,#2472,.T.);
#9664=EDGE_CURVE('',#5217,#5221,#2460,.T.);
#9668=ADVANCED_FACE('',(#9667),#9658,.T.);
#9681=EDGE_CURVE('',#5228,#5226,#2476,.T.);
#9684=EDGE_CURVE('',#5230,#5224,#2525,.T.);
#9686=EDGE_CURVE('',#5230,#5228,#2521,.T.);
#9690=ADVANCED_FACE('',(#9689),#9680,.T.);
#9703=EDGE_CURVE('',#5221,#5222,#2468,.T.);
#9707=EDGE_CURVE('',#5222,#5228,#2480,.T.);
#9711=ADVANCED_FACE('',(#9710),#9702,.F.);
#9724=EDGE_CURVE('',#5217,#5218,#2488,.T.);
#9728=EDGE_CURVE('',#5218,#5222,#2484,.T.);
#9732=ADVANCED_FACE('',(#9731),#9723,.T.);
#9746=EDGE_CURVE('',#5218,#5210,#2492,.T.);
#9752=ADVANCED_FACE('',(#9751),#9744,.T.);
#9765=EDGE_CURVE('',#5233,#5234,#2496,.T.);
#9767=EDGE_CURVE('',#5189,#5234,#2620,.T.);
#9769=EDGE_CURVE('',#5181,#5189,#2629,.T.);
#9771=EDGE_CURVE('',#5177,#5181,#2637,.T.);
#9773=EDGE_CURVE('',#5202,#5177,#2642,.T.);
#9777=EDGE_CURVE('',#5214,#5186,#2500,.T.);
#9779=EDGE_CURVE('',#5186,#5194,#2505,.T.);
#9781=EDGE_CURVE('',#5194,#5233,#2509,.T.);
#9785=ADVANCED_FACE('',(#9784),#9764,.T.);
#9798=EDGE_CURVE('',#5218,#5230,#2513,.T.);
#9800=EDGE_CURVE('',#5230,#5208,#2517,.T.);
#9806=ADVANCED_FACE('',(#9805),#9797,.T.);
#9825=ADVANCED_FACE('',(#9824),#9818,.T.);
#9844=ADVANCED_FACE('',(#9843),#9837,.T.);
#9857=EDGE_CURVE('',#5242,#5244,#2533,.T.);
#9859=EDGE_CURVE('',#5193,#5244,#2595,.T.);
#9861=EDGE_CURVE('',#5185,#5193,#2604,.T.);
#9863=EDGE_CURVE('',#5212,#5185,#2608,.T.);
#9867=EDGE_CURVE('',#5198,#5178,#2538,.T.);
#9869=EDGE_CURVE('',#5178,#5182,#2542,.T.);
#9871=EDGE_CURVE('',#5182,#5190,#2547,.T.);
#9873=EDGE_CURVE('',#5190,#5242,#2551,.T.);
#9877=ADVANCED_FACE('',(#9876),#9856,.T.);
#9891=EDGE_CURVE('',#5242,#5240,#2555,.T.);
#9893=EDGE_CURVE('',#5240,#5246,#2571,.T.);
#9895=EDGE_CURVE('',#5246,#5244,#2579,.T.);
#9899=ADVANCED_FACE('',(#9898),#9889,.T.);
#9912=EDGE_CURVE('',#5238,#5240,#2575,.T.);
#9915=EDGE_CURVE('',#5234,#5242,#2612,.T.);
#9917=EDGE_CURVE('',#5238,#5234,#2559,.T.);
#9921=ADVANCED_FACE('',(#9920),#9911,.T.);
#9934=EDGE_CURVE('',#5237,#5238,#2563,.T.);
#9936=EDGE_CURVE('',#5246,#5237,#2567,.T.);
#9942=ADVANCED_FACE('',(#9941),#9933,.T.);
#9956=EDGE_CURVE('',#5233,#5237,#2583,.T.);
#9962=ADVANCED_FACE('',(#9961),#9954,.T.);
#9975=EDGE_CURVE('',#5244,#5233,#2587,.T.);
#9982=ADVANCED_FACE('',(#9981),#9974,.T.);
#9997=EDGE_CURVE('',#5193,#5194,#2591,.T.);
#10002=ADVANCED_FACE('',(#10001),#9994,.T.);
#10015=EDGE_CURVE('',#5185,#5186,#2599,.T.);
#10022=ADVANCED_FACE('',(#10021),#10014,.T.);
#10041=ADVANCED_FACE('',(#10040),#10034,.T.);
#10056=EDGE_CURVE('',#5189,#5190,#2616,.T.);
#10061=ADVANCED_FACE('',(#10060),#10053,.T.);
#10074=EDGE_CURVE('',#5181,#5182,#2624,.T.);
#10081=ADVANCED_FACE('',(#10080),#10073,.F.);
#10094=EDGE_CURVE('',#5177,#5178,#2633,.T.);
#10101=ADVANCED_FACE('',(#10100),#10093,.T.);
#10120=ADVANCED_FACE('',(#10119),#10113,.T.);
#10133=EDGE_CURVE('',#5352,#5345,#2646,.T.);
#10135=EDGE_CURVE('',#5345,#5337,#2650,.T.);
#10138=EDGE_CURVE('',#5352,#5338,#2723,.T.);
#10142=ADVANCED_FACE('',(#10141),#10132,.T.);
#10156=EDGE_CURVE('',#5352,#5354,#2658,.T.);
#10158=EDGE_CURVE('',#5354,#5349,#2666,.T.);
#10160=EDGE_CURVE('',#5345,#5349,#2654,.T.);
#10164=ADVANCED_FACE('',(#10163),#10154,.T.);
#10177=EDGE_CURVE('',#5356,#5354,#2670,.T.);
#10180=EDGE_CURVE('',#5358,#5352,#2719,.T.);
#10182=EDGE_CURVE('',#5358,#5356,#2715,.T.);
#10186=ADVANCED_FACE('',(#10185),#10176,.T.);
#10199=EDGE_CURVE('',#5349,#5350,#2662,.T.);
#10203=EDGE_CURVE('',#5350,#5356,#2674,.T.);
#10207=ADVANCED_FACE('',(#10206),#10198,.F.);
#10220=EDGE_CURVE('',#5345,#5346,#2682,.T.);
#10224=EDGE_CURVE('',#5346,#5350,#2678,.T.);
#10228=ADVANCED_FACE('',(#10227),#10219,.T.);
#10242=EDGE_CURVE('',#5346,#5342,#2686,.T.);
#10248=ADVANCED_FACE('',(#10247),#10240,.T.);
#10261=EDGE_CURVE('',#5361,#5362,#2690,.T.);
#10263=EDGE_CURVE('',#5261,#5362,#2814,.T.);
#10265=EDGE_CURVE('',#5253,#5261,#2823,.T.);
#10267=EDGE_CURVE('',#5249,#5253,#2831,.T.);
#10269=EDGE_CURVE('',#5268,#5249,#2836,.T.);
#10273=EDGE_CURVE('',#5274,#5258,#2694,.T.);
#10275=EDGE_CURVE('',#5258,#5266,#2699,.T.);
#10277=EDGE_CURVE('',#5266,#5361,#2703,.T.);
#10281=ADVANCED_FACE('',(#10280),#10260,.T.);
#10294=EDGE_CURVE('',#5346,#5358,#2707,.T.);
#10296=EDGE_CURVE('',#5358,#5340,#2711,.T.);
#10302=ADVANCED_FACE('',(#10301),#10293,.T.);
#10321=ADVANCED_FACE('',(#10320),#10314,.T.);
#10340=ADVANCED_FACE('',(#10339),#10333,.T.);
#10353=EDGE_CURVE('',#5370,#5372,#2727,.T.);
#10355=EDGE_CURVE('',#5265,#5372,#2789,.T.);
#10357=EDGE_CURVE('',#5257,#5265,#2798,.T.);
#10359=EDGE_CURVE('',#5272,#5257,#2802,.T.);
#10363=EDGE_CURVE('',#5270,#5250,#2732,.T.);
#10365=EDGE_CURVE('',#5250,#5254,#2736,.T.);
#10367=EDGE_CURVE('',#5254,#5262,#2741,.T.);
#10369=EDGE_CURVE('',#5262,#5370,#2745,.T.);
#10373=ADVANCED_FACE('',(#10372),#10352,.T.);
#10387=EDGE_CURVE('',#5370,#5368,#2749,.T.);
#10389=EDGE_CURVE('',#5368,#5374,#2765,.T.);
#10391=EDGE_CURVE('',#5374,#5372,#2773,.T.);
#10395=ADVANCED_FACE('',(#10394),#10385,.T.);
#10408=EDGE_CURVE('',#5366,#5368,#2769,.T.);
#10411=EDGE_CURVE('',#5362,#5370,#2806,.T.);
#10413=EDGE_CURVE('',#5366,#5362,#2753,.T.);
#10417=ADVANCED_FACE('',(#10416),#10407,.T.);
#10430=EDGE_CURVE('',#5365,#5366,#2757,.T.);
#10432=EDGE_CURVE('',#5374,#5365,#2761,.T.);
#10438=ADVANCED_FACE('',(#10437),#10429,.T.);
#10452=EDGE_CURVE('',#5361,#5365,#2777,.T.);
#10458=ADVANCED_FACE('',(#10457),#10450,.T.);
#10471=EDGE_CURVE('',#5372,#5361,#2781,.T.);
#10478=ADVANCED_FACE('',(#10477),#10470,.T.);
#10493=EDGE_CURVE('',#5265,#5266,#2785,.T.);
#10498=ADVANCED_FACE('',(#10497),#10490,.T.);
#10511=EDGE_CURVE('',#5257,#5258,#2793,.T.);
#10518=ADVANCED_FACE('',(#10517),#10510,.T.);
#10537=ADVANCED_FACE('',(#10536),#10530,.T.);
#10552=EDGE_CURVE('',#5261,#5262,#2810,.T.);
#10557=ADVANCED_FACE('',(#10556),#10549,.T.);
#10570=EDGE_CURVE('',#5253,#5254,#2818,.T.);
#10577=ADVANCED_FACE('',(#10576),#10569,.F.);
#10590=EDGE_CURVE('',#5249,#5250,#2827,.T.);
#10597=ADVANCED_FACE('',(#10596),#10589,.T.);
#10616=ADVANCED_FACE('',(#10615),#10609,.T.);
#10629=EDGE_CURVE('',#5396,#5389,#2840,.T.);
#10631=EDGE_CURVE('',#5389,#5381,#2844,.T.);
#10634=EDGE_CURVE('',#5396,#5382,#2917,.T.);
#10638=ADVANCED_FACE('',(#10637),#10628,.T.);
#10652=EDGE_CURVE('',#5396,#5398,#2852,.T.);
#10654=EDGE_CURVE('',#5398,#5393,#2860,.T.);
#10656=EDGE_CURVE('',#5389,#5393,#2848,.T.);
#10660=ADVANCED_FACE('',(#10659),#10650,.T.);
#10673=EDGE_CURVE('',#5400,#5398,#2864,.T.);
#10676=EDGE_CURVE('',#5402,#5396,#2913,.T.);
#10678=EDGE_CURVE('',#5402,#5400,#2909,.T.);
#10682=ADVANCED_FACE('',(#10681),#10672,.T.);
#10695=EDGE_CURVE('',#5393,#5394,#2856,.T.);
#10699=EDGE_CURVE('',#5394,#5400,#2868,.T.);
#10703=ADVANCED_FACE('',(#10702),#10694,.F.);
#10716=EDGE_CURVE('',#5389,#5390,#2876,.T.);
#10720=EDGE_CURVE('',#5390,#5394,#2872,.T.);
#10724=ADVANCED_FACE('',(#10723),#10715,.T.);
#10738=EDGE_CURVE('',#5390,#5386,#2880,.T.);
#10744=ADVANCED_FACE('',(#10743),#10736,.T.);
#10757=EDGE_CURVE('',#5405,#5406,#2884,.T.);
#10759=EDGE_CURVE('',#5289,#5406,#3008,.T.);
#10761=EDGE_CURVE('',#5281,#5289,#3017,.T.);
#10763=EDGE_CURVE('',#5277,#5281,#3025,.T.);
#10765=EDGE_CURVE('',#5296,#5277,#3030,.T.);
#10769=EDGE_CURVE('',#5302,#5286,#2888,.T.);
#10771=EDGE_CURVE('',#5286,#5294,#2893,.T.);
#10773=EDGE_CURVE('',#5294,#5405,#2897,.T.);
#10777=ADVANCED_FACE('',(#10776),#10756,.T.);
#10790=EDGE_CURVE('',#5390,#5402,#2901,.T.);
#10792=EDGE_CURVE('',#5402,#5384,#2905,.T.);
#10798=ADVANCED_FACE('',(#10797),#10789,.T.);
#10817=ADVANCED_FACE('',(#10816),#10810,.T.);
#10836=ADVANCED_FACE('',(#10835),#10829,.T.);
#10849=EDGE_CURVE('',#5414,#5416,#2921,.T.);
#10851=EDGE_CURVE('',#5293,#5416,#2983,.T.);
#10853=EDGE_CURVE('',#5285,#5293,#2992,.T.);
#10855=EDGE_CURVE('',#5300,#5285,#2996,.T.);
#10859=EDGE_CURVE('',#5298,#5278,#2926,.T.);
#10861=EDGE_CURVE('',#5278,#5282,#2930,.T.);
#10863=EDGE_CURVE('',#5282,#5290,#2935,.T.);
#10865=EDGE_CURVE('',#5290,#5414,#2939,.T.);
#10869=ADVANCED_FACE('',(#10868),#10848,.T.);
#10883=EDGE_CURVE('',#5414,#5412,#2943,.T.);
#10885=EDGE_CURVE('',#5412,#5418,#2959,.T.);
#10887=EDGE_CURVE('',#5418,#5416,#2967,.T.);
#10891=ADVANCED_FACE('',(#10890),#10881,.T.);
#10904=EDGE_CURVE('',#5410,#5412,#2963,.T.);
#10907=EDGE_CURVE('',#5406,#5414,#3000,.T.);
#10909=EDGE_CURVE('',#5410,#5406,#2947,.T.);
#10913=ADVANCED_FACE('',(#10912),#10903,.T.);
#10926=EDGE_CURVE('',#5409,#5410,#2951,.T.);
#10928=EDGE_CURVE('',#5418,#5409,#2955,.T.);
#10934=ADVANCED_FACE('',(#10933),#10925,.T.);
#10948=EDGE_CURVE('',#5405,#5409,#2971,.T.);
#10954=ADVANCED_FACE('',(#10953),#10946,.T.);
#10967=EDGE_CURVE('',#5416,#5405,#2975,.T.);
#10974=ADVANCED_FACE('',(#10973),#10966,.T.);
#10989=EDGE_CURVE('',#5293,#5294,#2979,.T.);
#10994=ADVANCED_FACE('',(#10993),#10986,.T.);
#11007=EDGE_CURVE('',#5285,#5286,#2987,.T.);
#11014=ADVANCED_FACE('',(#11013),#11006,.T.);
#11033=ADVANCED_FACE('',(#11032),#11026,.T.);
#11048=EDGE_CURVE('',#5289,#5290,#3004,.T.);
#11053=ADVANCED_FACE('',(#11052),#11045,.T.);
#11066=EDGE_CURVE('',#5281,#5282,#3012,.T.);
#11073=ADVANCED_FACE('',(#11072),#11065,.F.);
#11086=EDGE_CURVE('',#5277,#5278,#3021,.T.);
#11093=ADVANCED_FACE('',(#11092),#11085,.T.);
#11112=ADVANCED_FACE('',(#11111),#11105,.T.);
#11125=EDGE_CURVE('',#5440,#5433,#3034,.T.);
#11127=EDGE_CURVE('',#5433,#5425,#3038,.T.);
#11130=EDGE_CURVE('',#5440,#5426,#3111,.T.);
#11134=ADVANCED_FACE('',(#11133),#11124,.T.);
#11148=EDGE_CURVE('',#5440,#5442,#3046,.T.);
#11150=EDGE_CURVE('',#5442,#5437,#3054,.T.);
#11152=EDGE_CURVE('',#5433,#5437,#3042,.T.);
#11156=ADVANCED_FACE('',(#11155),#11146,.T.);
#11169=EDGE_CURVE('',#5444,#5442,#3058,.T.);
#11172=EDGE_CURVE('',#5446,#5440,#3107,.T.);
#11174=EDGE_CURVE('',#5446,#5444,#3103,.T.);
#11178=ADVANCED_FACE('',(#11177),#11168,.T.);
#11191=EDGE_CURVE('',#5437,#5438,#3050,.T.);
#11195=EDGE_CURVE('',#5438,#5444,#3062,.T.);
#11199=ADVANCED_FACE('',(#11198),#11190,.F.);
#11212=EDGE_CURVE('',#5433,#5434,#3070,.T.);
#11216=EDGE_CURVE('',#5434,#5438,#3066,.T.);
#11220=ADVANCED_FACE('',(#11219),#11211,.T.);
#11234=EDGE_CURVE('',#5434,#5430,#3074,.T.);
#11240=ADVANCED_FACE('',(#11239),#11232,.T.);
#11253=EDGE_CURVE('',#5449,#5450,#3078,.T.);
#11255=EDGE_CURVE('',#5317,#5450,#3202,.T.);
#11257=EDGE_CURVE('',#5309,#5317,#3211,.T.);
#11259=EDGE_CURVE('',#5305,#5309,#3219,.T.);
#11261=EDGE_CURVE('',#5324,#5305,#3224,.T.);
#11265=EDGE_CURVE('',#5330,#5314,#3082,.T.);
#11267=EDGE_CURVE('',#5314,#5322,#3087,.T.);
#11269=EDGE_CURVE('',#5322,#5449,#3091,.T.);
#11273=ADVANCED_FACE('',(#11272),#11252,.T.);
#11286=EDGE_CURVE('',#5434,#5446,#3095,.T.);
#11288=EDGE_CURVE('',#5446,#5428,#3099,.T.);
#11294=ADVANCED_FACE('',(#11293),#11285,.T.);
#11313=ADVANCED_FACE('',(#11312),#11306,.T.);
#11332=ADVANCED_FACE('',(#11331),#11325,.T.);
#11345=EDGE_CURVE('',#5458,#5460,#3115,.T.);
#11347=EDGE_CURVE('',#5321,#5460,#3177,.T.);
#11349=EDGE_CURVE('',#5313,#5321,#3186,.T.);
#11351=EDGE_CURVE('',#5328,#5313,#3190,.T.);
#11355=EDGE_CURVE('',#5326,#5306,#3120,.T.);
#11357=EDGE_CURVE('',#5306,#5310,#3124,.T.);
#11359=EDGE_CURVE('',#5310,#5318,#3129,.T.);
#11361=EDGE_CURVE('',#5318,#5458,#3133,.T.);
#11365=ADVANCED_FACE('',(#11364),#11344,.T.);
#11379=EDGE_CURVE('',#5458,#5456,#3137,.T.);
#11381=EDGE_CURVE('',#5456,#5462,#3153,.T.);
#11383=EDGE_CURVE('',#5462,#5460,#3161,.T.);
#11387=ADVANCED_FACE('',(#11386),#11377,.T.);
#11400=EDGE_CURVE('',#5454,#5456,#3157,.T.);
#11403=EDGE_CURVE('',#5450,#5458,#3194,.T.);
#11405=EDGE_CURVE('',#5454,#5450,#3141,.T.);
#11409=ADVANCED_FACE('',(#11408),#11399,.T.);
#11422=EDGE_CURVE('',#5453,#5454,#3145,.T.);
#11424=EDGE_CURVE('',#5462,#5453,#3149,.T.);
#11430=ADVANCED_FACE('',(#11429),#11421,.T.);
#11444=EDGE_CURVE('',#5449,#5453,#3165,.T.);
#11450=ADVANCED_FACE('',(#11449),#11442,.T.);
#11463=EDGE_CURVE('',#5460,#5449,#3169,.T.);
#11470=ADVANCED_FACE('',(#11469),#11462,.T.);
#11485=EDGE_CURVE('',#5321,#5322,#3173,.T.);
#11490=ADVANCED_FACE('',(#11489),#11482,.T.);
#11503=EDGE_CURVE('',#5313,#5314,#3181,.T.);
#11510=ADVANCED_FACE('',(#11509),#11502,.T.);
#11529=ADVANCED_FACE('',(#11528),#11522,.T.);
#11544=EDGE_CURVE('',#5317,#5318,#3198,.T.);
#11549=ADVANCED_FACE('',(#11548),#11541,.T.);
#11562=EDGE_CURVE('',#5309,#5310,#3206,.T.);
#11569=ADVANCED_FACE('',(#11568),#11561,.F.);
#11582=EDGE_CURVE('',#5305,#5306,#3215,.T.);
#11589=ADVANCED_FACE('',(#11588),#11581,.T.);
#11608=ADVANCED_FACE('',(#11607),#11601,.T.);
#11621=EDGE_CURVE('',#5528,#5521,#3228,.T.);
#11623=EDGE_CURVE('',#5521,#5513,#3232,.T.);
#11626=EDGE_CURVE('',#5528,#5514,#3305,.T.);
#11630=ADVANCED_FACE('',(#11629),#11620,.T.);
#11644=EDGE_CURVE('',#5528,#5530,#3240,.T.);
#11646=EDGE_CURVE('',#5530,#5525,#3248,.T.);
#11648=EDGE_CURVE('',#5521,#5525,#3236,.T.);
#11652=ADVANCED_FACE('',(#11651),#11642,.T.);
#11665=EDGE_CURVE('',#5532,#5530,#3252,.T.);
#11668=EDGE_CURVE('',#5534,#5528,#3301,.T.);
#11670=EDGE_CURVE('',#5534,#5532,#3297,.T.);
#11674=ADVANCED_FACE('',(#11673),#11664,.T.);
#11687=EDGE_CURVE('',#5525,#5526,#3244,.T.);
#11691=EDGE_CURVE('',#5526,#5532,#3256,.T.);
#11695=ADVANCED_FACE('',(#11694),#11686,.F.);
#11708=EDGE_CURVE('',#5521,#5522,#3264,.T.);
#11712=EDGE_CURVE('',#5522,#5526,#3260,.T.);
#11716=ADVANCED_FACE('',(#11715),#11707,.T.);
#11730=EDGE_CURVE('',#5522,#5518,#3268,.T.);
#11736=ADVANCED_FACE('',(#11735),#11728,.T.);
#11749=EDGE_CURVE('',#5537,#5538,#3272,.T.);
#11751=EDGE_CURVE('',#5493,#5538,#3396,.T.);
#11753=EDGE_CURVE('',#5485,#5493,#3405,.T.);
#11755=EDGE_CURVE('',#5481,#5485,#3413,.T.);
#11757=EDGE_CURVE('',#5500,#5481,#3418,.T.);
#11761=EDGE_CURVE('',#5506,#5490,#3276,.T.);
#11763=EDGE_CURVE('',#5490,#5498,#3281,.T.);
#11765=EDGE_CURVE('',#5498,#5537,#3285,.T.);
#11769=ADVANCED_FACE('',(#11768),#11748,.T.);
#11782=EDGE_CURVE('',#5522,#5534,#3289,.T.);
#11784=EDGE_CURVE('',#5534,#5516,#3293,.T.);
#11790=ADVANCED_FACE('',(#11789),#11781,.T.);
#11809=ADVANCED_FACE('',(#11808),#11802,.T.);
#11828=ADVANCED_FACE('',(#11827),#11821,.T.);
#11841=EDGE_CURVE('',#5546,#5548,#3309,.T.);
#11843=EDGE_CURVE('',#5497,#5548,#3371,.T.);
#11845=EDGE_CURVE('',#5489,#5497,#3380,.T.);
#11847=EDGE_CURVE('',#5504,#5489,#3384,.T.);
#11851=EDGE_CURVE('',#5502,#5482,#3314,.T.);
#11853=EDGE_CURVE('',#5482,#5486,#3318,.T.);
#11855=EDGE_CURVE('',#5486,#5494,#3323,.T.);
#11857=EDGE_CURVE('',#5494,#5546,#3327,.T.);
#11861=ADVANCED_FACE('',(#11860),#11840,.T.);
#11875=EDGE_CURVE('',#5546,#5544,#3331,.T.);
#11877=EDGE_CURVE('',#5544,#5550,#3347,.T.);
#11879=EDGE_CURVE('',#5550,#5548,#3355,.T.);
#11883=ADVANCED_FACE('',(#11882),#11873,.T.);
#11896=EDGE_CURVE('',#5542,#5544,#3351,.T.);
#11899=EDGE_CURVE('',#5538,#5546,#3388,.T.);
#11901=EDGE_CURVE('',#5542,#5538,#3335,.T.);
#11905=ADVANCED_FACE('',(#11904),#11895,.T.);
#11918=EDGE_CURVE('',#5541,#5542,#3339,.T.);
#11920=EDGE_CURVE('',#5550,#5541,#3343,.T.);
#11926=ADVANCED_FACE('',(#11925),#11917,.T.);
#11940=EDGE_CURVE('',#5537,#5541,#3359,.T.);
#11946=ADVANCED_FACE('',(#11945),#11938,.T.);
#11959=EDGE_CURVE('',#5548,#5537,#3363,.T.);
#11966=ADVANCED_FACE('',(#11965),#11958,.T.);
#11981=EDGE_CURVE('',#5497,#5498,#3367,.T.);
#11986=ADVANCED_FACE('',(#11985),#11978,.T.);
#11999=EDGE_CURVE('',#5489,#5490,#3375,.T.);
#12006=ADVANCED_FACE('',(#12005),#11998,.T.);
#12025=ADVANCED_FACE('',(#12024),#12018,.T.);
#12040=EDGE_CURVE('',#5493,#5494,#3392,.T.);
#12045=ADVANCED_FACE('',(#12044),#12037,.T.);
#12058=EDGE_CURVE('',#5485,#5486,#3400,.T.);
#12065=ADVANCED_FACE('',(#12064),#12057,.F.);
#12078=EDGE_CURVE('',#5481,#5482,#3409,.T.);
#12085=ADVANCED_FACE('',(#12084),#12077,.T.);
#12104=ADVANCED_FACE('',(#12103),#12097,.T.);
#12117=EDGE_CURVE('',#5616,#5609,#3422,.T.);
#12124=ADVANCED_FACE('',(#12123),#12116,.T.);
#12143=ADVANCED_FACE('',(#12142),#12136,.T.);
#12157=EDGE_CURVE('',#5625,#5629,#3438,.T.);
#12159=EDGE_CURVE('',#5629,#5630,#3475,.T.);
#12161=EDGE_CURVE('',#5630,#5626,#3471,.T.);
#12165=ADVANCED_FACE('',(#12164),#12155,.T.);
#12178=EDGE_CURVE('',#5636,#5625,#3442,.T.);
#12180=EDGE_CURVE('',#5638,#5636,#3434,.T.);
#12182=EDGE_CURVE('',#5638,#5629,#3479,.T.);
#12187=ADVANCED_FACE('',(#12186),#12177,.T.);
#12202=EDGE_CURVE('',#5585,#5586,#3446,.T.);
#12207=ADVANCED_FACE('',(#12206),#12199,.T.);
#12220=EDGE_CURVE('',#5577,#5578,#3454,.T.);
#12227=ADVANCED_FACE('',(#12226),#12219,.T.);
#12246=ADVANCED_FACE('',(#12245),#12239,.T.);
#12260=EDGE_CURVE('',#5634,#5632,#3467,.T.);
#12262=EDGE_CURVE('',#5632,#5638,#3483,.T.);
#12267=ADVANCED_FACE('',(#12266),#12258,.T.);
#12280=EDGE_CURVE('',#5630,#5632,#3487,.T.);
#12283=EDGE_CURVE('',#5626,#5634,#3491,.T.);
#12288=ADVANCED_FACE('',(#12287),#12279,.T.);
#12307=ADVANCED_FACE('',(#12306),#12300,.T.);
#12322=EDGE_CURVE('',#5581,#5582,#3495,.T.);
#12327=ADVANCED_FACE('',(#12326),#12319,.T.);
#12340=EDGE_CURVE('',#5573,#5574,#3503,.T.);
#12347=ADVANCED_FACE('',(#12346),#12339,.F.);
#12360=EDGE_CURVE('',#5569,#5570,#3512,.T.);
#12367=ADVANCED_FACE('',(#12366),#12359,.T.);
#12386=ADVANCED_FACE('',(#12385),#12379,.T.);
#12404=EDGE_CURVE('',#4822,#4828,#3529,.T.);
#12406=EDGE_CURVE('',#4821,#4822,#3533,.T.);
#12411=ADVANCED_FACE('',(#12410),#12398,.T.);
#12425=EDGE_CURVE('',#4818,#4822,#3541,.T.);
#12431=ADVANCED_FACE('',(#12430),#12423,.F.);
#12450=ADVANCED_FACE('',(#12449),#12443,.F.);
#12469=ADVANCED_FACE('',(#12468),#12462,.F.);
#12482=EDGE_CURVE('',#5042,#5024,#3565,.T.);
#12484=EDGE_CURVE('',#5024,#5021,#3549,.T.);
#12486=EDGE_CURVE('',#5021,#5022,#3553,.T.);
#12493=ADVANCED_FACE('',(#12492),#12481,.T.);
#12506=EDGE_CURVE('',#5024,#5070,#3561,.T.);
#12513=ADVANCED_FACE('',(#12512),#12505,.T.);
#12529=EDGE_CURVE('',#5028,#5021,#3569,.T.);
#12533=ADVANCED_FACE('',(#12532),#12525,.T.);
#12552=ADVANCED_FACE('',(#12551),#12545,.T.);
#12567=EDGE_CURVE('',#4926,#4914,#3573,.T.);
#12569=EDGE_CURVE('',#4914,#4917,#3581,.T.);
#12573=ADVANCED_FACE('',(#12572),#12564,.F.);
#12587=EDGE_CURVE('',#4924,#4913,#3577,.T.);
#12589=EDGE_CURVE('',#4913,#4914,#3585,.T.);
#12594=ADVANCED_FACE('',(#12593),#12585,.F.);
#12608=EDGE_CURVE('',#4918,#4913,#3589,.T.);
#12614=ADVANCED_FACE('',(#12613),#12606,.F.);
#12633=ADVANCED_FACE('',(#12632),#12626,.T.);
#12652=ADVANCED_FACE('',(#12651),#12645,.F.);
#12671=ADVANCED_FACE('',(#12670),#12664,.F.);
#12687=EDGE_CURVE('',#4958,#4968,#3601,.T.);
#12691=ADVANCED_FACE('',(#12690),#12683,.T.);
#12710=ADVANCED_FACE('',(#12709),#12703,.T.);
#12723=EDGE_CURVE('',#5913,#5721,#3605,.T.);
#12725=EDGE_CURVE('',#5721,#5722,#3614,.T.);
#12727=EDGE_CURVE('',#5915,#5722,#3609,.T.);
#12732=ADVANCED_FACE('',(#12731),#12722,.F.);
#12748=EDGE_CURVE('',#5722,#5721,#3619,.T.);
#12752=ADVANCED_FACE('',(#12751),#12744,.F.);
#12765=EDGE_CURVE('',#5725,#5726,#3623,.T.);
#12767=EDGE_CURVE('',#5734,#5725,#3627,.T.);
#12769=EDGE_CURVE('',#5732,#5734,#3631,.T.);
#12771=EDGE_CURVE('',#5730,#5732,#3635,.T.);
#12773=EDGE_CURVE('',#5728,#5730,#3639,.T.);
#12775=EDGE_CURVE('',#5726,#5728,#3643,.T.);
#12779=ADVANCED_FACE('',(#12778),#12764,.T.);
#12794=EDGE_CURVE('',#5737,#5738,#3663,.T.);
#12799=ADVANCED_FACE('',(#12798),#12791,.T.);
#12812=EDGE_CURVE('',#5741,#5742,#3677,.T.);
#12814=EDGE_CURVE('',#5762,#5741,#3681,.T.);
#12816=EDGE_CURVE('',#5760,#5762,#3685,.T.);
#12818=EDGE_CURVE('',#5758,#5760,#3689,.T.);
#12820=EDGE_CURVE('',#5756,#5758,#3693,.T.);
#12822=EDGE_CURVE('',#5754,#5756,#3697,.T.);
#12824=EDGE_CURVE('',#5752,#5754,#3701,.T.);
#12826=EDGE_CURVE('',#5750,#5752,#3705,.T.);
#12828=EDGE_CURVE('',#5748,#5750,#3709,.T.);
#12830=EDGE_CURVE('',#5746,#5748,#3713,.T.);
#12832=EDGE_CURVE('',#5744,#5746,#3717,.T.);
#12834=EDGE_CURVE('',#5742,#5744,#3721,.T.);
#12838=ADVANCED_FACE('',(#12837),#12811,.T.);
#12851=EDGE_CURVE('',#5767,#5768,#3749,.T.);
#12853=EDGE_CURVE('',#5770,#5767,#3754,.T.);
#12855=EDGE_CURVE('',#5769,#5770,#3759,.T.);
#12857=EDGE_CURVE('',#5768,#5769,#3767,.T.);
#12861=EDGE_CURVE('',#5763,#5764,#3726,.T.);
#12863=EDGE_CURVE('',#5766,#5763,#3731,.T.);
#12865=EDGE_CURVE('',#5765,#5766,#3736,.T.);
#12867=EDGE_CURVE('',#5764,#5765,#3744,.T.);
#12871=ADVANCED_FACE('',(#12860,#12870),#12850,.T.);
#12884=EDGE_CURVE('',#5778,#5779,#3796,.T.);
#12886=EDGE_CURVE('',#5791,#5778,#3800,.T.);
#12888=EDGE_CURVE('',#5789,#5791,#3804,.T.);
#12890=EDGE_CURVE('',#5787,#5789,#3808,.T.);
#12892=EDGE_CURVE('',#5785,#5787,#3812,.T.);
#12894=EDGE_CURVE('',#5783,#5785,#3816,.T.);
#12896=EDGE_CURVE('',#5781,#5783,#3820,.T.);
#12898=EDGE_CURVE('',#5779,#5781,#3824,.T.);
#12902=EDGE_CURVE('',#5771,#5772,#3772,.T.);
#12904=EDGE_CURVE('',#5775,#5771,#3777,.T.);
#12906=EDGE_CURVE('',#5774,#5775,#3782,.T.);
#12908=EDGE_CURVE('',#5773,#5774,#3787,.T.);
#12910=EDGE_CURVE('',#5772,#5773,#3792,.T.);
#12914=ADVANCED_FACE('',(#12901,#12913),#12883,.T.);
#12927=EDGE_CURVE('',#5794,#5795,#3828,.T.);
#12929=EDGE_CURVE('',#5815,#5794,#3832,.T.);
#12931=EDGE_CURVE('',#5813,#5815,#3836,.T.);
#12933=EDGE_CURVE('',#5811,#5813,#3840,.T.);
#12935=EDGE_CURVE('',#5809,#5811,#3844,.T.);
#12937=EDGE_CURVE('',#5807,#5809,#3848,.T.);
#12939=EDGE_CURVE('',#5805,#5807,#3852,.T.);
#12941=EDGE_CURVE('',#5803,#5805,#3856,.T.);
#12943=EDGE_CURVE('',#5801,#5803,#3860,.T.);
#12945=EDGE_CURVE('',#5799,#5801,#3864,.T.);
#12947=EDGE_CURVE('',#5797,#5799,#3868,.T.);
#12949=EDGE_CURVE('',#5795,#5797,#3872,.T.);
#12953=ADVANCED_FACE('',(#12952),#12926,.T.);
#12966=EDGE_CURVE('',#5819,#5820,#3897,.T.);
#12968=EDGE_CURVE('',#5826,#5819,#3905,.T.);
#12970=EDGE_CURVE('',#5825,#5826,#3910,.T.);
#12972=EDGE_CURVE('',#5824,#5825,#3916,.T.);
#12974=EDGE_CURVE('',#5823,#5824,#3921,.T.);
#12976=EDGE_CURVE('',#5822,#5823,#3927,.T.);
#12978=EDGE_CURVE('',#5821,#5822,#3932,.T.);
#12980=EDGE_CURVE('',#5820,#5821,#3937,.T.);
#12984=EDGE_CURVE('',#5816,#5817,#3877,.T.);
#12986=EDGE_CURVE('',#5818,#5816,#3887,.T.);
#12988=EDGE_CURVE('',#5817,#5818,#3892,.T.);
#12992=ADVANCED_FACE('',(#12983,#12991),#12965,.T.);
#13005=EDGE_CURVE('',#5827,#5828,#3942,.T.);
#13007=EDGE_CURVE('',#5830,#5827,#3955,.T.);
#13009=EDGE_CURVE('',#5829,#5830,#3960,.T.);
#13011=EDGE_CURVE('',#5828,#5829,#3974,.T.);
#13015=ADVANCED_FACE('',(#13014),#13004,.T.);
#13028=EDGE_CURVE('',#5831,#5832,#3979,.T.);
#13030=EDGE_CURVE('',#5842,#5831,#3984,.T.);
#13032=EDGE_CURVE('',#5841,#5842,#3989,.T.);
#13034=EDGE_CURVE('',#5840,#5841,#3994,.T.);
#13036=EDGE_CURVE('',#5839,#5840,#3999,.T.);
#13038=EDGE_CURVE('',#5838,#5839,#4005,.T.);
#13040=EDGE_CURVE('',#5837,#5838,#4010,.T.);
#13042=EDGE_CURVE('',#5836,#5837,#4016,.T.);
#13044=EDGE_CURVE('',#5835,#5836,#4021,.T.);
#13046=EDGE_CURVE('',#5834,#5835,#4026,.T.);
#13048=EDGE_CURVE('',#5833,#5834,#4031,.T.);
#13050=EDGE_CURVE('',#5832,#5833,#4036,.T.);
#13054=ADVANCED_FACE('',(#13053),#13027,.T.);
#13067=EDGE_CURVE('',#5845,#5846,#4040,.T.);
#13069=EDGE_CURVE('',#5866,#5845,#4044,.T.);
#13071=EDGE_CURVE('',#5864,#5866,#4048,.T.);
#13073=EDGE_CURVE('',#5862,#5864,#4052,.T.);
#13075=EDGE_CURVE('',#5860,#5862,#4056,.T.);
#13077=EDGE_CURVE('',#5858,#5860,#4060,.T.);
#13079=EDGE_CURVE('',#5856,#5858,#4064,.T.);
#13081=EDGE_CURVE('',#5854,#5856,#4068,.T.);
#13083=EDGE_CURVE('',#5852,#5854,#4072,.T.);
#13085=EDGE_CURVE('',#5850,#5852,#4076,.T.);
#13087=EDGE_CURVE('',#5848,#5850,#4080,.T.);
#13089=EDGE_CURVE('',#5846,#5848,#4084,.T.);
#13093=ADVANCED_FACE('',(#13092),#13066,.T.);
#13106=EDGE_CURVE('',#5871,#5872,#4112,.T.);
#13108=EDGE_CURVE('',#5874,#5871,#4117,.T.);
#13110=EDGE_CURVE('',#5873,#5874,#4122,.T.);
#13112=EDGE_CURVE('',#5872,#5873,#4130,.T.);
#13116=EDGE_CURVE('',#5867,#5868,#4089,.T.);
#13118=EDGE_CURVE('',#5870,#5867,#4094,.T.);
#13120=EDGE_CURVE('',#5869,#5870,#4099,.T.);
#13122=EDGE_CURVE('',#5868,#5869,#4107,.T.);
#13126=ADVANCED_FACE('',(#13115,#13125),#13105,.T.);
#13139=EDGE_CURVE('',#5882,#5883,#4159,.T.);
#13141=EDGE_CURVE('',#5895,#5882,#4163,.T.);
#13143=EDGE_CURVE('',#5893,#5895,#4167,.T.);
#13145=EDGE_CURVE('',#5891,#5893,#4171,.T.);
#13147=EDGE_CURVE('',#5889,#5891,#4175,.T.);
#13149=EDGE_CURVE('',#5887,#5889,#4179,.T.);
#13151=EDGE_CURVE('',#5885,#5887,#4183,.T.);
#13153=EDGE_CURVE('',#5883,#5885,#4187,.T.);
#13157=EDGE_CURVE('',#5875,#5876,#4135,.T.);
#13159=EDGE_CURVE('',#5879,#5875,#4140,.T.);
#13161=EDGE_CURVE('',#5878,#5879,#4145,.T.);
#13163=EDGE_CURVE('',#5877,#5878,#4150,.T.);
#13165=EDGE_CURVE('',#5876,#5877,#4155,.T.);
#13169=ADVANCED_FACE('',(#13156,#13168),#13138,.T.);
#13182=EDGE_CURVE('',#5896,#5897,#4195,.T.);
#13184=EDGE_CURVE('',#5911,#5896,#4202,.T.);
#13186=EDGE_CURVE('',#5910,#5911,#4207,.T.);
#13188=EDGE_CURVE('',#5909,#5910,#4212,.T.);
#13190=EDGE_CURVE('',#5908,#5909,#4217,.T.);
#13192=EDGE_CURVE('',#5907,#5908,#4224,.T.);
#13194=EDGE_CURVE('',#5906,#5907,#4229,.T.);
#13196=EDGE_CURVE('',#5905,#5906,#4236,.T.);
#13198=EDGE_CURVE('',#5904,#5905,#4242,.T.);
#13200=EDGE_CURVE('',#5903,#5904,#4249,.T.);
#13202=EDGE_CURVE('',#5902,#5903,#4255,.T.);
#13204=EDGE_CURVE('',#5901,#5902,#4260,.T.);
#13206=EDGE_CURVE('',#5900,#5901,#4265,.T.);
#13208=EDGE_CURVE('',#5899,#5900,#4270,.T.);
#13210=EDGE_CURVE('',#5898,#5899,#4277,.T.);
#13212=EDGE_CURVE('',#5897,#5898,#4286,.T.);
#13220=ADVANCED_FACE('',(#13215,#13219),#13181,.T.);
#13233=EDGE_CURVE('',#5917,#5725,#4290,.T.);
#13236=EDGE_CURVE('',#5919,#5726,#4310,.T.);
#13241=ADVANCED_FACE('',(#13240),#13232,.T.);
#13256=EDGE_CURVE('',#5927,#5734,#4294,.T.);
#13261=ADVANCED_FACE('',(#13260),#13253,.T.);
#13274=EDGE_CURVE('',#5925,#5732,#4298,.T.);
#13281=ADVANCED_FACE('',(#13280),#13273,.T.);
#13294=EDGE_CURVE('',#5923,#5730,#4302,.T.);
#13301=ADVANCED_FACE('',(#13300),#13293,.T.);
#13314=EDGE_CURVE('',#5921,#5728,#4306,.T.);
#13321=ADVANCED_FACE('',(#13320),#13313,.T.);
#13340=ADVANCED_FACE('',(#13339),#13333,.T.);
#13354=B_SPLINE_CURVE_WITH_KNOTS('',3,(#13348,#13349,#13350,#13351,#13352,
#13353),.UNSPECIFIED.,.F.,.F.,(4,1,1,4),(0.E0,2.791516757936E-1,
7.208483242064E-1,1.E0),.UNSPECIFIED.);
#13367=ADVANCED_FACE('',(#13366),#13360,.F.);
#13380=EDGE_CURVE('',#5937,#5741,#4318,.T.);
#13383=EDGE_CURVE('',#5939,#5742,#4362,.T.);
#13388=ADVANCED_FACE('',(#13387),#13379,.T.);
#13403=EDGE_CURVE('',#5959,#5762,#4322,.T.);
#13408=ADVANCED_FACE('',(#13407),#13400,.T.);
#13421=EDGE_CURVE('',#5957,#5760,#4326,.T.);
#13428=ADVANCED_FACE('',(#13427),#13420,.T.);
#13441=EDGE_CURVE('',#5955,#5758,#4330,.T.);
#13448=ADVANCED_FACE('',(#13447),#13440,.T.);
#13461=EDGE_CURVE('',#5953,#5756,#4334,.T.);
#13468=ADVANCED_FACE('',(#13467),#13460,.T.);
#13481=EDGE_CURVE('',#5951,#5754,#4338,.T.);
#13488=ADVANCED_FACE('',(#13487),#13480,.T.);
#13501=EDGE_CURVE('',#5949,#5752,#4342,.T.);
#13508=ADVANCED_FACE('',(#13507),#13500,.T.);
#13521=EDGE_CURVE('',#5947,#5750,#4346,.T.);
#13528=ADVANCED_FACE('',(#13527),#13520,.T.);
#13541=EDGE_CURVE('',#5945,#5748,#4350,.T.);
#13548=ADVANCED_FACE('',(#13547),#13540,.T.);
#13561=EDGE_CURVE('',#5943,#5746,#4354,.T.);
#13568=ADVANCED_FACE('',(#13567),#13560,.T.);
#13581=EDGE_CURVE('',#5941,#5744,#4358,.T.);
#13588=ADVANCED_FACE('',(#13587),#13580,.T.);
#13607=ADVANCED_FACE('',(#13606),#13600,.T.);
#13621=B_SPLINE_CURVE_WITH_KNOTS('',3,(#13615,#13616,#13617,#13618,#13619,
#13620),.UNSPECIFIED.,.F.,.F.,(4,1,1,4),(0.E0,2.651762406203E-1,
7.348237593797E-1,1.E0),.UNSPECIFIED.);
#13628=EDGE_CURVE('',#5961,#5763,#4366,.T.);
#13631=EDGE_CURVE('',#5963,#5764,#4378,.T.);
#13636=ADVANCED_FACE('',(#13635),#13627,.F.);
#13650=B_SPLINE_CURVE_WITH_KNOTS('',3,(#13644,#13645,#13646,#13647,#13648,
#13649),.UNSPECIFIED.,.F.,.F.,(4,1,1,4),(0.E0,9.059459510094E-2,
9.094054048991E-1,1.E0),.UNSPECIFIED.);
#13659=EDGE_CURVE('',#5967,#5766,#4370,.T.);
#13664=ADVANCED_FACE('',(#13663),#13656,.F.);
#13678=B_SPLINE_CURVE_WITH_KNOTS('',3,(#13672,#13673,#13674,#13675,#13676,
#13677),.UNSPECIFIED.,.F.,.F.,(4,1,1,4),(0.E0,2.701131842631E-1,
7.298868157369E-1,1.E0),.UNSPECIFIED.);
#13685=EDGE_CURVE('',#5965,#5765,#4374,.T.);
#13692=ADVANCED_FACE('',(#13691),#13684,.F.);
#13709=B_SPLINE_CURVE_WITH_KNOTS('',3,(#13700,#13701,#13702,#13703,#13704,
#13705,#13706,#13707,#13708),.UNSPECIFIED.,.F.,.F.,(4,1,1,1,1,1,4),(0.E0,
3.370846680837E-2,2.727084473375E-1,5.078008827445E-1,7.371182549468E-1,
9.673863815281E-1,1.E0),.UNSPECIFIED.);
#13722=ADVANCED_FACE('',(#13721),#13715,.F.);
#13736=B_SPLINE_CURVE_WITH_KNOTS('',3,(#13730,#13731,#13732,#13733,#13734,
#13735),.UNSPECIFIED.,.F.,.F.,(4,1,1,4),(0.E0,1.914059218440E-1,
8.085940781560E-1,1.E0),.UNSPECIFIED.);
#13743=EDGE_CURVE('',#5969,#5767,#4382,.T.);
#13746=EDGE_CURVE('',#5971,#5768,#4394,.T.);
#13751=ADVANCED_FACE('',(#13750),#13742,.F.);
#13765=B_SPLINE_CURVE_WITH_KNOTS('',3,(#13759,#13760,#13761,#13762,#13763,
#13764),.UNSPECIFIED.,.F.,.F.,(4,1,1,4),(0.E0,7.286892695718E-2,
9.271310730428E-1,1.E0),.UNSPECIFIED.);
#13774=EDGE_CURVE('',#5975,#5770,#4386,.T.);
#13779=ADVANCED_FACE('',(#13778),#13771,.F.);
#13793=B_SPLINE_CURVE_WITH_KNOTS('',3,(#13787,#13788,#13789,#13790,#13791,
#13792),.UNSPECIFIED.,.F.,.F.,(4,1,1,4),(0.E0,1.871128426472E-1,
8.128871573528E-1,1.E0),.UNSPECIFIED.);
#13800=EDGE_CURVE('',#5973,#5769,#4390,.T.);
#13807=ADVANCED_FACE('',(#13806),#13799,.F.);
#13824=B_SPLINE_CURVE_WITH_KNOTS('',3,(#13815,#13816,#13817,#13818,#13819,
#13820,#13821,#13822,#13823),.UNSPECIFIED.,.F.,.F.,(4,1,1,1,1,1,4),(0.E0,
2.615053571833E-2,2.633985268220E-1,4.917300421537E-1,7.298506877691E-1,
9.743260171859E-1,1.E0),.UNSPECIFIED.);
#13837=ADVANCED_FACE('',(#13836),#13830,.F.);
#13851=B_SPLINE_CURVE_WITH_KNOTS('',3,(#13845,#13846,#13847,#13848,#13849,
#13850),.UNSPECIFIED.,.F.,.F.,(4,1,1,4),(0.E0,1.923076923077E-2,
9.807692307692E-1,1.E0),.UNSPECIFIED.);
#13858=EDGE_CURVE('',#5977,#5771,#4398,.T.);
#13861=EDGE_CURVE('',#5979,#5772,#4414,.T.);
#13866=ADVANCED_FACE('',(#13865),#13857,.F.);
#13880=B_SPLINE_CURVE_WITH_KNOTS('',3,(#13874,#13875,#13876,#13877,#13878,
#13879),.UNSPECIFIED.,.F.,.F.,(4,1,1,4),(0.E0,1.923076923077E-2,
9.807692307692E-1,1.E0),.UNSPECIFIED.);
#13889=EDGE_CURVE('',#5985,#5775,#4402,.T.);
#13894=ADVANCED_FACE('',(#13893),#13886,.F.);
#13908=B_SPLINE_CURVE_WITH_KNOTS('',3,(#13902,#13903,#13904,#13905,#13906,
#13907),.UNSPECIFIED.,.F.,.F.,(4,1,1,4),(0.E0,1.393052833906E-1,
8.606947166094E-1,1.E0),.UNSPECIFIED.);
#13915=EDGE_CURVE('',#5983,#5774,#4406,.T.);
#13922=ADVANCED_FACE('',(#13921),#13914,.F.);
#13936=B_SPLINE_CURVE_WITH_KNOTS('',3,(#13930,#13931,#13932,#13933,#13934,
#13935),.UNSPECIFIED.,.F.,.F.,(4,1,1,4),(0.E0,1.684997312197E-1,
8.315002687803E-1,1.E0),.UNSPECIFIED.);
#13943=EDGE_CURVE('',#5981,#5773,#4410,.T.);
#13950=ADVANCED_FACE('',(#13949),#13942,.F.);
#13964=B_SPLINE_CURVE_WITH_KNOTS('',3,(#13958,#13959,#13960,#13961,#13962,
#13963),.UNSPECIFIED.,.F.,.F.,(4,1,1,4),(0.E0,1.391867241669E-1,
8.608132758331E-1,1.E0),.UNSPECIFIED.);
#13977=ADVANCED_FACE('',(#13976),#13970,.F.);
#13990=EDGE_CURVE('',#5987,#5778,#4418,.T.);
#13993=EDGE_CURVE('',#5989,#5779,#4446,.T.);
#13998=ADVANCED_FACE('',(#13997),#13989,.T.);
#14013=EDGE_CURVE('',#6001,#5791,#4422,.T.);
#14018=ADVANCED_FACE('',(#14017),#14010,.T.);
#14031=EDGE_CURVE('',#5999,#5789,#4426,.T.);
#14038=ADVANCED_FACE('',(#14037),#14030,.T.);
#14051=EDGE_CURVE('',#5997,#5787,#4430,.T.);
#14058=ADVANCED_FACE('',(#14057),#14050,.T.);
#14071=EDGE_CURVE('',#5995,#5785,#4434,.T.);
#14078=ADVANCED_FACE('',(#14077),#14070,.T.);
#14091=EDGE_CURVE('',#5993,#5783,#4438,.T.);
#14098=ADVANCED_FACE('',(#14097),#14090,.T.);
#14111=EDGE_CURVE('',#5991,#5781,#4442,.T.);
#14118=ADVANCED_FACE('',(#14117),#14110,.T.);
#14137=ADVANCED_FACE('',(#14136),#14130,.T.);
#14150=EDGE_CURVE('',#6003,#5794,#4450,.T.);
#14153=EDGE_CURVE('',#6005,#5795,#4494,.T.);
#14158=ADVANCED_FACE('',(#14157),#14149,.T.);
#14173=EDGE_CURVE('',#6025,#5815,#4454,.T.);
#14178=ADVANCED_FACE('',(#14177),#14170,.T.);
#14191=EDGE_CURVE('',#6023,#5813,#4458,.T.);
#14198=ADVANCED_FACE('',(#14197),#14190,.T.);
#14211=EDGE_CURVE('',#6021,#5811,#4462,.T.);
#14218=ADVANCED_FACE('',(#14217),#14210,.T.);
#14231=EDGE_CURVE('',#6019,#5809,#4466,.T.);
#14238=ADVANCED_FACE('',(#14237),#14230,.T.);
#14251=EDGE_CURVE('',#6017,#5807,#4470,.T.);
#14258=ADVANCED_FACE('',(#14257),#14250,.T.);
#14271=EDGE_CURVE('',#6015,#5805,#4474,.T.);
#14278=ADVANCED_FACE('',(#14277),#14270,.T.);
#14291=EDGE_CURVE('',#6013,#5803,#4478,.T.);
#14298=ADVANCED_FACE('',(#14297),#14290,.T.);
#14311=EDGE_CURVE('',#6011,#5801,#4482,.T.);
#14318=ADVANCED_FACE('',(#14317),#14310,.T.);
#14331=EDGE_CURVE('',#6009,#5799,#4486,.T.);
#14338=ADVANCED_FACE('',(#14337),#14330,.T.);
#14351=EDGE_CURVE('',#6007,#5797,#4490,.T.);
#14358=ADVANCED_FACE('',(#14357),#14350,.T.);
#14377=ADVANCED_FACE('',(#14376),#14370,.T.);
#14391=B_SPLINE_CURVE_WITH_KNOTS('',3,(#14385,#14386,#14387,#14388,#14389,
#14390),.UNSPECIFIED.,.F.,.F.,(4,1,1,4),(0.E0,2.514120221400E-1,
7.485879778600E-1,1.E0),.UNSPECIFIED.);
#14398=EDGE_CURVE('',#6027,#5816,#4498,.T.);
#14401=EDGE_CURVE('',#6029,#5817,#4506,.T.);
#14406=ADVANCED_FACE('',(#14405),#14397,.F.);
#14425=B_SPLINE_CURVE_WITH_KNOTS('',3,(#14414,#14415,#14416,#14417,#14418,
#14419,#14420,#14421,#14422,#14423,#14424),.UNSPECIFIED.,.F.,.F.,(4,1,1,1,1,1,1,
1,4),(0.E0,5.695666660041E-2,2.162381105963E-1,3.353624190877E-1,
4.476853446299E-1,5.723498961351E-1,7.551825452641E-1,9.470668027645E-1,1.E0),
.UNSPECIFIED.);
#14434=EDGE_CURVE('',#6031,#5818,#4502,.T.);
#14439=ADVANCED_FACE('',(#14438),#14431,.F.);
#14453=B_SPLINE_CURVE_WITH_KNOTS('',3,(#14447,#14448,#14449,#14450,#14451,
#14452),.UNSPECIFIED.,.F.,.F.,(4,1,1,4),(0.E0,1.923076923077E-2,
9.807692307692E-1,1.E0),.UNSPECIFIED.);
#14466=ADVANCED_FACE('',(#14465),#14459,.F.);
#14480=B_SPLINE_CURVE_WITH_KNOTS('',3,(#14474,#14475,#14476,#14477,#14478,
#14479),.UNSPECIFIED.,.F.,.F.,(4,1,1,4),(0.E0,1.923076923077E-2,
9.807692307692E-1,1.E0),.UNSPECIFIED.);
#14487=EDGE_CURVE('',#6033,#5819,#4510,.T.);
#14490=EDGE_CURVE('',#6035,#5820,#4538,.T.);
#14495=ADVANCED_FACE('',(#14494),#14486,.F.);
#14512=B_SPLINE_CURVE_WITH_KNOTS('',3,(#14503,#14504,#14505,#14506,#14507,
#14508,#14509,#14510,#14511),.UNSPECIFIED.,.F.,.F.,(4,1,1,1,1,1,4),(0.E0,
4.421910455620E-2,2.964591568325E-1,4.683245521689E-1,6.296677220811E-1,
9.571660144424E-1,1.E0),.UNSPECIFIED.);
#14521=EDGE_CURVE('',#6047,#5826,#4514,.T.);
#14526=ADVANCED_FACE('',(#14525),#14518,.F.);
#14540=B_SPLINE_CURVE_WITH_KNOTS('',3,(#14534,#14535,#14536,#14537,#14538,
#14539),.UNSPECIFIED.,.F.,.F.,(4,1,1,4),(0.E0,2.219490877309E-1,
7.780509122691E-1,1.E0),.UNSPECIFIED.);
#14547=EDGE_CURVE('',#6045,#5825,#4518,.T.);
#14554=ADVANCED_FACE('',(#14553),#14546,.F.);
#14569=B_SPLINE_CURVE_WITH_KNOTS('',3,(#14562,#14563,#14564,#14565,#14566,
#14567,#14568),.UNSPECIFIED.,.F.,.F.,(4,1,1,1,4),(0.E0,8.030841268386E-2,
4.819972440499E-1,9.237538290550E-1,1.E0),.UNSPECIFIED.);
#14576=EDGE_CURVE('',#6043,#5824,#4522,.T.);
#14583=ADVANCED_FACE('',(#14582),#14575,.F.);
#14597=B_SPLINE_CURVE_WITH_KNOTS('',3,(#14591,#14592,#14593,#14594,#14595,
#14596),.UNSPECIFIED.,.F.,.F.,(4,1,1,4),(0.E0,2.918471516450E-1,
7.081528483550E-1,1.E0),.UNSPECIFIED.);
#14604=EDGE_CURVE('',#6041,#5823,#4526,.T.);
#14611=ADVANCED_FACE('',(#14610),#14603,.F.);
#14626=B_SPLINE_CURVE_WITH_KNOTS('',3,(#14619,#14620,#14621,#14622,#14623,
#14624,#14625),.UNSPECIFIED.,.F.,.F.,(4,1,1,1,4),(0.E0,6.340071004390E-2,
4.174436941325E-1,9.376238143493E-1,1.E0),.UNSPECIFIED.);
#14633=EDGE_CURVE('',#6039,#5822,#4530,.T.);
#14640=ADVANCED_FACE('',(#14639),#14632,.F.);
#14654=B_SPLINE_CURVE_WITH_KNOTS('',3,(#14648,#14649,#14650,#14651,#14652,
#14653),.UNSPECIFIED.,.F.,.F.,(4,1,1,4),(0.E0,1.353518919854E-1,
8.646481080146E-1,1.E0),.UNSPECIFIED.);
#14661=EDGE_CURVE('',#6037,#5821,#4534,.T.);
#14668=ADVANCED_FACE('',(#14667),#14660,.F.);
#14682=B_SPLINE_CURVE_WITH_KNOTS('',3,(#14676,#14677,#14678,#14679,#14680,
#14681),.UNSPECIFIED.,.F.,.F.,(4,1,1,4),(0.E0,2.883169170891E-1,
7.116830829109E-1,1.E0),.UNSPECIFIED.);
#14695=ADVANCED_FACE('',(#14694),#14688,.F.);
#14709=B_SPLINE_CURVE_WITH_KNOTS('',3,(#14703,#14704,#14705,#14706,#14707,
#14708),.UNSPECIFIED.,.F.,.F.,(4,1,1,4),(0.E0,2.843855144815E-1,
7.156144855185E-1,1.E0),.UNSPECIFIED.);
#14716=EDGE_CURVE('',#6049,#5827,#4542,.T.);
#14719=EDGE_CURVE('',#6051,#5828,#4554,.T.);
#14724=ADVANCED_FACE('',(#14723),#14715,.F.);
#14746=B_SPLINE_CURVE_WITH_KNOTS('',3,(#14732,#14733,#14734,#14735,#14736,
#14737,#14738,#14739,#14740,#14741,#14742,#14743,#14744,#14745),.UNSPECIFIED.,
.F.,.F.,(4,1,1,1,1,1,1,1,1,1,1,4),(0.E0,2.821016580272E-2,1.682034578707E-1,
2.819457832229E-1,3.304206530585E-1,4.244071994781E-1,5.409226253441E-1,
6.172320768515E-1,7.281790527363E-1,8.607918964463E-1,9.717153999801E-1,1.E0),
.UNSPECIFIED.);
#14755=EDGE_CURVE('',#6055,#5830,#4546,.T.);
#14760=ADVANCED_FACE('',(#14759),#14752,.F.);
#14774=B_SPLINE_CURVE_WITH_KNOTS('',3,(#14768,#14769,#14770,#14771,#14772,
#14773),.UNSPECIFIED.,.F.,.F.,(4,1,1,4),(0.E0,2.918471516519E-1,
7.081528483481E-1,1.E0),.UNSPECIFIED.);
#14781=EDGE_CURVE('',#6053,#5829,#4550,.T.);
#14788=ADVANCED_FACE('',(#14787),#14780,.F.);
#14811=B_SPLINE_CURVE_WITH_KNOTS('',3,(#14796,#14797,#14798,#14799,#14800,
#14801,#14802,#14803,#14804,#14805,#14806,#14807,#14808,#14809,#14810),
.UNSPECIFIED.,.F.,.F.,(4,1,1,1,1,1,1,1,1,1,1,1,4),(0.E0,2.774459312584E-2,
1.483222476029E-1,2.136219988489E-1,2.642814532548E-1,3.102070727954E-1,
3.972834860970E-1,5.162532031920E-1,5.963324282952E-1,7.076042019180E-1,
8.454235621148E-1,9.721041903715E-1,1.E0),.UNSPECIFIED.);
#14824=ADVANCED_FACE('',(#14823),#14817,.F.);
#14838=B_SPLINE_CURVE_WITH_KNOTS('',3,(#14832,#14833,#14834,#14835,#14836,
#14837),.UNSPECIFIED.,.F.,.F.,(4,1,1,4),(0.E0,1.923076923077E-2,
9.807692307692E-1,1.E0),.UNSPECIFIED.);
#14845=EDGE_CURVE('',#6057,#5831,#4558,.T.);
#14848=EDGE_CURVE('',#6059,#5832,#4602,.T.);
#14853=ADVANCED_FACE('',(#14852),#14844,.F.);
#14867=B_SPLINE_CURVE_WITH_KNOTS('',3,(#14861,#14862,#14863,#14864,#14865,
#14866),.UNSPECIFIED.,.F.,.F.,(4,1,1,4),(0.E0,1.923076923077E-2,
9.807692307692E-1,1.E0),.UNSPECIFIED.);
#14876=EDGE_CURVE('',#6079,#5842,#4562,.T.);
#14881=ADVANCED_FACE('',(#14880),#14873,.F.);
#14895=B_SPLINE_CURVE_WITH_KNOTS('',3,(#14889,#14890,#14891,#14892,#14893,
#14894),.UNSPECIFIED.,.F.,.F.,(4,1,1,4),(0.E0,1.148508333206E-1,
8.851491666794E-1,1.E0),.UNSPECIFIED.);
#14902=EDGE_CURVE('',#6077,#5841,#4566,.T.);
#14909=ADVANCED_FACE('',(#14908),#14901,.F.);
#14923=B_SPLINE_CURVE_WITH_KNOTS('',3,(#14917,#14918,#14919,#14920,#14921,
#14922),.UNSPECIFIED.,.F.,.F.,(4,1,1,4),(0.E0,2.839016148783E-1,
7.160983851217E-1,1.E0),.UNSPECIFIED.);
#14930=EDGE_CURVE('',#6075,#5840,#4570,.T.);
#14937=ADVANCED_FACE('',(#14936),#14929,.F.);
#14951=B_SPLINE_CURVE_WITH_KNOTS('',3,(#14945,#14946,#14947,#14948,#14949,
#14950),.UNSPECIFIED.,.F.,.F.,(4,1,1,4),(0.E0,8.090882509254E-2,
9.190911749075E-1,1.E0),.UNSPECIFIED.);
#14958=EDGE_CURVE('',#6073,#5839,#4574,.T.);
#14965=ADVANCED_FACE('',(#14964),#14957,.F.);
#14980=B_SPLINE_CURVE_WITH_KNOTS('',3,(#14973,#14974,#14975,#14976,#14977,
#14978,#14979),.UNSPECIFIED.,.F.,.F.,(4,1,1,1,4),(0.E0,8.950988727428E-2,
7.561815525343E-1,9.147552127857E-1,1.E0),.UNSPECIFIED.);
#14987=EDGE_CURVE('',#6071,#5838,#4578,.T.);
#14994=ADVANCED_FACE('',(#14993),#14986,.F.);
#15008=B_SPLINE_CURVE_WITH_KNOTS('',3,(#15002,#15003,#15004,#15005,#15006,
#15007),.UNSPECIFIED.,.F.,.F.,(4,1,1,4),(0.E0,1.923076923077E-2,
9.807692307692E-1,1.E0),.UNSPECIFIED.);
#15015=EDGE_CURVE('',#6069,#5837,#4582,.T.);
#15022=ADVANCED_FACE('',(#15021),#15014,.F.);
#15037=B_SPLINE_CURVE_WITH_KNOTS('',3,(#15030,#15031,#15032,#15033,#15034,
#15035,#15036),.UNSPECIFIED.,.F.,.F.,(4,1,1,1,4),(0.E0,1.407033619723E-1,
3.648843952940E-1,8.693621803874E-1,1.E0),.UNSPECIFIED.);
#15044=EDGE_CURVE('',#6067,#5836,#4586,.T.);
#15051=ADVANCED_FACE('',(#15050),#15043,.F.);
#15065=B_SPLINE_CURVE_WITH_KNOTS('',3,(#15059,#15060,#15061,#15062,#15063,
#15064),.UNSPECIFIED.,.F.,.F.,(4,1,1,4),(0.E0,2.737418388744E-1,
7.262581611256E-1,1.E0),.UNSPECIFIED.);
#15072=EDGE_CURVE('',#6065,#5835,#4590,.T.);
#15079=ADVANCED_FACE('',(#15078),#15071,.F.);
#15093=B_SPLINE_CURVE_WITH_KNOTS('',3,(#15087,#15088,#15089,#15090,#15091,
#15092),.UNSPECIFIED.,.F.,.F.,(4,1,1,4),(0.E0,9.109689215726E-2,
9.089031078427E-1,1.E0),.UNSPECIFIED.);
#15100=EDGE_CURVE('',#6063,#5834,#4594,.T.);
#15107=ADVANCED_FACE('',(#15106),#15099,.F.);
#15121=B_SPLINE_CURVE_WITH_KNOTS('',3,(#15115,#15116,#15117,#15118,#15119,
#15120),.UNSPECIFIED.,.F.,.F.,(4,1,1,4),(0.E0,2.745580630548E-1,
7.254419369452E-1,1.E0),.UNSPECIFIED.);
#15128=EDGE_CURVE('',#6061,#5833,#4598,.T.);
#15135=ADVANCED_FACE('',(#15134),#15127,.F.);
#15149=B_SPLINE_CURVE_WITH_KNOTS('',3,(#15143,#15144,#15145,#15146,#15147,
#15148),.UNSPECIFIED.,.F.,.F.,(4,1,1,4),(0.E0,1.154393728906E-1,
8.845606271094E-1,1.E0),.UNSPECIFIED.);
#15162=ADVANCED_FACE('',(#15161),#15155,.F.);
#15175=EDGE_CURVE('',#6081,#5845,#4606,.T.);
#15178=EDGE_CURVE('',#6083,#5846,#4650,.T.);
#15183=ADVANCED_FACE('',(#15182),#15174,.T.);
#15198=EDGE_CURVE('',#6103,#5866,#4610,.T.);
#15203=ADVANCED_FACE('',(#15202),#15195,.T.);
#15216=EDGE_CURVE('',#6101,#5864,#4614,.T.);
#15223=ADVANCED_FACE('',(#15222),#15215,.T.);
#15236=EDGE_CURVE('',#6099,#5862,#4618,.T.);
#15243=ADVANCED_FACE('',(#15242),#15235,.T.);
#15256=EDGE_CURVE('',#6097,#5860,#4622,.T.);
#15263=ADVANCED_FACE('',(#15262),#15255,.T.);
#15276=EDGE_CURVE('',#6095,#5858,#4626,.T.);
#15283=ADVANCED_FACE('',(#15282),#15275,.T.);
#15296=EDGE_CURVE('',#6093,#5856,#4630,.T.);
#15303=ADVANCED_FACE('',(#15302),#15295,.T.);
#15316=EDGE_CURVE('',#6091,#5854,#4634,.T.);
#15323=ADVANCED_FACE('',(#15322),#15315,.T.);
#15336=EDGE_CURVE('',#6089,#5852,#4638,.T.);
#15343=ADVANCED_FACE('',(#15342),#15335,.T.);
#15356=EDGE_CURVE('',#6087,#5850,#4642,.T.);
#15363=ADVANCED_FACE('',(#15362),#15355,.T.);
#15376=EDGE_CURVE('',#6085,#5848,#4646,.T.);
#15383=ADVANCED_FACE('',(#15382),#15375,.T.);
#15402=ADVANCED_FACE('',(#15401),#15395,.T.);
#15416=B_SPLINE_CURVE_WITH_KNOTS('',3,(#15410,#15411,#15412,#15413,#15414,
#15415),.UNSPECIFIED.,.F.,.F.,(4,1,1,4),(0.E0,2.651762406148E-1,
7.348237593852E-1,1.E0),.UNSPECIFIED.);
#15423=EDGE_CURVE('',#6105,#5867,#4654,.T.);
#15426=EDGE_CURVE('',#6107,#5868,#4666,.T.);
#15431=ADVANCED_FACE('',(#15430),#15422,.F.);
#15445=B_SPLINE_CURVE_WITH_KNOTS('',3,(#15439,#15440,#15441,#15442,#15443,
#15444),.UNSPECIFIED.,.F.,.F.,(4,1,1,4),(0.E0,9.059459510094E-2,
9.094054048991E-1,1.E0),.UNSPECIFIED.);
#15454=EDGE_CURVE('',#6111,#5870,#4658,.T.);
#15459=ADVANCED_FACE('',(#15458),#15451,.F.);
#15473=B_SPLINE_CURVE_WITH_KNOTS('',3,(#15467,#15468,#15469,#15470,#15471,
#15472),.UNSPECIFIED.,.F.,.F.,(4,1,1,4),(0.E0,2.701131842631E-1,
7.298868157369E-1,1.E0),.UNSPECIFIED.);
#15480=EDGE_CURVE('',#6109,#5869,#4662,.T.);
#15487=ADVANCED_FACE('',(#15486),#15479,.F.);
#15504=B_SPLINE_CURVE_WITH_KNOTS('',3,(#15495,#15496,#15497,#15498,#15499,
#15500,#15501,#15502,#15503),.UNSPECIFIED.,.F.,.F.,(4,1,1,1,1,1,4),(0.E0,
3.370846680872E-2,2.727084473399E-1,5.078008827520E-1,7.371182549495E-1,
9.673863815279E-1,1.E0),.UNSPECIFIED.);
#15517=ADVANCED_FACE('',(#15516),#15510,.F.);
#15531=B_SPLINE_CURVE_WITH_KNOTS('',3,(#15525,#15526,#15527,#15528,#15529,
#15530),.UNSPECIFIED.,.F.,.F.,(4,1,1,4),(0.E0,1.914059218440E-1,
8.085940781560E-1,1.E0),.UNSPECIFIED.);
#15538=EDGE_CURVE('',#6113,#5871,#4670,.T.);
#15541=EDGE_CURVE('',#6115,#5872,#4682,.T.);
#15546=ADVANCED_FACE('',(#15545),#15537,.F.);
#15560=B_SPLINE_CURVE_WITH_KNOTS('',3,(#15554,#15555,#15556,#15557,#15558,
#15559),.UNSPECIFIED.,.F.,.F.,(4,1,1,4),(0.E0,7.286892695718E-2,
9.271310730428E-1,1.E0),.UNSPECIFIED.);
#15569=EDGE_CURVE('',#6119,#5874,#4674,.T.);
#15574=ADVANCED_FACE('',(#15573),#15566,.F.);
#15588=B_SPLINE_CURVE_WITH_KNOTS('',3,(#15582,#15583,#15584,#15585,#15586,
#15587),.UNSPECIFIED.,.F.,.F.,(4,1,1,4),(0.E0,1.871128426500E-1,
8.128871573500E-1,1.E0),.UNSPECIFIED.);
#15595=EDGE_CURVE('',#6117,#5873,#4678,.T.);
#15602=ADVANCED_FACE('',(#15601),#15594,.F.);
#15619=B_SPLINE_CURVE_WITH_KNOTS('',3,(#15610,#15611,#15612,#15613,#15614,
#15615,#15616,#15617,#15618),.UNSPECIFIED.,.F.,.F.,(4,1,1,1,1,1,4),(0.E0,
2.615053571835E-2,2.633985268208E-1,4.917300421580E-1,7.298506877713E-1,
9.743260171858E-1,1.E0),.UNSPECIFIED.);
#15632=ADVANCED_FACE('',(#15631),#15625,.F.);
#15646=B_SPLINE_CURVE_WITH_KNOTS('',3,(#15640,#15641,#15642,#15643,#15644,
#15645),.UNSPECIFIED.,.F.,.F.,(4,1,1,4),(0.E0,1.923076923077E-2,
9.807692307692E-1,1.E0),.UNSPECIFIED.);
#15653=EDGE_CURVE('',#6121,#5875,#4686,.T.);
#15656=EDGE_CURVE('',#6123,#5876,#4702,.T.);
#15661=ADVANCED_FACE('',(#15660),#15652,.F.);
#15675=B_SPLINE_CURVE_WITH_KNOTS('',3,(#15669,#15670,#15671,#15672,#15673,
#15674),.UNSPECIFIED.,.F.,.F.,(4,1,1,4),(0.E0,1.923076923077E-2,
9.807692307692E-1,1.E0),.UNSPECIFIED.);
#15684=EDGE_CURVE('',#6129,#5879,#4690,.T.);
#15689=ADVANCED_FACE('',(#15688),#15681,.F.);
#15703=B_SPLINE_CURVE_WITH_KNOTS('',3,(#15697,#15698,#15699,#15700,#15701,
#15702),.UNSPECIFIED.,.F.,.F.,(4,1,1,4),(0.E0,1.393052833914E-1,
8.606947166086E-1,1.E0),.UNSPECIFIED.);
#15710=EDGE_CURVE('',#6127,#5878,#4694,.T.);
#15717=ADVANCED_FACE('',(#15716),#15709,.F.);
#15731=B_SPLINE_CURVE_WITH_KNOTS('',3,(#15725,#15726,#15727,#15728,#15729,
#15730),.UNSPECIFIED.,.F.,.F.,(4,1,1,4),(0.E0,1.684997312197E-1,
8.315002687803E-1,1.E0),.UNSPECIFIED.);
#15738=EDGE_CURVE('',#6125,#5877,#4698,.T.);
#15745=ADVANCED_FACE('',(#15744),#15737,.F.);
#15759=B_SPLINE_CURVE_WITH_KNOTS('',3,(#15753,#15754,#15755,#15756,#15757,
#15758),.UNSPECIFIED.,.F.,.F.,(4,1,1,4),(0.E0,1.391867241661E-1,
8.608132758339E-1,1.E0),.UNSPECIFIED.);
#15772=ADVANCED_FACE('',(#15771),#15765,.F.);
#15785=EDGE_CURVE('',#6131,#5882,#4706,.T.);
#15788=EDGE_CURVE('',#6133,#5883,#4734,.T.);
#15793=ADVANCED_FACE('',(#15792),#15784,.T.);
#15808=EDGE_CURVE('',#6145,#5895,#4710,.T.);
#15813=ADVANCED_FACE('',(#15812),#15805,.T.);
#15826=EDGE_CURVE('',#6143,#5893,#4714,.T.);
#15833=ADVANCED_FACE('',(#15832),#15825,.T.);
#15846=EDGE_CURVE('',#6141,#5891,#4718,.T.);
#15853=ADVANCED_FACE('',(#15852),#15845,.T.);
#15866=EDGE_CURVE('',#6139,#5889,#4722,.T.);
#15873=ADVANCED_FACE('',(#15872),#15865,.T.);
#15886=EDGE_CURVE('',#6137,#5887,#4726,.T.);
#15893=ADVANCED_FACE('',(#15892),#15885,.T.);
#15906=EDGE_CURVE('',#6135,#5885,#4730,.T.);
#15913=ADVANCED_FACE('',(#15912),#15905,.T.);
#15932=ADVANCED_FACE('',(#15931),#15925,.T.);
#15949=B_SPLINE_CURVE_WITH_KNOTS('',3,(#15940,#15941,#15942,#15943,#15944,
#15945,#15946,#15947,#15948),.UNSPECIFIED.,.F.,.F.,(4,1,1,1,1,1,4),(0.E0,
1.379025339575E-2,2.303489452326E-1,5.598576261590E-1,8.454089262318E-1,
9.862296687026E-1,1.E0),.UNSPECIFIED.);
#15956=EDGE_CURVE('',#6147,#5896,#4738,.T.);
#15959=EDGE_CURVE('',#6149,#5897,#4798,.T.);
#15964=ADVANCED_FACE('',(#15963),#15955,.T.);
#15980=B_SPLINE_CURVE_WITH_KNOTS('',3,(#15972,#15973,#15974,#15975,#15976,
#15977,#15978,#15979),.UNSPECIFIED.,.F.,.F.,(4,1,1,1,1,4),(0.E0,
1.642236158144E-2,2.834883873332E-1,5.516922332606E-1,9.836582446704E-1,1.E0),
.UNSPECIFIED.);
#15989=EDGE_CURVE('',#6177,#5911,#4742,.T.);
#15994=ADVANCED_FACE('',(#15993),#15986,.T.);
#16008=B_SPLINE_CURVE_WITH_KNOTS('',3,(#16002,#16003,#16004,#16005,#16006,
#16007),.UNSPECIFIED.,.F.,.F.,(4,1,1,4),(0.E0,1.923076923077E-2,
9.807692307692E-1,1.E0),.UNSPECIFIED.);
#16015=EDGE_CURVE('',#6175,#5910,#4746,.T.);
#16022=ADVANCED_FACE('',(#16021),#16014,.T.);
#16036=B_SPLINE_CURVE_WITH_KNOTS('',3,(#16030,#16031,#16032,#16033,#16034,
#16035),.UNSPECIFIED.,.F.,.F.,(4,1,1,4),(0.E0,1.923076923077E-2,
9.807692307692E-1,1.E0),.UNSPECIFIED.);
#16043=EDGE_CURVE('',#6173,#5909,#4750,.T.);
#16050=ADVANCED_FACE('',(#16049),#16042,.T.);
#16064=B_SPLINE_CURVE_WITH_KNOTS('',3,(#16058,#16059,#16060,#16061,#16062,
#16063),.UNSPECIFIED.,.F.,.F.,(4,1,1,4),(0.E0,1.558211057220E-1,
8.441788942780E-1,1.E0),.UNSPECIFIED.);
#16071=EDGE_CURVE('',#6171,#5908,#4754,.T.);
#16078=ADVANCED_FACE('',(#16077),#16070,.T.);
#16094=B_SPLINE_CURVE_WITH_KNOTS('',3,(#16086,#16087,#16088,#16089,#16090,
#16091,#16092,#16093),.UNSPECIFIED.,.F.,.F.,(4,1,1,1,1,4),(0.E0,
6.042940898054E-2,1.182736983144E-1,5.351789437035E-1,9.388599050362E-1,1.E0),
.UNSPECIFIED.);
#16101=EDGE_CURVE('',#6169,#5907,#4758,.T.);
#16108=ADVANCED_FACE('',(#16107),#16100,.T.);
#16122=B_SPLINE_CURVE_WITH_KNOTS('',3,(#16116,#16117,#16118,#16119,#16120,
#16121),.UNSPECIFIED.,.F.,.F.,(4,1,1,4),(0.E0,1.738886548522E-1,
8.261113451478E-1,1.E0),.UNSPECIFIED.);
#16129=EDGE_CURVE('',#6167,#5906,#4762,.T.);
#16136=ADVANCED_FACE('',(#16135),#16128,.T.);
#16152=B_SPLINE_CURVE_WITH_KNOTS('',3,(#16144,#16145,#16146,#16147,#16148,
#16149,#16150,#16151),.UNSPECIFIED.,.F.,.F.,(4,1,1,1,1,4),(0.E0,
2.727325824189E-2,6.097455858315E-2,5.256681074127E-1,9.728461830712E-1,1.E0),
.UNSPECIFIED.);
#16159=EDGE_CURVE('',#6165,#5905,#4766,.T.);
#16166=ADVANCED_FACE('',(#16165),#16158,.T.);
#16181=B_SPLINE_CURVE_WITH_KNOTS('',3,(#16174,#16175,#16176,#16177,#16178,
#16179,#16180),.UNSPECIFIED.,.F.,.F.,(4,1,1,1,4),(0.E0,1.766305079039E-2,
4.688091887845E-1,9.824766702174E-1,1.E0),.UNSPECIFIED.);
#16188=EDGE_CURVE('',#6163,#5904,#4770,.T.);
#16195=ADVANCED_FACE('',(#16194),#16187,.T.);
#16211=B_SPLINE_CURVE_WITH_KNOTS('',3,(#16203,#16204,#16205,#16206,#16207,
#16208,#16209,#16210),.UNSPECIFIED.,.F.,.F.,(4,1,1,1,1,4),(0.E0,
2.010165839490E-2,3.643201975128E-1,8.075240894125E-1,9.801461505733E-1,1.E0),
.UNSPECIFIED.);
#16218=EDGE_CURVE('',#6161,#5903,#4774,.T.);
#16225=ADVANCED_FACE('',(#16224),#16217,.T.);
#16240=B_SPLINE_CURVE_WITH_KNOTS('',3,(#16233,#16234,#16235,#16236,#16237,
#16238,#16239),.UNSPECIFIED.,.F.,.F.,(4,1,1,1,4),(0.E0,3.004182737092E-2,
4.226348877989E-1,9.702192946402E-1,1.E0),.UNSPECIFIED.);
#16247=EDGE_CURVE('',#6159,#5902,#4778,.T.);
#16254=ADVANCED_FACE('',(#16253),#16246,.T.);
#16268=B_SPLINE_CURVE_WITH_KNOTS('',3,(#16262,#16263,#16264,#16265,#16266,
#16267),.UNSPECIFIED.,.F.,.F.,(4,1,1,4),(0.E0,6.848747513343E-2,
9.315125248666E-1,1.E0),.UNSPECIFIED.);
#16275=EDGE_CURVE('',#6157,#5901,#4782,.T.);
#16282=ADVANCED_FACE('',(#16281),#16274,.T.);
#16296=B_SPLINE_CURVE_WITH_KNOTS('',3,(#16290,#16291,#16292,#16293,#16294,
#16295),.UNSPECIFIED.,.F.,.F.,(4,1,1,4),(0.E0,1.404929600255E-1,
8.595070399745E-1,1.E0),.UNSPECIFIED.);
#16303=EDGE_CURVE('',#6155,#5900,#4786,.T.);
#16310=ADVANCED_FACE('',(#16309),#16302,.T.);
#16324=B_SPLINE_CURVE_WITH_KNOTS('',3,(#16318,#16319,#16320,#16321,#16322,
#16323),.UNSPECIFIED.,.F.,.F.,(4,1,1,4),(0.E0,6.579377083165E-2,
9.342062291684E-1,1.E0),.UNSPECIFIED.);
#16331=EDGE_CURVE('',#6153,#5899,#4790,.T.);
#16338=ADVANCED_FACE('',(#16337),#16330,.T.);
#16354=B_SPLINE_CURVE_WITH_KNOTS('',3,(#16346,#16347,#16348,#16349,#16350,
#16351,#16352,#16353),.UNSPECIFIED.,.F.,.F.,(4,1,1,1,1,4),(0.E0,
2.304022103558E-2,4.385429277230E-1,9.415086934162E-1,9.770737437799E-1,1.E0),
.UNSPECIFIED.);
#16361=EDGE_CURVE('',#6151,#5898,#4794,.T.);
#16368=ADVANCED_FACE('',(#16367),#16360,.T.);
#16386=B_SPLINE_CURVE_WITH_KNOTS('',3,(#16376,#16377,#16378,#16379,#16380,
#16381,#16382,#16383,#16384,#16385),.UNSPECIFIED.,.F.,.F.,(4,1,1,1,1,1,1,4),(
0.E0,1.242543473513E-2,5.921975048126E-2,3.118011645211E-1,5.617337301270E-1,
7.984980911578E-1,9.875970186251E-1,1.E0),.UNSPECIFIED.);
#16399=ADVANCED_FACE('',(#16398),#16392,.T.);
#16407=CLOSED_SHELL('',(#6207,#6237,#6272,#6554,#6573,#6596,#6621,#6642,#6665,
#6690,#6720,#6742,#6767,#6792,#6814,#6837,#6868,#6893,#6914,#6953,#6998,#7034,
#7056,#7078,#7107,#7138,#7163,#7188,#7210,#7231,#7254,#7290,#7310,#7334,#7380,
#7407,#7430,#7453,#7476,#7499,#7526,#7549,#7648,#7670,#7691,#7712,#7732,#7751,
#7822,#7843,#7864,#7885,#7906,#7927,#7948,#7969,#7989,#8045,#8064,#8083,#8102,
#8121,#8140,#8159,#8178,#8197,#8216,#8235,#8254,#8274,#8301,#8327,#8351,#8371,
#8391,#8410,#8431,#8451,#8475,#8537,#8560,#8593,#8615,#8637,#8659,#8681,#8714,
#8735,#8754,#8885,#8907,#8962,#8983,#9003,#9022,#9042,#9073,#9097,#9117,#9138,
#9158,#9177,#9199,#9222,#9242,#9262,#9281,#9300,#9321,#9342,#9362,#9381,#9402,
#9423,#9443,#9462,#9483,#9504,#9524,#9543,#9564,#9585,#9605,#9624,#9646,#9668,
#9690,#9711,#9732,#9752,#9785,#9806,#9825,#9844,#9877,#9899,#9921,#9942,#9962,
#9982,#10002,#10022,#10041,#10061,#10081,#10101,#10120,#10142,#10164,#10186,
#10207,#10228,#10248,#10281,#10302,#10321,#10340,#10373,#10395,#10417,#10438,
#10458,#10478,#10498,#10518,#10537,#10557,#10577,#10597,#10616,#10638,#10660,
#10682,#10703,#10724,#10744,#10777,#10798,#10817,#10836,#10869,#10891,#10913,
#10934,#10954,#10974,#10994,#11014,#11033,#11053,#11073,#11093,#11112,#11134,
#11156,#11178,#11199,#11220,#11240,#11273,#11294,#11313,#11332,#11365,#11387,
#11409,#11430,#11450,#11470,#11490,#11510,#11529,#11549,#11569,#11589,#11608,
#11630,#11652,#11674,#11695,#11716,#11736,#11769,#11790,#11809,#11828,#11861,
#11883,#11905,#11926,#11946,#11966,#11986,#12006,#12025,#12045,#12065,#12085,
#12104,#12124,#12143,#12165,#12187,#12207,#12227,#12246,#12267,#12288,#12307,
#12327,#12347,#12367,#12386,#12411,#12431,#12450,#12469,#12493,#12513,#12533,
#12552,#12573,#12594,#12614,#12633,#12652,#12671,#12691,#12710,#12732,#12752,
#12779,#12799,#12838,#12871,#12914,#12953,#12992,#13015,#13054,#13093,#13126,
#13169,#13220,#13241,#13261,#13281,#13301,#13321,#13340,#13367,#13388,#13408,
#13428,#13448,#13468,#13488,#13508,#13528,#13548,#13568,#13588,#13607,#13636,
#13664,#13692,#13722,#13751,#13779,#13807,#13837,#13866,#13894,#13922,#13950,
#13977,#13998,#14018,#14038,#14058,#14078,#14098,#14118,#14137,#14158,#14178,
#14198,#14218,#14238,#14258,#14278,#14298,#14318,#14338,#14358,#14377,#14406,
#14439,#14466,#14495,#14526,#14554,#14583,#14611,#14640,#14668,#14695,#14724,
#14760,#14788,#14824,#14853,#14881,#14909,#14937,#14965,#14994,#15022,#15051,
#15079,#15107,#15135,#15162,#15183,#15203,#15223,#15243,#15263,#15283,#15303,
#15323,#15343,#15363,#15383,#15402,#15431,#15459,#15487,#15517,#15546,#15574,
#15602,#15632,#15661,#15689,#15717,#15745,#15772,#15793,#15813,#15833,#15853,
#15873,#15893,#15913,#15932,#15964,#15994,#16022,#16050,#16078,#16108,#16136,
#16166,#16195,#16225,#16254,#16282,#16310,#16338,#16368,#16399));
#16408=MANIFOLD_SOLID_BREP('',#16407);
#16413=CIRCLE('',#16412,2.E-1);
#16422=CIRCLE('',#16421,2.114333564632E-1);
#16431=CIRCLE('',#16430,2.E-1);
#16440=CIRCLE('',#16439,1.703684398825E-1);
#16449=CIRCLE('',#16448,2.E-1);
#16474=CIRCLE('',#16473,2.E-1);
#16487=CIRCLE('',#16486,2.E-1);
#16496=CIRCLE('',#16495,1.703684398825E-1);
#16505=CIRCLE('',#16504,2.E-1);
#16514=CIRCLE('',#16513,2.114333564632E-1);
#16600=EDGE_CURVE('',#16589,#16590,#16449,.T.);
#16602=EDGE_CURVE('',#16592,#16590,#16522,.T.);
#16604=EDGE_CURVE('',#16592,#16594,#16487,.T.);
#16606=EDGE_CURVE('',#16594,#16589,#16469,.T.);
#16610=ADVANCED_FACE('',(#16609),#16599,.T.);
#16623=EDGE_CURVE('',#16573,#16574,#16413,.T.);
#16625=EDGE_CURVE('',#16573,#16553,#16417,.T.);
#16627=EDGE_CURVE('',#16553,#16554,#16422,.T.);
#16629=EDGE_CURVE('',#16554,#16582,#16426,.T.);
#16631=EDGE_CURVE('',#16581,#16582,#16431,.T.);
#16633=EDGE_CURVE('',#16581,#16557,#16435,.T.);
#16635=EDGE_CURVE('',#16557,#16558,#16440,.T.);
#16637=EDGE_CURVE('',#16558,#16590,#16444,.T.);
#16640=EDGE_CURVE('',#16589,#16569,#16453,.T.);
#16642=EDGE_CURVE('',#16569,#16574,#16457,.T.);
#16646=ADVANCED_FACE('',(#16645),#16622,.F.);
#16660=EDGE_CURVE('',#16576,#16574,#16461,.T.);
#16662=EDGE_CURVE('',#16576,#16578,#16474,.T.);
#16664=EDGE_CURVE('',#16578,#16573,#16550,.T.);
#16668=ADVANCED_FACE('',(#16667),#16658,.T.);
#16683=EDGE_CURVE('',#16569,#16570,#16465,.T.);
#16685=EDGE_CURVE('',#16570,#16576,#16478,.T.);
#16689=ADVANCED_FACE('',(#16688),#16680,.T.);
#16703=EDGE_CURVE('',#16594,#16570,#16482,.T.);
#16709=ADVANCED_FACE('',(#16708),#16701,.T.);
#16726=EDGE_CURVE('',#16566,#16592,#16491,.T.);
#16728=EDGE_CURVE('',#16565,#16566,#16496,.T.);
#16730=EDGE_CURVE('',#16586,#16565,#16500,.T.);
#16732=EDGE_CURVE('',#16584,#16586,#16505,.T.);
#16734=EDGE_CURVE('',#16562,#16584,#16509,.T.);
#16736=EDGE_CURVE('',#16561,#16562,#16514,.T.);
#16738=EDGE_CURVE('',#16578,#16561,#16518,.T.);
#16742=ADVANCED_FACE('',(#16741),#16721,.T.);
#16757=EDGE_CURVE('',#16558,#16566,#16526,.T.);
#16762=ADVANCED_FACE('',(#16761),#16754,.T.);
#16776=EDGE_CURVE('',#16557,#16565,#16530,.T.);
#16782=ADVANCED_FACE('',(#16781),#16774,.F.);
#16795=EDGE_CURVE('',#16586,#16581,#16534,.T.);
#16802=ADVANCED_FACE('',(#16801),#16794,.T.);
#16816=EDGE_CURVE('',#16584,#16582,#16538,.T.);
#16822=ADVANCED_FACE('',(#16821),#16814,.T.);
#16837=EDGE_CURVE('',#16554,#16562,#16542,.T.);
#16842=ADVANCED_FACE('',(#16841),#16834,.T.);
#16856=EDGE_CURVE('',#16553,#16561,#16546,.T.);
#16862=ADVANCED_FACE('',(#16861),#16854,.F.);
#16881=ADVANCED_FACE('',(#16880),#16874,.T.);
#16889=CLOSED_SHELL('',(#16610,#16646,#16668,#16689,#16709,#16742,#16762,#16782,
#16802,#16822,#16842,#16862,#16881));
#16890=MANIFOLD_SOLID_BREP('',#16889);
#16895=CIRCLE('',#16894,2.E-1);
#16904=CIRCLE('',#16903,2.114333564632E-1);
#16913=CIRCLE('',#16912,2.E-1);
#16922=CIRCLE('',#16921,1.703684398825E-1);
#16931=CIRCLE('',#16930,2.E-1);
#16956=CIRCLE('',#16955,2.E-1);
#16969=CIRCLE('',#16968,2.E-1);
#16978=CIRCLE('',#16977,1.703684398825E-1);
#16987=CIRCLE('',#16986,2.E-1);
#16996=CIRCLE('',#16995,2.114333564632E-1);
#17082=EDGE_CURVE('',#17071,#17072,#16931,.T.);
#17084=EDGE_CURVE('',#17074,#17072,#17004,.T.);
#17086=EDGE_CURVE('',#17074,#17076,#16969,.T.);
#17088=EDGE_CURVE('',#17076,#17071,#16951,.T.);
#17092=ADVANCED_FACE('',(#17091),#17081,.T.);
#17105=EDGE_CURVE('',#17055,#17056,#16895,.T.);
#17107=EDGE_CURVE('',#17055,#17043,#16899,.T.);
#17109=EDGE_CURVE('',#17043,#17044,#16904,.T.);
#17111=EDGE_CURVE('',#17044,#17064,#16908,.T.);
#17113=EDGE_CURVE('',#17063,#17064,#16913,.T.);
#17115=EDGE_CURVE('',#17063,#17047,#16917,.T.);
#17117=EDGE_CURVE('',#17047,#17048,#16922,.T.);
#17119=EDGE_CURVE('',#17048,#17072,#16926,.T.);
#17122=EDGE_CURVE('',#17071,#17052,#16935,.T.);
#17124=EDGE_CURVE('',#17052,#17056,#16939,.T.);
#17128=ADVANCED_FACE('',(#17127),#17104,.F.);
#17142=EDGE_CURVE('',#17058,#17056,#16943,.T.);
#17144=EDGE_CURVE('',#17058,#17060,#16956,.T.);
#17146=EDGE_CURVE('',#17060,#17055,#17032,.T.);
#17150=ADVANCED_FACE('',(#17149),#17140,.T.);
#17165=EDGE_CURVE('',#17051,#17052,#16947,.T.);
#17167=EDGE_CURVE('',#17051,#17058,#16960,.T.);
#17171=ADVANCED_FACE('',(#17170),#17162,.F.);
#17185=EDGE_CURVE('',#17076,#17051,#16964,.T.);
#17191=ADVANCED_FACE('',(#17190),#17183,.F.);
#17208=EDGE_CURVE('',#17040,#17074,#16973,.T.);
#17210=EDGE_CURVE('',#17039,#17040,#16978,.T.);
#17212=EDGE_CURVE('',#17068,#17039,#16982,.T.);
#17214=EDGE_CURVE('',#17066,#17068,#16987,.T.);
#17216=EDGE_CURVE('',#17036,#17066,#16991,.T.);
#17218=EDGE_CURVE('',#17035,#17036,#16996,.T.);
#17220=EDGE_CURVE('',#17060,#17035,#17000,.T.);
#17224=ADVANCED_FACE('',(#17223),#17203,.T.);
#17239=EDGE_CURVE('',#17040,#17048,#17008,.T.);
#17244=ADVANCED_FACE('',(#17243),#17236,.F.);
#17260=EDGE_CURVE('',#17039,#17047,#17012,.T.);
#17264=ADVANCED_FACE('',(#17263),#17256,.F.);
#17277=EDGE_CURVE('',#17068,#17063,#17016,.T.);
#17284=ADVANCED_FACE('',(#17283),#17276,.F.);
#17298=EDGE_CURVE('',#17066,#17064,#17020,.T.);
#17304=ADVANCED_FACE('',(#17303),#17296,.T.);
#17319=EDGE_CURVE('',#17036,#17044,#17024,.T.);
#17324=ADVANCED_FACE('',(#17323),#17316,.F.);
#17340=EDGE_CURVE('',#17035,#17043,#17028,.T.);
#17344=ADVANCED_FACE('',(#17343),#17336,.F.);
#17363=ADVANCED_FACE('',(#17362),#17356,.F.);
#17371=CLOSED_SHELL('',(#17092,#17128,#17150,#17171,#17191,#17224,#17244,#17264,
#17284,#17304,#17324,#17344,#17363));
#17372=MANIFOLD_SOLID_BREP('',#17371);
#17373=(LENGTH_UNIT()NAMED_UNIT(*)SI_UNIT(.MILLI.,.METRE.));
#17374=(NAMED_UNIT(*)PLANE_ANGLE_UNIT()SI_UNIT($,.RADIAN.));
#17377=(NAMED_UNIT(*)SI_UNIT($,.STERADIAN.)SOLID_ANGLE_UNIT());
#17379=(GEOMETRIC_REPRESENTATION_CONTEXT(3)GLOBAL_UNCERTAINTY_ASSIGNED_CONTEXT((
#17378))GLOBAL_UNIT_ASSIGNED_CONTEXT((#17373,#17376,#17377))REPRESENTATION_CONTEXT('ID1','3'));
#17380=ADVANCED_BREP_SHAPE_REPRESENTATION('',(#16408,#16890,#17372),#17379);
#17388=PRODUCT_DEFINITION('part definition','',#17387,#17384);
#17389=PRODUCT_DEFINITION_SHAPE('','SHAPE FOR 1515.',#17388);
#17390=SHAPE_ASPECT('','solid data associated with 1515',#17389,.F.);
#17391=PROPERTY_DEFINITION('',
'shape for solid data with which properties are associated',#17390);
#17392=SHAPE_REPRESENTATION('',(#16408,#16890,#17372),#17379);
#17393=SHAPE_DEFINITION_REPRESENTATION(#17391,#17392);
#17394=(LENGTH_UNIT()NAMED_UNIT(*)SI_UNIT(.MILLI.,.METRE.));
#17398=PROPERTY_DEFINITION('geometric validation property','area of 1515',
#17390);
#17399=REPRESENTATION('surface area',(#17397),#17379);
#17400=PROPERTY_DEFINITION_REPRESENTATION(#17398,#17399);
#17401=(LENGTH_UNIT()NAMED_UNIT(*)SI_UNIT(.MILLI.,.METRE.));
#17405=PROPERTY_DEFINITION('geometric validation property','volume of 1515',
#17390);
#17406=REPRESENTATION('volume',(#17404),#17379);
#17407=PROPERTY_DEFINITION_REPRESENTATION(#17405,#17406);
#17409=PROPERTY_DEFINITION('geometric validation property','centroid of 1515',
#17390);
#17410=REPRESENTATION('centroid',(#17408),#17379);
#17411=PROPERTY_DEFINITION_REPRESENTATION(#17409,#17410);
#17412=(LENGTH_UNIT()NAMED_UNIT(*)SI_UNIT(.MILLI.,.METRE.));
#17416=PROPERTY_DEFINITION('geometric validation property','area of 1515',
#17389);
#17417=REPRESENTATION('surface area',(#17415),#17379);
#17418=PROPERTY_DEFINITION_REPRESENTATION(#17416,#17417);
#17419=(LENGTH_UNIT()NAMED_UNIT(*)SI_UNIT(.MILLI.,.METRE.));
#17423=PROPERTY_DEFINITION('geometric validation property','volume of 1515',
#17389);
#17424=REPRESENTATION('volume',(#17422),#17379);
#17425=PROPERTY_DEFINITION_REPRESENTATION(#17423,#17424);
#17427=PROPERTY_DEFINITION('geometric validation property','centroid of 1515',
#17389);
#17428=REPRESENTATION('centroid',(#17426),#17379);
#17429=PROPERTY_DEFINITION_REPRESENTATION(#17427,#17428);
#17430=SHAPE_DEFINITION_REPRESENTATION(#17389,#17380);
ENDSEC;
END-ISO-10303-21;
