#VRML V2.0 utf8
# 3D model generated by easyeda2kicad.py (https://github.com/uPesy/easyeda2kicad.py)

Shape{
    appearance Appearance {
        material  Material 	{
            diffuseColor 0.8509803921568627 0.8509803921568627 0.8509803921568627
            specularColor 0.6823529411764706 0.6823529411764706 0.6823529411764706
            ambientIntensity 0.851
            transparency 0.0
            shininess 0.5
        }
    }
    geometry IndexedFaceSet {
        ccw TRUE
        solid FALSE
        coord DEF co Coordinate {
            point [
                -1.5551 -0.4764 0.0, -1.5551 -1.0984 0.0, -1.7323 -0.4764 0.0, -1.7323 -1.0984 0.0, -1.7425 -1.0971 0.0, -1.7703 -1.0692 0.0, -1.7717 -1.059 0.0, -1.752 -1.0931 0.0, -1.7601 -1.0869 0.0, -1.7664 -1.0787 0.0, -1.752 -0.4816 0.0, -1.7703 -0.5056 0.0, -1.7601 -0.4879 0.0, -1.7664 -0.4961 0.0, -1.7717 -0.5157 0.0, -1.7425 -0.4777 0.0, -1.4567 -1.0984 0.0984, -1.4567 -1.0984 0.6811, -1.5787 -1.0984 0.6811, -1.7323 -1.0984 0.1181, -1.6181 -1.0984 0.1181, -1.6079 -1.0984 0.1195, -1.5984 -1.0984 0.1234, -1.5787 -1.0984 0.1575, -1.5801 -1.0984 0.1473, -1.46 -1.0984 0.073, -1.584 -1.0984 0.1378, -1.4699 -1.0984 0.0492, -1.5903 -1.0984 0.1296, -1.5296 -1.0984 0.0034, -1.5059 -1.0984 0.0132, -1.4855 -1.0984 0.0288, -1.5787 -1.2559 0.6811, -1.4567 -1.2559 0.6811, -1.5787 -1.2559 1.3858, -1.4567 -1.2559 1.3858, -1.4567 -1.2165 1.4252, -1.4567 -0.3583 1.4252, -1.5787 -1.2165 1.4252, -1.5787 -0.3583 1.4252, -1.4567 -0.3189 1.3858, -1.4567 -0.3189 0.6811, -1.5787 -0.3189 1.3858, -1.5787 -0.3189 0.6811, -1.5787 -0.4764 0.6811, -1.4567 -0.4764 0.6811, -1.7323 -0.4764 0.1181, -1.4567 -0.4764 0.0984, -1.46 -0.4764 0.073, -1.584 -0.4764 0.1378, -1.4699 -0.4764 0.0492, -1.5903 -0.4764 0.1296, -1.5787 -0.4764 0.1575, -1.5801 -0.4764 0.1473, -1.6181 -0.4764 0.1181, -1.6079 -0.4764 0.1195, -1.5296 -0.4764 0.0034, -1.5984 -0.4764 0.1234, -1.5059 -0.4764 0.0132, -1.4855 -0.4764 0.0288, -1.5787 -1.2267 1.4239, -1.5787 -0.3481 1.4239, -1.5787 -0.3386 1.4199, -1.5787 -1.2506 1.4055, -1.5787 -1.2444 1.4137, -1.5787 -1.2362 1.4199, -1.5787 -0.3304 1.4137, -1.5787 -0.3242 1.4055, -1.5787 -0.3202 1.396, -1.5787 -1.2546 1.396, -1.4567 -0.3481 1.4239, -1.4567 -0.3242 1.4055, -1.4567 -0.3304 1.4137, -1.4567 -0.3386 1.4199, -1.4567 -1.2267 1.4239, -1.4567 -1.2362 1.4199, -1.4567 -0.3202 1.396, -1.4567 -1.2444 1.4137, -1.4567 -1.2506 1.4055, -1.4567 -1.2546 1.396, -1.7703 -1.0692 0.1181, -1.7664 -1.0787 0.1181, -1.7601 -1.0869 0.1181, -1.752 -1.0931 0.1181, -1.7425 -1.0971 0.1181, -1.7425 -0.4777 0.1181, -1.7703 -0.5056 0.1181, -1.7717 -0.5157 0.1181, -1.7717 -1.059 0.1181, -1.752 -0.4816 0.1181, -1.7601 -0.4879 0.1181, -1.7664 -0.4961 0.1181, 1.7425 -1.0971 0.0, 1.7323 -1.0984 0.0, 1.7717 -1.059 0.0, 1.5551 -1.0984 0.0, 1.5551 -0.4764 0.0, 1.7323 -0.4764 0.0, 1.7703 -1.0692 0.0, 1.7664 -1.0787 0.0, 1.7601 -1.0869 0.0, 1.752 -1.0931 0.0, 1.7425 -0.4777 0.0, 1.7703 -0.5056 0.0, 1.7717 -0.5157 0.0, 1.752 -0.4816 0.0, 1.7601 -0.4879 0.0, 1.7664 -0.4961 0.0, 1.7323 -1.0984 0.1181, 1.4567 -1.0984 0.0984, 1.46 -1.0984 0.073, 1.584 -1.0984 0.1378, 1.4699 -1.0984 0.0492, 1.5903 -1.0984 0.1296, 1.5787 -1.0984 0.6811, 1.4567 -1.0984 0.6811, 1.5787 -1.0984 0.1575, 1.5801 -1.0984 0.1473, 1.6181 -1.0984 0.1181, 1.6079 -1.0984 0.1195, 1.5296 -1.0984 0.0034, 1.5984 -1.0984 0.1234, 1.5059 -1.0984 0.0132, 1.4855 -1.0984 0.0288, 1.5787 -1.2559 0.6811, 1.4567 -1.2559 0.6811, 1.5787 -1.2559 1.3858, 1.4567 -1.2559 1.3858, 1.4567 -0.3583 1.4252, 1.4567 -1.2165 1.4252, 1.5787 -0.3583 1.4252, 1.5787 -1.2165 1.4252, 1.4567 -0.3189 0.6811, 1.4567 -0.3189 1.3858, 1.5787 -0.3189 0.6811, 1.5787 -0.3189 1.3858, 1.5787 -0.4764 0.6811, 1.4567 -0.4764 0.6811, 1.4567 -0.4764 0.0984, 1.5296 -0.4764 0.0034, 1.5984 -0.4764 0.1234, 1.5059 -0.4764 0.0132, 1.5903 -0.4764 0.1296, 1.5787 -0.4764 0.1575, 1.5801 -0.4764 0.1473, 1.46 -0.4764 0.073, 1.584 -0.4764 0.1378, 1.4699 -0.4764 0.0492, 1.4855 -0.4764 0.0288, 1.7323 -0.4764 0.1181, 1.6181 -0.4764 0.1181, 1.6079 -0.4764 0.1195, 1.5787 -0.3202 1.396, 1.5787 -1.2267 1.4239, 1.5787 -1.2362 1.4199, 1.5787 -1.2444 1.4137, 1.5787 -1.2506 1.4055, 1.5787 -1.2546 1.396, 1.5787 -0.3242 1.4055, 1.5787 -0.3304 1.4137, 1.5787 -0.3481 1.4239, 1.5787 -0.3386 1.4199, 1.4567 -1.2267 1.4239, 1.4567 -1.2506 1.4055, 1.4567 -1.2444 1.4137, 1.4567 -1.2362 1.4199, 1.4567 -0.3386 1.4199, 1.4567 -0.3304 1.4137, 1.4567 -0.3481 1.4239, 1.4567 -0.3242 1.4055, 1.4567 -0.3202 1.396, 1.4567 -1.2546 1.396, 1.7717 -1.059 0.1181, 1.7717 -0.5157 0.1181, 1.7425 -1.0971 0.1181, 1.752 -1.0931 0.1181, 1.752 -0.4816 0.1181, 1.7425 -0.4777 0.1181, 1.7601 -1.0869 0.1181, 1.7664 -1.0787 0.1181, 1.7703 -1.0692 0.1181, 1.7601 -0.4879 0.1181, 1.7703 -0.5056 0.1181, 1.7664 -0.4961 0.1181
            ]
        }
        coordIndex [
            0,1,2,-1,2,1,3,-1,4,5,3,-1,3,5,6,-1,3,6,2,-1,4,7,5,-1,5,7,8,-1,5,8,9,-1,10,11,12,-1,12,11,13,-1,6,14,2,-1,2,14,11,-1,2,11,15,-1,15,11,10,-1,16,17,18,-1,19,3,20,-1,20,3,1,-1,20,1,21,-1,21,1,22,-1,18,23,16,-1,16,23,24,-1,16,24,25,-1,25,24,26,-1,25,26,27,-1,27,26,28,-1,1,29,22,-1,22,29,30,-1,22,30,28,-1,28,30,31,-1,28,31,27,-1,32,18,33,-1,33,18,17,-1,34,32,35,-1,35,32,33,-1,36,37,38,-1,38,37,39,-1,40,41,42,-1,42,41,43,-1,44,43,45,-1,45,43,41,-1,0,2,46,-1,47,48,49,-1,49,48,50,-1,49,50,51,-1,44,45,52,-1,52,45,47,-1,52,47,53,-1,53,47,49,-1,46,54,0,-1,0,54,55,-1,0,55,56,-1,56,55,57,-1,56,57,58,-1,58,57,51,-1,58,51,59,-1,59,51,50,-1,60,38,34,-1,42,43,44,-1,44,38,39,-1,44,39,42,-1,42,39,61,-1,42,61,62,-1,52,23,44,-1,44,23,18,-1,44,18,38,-1,38,18,32,-1,38,32,34,-1,63,64,65,-1,66,67,62,-1,62,67,68,-1,62,68,42,-1,60,34,65,-1,65,34,69,-1,65,69,63,-1,37,36,45,-1,17,16,47,-1,35,33,17,-1,45,41,37,-1,37,41,40,-1,37,40,70,-1,71,72,73,-1,47,45,17,-1,17,45,36,-1,17,36,35,-1,35,36,74,-1,35,74,75,-1,70,40,73,-1,73,40,76,-1,73,76,71,-1,77,78,75,-1,75,78,79,-1,75,79,35,-1,20,54,19,-1,19,54,46,-1,80,81,82,-1,82,83,80,-1,80,83,84,-1,80,84,19,-1,85,86,46,-1,46,86,87,-1,46,87,19,-1,19,87,88,-1,19,88,80,-1,85,89,86,-1,86,89,90,-1,86,90,91,-1,88,87,6,-1,6,87,14,-1,34,35,79,-1,34,79,69,-1,69,79,78,-1,69,78,63,-1,63,78,77,-1,63,77,64,-1,64,77,75,-1,64,75,65,-1,65,75,74,-1,65,74,60,-1,60,74,36,-1,60,36,38,-1,39,37,70,-1,39,70,61,-1,61,70,73,-1,61,73,62,-1,62,73,72,-1,62,72,66,-1,66,72,71,-1,66,71,67,-1,67,71,76,-1,67,76,68,-1,68,76,40,-1,68,40,42,-1,88,6,5,-1,88,5,80,-1,80,5,9,-1,80,9,81,-1,81,9,8,-1,81,8,82,-1,82,8,7,-1,82,7,83,-1,83,7,4,-1,83,4,84,-1,84,4,3,-1,84,3,19,-1,14,87,86,-1,14,86,11,-1,11,86,91,-1,11,91,13,-1,13,91,90,-1,13,90,12,-1,12,90,89,-1,12,89,10,-1,10,89,85,-1,10,85,15,-1,15,85,46,-1,15,46,2,-1,23,52,24,-1,24,52,53,-1,24,53,26,-1,26,53,49,-1,26,49,28,-1,28,49,51,-1,28,51,22,-1,22,51,57,-1,22,57,21,-1,21,57,55,-1,21,55,20,-1,20,55,54,-1,47,16,25,-1,47,25,48,-1,48,25,27,-1,48,27,50,-1,50,27,31,-1,50,31,59,-1,59,31,30,-1,59,30,58,-1,58,30,29,-1,58,29,56,-1,56,29,1,-1,56,1,0,-1,92,93,94,-1,93,95,94,-1,94,95,96,-1,94,96,97,-1,98,99,100,-1,98,100,94,-1,94,100,101,-1,94,101,92,-1,102,103,97,-1,97,103,104,-1,97,104,94,-1,102,105,103,-1,103,105,106,-1,103,106,107,-1,95,93,108,-1,109,110,111,-1,111,110,112,-1,111,112,113,-1,114,115,116,-1,116,115,109,-1,116,109,117,-1,117,109,111,-1,108,118,95,-1,95,118,119,-1,95,119,120,-1,120,119,121,-1,120,121,122,-1,122,121,113,-1,122,113,123,-1,123,113,112,-1,114,124,115,-1,115,124,125,-1,124,126,125,-1,125,126,127,-1,128,129,130,-1,130,129,131,-1,132,133,134,-1,134,133,135,-1,134,136,132,-1,132,136,137,-1,138,137,136,-1,96,139,140,-1,140,139,141,-1,140,141,142,-1,136,143,138,-1,138,143,144,-1,138,144,145,-1,145,144,146,-1,145,146,147,-1,147,146,142,-1,147,142,148,-1,148,142,141,-1,149,97,150,-1,150,97,96,-1,150,96,151,-1,151,96,140,-1,130,131,136,-1,114,116,143,-1,126,124,114,-1,136,134,130,-1,130,134,135,-1,130,135,152,-1,143,136,114,-1,114,136,131,-1,114,131,126,-1,126,131,153,-1,126,153,154,-1,155,156,154,-1,154,156,157,-1,154,157,126,-1,152,158,130,-1,130,158,159,-1,130,159,160,-1,160,159,161,-1,162,129,127,-1,129,128,137,-1,137,128,133,-1,137,133,132,-1,138,109,137,-1,137,109,115,-1,137,115,129,-1,129,115,125,-1,129,125,127,-1,163,164,165,-1,166,167,168,-1,168,167,169,-1,168,169,128,-1,128,169,170,-1,128,170,133,-1,162,127,165,-1,165,127,171,-1,165,171,163,-1,118,172,150,-1,150,172,173,-1,118,108,172,-1,172,108,174,-1,172,174,175,-1,176,177,173,-1,173,177,149,-1,173,149,150,-1,178,179,175,-1,175,179,180,-1,175,180,172,-1,176,173,181,-1,181,173,182,-1,181,182,183,-1,173,172,104,-1,104,172,94,-1,131,129,162,-1,131,162,153,-1,153,162,165,-1,153,165,154,-1,154,165,164,-1,154,164,155,-1,155,164,163,-1,155,163,156,-1,156,163,171,-1,156,171,157,-1,157,171,127,-1,157,127,126,-1,135,133,170,-1,135,170,152,-1,152,170,169,-1,152,169,158,-1,158,169,167,-1,158,167,159,-1,159,167,166,-1,159,166,161,-1,161,166,168,-1,161,168,160,-1,160,168,128,-1,160,128,130,-1,108,93,92,-1,108,92,174,-1,174,92,101,-1,174,101,175,-1,175,101,100,-1,175,100,178,-1,178,100,99,-1,178,99,179,-1,179,99,98,-1,179,98,180,-1,180,98,94,-1,180,94,172,-1,97,149,177,-1,97,177,102,-1,102,177,176,-1,102,176,105,-1,105,176,181,-1,105,181,106,-1,106,181,183,-1,106,183,107,-1,107,183,182,-1,107,182,103,-1,103,182,173,-1,103,173,104,-1,118,150,119,-1,119,150,151,-1,119,151,121,-1,121,151,140,-1,121,140,113,-1,113,140,142,-1,113,142,111,-1,111,142,146,-1,111,146,117,-1,117,146,144,-1,117,144,116,-1,116,144,143,-1,96,95,120,-1,96,120,139,-1,139,120,122,-1,139,122,141,-1,141,122,123,-1,141,123,148,-1,148,123,112,-1,148,112,147,-1,147,112,110,-1,147,110,145,-1,145,110,109,-1,145,109,138,-1,
        ]
    }
}
Shape{
    appearance Appearance {
        material  Material 	{
            diffuseColor 0.8431372549019608 0.8156862745098039 0.7529411764705882
            specularColor 0.4235294117647059 0.40784313725490196 0.3764705882352941
            ambientIntensity 0.8167
            transparency 0.0
            shininess 0.5
        }
    }
    geometry IndexedFaceSet {
        ccw TRUE
        solid FALSE
        coord DEF co Coordinate {
            point [
                0.187 0.4528 0.5591, -0.187 0.4528 0.5591, 0.187 0.1969 0.5591, -0.187 0.1969 0.5591, -0.4035 0.4528 0.5591, -0.7776 0.4528 0.5591, -0.4035 0.1969 0.5591, -0.7776 0.1969 0.5591, -0.9941 0.4528 0.5591, -1.5748 0.4528 0.5591, -0.9941 0.1969 0.5591, -1.5748 0.1969 0.5591, -0.187 0.4528 0.0079, 0.187 0.4528 0.0079, -0.7776 0.4528 0.0079, -0.4035 0.4528 0.0079, -1.5748 0.4528 0.0079, -0.9941 0.4528 0.0079, -0.1685 -0.1968 0.5282, -0.1879 -0.1968 0.5261, -0.126 -0.1968 0.3804, -1.2992 -0.1968 0.5486, -1.2992 -0.1968 0.2047, -0.3865 -0.1968 0.3506, -0.1032 -0.1968 0.2047, -0.2857 -0.1968 0.3506, -0.1446 -0.1968 0.5251, -0.1224 -0.1968 0.3824, -0.1224 -0.1968 0.5156, -0.1224 -0.1968 0.542, -0.1032 -0.1968 0.5486, -0.2026 -0.1968 0.5207, -0.2163 -0.1968 0.5116, -0.2282 -0.1968 0.4985, -0.2425 -0.1968 0.4469, -0.2405 -0.1968 0.4256, -0.2351 -0.1968 0.4087, -0.1913 -0.1968 0.3719, -0.173 -0.1968 0.3698, -0.2057 -0.1968 0.3771, -0.2177 -0.1968 0.3853, -0.227 -0.1968 0.395, -0.1468 -0.1968 0.3727, -0.2358 -0.1968 0.3674, -0.2857 -0.1968 0.3722, -0.2199 -0.1968 0.3573, -0.2009 -0.1968 0.3507, -0.2363 -0.1968 0.4833, -0.2415 -0.1968 0.4622, -0.2506 -0.1968 0.3829, -0.261 -0.1968 0.4017, -0.3601 -0.1968 0.3722, -0.2585 -0.1968 0.4956, -0.2469 -0.1968 0.514, -0.3601 -0.1968 0.5474, -0.2292 -0.1968 0.5311, -0.2105 -0.1968 0.5418, -0.1224 -0.1968 0.3608, -0.1434 -0.1968 0.3522, -0.1712 -0.1968 0.3483, -0.1885 -0.1968 0.5482, -0.1835 -0.1968 0.5486, -0.3865 -0.1968 0.5474, -0.1766 -0.1968 0.3482, -0.267 -0.1968 0.4225, -0.2689 -0.1968 0.4453, -0.266 -0.1968 0.4733, -1.2992 -0.1968 0.7362, -0.1032 -0.1968 0.7362, -0.1688 -0.1968 0.5498, -0.1514 -0.1968 0.5486, -0.1452 -0.1968 0.5482, 0.2157 -0.1968 0.4251, 0.2086 -0.1968 0.4045, 0.2329 -0.1968 0.3506, 0.06 -0.1968 0.3506, 0.0216 -0.1968 0.3722, 0.0216 -0.1968 0.3506, 1.2992 -0.1968 0.2047, 0.4105 -0.1968 0.3506, 0.3817 -0.1968 0.3506, 0.3618 -0.1968 0.4058, 0.2805 -0.1968 0.4058, 0.2617 -0.1968 0.3506, 0.1973 -0.1968 0.3869, 0.1811 -0.1968 0.3714, 0.1606 -0.1968 0.3595, 0.1379 -0.1968 0.3527, 0.1135 -0.1968 0.3506, -0.0576 -0.1968 0.5258, -0.0576 -0.1968 0.461, 0.0168 -0.1968 0.5258, 0.012 -0.1968 0.461, 0.012 -0.1968 0.4394, -0.0576 -0.1968 0.4394, -0.0576 -0.1968 0.3722, 0.3073 -0.1968 0.5474, 0.3337 -0.1968 0.5474, 0.0168 -0.1968 0.5474, 0.06 -0.1968 0.5474, -0.084 -0.1968 0.3506, -0.084 -0.1968 0.5474, 0.167 -0.1968 0.5363, 0.1885 -0.1968 0.522, 0.1887 -0.1968 0.5218, 0.2026 -0.1968 0.5063, 0.2117 -0.1968 0.4894, 0.217 -0.1968 0.47, 0.2185 -0.1968 0.4515, 0.1156 -0.1968 0.5474, 0.144 -0.1968 0.5444, 1.2992 -0.1968 0.5486, 1.2992 -0.1968 0.7362, 0.4035 0.1969 0.5591, 0.7776 0.1969 0.5591, 0.4035 0.4528 0.5591, 0.7776 0.4528 0.5591, 0.7776 0.4528 0.0079, 0.4035 0.4528 0.0079, -1.5748 0.7874 0.0079, -1.5748 0.3937 0.7953, -1.5748 0.3937 1.189, -1.5748 0.1969 1.189, -1.5748 0.7874 0.5984, 1.5748 0.1969 1.189, 1.5748 0.3937 1.189, 1.5748 0.1969 0.5591, 1.5748 0.3937 0.7953, 1.5748 0.4528 0.5591, 1.5748 0.7874 0.5984, 1.5748 0.4528 0.0079, 1.5748 0.7874 0.0079, -1.7717 0.3937 0.7953, -1.7717 0.3937 1.4646, 1.7717 0.3937 1.4646, 1.7717 0.3937 0.7953, 1.7717 -0.4724 1.4646, 1.7717 -0.4724 0.0079, 1.7717 0.7874 0.5984, 1.7717 0.7874 0.0079, -1.7717 0.7874 0.5984, -1.7717 0.7874 0.0079, -1.7717 -0.4724 0.0079, -1.7717 -0.4724 1.4646, 1.2992 -0.8661 1.3071, 1.2992 -0.8661 1.4646, 1.2992 -0.4724 1.4646, 1.2992 -1.4961 0.2047, 1.2992 -1.4961 0.7559, 1.2992 -0.9842 1.0315, 1.2992 -1.5087 1.0315, 1.2992 -1.5087 1.3071, 1.2992 -0.3937 1.3071, 1.2992 -0.3937 0.7362, 1.2992 -0.9842 0.7559, 1.2992 -0.4724 1.3071, -1.2992 -0.3937 0.7362, -1.2992 -0.9842 0.7559, -1.2992 -1.4961 0.7559, -1.2992 -1.4961 0.2047, -1.2992 -0.3937 1.3071, -1.2992 -0.4724 1.3071, -1.2992 -0.4724 1.4646, -1.2992 -0.8661 1.4646, -1.2992 -0.8661 1.3071, -1.2992 -1.5087 1.3071, -1.2992 -1.5087 1.0315, -1.2992 -0.9842 1.0315, 1.5354 -1.5748 0.7559, 1.3653 -1.5748 0.7559, 1.3653 -1.5748 0.1387, -1.3653 -1.5748 0.1387, -1.7717 -1.5748 0.0079, -1.2992 -1.5748 0.0079, -0.189 -1.5748 0.0472, -1.2598 -1.5748 0.0472, -1.5354 -1.5748 1.0315, -1.7717 -1.5748 1.4646, -1.5354 -1.5748 0.7559, -1.3653 -1.5748 0.7559, 0.1496 -1.5748 0.0079, 0.189 -1.5748 0.0472, -0.1496 -1.5748 0.0079, 0.1693 -1.5748 0.0131, 0.1774 -1.5748 0.0194, 0.1837 -1.5748 0.0276, 1.2612 -1.5748 0.0371, 1.2651 -1.5748 0.0276, -1.378 -1.5748 1.0315, -1.378 -1.5748 1.3858, 1.7717 -1.5748 1.4646, 1.378 -1.5748 1.3858, 1.378 -1.5748 1.0315, -1.289 -1.5748 0.0092, -1.2795 -1.5748 0.0131, -1.2714 -1.5748 0.0194, -0.1837 -1.5748 0.0276, -0.1774 -1.5748 0.0194, -0.1693 -1.5748 0.0131, 0.1598 -1.5748 0.0092, 0.1876 -1.5748 0.0371, 1.2598 -1.5748 0.0472, -1.2651 -1.5748 0.0276, -1.2612 -1.5748 0.0371, -0.1876 -1.5748 0.0371, -0.1598 -1.5748 0.0092, 1.2714 -1.5748 0.0194, 1.2795 -1.5748 0.0131, 1.289 -1.5748 0.0092, 1.5354 -1.5748 1.0315, 1.7717 -1.5748 0.0079, 1.2992 -1.5748 0.0079, 1.7717 -1.1024 1.4646, 1.7717 -1.1024 0.0079, -1.7717 -1.1024 0.0079, -1.7717 -1.1024 1.4646, 1.5827 -1.1024 1.4646, 1.5827 -0.4724 1.4646, 1.5827 -0.315 1.4646, 1.4567 -0.315 1.4646, -1.5827 -1.1024 1.4646, -1.5827 -1.2598 1.4646, -1.063 -0.8661 1.4646, 1.063 -0.8661 1.4646, -1.063 -0.4724 1.4646, 1.063 -0.4724 1.4646, 1.5827 -1.2598 1.4646, 1.4567 -1.2598 1.4646, -1.4567 -1.2598 1.4646, -1.4567 -0.315 1.4646, -1.5827 -0.315 1.4646, -1.5827 -0.4724 1.4646, 1.4567 -1.1024 0.0079, 0.1496 0.1181 0.0079, -0.1496 0.1181 0.0079, -1.2992 0.1181 0.0079, 0.4035 0.1969 0.0079, 0.7776 0.1969 0.0079, 0.187 0.1969 0.0079, 1.2992 0.1181 0.0079, 0.9941 0.1969 0.0079, 1.4567 -0.4724 0.0079, -0.9941 0.1969 0.0079, -0.7776 0.1969 0.0079, -1.4567 -1.1024 0.0079, -1.4567 -0.4724 0.0079, -0.4035 0.1969 0.0079, -0.187 0.1969 0.0079, 0.9941 0.4528 0.0079, -1.063 -0.4724 1.3071, -1.063 -0.8661 1.3071, 1.063 -0.4724 1.3071, 1.063 -0.8661 1.3071, -1.4567 -1.2598 1.0315, -1.4567 -0.9842 1.0315, -1.5354 -1.2598 1.0315, -1.4567 -0.9842 0.7559, -1.4567 -1.2598 0.7559, -1.5354 -1.2598 0.7559, 1.4567 -0.9842 0.7559, 1.4567 -1.2598 0.7559, 1.5354 -1.2598 0.7559, 1.4567 -0.9842 1.0315, 1.4567 -1.2598 1.0315, 1.5354 -1.2598 1.0315, -0.935 -0.3937 0.8085, -0.9554 -0.3937 0.8241, -0.9711 -0.3937 0.8445, -0.8858 -0.3937 0.7953, -0.9113 -0.3937 0.7986, -0.3445 -0.3937 0.8085, -0.8006 -0.3937 0.8445, -0.3207 -0.3937 0.7986, -0.2953 -0.3937 0.7953, -0.3649 -0.3937 0.8241, -0.3805 -0.3937 0.8445, -0.3903 -0.3937 0.8682, -0.3649 -0.3937 0.9633, -0.3445 -0.3937 0.9789, 0.2698 -0.3937 0.7986, 0.2461 -0.3937 0.8085, -0.2257 -0.3937 0.8241, -0.9809 -0.3937 0.8682, -0.9843 -0.3937 0.8937, -0.9809 -0.3937 0.9192, -0.9711 -0.3937 0.9429, -0.8162 -0.3937 0.9633, -0.3805 -0.3937 0.9429, -0.3903 -0.3937 0.9192, -0.9554 -0.3937 0.9633, -0.935 -0.3937 0.9789, -0.9113 -0.3937 0.9888, -0.3207 -0.3937 0.9888, -0.2953 -0.3937 0.9921, -0.2698 -0.3937 0.9888, -0.2461 -0.3937 0.9789, -0.8858 -0.3937 0.9921, -0.8604 -0.3937 0.9888, -0.8366 -0.3937 0.9789, -0.8006 -0.3937 0.9429, -0.7908 -0.3937 0.9192, -0.3937 -0.3937 0.8937, -0.7874 -0.3937 0.8937, -0.7908 -0.3937 0.8682, -0.2257 -0.3937 0.9633, -0.21 -0.3937 0.9429, -0.2002 -0.3937 0.9192, -0.8162 -0.3937 0.8241, -0.8366 -0.3937 0.8085, -0.8604 -0.3937 0.7986, 0.2257 -0.3937 0.8241, -0.2002 -0.3937 0.8682, -0.21 -0.3937 0.8445, 0.8604 -0.3937 0.9888, 0.8858 -0.3937 0.9921, 0.935 -0.3937 0.8085, 0.9113 -0.3937 0.7986, 0.8858 -0.3937 0.7953, 0.2953 -0.3937 0.7953, 0.8604 -0.3937 0.7986, 0.3207 -0.3937 0.7986, -0.2461 -0.3937 0.8085, -0.2698 -0.3937 0.7986, 0.7908 -0.3937 0.9192, 0.8006 -0.3937 0.9429, 0.3649 -0.3937 0.9633, 0.8162 -0.3937 0.9633, 0.8366 -0.3937 0.9789, 0.3207 -0.3937 0.9888, 0.3445 -0.3937 0.9789, 0.21 -0.3937 0.8445, 0.2002 -0.3937 0.8682, -0.1969 -0.3937 0.8937, 0.1969 -0.3937 0.8937, 0.2002 -0.3937 0.9192, 0.21 -0.3937 0.9429, 0.2257 -0.3937 0.9633, 0.9113 -0.3937 0.9888, 0.935 -0.3937 0.9789, 0.9554 -0.3937 0.9633, 0.3649 -0.3937 0.8241, 0.8162 -0.3937 0.8241, 0.3805 -0.3937 0.8445, 0.8006 -0.3937 0.8445, 0.7908 -0.3937 0.8682, 0.8366 -0.3937 0.8085, 0.3445 -0.3937 0.8085, 0.2461 -0.3937 0.9789, 0.2698 -0.3937 0.9888, 0.2953 -0.3937 0.9921, 0.3805 -0.3937 0.9429, 0.3903 -0.3937 0.9192, 0.7874 -0.3937 0.8937, 0.3937 -0.3937 0.8937, 0.3903 -0.3937 0.8682, 0.9711 -0.3937 0.9429, 0.9809 -0.3937 0.9192, 0.9843 -0.3937 0.8937, 0.9809 -0.3937 0.8682, 0.9711 -0.3937 0.8445, 0.9554 -0.3937 0.8241, -1.5827 -0.4724 0.6772, -1.4567 -0.4724 0.6772, -1.4567 -0.315 0.6772, -1.4567 -1.2598 0.6772, -1.4567 -1.1024 0.6772, -1.5827 -1.1024 0.6772, 1.4567 -0.4724 0.6772, 1.4567 -0.315 0.6772, 1.4567 -1.1024 0.6772, 1.4567 -1.2598 0.6772, 1.5827 -0.4724 0.6772, 1.5827 -1.1024 0.6772, -1.5827 -1.2598 0.6772, -1.5827 -0.315 0.6772, 1.5827 -1.2598 0.6772, 1.5827 -0.315 0.6772, 0.9941 0.1969 0.5591, 0.9941 0.4528 0.5591, 0.8791 0.1969 0.7714, 0.884 0.1969 0.7708, 0.8932 0.1969 0.7715, 0.9006 0.1969 0.7735, 0.8364 0.1969 0.7939, 0.8552 0.1969 0.781, 0.8678 0.1969 0.7747, -0.2971 0.1969 0.7708, 0.239 0.1969 0.7997, 0.2458 0.1969 0.7939, -0.3133 0.1969 0.7747, -0.302 0.1969 0.7714, 0.9842 0.1969 0.8852, 0.9834 0.1969 0.9024, 0.9783 0.1969 0.9235, 0.9725 0.1969 0.9367, 0.9605 0.1969 0.9545, 0.9515 0.1969 0.9638, 0.2772 0.1969 0.7747, 0.2885 0.1969 0.7714, 0.2934 0.1969 0.7708, 0.2953 0.1969 0.7709, 0.3027 0.1969 0.7715, -0.2256 0.1969 0.8144, -0.2155 0.1969 0.8274, 0.2683 0.1969 0.9855, -0.2028 0.1969 0.9235, -0.2086 0.1969 0.9367, 0.9657 0.1969 0.8274, 0.9763 0.1969 0.8479, 0.9812 0.1969 0.8632, 0.9344 0.1969 0.9763, 0.9234 0.1969 0.9817, 0.9031 0.1969 0.9878, 0.7943 0.1969 0.8507, 0.8046 0.1969 0.8295, 0.8123 0.1969 0.8184, 0.8296 0.1969 0.7997, 0.3878 0.1969 0.9235, 0.3819 0.1969 0.9367, 0.2157 0.1969 0.9482, -0.2805 0.1969 0.7735, 0.2229 0.1969 0.9572, 0.2259 0.1969 0.9598, -0.3645 0.1969 0.8137, -0.3515 0.1969 0.7997, -0.3447 0.1969 0.7939, 0.9199 0.1969 0.7831, 0.9323 0.1969 0.7916, 0.951 0.1969 0.8085, 0.2461 0.1969 0.7938, 0.2465 0.1969 0.7935, 0.2647 0.1969 0.781, 0.2487 0.1969 0.9774, 0.2461 0.1969 0.9758, 0.2389 0.1969 0.9713, 0.2105 0.1969 0.939, 0.2051 0.1969 0.9294, 0.2011 0.1969 0.9184, -0.2261 0.1969 0.8137, -0.3259 0.1969 0.781, -0.3247 0.1969 0.7804, -0.3207 0.1969 0.7784, -0.3688 0.1969 0.8184, -0.365 0.1969 0.8144, 0.3928 0.1969 0.9024, 0.8135 0.1969 0.9572, 0.8062 0.1969 0.9482, 0.2658 0.1969 0.7804, 0.2699 0.1969 0.7784, -0.2103 0.1969 0.9392, -0.2206 0.1969 0.9545, -0.2258 0.1969 0.9599, -0.2296 0.1969 0.9638, -0.2467 0.1969 0.9763, -0.2577 0.1969 0.9817, -0.3445 0.1969 0.7938, -0.344 0.1969 0.7935, -0.8926 0.1969 0.7714, -0.8877 0.1969 0.7708, -0.8858 0.1969 0.7709, -0.8784 0.1969 0.7715, 0.3803 0.1969 0.9392, 0.37 0.1969 0.9545, 0.3647 0.1969 0.9599, 0.361 0.1969 0.9638, 0.3438 0.1969 0.9763, 0.3329 0.1969 0.9817, 0.1969 0.1969 0.8849, 0.2001 0.1969 0.8627, -0.2879 0.1969 0.7715, 0.2002 0.1969 0.8621, 0.2026 0.1969 0.8544, 0.2037 0.1969 0.8507, 0.2106 0.1969 0.8368, 0.2005 0.1969 0.915, 0.1972 0.1969 0.8969, 0.197 0.1969 0.8888, -0.2662 0.1969 0.7806, -0.2612 0.1969 0.7831, -0.2488 0.1969 0.7916, -0.2465 0.1969 0.7937, -0.2463 0.1969 0.7939, -0.2301 0.1969 0.8085, -0.2106 0.1969 0.8368, -0.2048 0.1969 0.8479, -0.2027 0.1969 0.8546, -0.2007 0.1969 0.9149, 0.2796 0.1969 0.988, -0.1977 0.1969 0.9024, 0.2698 0.1969 0.9858, -0.1971 0.1969 0.8888, -0.1969 0.1969 0.8852, -0.27 0.1969 0.9854, -0.278 0.1969 0.9878, -0.2897 0.1969 0.9891, -0.3879 0.1969 0.8544, -0.3868 0.1969 0.8507, -0.38 0.1969 0.8368, -0.3765 0.1969 0.8295, 0.31 0.1969 0.7735, 0.3206 0.1969 0.7787, 0.3243 0.1969 0.7806, 0.3294 0.1969 0.7831, 0.3417 0.1969 0.7916, 0.3441 0.1969 0.7937, 0.3645 0.1969 0.8137, 0.365 0.1969 0.8144, 0.3751 0.1969 0.8274, 0.38 0.1969 0.8368, 0.8914 0.1969 0.9891, 0.8702 0.1969 0.988, 0.3206 0.1969 0.9854, 0.3125 0.1969 0.9878, 0.3008 0.1969 0.9891, 0.2141 0.1969 0.8295, 0.2217 0.1969 0.8184, 0.2255 0.1969 0.8144, -0.27 0.1969 0.7787, -0.2003 0.1969 0.8622, -0.1999 0.1969 0.8632, 0.2953 0.1969 0.9888, -0.3934 0.1969 0.8969, -0.3936 0.1969 0.8888, -0.3936 0.1969 0.8849, -0.3905 0.1969 0.8627, -0.3903 0.1969 0.8621, 0.3443 0.1969 0.7939, 0.3604 0.1969 0.8085, 0.3857 0.1969 0.8479, 0.3879 0.1969 0.8546, 0.3903 0.1969 0.8622, 0.7957 0.1969 0.9294, 0.7917 0.1969 0.9184, 0.3935 0.1969 0.8888, 0.7877 0.1969 0.8969, 0.3936 0.1969 0.8852, 0.3906 0.1969 0.8632, 0.8589 0.1969 0.9855, 0.8392 0.1969 0.9774, 0.8294 0.1969 0.9713, -0.7883 0.1969 0.9024, -0.3646 0.1969 0.9598, -0.3676 0.1969 0.9572, 0.7906 0.1969 0.8627, 0.7875 0.1969 0.8849, -0.2953 0.1969 0.7709, 0.2261 0.1969 0.8137, -0.8858 0.1969 0.9888, -0.9015 0.1969 0.988, -0.9113 0.1969 0.9858, -0.9128 0.1969 0.9855, -0.8368 0.1969 0.7939, -0.8207 0.1969 0.8085, -0.8166 0.1969 0.8137, -0.8161 0.1969 0.8144, -0.7933 0.1969 0.9235, -0.7992 0.1969 0.9367, -0.3109 0.1969 0.988, -0.8008 0.1969 0.9392, -0.8111 0.1969 0.9545, -0.8164 0.1969 0.9599, -0.8201 0.1969 0.9638, -0.8373 0.1969 0.9763, -0.8482 0.1969 0.9817, 0.3898 0.1969 0.9149, -0.8711 0.1969 0.7735, -0.8605 0.1969 0.7787, -0.8568 0.1969 0.7806, -0.806 0.1969 0.8274, -0.8011 0.1969 0.8368, -0.7954 0.1969 0.8479, -0.9324 0.1969 0.9774, -0.935 0.1969 0.9758, -0.9422 0.1969 0.9713, -0.8517 0.1969 0.7831, -0.8394 0.1969 0.7916, -0.837 0.1969 0.7937, -0.3749 0.1969 0.9482, -0.38 0.1969 0.939, -0.3854 0.1969 0.9294, -0.7913 0.1969 0.9149, -0.3207 0.1969 0.9858, -0.3222 0.1969 0.9855, -0.3419 0.1969 0.9774, -0.3444 0.1969 0.9758, -0.3517 0.1969 0.9713, -0.8605 0.1969 0.9854, -0.8686 0.1969 0.9878, -0.8803 0.1969 0.9891, -0.9552 0.1969 0.9598, -0.9582 0.1969 0.9572, -0.9654 0.1969 0.9482, -0.7905 0.1969 0.8632, -0.7908 0.1969 0.8622, -0.7932 0.1969 0.8546, -0.2953 0.1969 0.9888, -0.3894 0.1969 0.9184, -0.39 0.1969 0.915, -0.7876 0.1969 0.8888, -0.7875 0.1969 0.8852, -0.9706 0.1969 0.939, -0.976 0.1969 0.9294, -0.98 0.1969 0.9184, -0.9806 0.1969 0.915, -0.9839 0.1969 0.8969, -0.9841 0.1969 0.8888, -0.9842 0.1969 0.8849, -0.981 0.1969 0.8627, -0.9809 0.1969 0.8621, -0.9785 0.1969 0.8544, -0.9774 0.1969 0.8507, -0.9705 0.1969 0.8368, -0.9153 0.1969 0.7804, -0.9112 0.1969 0.7784, -0.9039 0.1969 0.7747, -0.967 0.1969 0.8295, -0.9594 0.1969 0.8184, -0.9556 0.1969 0.8144, -0.935 0.1969 0.7938, -0.9346 0.1969 0.7935, -0.9164 0.1969 0.781, -0.955 0.1969 0.8137, -0.9421 0.1969 0.7997, -0.9353 0.1969 0.7939, 0.1837 0.1181 0.0276, 0.1774 0.1181 0.0194, 1.2795 0.1181 0.0131, 1.2714 0.1181 0.0194, 0.1876 0.1181 0.0371, 1.2598 0.1181 0.0472, 0.189 0.1181 0.0472, 1.2612 0.1181 0.0371, 1.2651 0.1181 0.0276, 0.1693 0.1181 0.0131, 0.1598 0.1181 0.0092, 1.289 0.1181 0.0092, -0.1876 0.1181 0.0371, -0.189 0.1181 0.0472, -1.2598 0.1181 0.0472, -0.1693 0.1181 0.0131, -0.1774 0.1181 0.0194, -1.2651 0.1181 0.0276, -0.1837 0.1181 0.0276, -1.2612 0.1181 0.0371, -1.2714 0.1181 0.0194, -1.2795 0.1181 0.0131, -1.289 0.1181 0.0092, -0.1598 0.1181 0.0092
            ]
        }
        coordIndex [
            0,1,2,-1,2,1,3,-1,4,5,6,-1,6,5,7,-1,8,9,10,-1,10,9,11,-1,12,1,13,-1,13,1,0,-1,14,5,15,-1,15,5,4,-1,16,9,17,-1,17,9,8,-1,18,19,20,-1,21,22,23,-1,23,22,24,-1,23,24,25,-1,18,20,26,-1,26,20,27,-1,26,27,28,-1,29,28,30,-1,30,28,27,-1,30,27,24,-1,19,31,20,-1,20,31,32,-1,20,32,33,-1,34,35,20,-1,20,35,36,-1,37,38,39,-1,39,38,40,-1,36,41,20,-1,20,41,40,-1,20,40,42,-1,42,40,38,-1,43,44,45,-1,45,44,46,-1,33,47,20,-1,20,47,48,-1,20,48,34,-1,43,49,44,-1,44,49,50,-1,44,50,51,-1,52,53,54,-1,54,53,55,-1,54,55,56,-1,27,57,24,-1,24,57,58,-1,24,58,59,-1,56,60,54,-1,54,60,61,-1,54,61,62,-1,44,25,46,-1,46,25,24,-1,46,24,63,-1,63,24,59,-1,50,64,51,-1,51,64,65,-1,51,65,54,-1,54,65,66,-1,54,66,52,-1,23,62,21,-1,21,62,61,-1,21,61,67,-1,67,61,68,-1,61,69,68,-1,68,69,70,-1,68,70,30,-1,30,70,71,-1,30,71,29,-1,72,73,74,-1,75,76,77,-1,78,79,80,-1,81,82,80,-1,80,82,83,-1,80,83,78,-1,78,83,74,-1,73,84,74,-1,74,84,85,-1,74,85,86,-1,86,87,74,-1,74,87,88,-1,74,88,78,-1,89,90,91,-1,91,90,92,-1,93,94,95,-1,30,96,97,-1,98,91,99,-1,99,91,92,-1,99,92,75,-1,75,92,93,-1,75,93,76,-1,76,93,95,-1,88,75,78,-1,78,75,77,-1,78,77,24,-1,24,77,100,-1,24,100,30,-1,30,100,101,-1,30,101,98,-1,102,103,96,-1,96,103,104,-1,96,104,105,-1,105,106,96,-1,96,106,107,-1,96,107,74,-1,74,107,108,-1,74,108,72,-1,98,99,30,-1,30,99,109,-1,30,109,96,-1,96,109,110,-1,96,110,102,-1,79,78,97,-1,97,78,111,-1,97,111,30,-1,30,111,112,-1,30,112,68,-1,113,114,115,-1,115,114,116,-1,116,117,115,-1,115,117,118,-1,9,16,119,-1,120,121,122,-1,119,123,9,-1,9,123,120,-1,9,120,11,-1,11,120,122,-1,124,125,126,-1,126,125,127,-1,126,127,128,-1,128,127,129,-1,128,129,130,-1,130,129,131,-1,120,132,121,-1,121,132,133,-1,121,133,125,-1,125,133,134,-1,125,134,127,-1,127,134,135,-1,134,136,135,-1,135,136,137,-1,135,137,138,-1,138,137,139,-1,140,141,132,-1,132,141,142,-1,132,142,133,-1,133,142,143,-1,144,145,146,-1,78,147,148,-1,149,150,151,-1,152,153,154,-1,151,144,149,-1,149,144,146,-1,149,146,154,-1,154,146,155,-1,154,155,152,-1,148,154,78,-1,78,154,153,-1,78,153,111,-1,111,153,112,-1,21,67,156,-1,157,158,159,-1,156,160,161,-1,162,163,161,-1,161,163,164,-1,165,166,164,-1,164,166,167,-1,164,167,161,-1,161,167,157,-1,161,157,156,-1,156,157,159,-1,156,159,21,-1,21,159,22,-1,168,169,170,-1,171,172,173,-1,170,171,174,-1,174,171,175,-1,176,177,178,-1,178,177,172,-1,178,172,179,-1,179,172,171,-1,180,181,182,-1,182,181,174,-1,183,184,185,-1,186,187,170,-1,176,188,177,-1,177,188,189,-1,177,189,190,-1,190,189,191,-1,190,191,192,-1,173,193,171,-1,171,193,194,-1,171,194,195,-1,196,197,198,-1,180,199,181,-1,181,199,183,-1,181,183,200,-1,200,183,185,-1,174,181,170,-1,170,181,201,-1,170,201,186,-1,195,202,171,-1,171,202,203,-1,171,203,175,-1,174,204,182,-1,182,204,196,-1,182,196,205,-1,205,196,198,-1,187,206,170,-1,170,206,207,-1,170,207,208,-1,192,209,190,-1,190,209,168,-1,190,168,210,-1,210,168,170,-1,210,170,211,-1,211,170,208,-1,212,190,213,-1,213,190,210,-1,214,172,215,-1,215,172,177,-1,190,212,216,-1,217,136,218,-1,218,136,134,-1,218,134,219,-1,220,215,221,-1,221,215,177,-1,222,223,224,-1,224,223,225,-1,216,226,190,-1,190,226,227,-1,190,227,177,-1,177,227,228,-1,177,228,221,-1,229,133,230,-1,230,133,143,-1,230,143,231,-1,145,223,227,-1,227,223,222,-1,227,222,228,-1,228,222,163,-1,228,163,229,-1,229,163,162,-1,229,162,133,-1,133,162,224,-1,133,224,134,-1,134,224,225,-1,134,225,219,-1,219,225,146,-1,219,146,227,-1,227,146,145,-1,232,213,210,-1,180,182,233,-1,233,182,234,-1,235,16,17,-1,118,117,236,-1,236,117,237,-1,173,172,214,-1,13,238,233,-1,233,238,236,-1,233,236,239,-1,239,236,237,-1,239,237,240,-1,210,211,232,-1,232,211,239,-1,232,239,241,-1,17,242,235,-1,235,242,243,-1,235,243,234,-1,214,244,173,-1,173,244,245,-1,173,245,235,-1,141,119,16,-1,235,245,16,-1,16,245,142,-1,16,142,141,-1,131,139,130,-1,130,139,137,-1,14,15,243,-1,243,15,246,-1,243,246,234,-1,234,246,247,-1,234,247,233,-1,233,247,12,-1,233,12,13,-1,240,248,239,-1,239,248,130,-1,239,130,241,-1,241,130,137,-1,147,78,159,-1,159,78,24,-1,159,24,22,-1,249,161,160,-1,151,165,250,-1,250,165,164,-1,152,155,251,-1,144,151,252,-1,252,151,250,-1,252,250,251,-1,251,250,249,-1,251,249,152,-1,152,249,160,-1,253,254,167,-1,176,255,188,-1,188,255,253,-1,188,253,166,-1,166,253,167,-1,157,256,158,-1,158,256,257,-1,158,257,179,-1,179,257,258,-1,179,258,178,-1,255,176,258,-1,258,176,178,-1,157,167,256,-1,256,167,254,-1,259,154,260,-1,260,154,148,-1,260,148,261,-1,261,148,169,-1,261,169,168,-1,149,262,150,-1,150,262,263,-1,150,263,192,-1,192,263,264,-1,192,264,209,-1,168,209,261,-1,261,209,264,-1,149,154,262,-1,262,154,259,-1,112,153,68,-1,68,153,156,-1,68,156,67,-1,265,266,156,-1,156,266,267,-1,153,268,156,-1,156,268,269,-1,156,269,265,-1,270,271,272,-1,272,271,273,-1,270,274,271,-1,271,274,275,-1,271,275,276,-1,160,277,278,-1,279,280,281,-1,267,282,156,-1,156,282,283,-1,156,283,160,-1,160,283,284,-1,160,284,285,-1,277,286,287,-1,287,286,288,-1,285,289,160,-1,160,289,290,-1,160,290,291,-1,278,292,160,-1,160,292,293,-1,160,293,152,-1,152,293,294,-1,152,294,295,-1,291,296,160,-1,160,296,297,-1,160,297,277,-1,277,297,298,-1,277,298,286,-1,286,299,288,-1,288,299,300,-1,288,300,301,-1,301,300,302,-1,301,302,276,-1,276,302,303,-1,276,303,271,-1,295,304,152,-1,152,304,305,-1,152,305,306,-1,271,307,273,-1,273,307,308,-1,273,308,153,-1,153,308,309,-1,153,309,268,-1,310,311,280,-1,280,311,312,-1,280,312,281,-1,152,313,314,-1,315,316,153,-1,153,316,317,-1,153,317,318,-1,318,317,319,-1,318,319,320,-1,279,281,318,-1,318,281,321,-1,318,321,153,-1,153,321,322,-1,153,322,273,-1,323,324,325,-1,325,324,326,-1,325,326,327,-1,328,329,152,-1,152,329,325,-1,152,325,313,-1,313,325,327,-1,310,330,311,-1,311,330,331,-1,311,331,332,-1,332,331,333,-1,332,333,306,-1,333,334,306,-1,306,334,335,-1,306,335,336,-1,314,337,152,-1,152,337,338,-1,152,338,339,-1,340,341,342,-1,342,341,343,-1,342,343,344,-1,319,345,320,-1,320,345,341,-1,320,341,346,-1,346,341,340,-1,336,347,306,-1,306,347,348,-1,306,348,152,-1,152,348,349,-1,152,349,328,-1,325,350,323,-1,323,350,351,-1,323,351,352,-1,352,351,353,-1,352,353,344,-1,344,353,354,-1,344,354,342,-1,339,355,152,-1,152,355,356,-1,152,356,153,-1,153,356,357,-1,153,357,358,-1,358,359,153,-1,153,359,360,-1,153,360,315,-1,231,143,361,-1,361,143,142,-1,361,142,362,-1,362,142,245,-1,229,363,228,-1,228,363,362,-1,364,257,365,-1,365,257,256,-1,365,256,244,-1,253,228,254,-1,254,228,362,-1,254,362,256,-1,256,362,245,-1,256,245,244,-1,215,220,366,-1,365,244,366,-1,366,244,214,-1,366,214,215,-1,367,368,219,-1,369,232,241,-1,227,263,262,-1,259,260,370,-1,370,369,259,-1,259,369,241,-1,259,241,262,-1,262,241,367,-1,262,367,227,-1,227,367,219,-1,136,217,371,-1,367,241,371,-1,371,241,137,-1,371,137,136,-1,216,212,372,-1,372,212,213,-1,372,213,369,-1,369,213,232,-1,373,364,366,-1,366,364,365,-1,373,366,221,-1,221,366,220,-1,257,364,258,-1,258,364,373,-1,258,373,255,-1,255,373,221,-1,255,221,253,-1,253,221,228,-1,230,231,374,-1,374,231,361,-1,363,374,362,-1,362,374,361,-1,374,363,230,-1,230,363,229,-1,222,224,250,-1,250,224,249,-1,163,222,164,-1,164,222,250,-1,224,162,249,-1,249,162,161,-1,223,145,252,-1,252,145,144,-1,225,223,251,-1,251,223,252,-1,146,225,155,-1,155,225,251,-1,375,372,370,-1,370,372,369,-1,226,216,375,-1,375,216,372,-1,264,263,227,-1,375,370,260,-1,260,261,375,-1,375,261,264,-1,375,264,226,-1,226,264,227,-1,376,371,218,-1,218,371,217,-1,368,367,376,-1,376,367,371,-1,368,376,219,-1,219,376,218,-1,377,126,378,-1,378,126,128,-1,124,122,125,-1,125,122,121,-1,379,380,377,-1,377,380,381,-1,377,381,382,-1,113,236,238,-1,383,384,377,-1,377,384,385,-1,377,385,379,-1,386,387,388,-1,3,389,2,-1,2,389,390,-1,126,391,124,-1,124,391,392,-1,124,392,393,-1,393,394,124,-1,124,394,395,-1,124,395,396,-1,114,397,398,-1,398,399,114,-1,114,399,400,-1,114,400,401,-1,402,403,404,-1,405,406,124,-1,407,408,126,-1,126,408,409,-1,126,409,391,-1,396,410,124,-1,124,410,411,-1,124,411,412,-1,413,414,240,-1,240,414,415,-1,240,415,377,-1,377,415,416,-1,377,416,383,-1,417,418,124,-1,419,420,421,-1,421,420,422,-1,423,424,3,-1,3,424,425,-1,382,426,377,-1,377,426,427,-1,377,427,126,-1,126,427,428,-1,126,428,407,-1,238,2,113,-1,113,2,390,-1,113,390,114,-1,114,390,386,-1,114,386,397,-1,388,429,386,-1,386,429,430,-1,386,430,431,-1,432,433,420,-1,420,433,434,-1,420,434,422,-1,419,435,420,-1,420,435,436,-1,420,436,437,-1,402,404,438,-1,439,440,3,-1,3,440,441,-1,3,441,389,-1,247,442,3,-1,3,442,443,-1,3,443,423,-1,11,122,10,-1,10,122,7,-1,10,7,242,-1,242,7,243,-1,444,445,446,-1,431,447,386,-1,386,447,448,-1,386,448,397,-1,406,449,124,-1,124,449,450,-1,124,450,451,-1,451,452,124,-1,124,452,453,-1,124,453,454,-1,425,455,3,-1,3,455,456,-1,3,456,439,-1,457,458,7,-1,7,458,459,-1,7,459,460,-1,418,461,124,-1,124,461,462,-1,124,462,463,-1,463,464,124,-1,124,464,465,-1,124,465,466,-1,467,468,469,-1,469,468,470,-1,470,471,469,-1,469,471,472,-1,469,472,473,-1,437,474,420,-1,420,474,475,-1,420,475,469,-1,469,475,476,-1,469,476,467,-1,477,478,404,-1,404,478,479,-1,404,479,480,-1,480,481,404,-1,404,481,482,-1,404,482,438,-1,403,483,404,-1,404,483,484,-1,404,484,485,-1,486,487,488,-1,488,487,489,-1,488,489,490,-1,490,489,404,-1,490,404,491,-1,454,492,124,-1,124,492,493,-1,124,493,494,-1,495,496,247,-1,496,497,247,-1,247,497,498,-1,247,498,442,-1,401,499,114,-1,114,499,500,-1,114,500,501,-1,501,502,114,-1,114,502,503,-1,114,503,504,-1,505,506,114,-1,114,506,507,-1,114,507,508,-1,412,509,124,-1,124,509,510,-1,124,510,417,-1,466,511,124,-1,124,511,512,-1,124,512,513,-1,473,514,469,-1,469,514,515,-1,469,515,516,-1,432,420,404,-1,404,420,517,-1,404,517,477,-1,485,518,404,-1,404,518,519,-1,404,519,491,-1,486,405,487,-1,487,405,124,-1,487,124,520,-1,520,124,513,-1,521,522,6,-1,6,522,523,-1,6,523,246,-1,246,523,524,-1,246,524,247,-1,247,524,525,-1,247,525,495,-1,504,526,114,-1,114,526,527,-1,114,527,505,-1,508,528,114,-1,114,528,529,-1,114,529,530,-1,446,531,444,-1,444,531,532,-1,444,532,533,-1,533,532,534,-1,533,534,535,-1,535,534,536,-1,510,537,417,-1,417,537,538,-1,417,538,539,-1,540,541,542,-1,413,240,543,-1,543,240,237,-1,543,237,544,-1,544,237,114,-1,544,114,534,-1,534,114,530,-1,534,530,536,-1,386,545,387,-1,387,545,469,-1,387,469,546,-1,546,469,516,-1,547,548,122,-1,122,548,549,-1,122,549,550,-1,551,552,6,-1,6,552,553,-1,6,553,554,-1,555,556,557,-1,557,556,558,-1,124,559,560,-1,560,561,124,-1,124,561,562,-1,124,562,563,-1,445,444,539,-1,539,444,564,-1,539,564,417,-1,460,565,7,-1,7,565,566,-1,7,566,567,-1,554,568,6,-1,6,568,569,-1,6,569,570,-1,550,571,122,-1,122,571,572,-1,122,572,573,-1,567,574,7,-1,7,574,575,-1,7,575,6,-1,6,575,576,-1,6,576,551,-1,542,577,540,-1,540,577,578,-1,540,578,579,-1,555,557,580,-1,580,557,581,-1,580,581,540,-1,540,581,582,-1,540,582,583,-1,583,584,540,-1,540,584,585,-1,540,585,541,-1,563,586,124,-1,124,586,587,-1,124,587,122,-1,122,587,588,-1,122,588,547,-1,573,589,122,-1,122,589,590,-1,122,590,591,-1,592,521,593,-1,593,521,6,-1,593,6,594,-1,594,6,570,-1,558,559,557,-1,557,559,124,-1,557,124,595,-1,595,124,494,-1,579,596,540,-1,540,596,597,-1,540,597,598,-1,598,597,521,-1,598,521,599,-1,599,521,592,-1,591,600,122,-1,122,600,601,-1,122,601,602,-1,602,603,122,-1,122,603,604,-1,122,604,605,-1,605,606,122,-1,122,606,607,-1,122,607,608,-1,608,609,122,-1,122,609,610,-1,122,610,611,-1,612,613,7,-1,7,613,614,-1,7,614,457,-1,611,615,122,-1,122,615,616,-1,122,616,617,-1,618,619,7,-1,7,619,620,-1,7,620,612,-1,617,621,122,-1,122,621,622,-1,122,622,7,-1,7,622,623,-1,7,623,618,-1,135,138,127,-1,127,138,129,-1,138,139,129,-1,129,139,131,-1,123,140,120,-1,120,140,132,-1,119,141,123,-1,123,141,140,-1,128,130,378,-1,378,130,248,-1,116,114,117,-1,117,114,237,-1,248,240,378,-1,378,240,377,-1,624,625,239,-1,626,627,628,-1,629,630,631,-1,631,630,628,-1,631,628,632,-1,632,628,627,-1,625,633,239,-1,239,633,634,-1,239,634,233,-1,624,239,628,-1,628,239,635,-1,628,635,626,-1,181,630,201,-1,201,630,629,-1,636,637,638,-1,639,640,641,-1,640,642,641,-1,641,642,636,-1,641,636,643,-1,643,636,638,-1,644,645,234,-1,234,645,646,-1,234,646,235,-1,644,234,641,-1,641,234,647,-1,641,647,639,-1,174,175,637,-1,637,175,638,-1,171,159,179,-1,179,159,158,-1,170,147,171,-1,171,147,159,-1,147,170,148,-1,148,170,169,-1,165,189,166,-1,166,189,188,-1,151,191,165,-1,165,191,189,-1,150,192,151,-1,151,192,191,-1,630,181,200,-1,630,200,628,-1,628,200,185,-1,628,185,624,-1,624,185,184,-1,624,184,625,-1,625,184,183,-1,625,183,633,-1,633,183,199,-1,633,199,634,-1,634,199,180,-1,634,180,233,-1,201,629,631,-1,201,631,186,-1,186,631,632,-1,186,632,187,-1,187,632,627,-1,187,627,206,-1,206,627,626,-1,206,626,207,-1,207,626,635,-1,207,635,208,-1,208,635,239,-1,208,239,211,-1,638,175,203,-1,638,203,643,-1,643,203,202,-1,643,202,641,-1,641,202,195,-1,641,195,644,-1,644,195,194,-1,644,194,645,-1,645,194,193,-1,645,193,646,-1,646,193,173,-1,646,173,235,-1,174,637,636,-1,174,636,204,-1,204,636,642,-1,204,642,196,-1,196,642,640,-1,196,640,197,-1,197,640,639,-1,197,639,198,-1,198,639,647,-1,198,647,205,-1,205,647,234,-1,205,234,182,-1,
        ]
    }
}
Shape{
    appearance Appearance {
        material  Material 	{
            diffuseColor 0.7686274509803922 0.7686274509803922 0.7686274509803922
            specularColor 0.615686274509804 0.615686274509804 0.615686274509804
            ambientIntensity 0.7686
            transparency 0.0
            shininess 0.5
        }
    }
    geometry IndexedFaceSet {
        ccw TRUE
        solid FALSE
        coord DEF co Coordinate {
            point [
                0.8858 0.1992 0.7627, 0.9113 0.3018 0.1997, 0.9113 0.2025 0.7633, 0.935 0.3115 0.2014, 0.935 0.2122 0.765, 0.9554 0.3269 0.2041, 0.9554 0.2276 0.7677, 0.9711 0.347 0.2077, 0.9711 0.2476 0.7713, 0.9809 0.3704 0.2118, 0.9809 0.271 0.7754, 0.9843 0.3955 0.2162, 0.9843 0.2961 0.7798, 0.9809 0.4206 0.2207, 0.9809 0.3212 0.7843, 0.9711 0.4439 0.2248, 0.9711 0.3446 0.7884, 0.9554 0.464 0.2283, 0.9554 0.3646 0.7919, 0.935 0.4794 0.231, 0.935 0.38 0.7946, 0.9113 0.4891 0.2327, 0.9113 0.3897 0.7963, 0.8858 0.4924 0.2333, 0.8858 0.393 0.7969, 0.8604 0.4891 0.2327, 0.8604 0.3897 0.7963, 0.8366 0.4794 0.231, 0.8366 0.38 0.7946, 0.8162 0.464 0.2283, 0.8162 0.3646 0.7919, 0.8006 0.4439 0.2248, 0.8006 0.3446 0.7884, 0.7908 0.4206 0.2207, 0.7908 0.3212 0.7843, 0.7874 0.3955 0.2162, 0.7874 0.2961 0.7798, 0.7908 0.3704 0.2118, 0.7908 0.271 0.7754, 0.8006 0.347 0.2077, 0.8006 0.2476 0.7713, 0.8162 0.3269 0.2041, 0.8162 0.2276 0.7677, 0.8366 0.3115 0.2014, 0.8366 0.2122 0.765, 0.8604 0.3018 0.1997, 0.8604 0.2025 0.7633, 0.8858 0.2985 0.1991, 0.8858 0.4945 0.2258, 0.8604 0.4914 0.2245, 0.8366 0.4823 0.221, 0.8162 0.4677 0.2152, 0.8006 0.4487 0.2078, 0.7908 0.4266 0.1991, 0.7874 0.4029 0.1898, 0.7908 0.3792 0.1805, 0.8006 0.3571 0.1718, 0.8162 0.3381 0.1644, 0.8366 0.3236 0.1587, 0.8604 0.3144 0.1551, 0.8858 0.3113 0.1539, 0.9113 0.3144 0.1551, 0.935 0.3236 0.1587, 0.9554 0.3381 0.1644, 0.9711 0.3571 0.1718, 0.9809 0.3792 0.1805, 0.9843 0.4029 0.1898, 0.9809 0.4266 0.1991, 0.9711 0.4487 0.2078, 0.9554 0.4677 0.2152, 0.935 0.4823 0.221, 0.9113 0.4914 0.2245, 0.8858 0.4981 0.2188, 0.8604 0.4953 0.217, 0.8366 0.487 0.2116, 0.8162 0.4739 0.2032, 0.8006 0.4568 0.1921, 0.7908 0.4368 0.1792, 0.7874 0.4154 0.1654, 0.7908 0.394 0.1516, 0.8006 0.3741 0.1387, 0.8162 0.357 0.1276, 0.8366 0.3438 0.1192, 0.8604 0.3356 0.1138, 0.8858 0.3327 0.112, 0.9113 0.3356 0.1138, 0.935 0.3438 0.1192, 0.9554 0.357 0.1276, 0.9711 0.3741 0.1387, 0.9809 0.394 0.1516, 0.9843 0.4154 0.1654, 0.9809 0.4368 0.1792, 0.9711 0.4568 0.1921, 0.9554 0.4739 0.2032, 0.935 0.487 0.2116, 0.9113 0.4953 0.217, 0.8858 0.503 0.2127, 0.8604 0.5006 0.2103, 0.8366 0.4936 0.2035, 0.8162 0.4824 0.1925, 0.8006 0.4678 0.1783, 0.7908 0.4508 0.1617, 0.7874 0.4325 0.1439, 0.7908 0.4143 0.1262, 0.8006 0.3973 0.1096, 0.8162 0.3827 0.0953, 0.8366 0.3715 0.0844, 0.8604 0.3645 0.0776, 0.8858 0.3621 0.0752, 0.9113 0.3645 0.0776, 0.935 0.3715 0.0844, 0.9554 0.3827 0.0953, 0.9711 0.3973 0.1096, 0.9809 0.4143 0.1262, 0.9843 0.4325 0.1439, 0.9809 0.4508 0.1617, 0.9711 0.4678 0.1783, 0.9554 0.4824 0.1925, 0.935 0.4936 0.2035, 0.9113 0.5006 0.2103, 0.8858 0.509 0.2076, 0.8604 0.5071 0.2049, 0.8366 0.5016 0.1967, 0.8162 0.4928 0.1838, 0.8006 0.4813 0.167, 0.7908 0.4679 0.1474, 0.7874 0.4536 0.1263, 0.7908 0.4392 0.1053, 0.8006 0.4258 0.0856, 0.8162 0.4144 0.0688, 0.8366 0.4055 0.0559, 0.8604 0.4 0.0478, 0.8858 0.3981 0.045, 0.9113 0.4 0.0478, 0.935 0.4055 0.0559, 0.9554 0.4144 0.0688, 0.9711 0.4258 0.0856, 0.9809 0.4392 0.1053, 0.9843 0.4536 0.1263, 0.9809 0.4679 0.1474, 0.9711 0.4813 0.167, 0.9554 0.4928 0.1838, 0.935 0.5016 0.1967, 0.9113 0.5071 0.2049, 0.8858 0.5159 0.2039, 0.8604 0.5146 0.2008, 0.8366 0.5108 0.1917, 0.8162 0.5047 0.1773, 0.8006 0.4968 0.1585, 0.7908 0.4875 0.1367, 0.7874 0.4777 0.1132, 0.7908 0.4678 0.0897, 0.8006 0.4585 0.0678, 0.8162 0.4506 0.0491, 0.8366 0.4445 0.0346, 0.8604 0.4407 0.0256, 0.8858 0.4394 0.0225, 0.9113 0.4407 0.0256, 0.935 0.4445 0.0346, 0.9554 0.4506 0.0491, 0.9711 0.4585 0.0678, 0.9809 0.4678 0.0897, 0.9843 0.4777 0.1132, 0.9809 0.4875 0.1367, 0.9711 0.4968 0.1585, 0.9554 0.5047 0.1773, 0.935 0.5108 0.1917, 0.9113 0.5146 0.2008, 0.8858 0.5234 0.2016, 0.8604 0.5227 0.1983, 0.8366 0.5208 0.1886, 0.8162 0.5177 0.1733, 0.8006 0.5136 0.1533, 0.7908 0.5089 0.1301, 0.7874 0.5039 0.1051, 0.7908 0.4988 0.0801, 0.8006 0.4941 0.0569, 0.8162 0.4901 0.0369, 0.8366 0.487 0.0215, 0.8604 0.485 0.0119, 0.8858 0.4844 0.0086, 0.9113 0.485 0.0119, 0.935 0.487 0.0215, 0.9554 0.4901 0.0369, 0.9711 0.4941 0.0569, 0.9809 0.4988 0.0801, 0.9843 0.5039 0.1051, 0.9809 0.5089 0.1301, 0.9711 0.5136 0.1533, 0.9554 0.5177 0.1733, 0.935 0.5208 0.1886, 0.9113 0.5227 0.1983, 0.8858 0.5312 0.2008, 0.8604 0.5312 0.1974, 0.8366 0.5312 0.1876, 0.8162 0.5312 0.172, 0.8006 0.5312 0.1516, 0.7908 0.5312 0.1278, 0.7874 0.5312 0.1024, 0.7908 0.5312 0.0769, 0.8006 0.5312 0.0531, 0.8162 0.5312 0.0328, 0.8366 0.5312 0.0171, 0.8604 0.5312 0.0073, 0.8858 0.5312 0.0039, 0.9113 0.5312 0.0073, 0.935 0.5312 0.0171, 0.9554 0.5312 0.0328, 0.9711 0.5312 0.0531, 0.9809 0.5312 0.0769, 0.9843 0.5312 0.1024, 0.9809 0.5312 0.1278, 0.9711 0.5312 0.1516, 0.9554 0.5312 0.172, 0.935 0.5312 0.1876, 0.9113 0.5312 0.1974, 0.9113 0.8233 0.0073, 0.935 0.8233 0.0171, 0.9554 0.8233 0.0328, 0.9711 0.8233 0.0531, 0.9809 0.8233 0.0769, 0.9843 0.8233 0.1024, 0.9809 0.8233 0.1278, 0.9711 0.8233 0.1516, 0.9554 0.8233 0.172, 0.935 0.8233 0.1876, 0.9113 0.8233 0.1974, 0.8858 0.8233 0.2008, 0.8604 0.8233 0.1974, 0.8366 0.8233 0.1876, 0.8162 0.8233 0.172, 0.8006 0.8233 0.1516, 0.7908 0.8233 0.1278, 0.7874 0.8233 0.1024, 0.7908 0.8233 0.0769, 0.8006 0.8233 0.0531, 0.8162 0.8233 0.0328, 0.8366 0.8233 0.0171, 0.8604 0.8233 0.0073, 0.8858 0.8233 0.0039, 0.9046 0.9843 0.0698, 0.8956 0.9843 0.066, 0.8858 0.9843 0.1024, 0.8858 0.9843 0.0647, 0.8761 0.9843 0.066, 0.9222 0.9843 0.0926, 0.9184 0.9843 0.0836, 0.9124 0.9843 0.0758, 0.9184 0.9843 0.1212, 0.9222 0.9843 0.1121, 0.9234 0.9843 0.1024, 0.8956 0.9843 0.1387, 0.9046 0.9843 0.1349, 0.9124 0.9843 0.129, 0.867 0.9843 0.1349, 0.8761 0.9843 0.1387, 0.8858 0.9843 0.14, 0.8495 0.9843 0.1121, 0.8532 0.9843 0.1212, 0.8592 0.9843 0.129, 0.8532 0.9843 0.0836, 0.8495 0.9843 0.0926, 0.8482 0.9843 0.1024, 0.867 0.9843 0.0698, 0.8592 0.9843 0.0758, 0.7943 0.1969 0.8507, 0.7932 0.1969 0.8544, 0.7908 0.1995 0.8612, 0.7957 0.1969 0.9294, 0.8011 0.1969 0.939, 0.8006 0.2255 0.9312, 0.8552 0.1969 0.781, 0.8371 0.1969 0.7935, 0.8366 0.197 0.7936, 0.8296 0.1969 0.7997, 0.8162 0.208 0.8048, 0.8364 0.1969 0.7939, 0.8366 0.1969 0.7938, 0.8858 0.1969 0.7706, 0.8858 0.1969 0.7709, 0.884 0.1969 0.7708, 0.8604 0.2 0.7719, 0.8791 0.1969 0.7714, 0.8678 0.1969 0.7747, 0.8932 0.1969 0.7715, 0.9113 0.2 0.7719, 0.9006 0.1969 0.7735, 0.935 0.2092 0.7755, 0.9149 0.1969 0.7806, 0.9111 0.1969 0.7787, 0.9323 0.1969 0.7916, 0.9199 0.1969 0.7831, 0.935 0.204 0.7852, 0.9346 0.1969 0.7937, 0.9348 0.1969 0.7939, 0.9349 0.1971 0.7937, 0.951 0.1969 0.8085, 0.9554 0.208 0.8048, 0.9711 0.2222 0.8194, 0.9556 0.1969 0.8144, 0.955 0.1969 0.8137, 0.9711 0.2077 0.8308, 0.9705 0.1969 0.8368, 0.9657 0.1969 0.8274, 0.9763 0.1969 0.8479, 0.9809 0.2204 0.8509, 0.9784 0.1969 0.8546, 0.9843 0.2083 0.8851, 0.984 0.1969 0.8888, 0.9842 0.1969 0.8852, 0.9809 0.1995 0.8612, 0.9812 0.1969 0.8632, 0.9808 0.1969 0.8622, 0.9834 0.1969 0.9024, 0.9809 0.2172 0.909, 0.9804 0.1969 0.9149, 0.9783 0.1969 0.9235, 0.9711 0.2255 0.9312, 0.9725 0.1969 0.9367, 0.9554 0.2326 0.9503, 0.9605 0.1969 0.9545, 0.9708 0.1969 0.9392, 0.935 0.238 0.965, 0.9515 0.1969 0.9638, 0.9553 0.1969 0.9599, 0.9031 0.1969 0.9878, 0.9111 0.1969 0.9854, 0.9113 0.2414 0.9742, 0.9234 0.1969 0.9817, 0.9344 0.1969 0.9763, 0.8914 0.1969 0.9891, 0.8858 0.2426 0.9774, 0.8858 0.1969 0.9888, 0.8702 0.1969 0.988, 0.8604 0.2414 0.9742, 0.8604 0.1969 0.9858, 0.8589 0.1969 0.9855, 0.8366 0.238 0.965, 0.8392 0.1969 0.9774, 0.8135 0.1969 0.9572, 0.8165 0.1969 0.9598, 0.8162 0.2326 0.9503, 0.8294 0.1969 0.9713, 0.8367 0.1969 0.9758, 0.8062 0.1969 0.9482, 0.7917 0.1969 0.9184, 0.7908 0.2172 0.909, 0.7911 0.1969 0.915, 0.7874 0.2083 0.8851, 0.7875 0.1969 0.8888, 0.7877 0.1969 0.8969, 0.7908 0.1969 0.8621, 0.7906 0.1969 0.8627, 0.7875 0.1969 0.8849, 0.7908 0.2204 0.8509, 0.8006 0.2077 0.8308, 0.8011 0.1969 0.8368, 0.8161 0.1969 0.8144, 0.8123 0.1969 0.8184, 0.8046 0.1969 0.8295, 0.9843 0.234 0.8724, 0.9809 0.2476 0.8939, 0.9711 0.2603 0.914, 0.9554 0.2712 0.9312, 0.935 0.2795 0.9444, 0.9113 0.2848 0.9528, 0.8858 0.2866 0.9556, 0.8604 0.2848 0.9528, 0.8366 0.2795 0.9444, 0.8162 0.2712 0.9312, 0.8006 0.2603 0.914, 0.7908 0.2476 0.8939, 0.7874 0.234 0.8724, 0.9809 0.2387 0.8364, 0.9843 0.2565 0.8547, 0.9809 0.2743 0.8729, 0.9711 0.2908 0.8899, 0.9554 0.305 0.9045, 0.935 0.3159 0.9158, 0.9113 0.3228 0.9228, 0.8858 0.3251 0.9252, 0.8604 0.3228 0.9228, 0.8366 0.3159 0.9158, 0.8162 0.305 0.9045, 0.8006 0.2908 0.8899, 0.7908 0.2743 0.8729, 0.7874 0.2565 0.8547, 0.7908 0.2387 0.8364, 0.8006 0.2222 0.8194, 0.8166 0.1969 0.8137, 0.9554 0.217 0.7939, 0.9711 0.234 0.8053, 0.9809 0.2537 0.8185, 0.9843 0.2748 0.8327, 0.9809 0.296 0.8469, 0.9711 0.3157 0.8601, 0.9554 0.3326 0.8714, 0.935 0.3456 0.8802, 0.9113 0.3538 0.8856, 0.8858 0.3566 0.8875, 0.8604 0.3538 0.8856, 0.8366 0.3456 0.8802, 0.8162 0.3326 0.8714, 0.8006 0.3157 0.8601, 0.7908 0.296 0.8469, 0.7874 0.2748 0.8327, 0.7908 0.2537 0.8185, 0.8006 0.234 0.8053, 0.8162 0.217 0.7939, 0.8366 0.204 0.7852, 0.8564 0.1969 0.7804, 0.9554 0.2237 0.7814, 0.9711 0.2426 0.789, 0.9809 0.2646 0.7979, 0.9843 0.2882 0.8074, 0.9809 0.3119 0.8169, 0.9711 0.3339 0.8257, 0.9554 0.3528 0.8334, 0.935 0.3673 0.8392, 0.9113 0.3764 0.8429, 0.8858 0.3795 0.8441, 0.8604 0.3764 0.8429, 0.8366 0.3673 0.8392, 0.8162 0.3528 0.8334, 0.8006 0.3339 0.8257, 0.7908 0.3119 0.8169, 0.7874 0.2882 0.8074, 0.7908 0.2646 0.7979, 0.8006 0.2426 0.789, 0.8162 0.2237 0.7814, 0.8366 0.2092 0.7755, 0.8604 0.1969 0.7784, 0.867 -1.1811 0.8611, 0.8761 -1.1811 0.8574, 0.8858 -1.1811 0.8937, 0.8858 -1.1811 0.8561, 0.8956 -1.1811 0.8574, 0.8495 -1.1811 0.884, 0.8532 -1.1811 0.8749, 0.8592 -1.1811 0.8671, 0.8532 -1.1811 0.9125, 0.8495 -1.1811 0.9034, 0.8482 -1.1811 0.8937, 0.8761 -1.1811 0.93, 0.867 -1.1811 0.9263, 0.8592 -1.1811 0.9203, 0.9046 -1.1811 0.9263, 0.8956 -1.1811 0.93, 0.8858 -1.1811 0.9313, 0.9222 -1.1811 0.9034, 0.9184 -1.1811 0.9125, 0.9124 -1.1811 0.9203, 0.9184 -1.1811 0.8749, 0.9222 -1.1811 0.884, 0.9234 -1.1811 0.8937, 0.9046 -1.1811 0.8611, 0.9124 -1.1811 0.8671, 0.8858 -1.0202 0.7953, 0.9113 -0.3937 0.7986, 0.9113 -1.0202 0.7986, 0.935 -0.3937 0.8085, 0.935 -1.0202 0.8085, 0.9554 -0.3937 0.8241, 0.9554 -1.0202 0.8241, 0.9711 -0.3937 0.8445, 0.9711 -1.0202 0.8445, 0.9809 -0.3937 0.8682, 0.9809 -1.0202 0.8682, 0.9843 -0.3937 0.8937, 0.9843 -1.0202 0.8937, 0.9809 -0.3937 0.9192, 0.9809 -1.0202 0.9192, 0.9711 -0.3937 0.9429, 0.9711 -1.0202 0.9429, 0.9554 -0.3937 0.9633, 0.9554 -1.0202 0.9633, 0.935 -0.3937 0.9789, 0.935 -1.0202 0.9789, 0.9113 -0.3937 0.9888, 0.9113 -1.0202 0.9888, 0.8858 -0.3937 0.9921, 0.8858 -1.0202 0.9921, 0.8604 -0.3937 0.9888, 0.8604 -1.0202 0.9888, 0.8366 -0.3937 0.9789, 0.8366 -1.0202 0.9789, 0.8162 -0.3937 0.9633, 0.8162 -1.0202 0.9633, 0.8006 -0.3937 0.9429, 0.8006 -1.0202 0.9429, 0.7908 -0.3937 0.9192, 0.7908 -1.0202 0.9192, 0.7874 -0.3937 0.8937, 0.7874 -1.0202 0.8937, 0.7908 -0.3937 0.8682, 0.7908 -1.0202 0.8682, 0.8006 -0.3937 0.8445, 0.8006 -1.0202 0.8445, 0.8162 -0.3937 0.8241, 0.8162 -1.0202 0.8241, 0.8366 -0.3937 0.8085, 0.8366 -1.0202 0.8085, 0.8604 -0.3937 0.7986, 0.8604 -1.0202 0.7986, 0.8858 -0.3937 0.7953, 0.8858 0.8302 0.0045, 0.9056 0.9517 0.0286, 0.9111 0.8302 0.0079, 0.924 0.9517 0.0362, 0.9347 0.8302 0.0176, 0.9398 0.9517 0.0483, 0.955 0.8302 0.0332, 0.952 0.9517 0.0642, 0.9705 0.8302 0.0534, 0.9596 0.9517 0.0826, 0.9803 0.8302 0.077, 0.9622 0.9517 0.1024, 0.9837 0.8302 0.1024, 0.9596 0.9517 0.1221, 0.9803 0.8302 0.1277, 0.952 0.9517 0.1406, 0.9705 0.8302 0.1513, 0.9398 0.9517 0.1564, 0.955 0.8302 0.1715, 0.924 0.9517 0.1685, 0.9347 0.8302 0.1871, 0.9056 0.9517 0.1762, 0.9111 0.8302 0.1969, 0.8858 0.9517 0.1788, 0.8858 0.8302 0.2002, 0.8661 0.9517 0.1762, 0.8605 0.8302 0.1969, 0.8476 0.9517 0.1685, 0.8369 0.8302 0.1871, 0.8318 0.9517 0.1564, 0.8167 0.8302 0.1715, 0.8197 0.9517 0.1406, 0.8011 0.8302 0.1513, 0.812 0.9517 0.1221, 0.7913 0.8302 0.1277, 0.8094 0.9517 0.1024, 0.788 0.8302 0.1024, 0.812 0.9517 0.0826, 0.7913 0.8302 0.077, 0.8197 0.9517 0.0642, 0.8011 0.8302 0.0534, 0.8318 0.9517 0.0483, 0.8167 0.8302 0.0332, 0.8476 0.9517 0.0362, 0.8369 0.8302 0.0176, 0.8661 0.9517 0.0286, 0.8605 0.8302 0.0079, 0.8858 0.9517 0.026, 0.8858 -1.027 0.9915, 0.9056 -1.1486 0.9675, 0.9111 -1.027 0.9882, 0.924 -1.1486 0.9599, 0.9347 -1.027 0.9784, 0.9398 -1.1486 0.9477, 0.955 -1.027 0.9629, 0.952 -1.1486 0.9319, 0.9705 -1.027 0.9426, 0.9596 -1.1486 0.9135, 0.9803 -1.027 0.919, 0.9622 -1.1486 0.8937, 0.9837 -1.027 0.8937, 0.9596 -1.1486 0.8739, 0.9803 -1.027 0.8684, 0.952 -1.1486 0.8555, 0.9705 -1.027 0.8448, 0.9398 -1.1486 0.8397, 0.955 -1.027 0.8245, 0.924 -1.1486 0.8275, 0.9347 -1.027 0.809, 0.9056 -1.1486 0.8199, 0.9111 -1.027 0.7992, 0.8858 -1.1486 0.8173, 0.8858 -1.027 0.7959, 0.8661 -1.1486 0.8199, 0.8605 -1.027 0.7992, 0.8476 -1.1486 0.8275, 0.8369 -1.027 0.809, 0.8318 -1.1486 0.8397, 0.8167 -1.027 0.8245, 0.8197 -1.1486 0.8555, 0.8011 -1.027 0.8448, 0.812 -1.1486 0.8739, 0.7913 -1.027 0.8684, 0.8094 -1.1486 0.8937, 0.788 -1.027 0.8937, 0.812 -1.1486 0.9135, 0.7913 -1.027 0.919, 0.8197 -1.1486 0.9319, 0.8011 -1.027 0.9426, 0.8318 -1.1486 0.9477, 0.8167 -1.027 0.9629, 0.8476 -1.1486 0.9599, 0.8369 -1.027 0.9784, 0.8661 -1.1486 0.9675, 0.8605 -1.027 0.9882, 0.8858 -1.1486 0.9701, 0.8979 -1.18 0.8486, 0.9092 -1.18 0.8533, 0.9188 -1.18 0.8607, 0.9263 -1.18 0.8704, 0.9309 -1.18 0.8816, 0.9325 -1.18 0.8937, 0.9309 -1.18 0.9058, 0.9263 -1.18 0.9171, 0.9188 -1.18 0.9267, 0.9092 -1.18 0.9341, 0.8979 -1.18 0.9388, 0.8858 -1.18 0.9404, 0.8737 -1.18 0.9388, 0.8625 -1.18 0.9341, 0.8528 -1.18 0.9267, 0.8454 -1.18 0.9171, 0.8407 -1.18 0.9058, 0.8391 -1.18 0.8937, 0.8407 -1.18 0.8816, 0.8454 -1.18 0.8704, 0.8528 -1.18 0.8607, 0.8625 -1.18 0.8533, 0.8737 -1.18 0.8486, 0.8858 -1.18 0.847, 0.9001 -1.1769 0.8403, 0.9135 -1.1769 0.8458, 0.9249 -1.1769 0.8546, 0.9337 -1.1769 0.8661, 0.9392 -1.1769 0.8794, 0.9411 -1.1769 0.8937, 0.9392 -1.1769 0.908, 0.9337 -1.1769 0.9213, 0.9249 -1.1769 0.9328, 0.9135 -1.1769 0.9416, 0.9001 -1.1769 0.9471, 0.8858 -1.1769 0.949, 0.8715 -1.1769 0.9471, 0.8582 -1.1769 0.9416, 0.8467 -1.1769 0.9328, 0.8379 -1.1769 0.9213, 0.8324 -1.1769 0.908, 0.8305 -1.1769 0.8937, 0.8324 -1.1769 0.8794, 0.8379 -1.1769 0.8661, 0.8467 -1.1769 0.8546, 0.8582 -1.1769 0.8458, 0.8715 -1.1769 0.8403, 0.8858 -1.1769 0.8384, 0.9021 -1.1719 0.8329, 0.9173 -1.1719 0.8392, 0.9303 -1.1719 0.8492, 0.9403 -1.1719 0.8622, 0.9466 -1.1719 0.8774, 0.9488 -1.1719 0.8937, 0.9466 -1.1719 0.91, 0.9403 -1.1719 0.9252, 0.9303 -1.1719 0.9382, 0.9173 -1.1719 0.9482, 0.9021 -1.1719 0.9545, 0.8858 -1.1719 0.9566, 0.8695 -1.1719 0.9545, 0.8544 -1.1719 0.9482, 0.8413 -1.1719 0.9382, 0.8313 -1.1719 0.9252, 0.825 -1.1719 0.91, 0.8229 -1.1719 0.8937, 0.825 -1.1719 0.8774, 0.8313 -1.1719 0.8622, 0.8413 -1.1719 0.8492, 0.8544 -1.1719 0.8392, 0.8695 -1.1719 0.8329, 0.8858 -1.1719 0.8308, 0.9037 -1.1652 0.8269, 0.9204 -1.1652 0.8338, 0.9348 -1.1652 0.8448, 0.9458 -1.1652 0.8591, 0.9527 -1.1652 0.8758, 0.955 -1.1652 0.8937, 0.9527 -1.1652 0.9116, 0.9458 -1.1652 0.9283, 0.9348 -1.1652 0.9426, 0.9204 -1.1652 0.9536, 0.9037 -1.1652 0.9605, 0.8858 -1.1652 0.9629, 0.8679 -1.1652 0.9605, 0.8512 -1.1652 0.9536, 0.8369 -1.1652 0.9426, 0.8259 -1.1652 0.9283, 0.819 -1.1652 0.9116, 0.8166 -1.1652 0.8937, 0.819 -1.1652 0.8758, 0.8259 -1.1652 0.8591, 0.8369 -1.1652 0.8448, 0.8512 -1.1652 0.8338, 0.8679 -1.1652 0.8269, 0.8858 -1.1652 0.8245, 0.9049 -1.1573 0.8224, 0.9227 -1.1573 0.8298, 0.938 -1.1573 0.8415, 0.9497 -1.1573 0.8568, 0.9571 -1.1573 0.8746, 0.9596 -1.1573 0.8937, 0.9571 -1.1573 0.9128, 0.9497 -1.1573 0.9306, 0.938 -1.1573 0.9459, 0.9227 -1.1573 0.9576, 0.9049 -1.1573 0.965, 0.8858 -1.1573 0.9675, 0.8667 -1.1573 0.965, 0.8489 -1.1573 0.9576, 0.8337 -1.1573 0.9459, 0.8219 -1.1573 0.9306, 0.8146 -1.1573 0.9128, 0.8121 -1.1573 0.8937, 0.8146 -1.1573 0.8746, 0.8219 -1.1573 0.8568, 0.8337 -1.1573 0.8415, 0.8489 -1.1573 0.8298, 0.8667 -1.1573 0.8224, 0.8858 -1.1573 0.8199, 0.9049 0.9605 0.0311, 0.9227 0.9605 0.0385, 0.938 0.9605 0.0502, 0.9497 0.9605 0.0655, 0.9571 0.9605 0.0833, 0.9596 0.9605 0.1024, 0.9571 0.9605 0.1215, 0.9497 0.9605 0.1392, 0.938 0.9605 0.1545, 0.9227 0.9605 0.1663, 0.9049 0.9605 0.1736, 0.8858 0.9605 0.1761, 0.8667 0.9605 0.1736, 0.8489 0.9605 0.1663, 0.8337 0.9605 0.1545, 0.8219 0.9605 0.1392, 0.8146 0.9605 0.1215, 0.8121 0.9605 0.1024, 0.8146 0.9605 0.0833, 0.8219 0.9605 0.0655, 0.8337 0.9605 0.0502, 0.8489 0.9605 0.0385, 0.8667 0.9605 0.0311, 0.8858 0.9605 0.0286, 0.9037 0.9684 0.0355, 0.9204 0.9684 0.0424, 0.9348 0.9684 0.0534, 0.9458 0.9684 0.0678, 0.9527 0.9684 0.0845, 0.955 0.9684 0.1024, 0.9527 0.9684 0.1203, 0.9458 0.9684 0.137, 0.9348 0.9684 0.1513, 0.9204 0.9684 0.1623, 0.9037 0.9684 0.1692, 0.8858 0.9684 0.1716, 0.8679 0.9684 0.1692, 0.8512 0.9684 0.1623, 0.8369 0.9684 0.1513, 0.8259 0.9684 0.137, 0.819 0.9684 0.1203, 0.8166 0.9684 0.1024, 0.819 0.9684 0.0845, 0.8259 0.9684 0.0678, 0.8369 0.9684 0.0534, 0.8512 0.9684 0.0424, 0.8679 0.9684 0.0355, 0.8858 0.9684 0.0332, 0.9021 0.975 0.0416, 0.9173 0.975 0.0479, 0.9303 0.975 0.0579, 0.9403 0.975 0.0709, 0.9466 0.975 0.0861, 0.9488 0.975 0.1024, 0.9466 0.975 0.1186, 0.9403 0.975 0.1338, 0.9303 0.975 0.1469, 0.9173 0.975 0.1569, 0.9021 0.975 0.1631, 0.8858 0.975 0.1653, 0.8695 0.975 0.1631, 0.8544 0.975 0.1569, 0.8413 0.975 0.1469, 0.8313 0.975 0.1338, 0.825 0.975 0.1186, 0.8229 0.975 0.1024, 0.825 0.975 0.0861, 0.8313 0.975 0.0709, 0.8413 0.975 0.0579, 0.8544 0.975 0.0479, 0.8695 0.975 0.0416, 0.8858 0.975 0.0394, 0.9001 0.9801 0.049, 0.9135 0.9801 0.0545, 0.9249 0.9801 0.0633, 0.9337 0.9801 0.0747, 0.9392 0.9801 0.0881, 0.9411 0.9801 0.1024, 0.9392 0.9801 0.1167, 0.9337 0.9801 0.13, 0.9249 0.9801 0.1415, 0.9135 0.9801 0.1502, 0.9001 0.9801 0.1558, 0.8858 0.9801 0.1577, 0.8715 0.9801 0.1558, 0.8582 0.9801 0.1502, 0.8467 0.9801 0.1415, 0.8379 0.9801 0.13, 0.8324 0.9801 0.1167, 0.8305 0.9801 0.1024, 0.8324 0.9801 0.0881, 0.8379 0.9801 0.0747, 0.8467 0.9801 0.0633, 0.8582 0.9801 0.0545, 0.8715 0.9801 0.049, 0.8858 0.9801 0.0471, 0.8979 0.9832 0.0573, 0.9092 0.9832 0.0619, 0.9188 0.9832 0.0693, 0.9263 0.9832 0.079, 0.9309 0.9832 0.0903, 0.9325 0.9832 0.1024, 0.9309 0.9832 0.1144, 0.9263 0.9832 0.1257, 0.9188 0.9832 0.1354, 0.9092 0.9832 0.1428, 0.8979 0.9832 0.1475, 0.8858 0.9832 0.1491, 0.8737 0.9832 0.1475, 0.8625 0.9832 0.1428, 0.8528 0.9832 0.1354, 0.8454 0.9832 0.1257, 0.8407 0.9832 0.1144, 0.8391 0.9832 0.1024, 0.8407 0.9832 0.0903, 0.8454 0.9832 0.079, 0.8528 0.9832 0.0693, 0.8625 0.9832 0.0619, 0.8737 0.9832 0.0573, 0.8858 0.9832 0.0557
            ]
        }
        coordIndex [
            0,1,2,-1,2,1,3,-1,2,3,4,-1,4,3,5,-1,4,5,6,-1,6,5,7,-1,6,7,8,-1,8,7,9,-1,8,9,10,-1,10,9,11,-1,10,11,12,-1,12,11,13,-1,12,13,14,-1,14,13,15,-1,14,15,16,-1,16,15,17,-1,16,17,18,-1,18,17,19,-1,18,19,20,-1,20,19,21,-1,20,21,22,-1,22,21,23,-1,22,23,24,-1,24,23,25,-1,24,25,26,-1,26,25,27,-1,26,27,28,-1,28,27,29,-1,28,29,30,-1,30,29,31,-1,30,31,32,-1,32,31,33,-1,32,33,34,-1,34,33,35,-1,34,35,36,-1,36,35,37,-1,36,37,38,-1,38,37,39,-1,38,39,40,-1,40,39,41,-1,40,41,42,-1,42,41,43,-1,42,43,44,-1,44,43,45,-1,44,45,46,-1,46,45,47,-1,46,47,0,-1,0,47,1,-1,23,48,25,-1,25,48,49,-1,25,49,27,-1,27,49,50,-1,27,50,29,-1,29,50,51,-1,29,51,31,-1,31,51,52,-1,31,52,33,-1,33,52,53,-1,33,53,35,-1,35,53,54,-1,35,54,37,-1,37,54,55,-1,37,55,39,-1,39,55,56,-1,39,56,41,-1,41,56,57,-1,41,57,43,-1,43,57,58,-1,43,58,45,-1,45,58,59,-1,45,59,47,-1,47,59,60,-1,47,60,1,-1,1,60,61,-1,1,61,3,-1,3,61,62,-1,3,62,5,-1,5,62,63,-1,5,63,7,-1,7,63,64,-1,7,64,9,-1,9,64,65,-1,9,65,11,-1,11,65,66,-1,11,66,13,-1,13,66,67,-1,13,67,15,-1,15,67,68,-1,15,68,17,-1,17,68,69,-1,17,69,19,-1,19,69,70,-1,19,70,21,-1,21,70,71,-1,21,71,23,-1,23,71,48,-1,48,72,49,-1,49,72,73,-1,49,73,50,-1,50,73,74,-1,50,74,51,-1,51,74,75,-1,51,75,52,-1,52,75,76,-1,52,76,53,-1,53,76,77,-1,53,77,54,-1,54,77,78,-1,54,78,55,-1,55,78,79,-1,55,79,56,-1,56,79,80,-1,56,80,57,-1,57,80,81,-1,57,81,58,-1,58,81,82,-1,58,82,59,-1,59,82,83,-1,59,83,60,-1,60,83,84,-1,60,84,61,-1,61,84,85,-1,61,85,62,-1,62,85,86,-1,62,86,63,-1,63,86,87,-1,63,87,64,-1,64,87,88,-1,64,88,65,-1,65,88,89,-1,65,89,66,-1,66,89,90,-1,66,90,67,-1,67,90,91,-1,67,91,68,-1,68,91,92,-1,68,92,69,-1,69,92,93,-1,69,93,70,-1,70,93,94,-1,70,94,71,-1,71,94,95,-1,71,95,48,-1,48,95,72,-1,72,96,73,-1,73,96,97,-1,73,97,74,-1,74,97,98,-1,74,98,75,-1,75,98,99,-1,75,99,76,-1,76,99,100,-1,76,100,77,-1,77,100,101,-1,77,101,78,-1,78,101,102,-1,78,102,79,-1,79,102,103,-1,79,103,80,-1,80,103,104,-1,80,104,81,-1,81,104,105,-1,81,105,82,-1,82,105,106,-1,82,106,83,-1,83,106,107,-1,83,107,84,-1,84,107,108,-1,84,108,85,-1,85,108,109,-1,85,109,86,-1,86,109,110,-1,86,110,87,-1,87,110,111,-1,87,111,88,-1,88,111,112,-1,88,112,89,-1,89,112,113,-1,89,113,90,-1,90,113,114,-1,90,114,91,-1,91,114,115,-1,91,115,92,-1,92,115,116,-1,92,116,93,-1,93,116,117,-1,93,117,94,-1,94,117,118,-1,94,118,95,-1,95,118,119,-1,95,119,72,-1,72,119,96,-1,96,120,97,-1,97,120,121,-1,97,121,98,-1,98,121,122,-1,98,122,99,-1,99,122,123,-1,99,123,100,-1,100,123,124,-1,100,124,101,-1,101,124,125,-1,101,125,102,-1,102,125,126,-1,102,126,103,-1,103,126,127,-1,103,127,104,-1,104,127,128,-1,104,128,105,-1,105,128,129,-1,105,129,106,-1,106,129,130,-1,106,130,107,-1,107,130,131,-1,107,131,108,-1,108,131,132,-1,108,132,109,-1,109,132,133,-1,109,133,110,-1,110,133,134,-1,110,134,111,-1,111,134,135,-1,111,135,112,-1,112,135,136,-1,112,136,113,-1,113,136,137,-1,113,137,114,-1,114,137,138,-1,114,138,115,-1,115,138,139,-1,115,139,116,-1,116,139,140,-1,116,140,117,-1,117,140,141,-1,117,141,118,-1,118,141,142,-1,118,142,119,-1,119,142,143,-1,119,143,96,-1,96,143,120,-1,120,144,121,-1,121,144,145,-1,121,145,122,-1,122,145,146,-1,122,146,123,-1,123,146,147,-1,123,147,124,-1,124,147,148,-1,124,148,125,-1,125,148,149,-1,125,149,126,-1,126,149,150,-1,126,150,127,-1,127,150,151,-1,127,151,128,-1,128,151,152,-1,128,152,129,-1,129,152,153,-1,129,153,130,-1,130,153,154,-1,130,154,131,-1,131,154,155,-1,131,155,132,-1,132,155,156,-1,132,156,133,-1,133,156,157,-1,133,157,134,-1,134,157,158,-1,134,158,135,-1,135,158,159,-1,135,159,136,-1,136,159,160,-1,136,160,137,-1,137,160,161,-1,137,161,138,-1,138,161,162,-1,138,162,139,-1,139,162,163,-1,139,163,140,-1,140,163,164,-1,140,164,141,-1,141,164,165,-1,141,165,142,-1,142,165,166,-1,142,166,143,-1,143,166,167,-1,143,167,120,-1,120,167,144,-1,144,168,145,-1,145,168,169,-1,145,169,146,-1,146,169,170,-1,146,170,147,-1,147,170,171,-1,147,171,148,-1,148,171,172,-1,148,172,149,-1,149,172,173,-1,149,173,150,-1,150,173,174,-1,150,174,151,-1,151,174,175,-1,151,175,152,-1,152,175,176,-1,152,176,153,-1,153,176,177,-1,153,177,154,-1,154,177,178,-1,154,178,155,-1,155,178,179,-1,155,179,156,-1,156,179,180,-1,156,180,157,-1,157,180,181,-1,157,181,158,-1,158,181,182,-1,158,182,159,-1,159,182,183,-1,159,183,160,-1,160,183,184,-1,160,184,161,-1,161,184,185,-1,161,185,162,-1,162,185,186,-1,162,186,163,-1,163,186,187,-1,163,187,164,-1,164,187,188,-1,164,188,165,-1,165,188,189,-1,165,189,166,-1,166,189,190,-1,166,190,167,-1,167,190,191,-1,167,191,144,-1,144,191,168,-1,168,192,169,-1,169,192,193,-1,169,193,170,-1,170,193,194,-1,170,194,171,-1,171,194,195,-1,171,195,172,-1,172,195,196,-1,172,196,173,-1,173,196,197,-1,173,197,174,-1,174,197,198,-1,174,198,175,-1,175,198,199,-1,175,199,176,-1,176,199,200,-1,176,200,177,-1,177,200,201,-1,177,201,178,-1,178,201,202,-1,178,202,179,-1,179,202,203,-1,179,203,180,-1,180,203,204,-1,180,204,181,-1,181,204,205,-1,181,205,182,-1,182,205,206,-1,182,206,183,-1,183,206,207,-1,183,207,184,-1,184,207,208,-1,184,208,185,-1,185,208,209,-1,185,209,186,-1,186,209,210,-1,186,210,187,-1,187,210,211,-1,187,211,188,-1,188,211,212,-1,188,212,189,-1,189,212,213,-1,189,213,190,-1,190,213,214,-1,190,214,191,-1,191,214,215,-1,191,215,168,-1,168,215,192,-1,204,216,205,-1,205,216,217,-1,205,217,206,-1,206,217,218,-1,206,218,207,-1,207,218,219,-1,207,219,208,-1,208,219,220,-1,208,220,209,-1,209,220,221,-1,209,221,210,-1,210,221,222,-1,210,222,211,-1,211,222,223,-1,211,223,212,-1,212,223,224,-1,212,224,213,-1,213,224,225,-1,213,225,214,-1,214,225,226,-1,214,226,215,-1,215,226,227,-1,215,227,192,-1,192,227,228,-1,192,228,193,-1,193,228,229,-1,193,229,194,-1,194,229,230,-1,194,230,195,-1,195,230,231,-1,195,231,196,-1,196,231,232,-1,196,232,197,-1,197,232,233,-1,197,233,198,-1,198,233,234,-1,198,234,199,-1,199,234,235,-1,199,235,200,-1,200,235,236,-1,200,236,201,-1,201,236,237,-1,201,237,202,-1,202,237,238,-1,202,238,203,-1,203,238,239,-1,203,239,204,-1,204,239,216,-1,240,241,242,-1,242,241,243,-1,242,243,244,-1,245,246,242,-1,242,246,247,-1,242,247,240,-1,248,249,242,-1,242,249,250,-1,242,250,245,-1,251,252,242,-1,242,252,253,-1,242,253,248,-1,254,255,242,-1,242,255,256,-1,242,256,251,-1,257,258,242,-1,242,258,259,-1,242,259,254,-1,260,261,242,-1,242,261,262,-1,242,262,257,-1,244,263,242,-1,242,263,264,-1,242,264,260,-1,265,266,267,-1,268,269,270,-1,271,272,273,-1,274,275,276,-1,276,275,273,-1,276,273,277,-1,277,273,272,-1,278,279,280,-1,278,280,281,-1,281,280,282,-1,281,282,283,-1,279,278,284,-1,284,278,285,-1,284,285,286,-1,287,288,285,-1,285,288,289,-1,285,289,286,-1,290,291,292,-1,290,292,293,-1,294,295,296,-1,296,295,297,-1,298,299,297,-1,297,299,300,-1,297,300,296,-1,301,302,303,-1,302,301,304,-1,304,301,305,-1,304,305,306,-1,307,308,309,-1,307,309,310,-1,310,309,311,-1,310,311,312,-1,308,307,313,-1,313,307,314,-1,313,314,315,-1,315,314,316,-1,316,314,317,-1,316,317,318,-1,319,320,317,-1,317,320,321,-1,317,321,318,-1,322,323,319,-1,319,323,324,-1,319,324,320,-1,325,326,327,-1,327,326,328,-1,327,328,322,-1,322,328,329,-1,322,329,323,-1,325,327,330,-1,330,327,331,-1,330,331,332,-1,332,331,333,-1,333,331,334,-1,333,334,335,-1,335,334,336,-1,336,334,337,-1,336,337,338,-1,339,340,341,-1,341,340,342,-1,341,342,337,-1,337,342,343,-1,337,343,338,-1,270,269,341,-1,341,269,344,-1,341,344,339,-1,268,270,345,-1,345,270,346,-1,345,346,347,-1,348,349,346,-1,346,349,350,-1,346,350,347,-1,266,351,267,-1,267,351,352,-1,267,352,348,-1,348,352,353,-1,348,353,349,-1,354,355,356,-1,357,358,355,-1,355,358,359,-1,355,359,356,-1,312,306,310,-1,310,306,305,-1,310,305,307,-1,307,305,360,-1,307,360,314,-1,314,360,361,-1,314,361,317,-1,317,361,362,-1,317,362,319,-1,319,362,363,-1,319,363,322,-1,322,363,364,-1,322,364,327,-1,327,364,365,-1,327,365,331,-1,331,365,366,-1,331,366,334,-1,334,366,367,-1,334,367,337,-1,337,367,368,-1,337,368,341,-1,341,368,369,-1,341,369,270,-1,270,369,370,-1,270,370,346,-1,346,370,371,-1,346,371,348,-1,348,371,372,-1,348,372,267,-1,267,372,354,-1,267,354,265,-1,265,354,356,-1,303,299,301,-1,301,299,298,-1,301,298,305,-1,305,298,373,-1,305,373,360,-1,360,373,374,-1,360,374,361,-1,361,374,375,-1,361,375,362,-1,362,375,376,-1,362,376,363,-1,363,376,377,-1,363,377,364,-1,364,377,378,-1,364,378,365,-1,365,378,379,-1,365,379,366,-1,366,379,380,-1,366,380,367,-1,367,380,381,-1,367,381,368,-1,368,381,382,-1,368,382,369,-1,369,382,383,-1,369,383,370,-1,370,383,384,-1,370,384,371,-1,371,384,385,-1,371,385,372,-1,372,385,386,-1,372,386,354,-1,354,386,387,-1,354,387,355,-1,355,387,388,-1,355,388,357,-1,357,388,275,-1,357,275,389,-1,389,275,274,-1,294,293,295,-1,295,293,292,-1,295,292,297,-1,297,292,390,-1,297,390,298,-1,298,390,391,-1,298,391,373,-1,373,391,392,-1,373,392,374,-1,374,392,393,-1,374,393,375,-1,375,393,394,-1,375,394,376,-1,376,394,395,-1,376,395,377,-1,377,395,396,-1,377,396,378,-1,378,396,397,-1,378,397,379,-1,379,397,398,-1,379,398,380,-1,380,398,399,-1,380,399,381,-1,381,399,400,-1,381,400,382,-1,382,400,401,-1,382,401,383,-1,383,401,402,-1,383,402,384,-1,384,402,403,-1,384,403,385,-1,385,403,404,-1,385,404,386,-1,386,404,405,-1,386,405,387,-1,387,405,406,-1,387,406,388,-1,388,406,407,-1,388,407,275,-1,275,407,408,-1,275,408,273,-1,273,408,409,-1,273,409,271,-1,271,409,410,-1,291,288,292,-1,292,288,287,-1,292,287,390,-1,390,287,411,-1,390,411,391,-1,391,411,412,-1,391,412,392,-1,392,412,413,-1,392,413,393,-1,393,413,414,-1,393,414,394,-1,394,414,415,-1,394,415,395,-1,395,415,416,-1,395,416,396,-1,396,416,417,-1,396,417,397,-1,397,417,418,-1,397,418,398,-1,398,418,419,-1,398,419,399,-1,399,419,420,-1,399,420,400,-1,400,420,421,-1,400,421,401,-1,401,421,422,-1,401,422,402,-1,402,422,423,-1,402,423,403,-1,403,423,424,-1,403,424,404,-1,404,424,425,-1,404,425,405,-1,405,425,426,-1,405,426,406,-1,406,426,427,-1,406,427,407,-1,407,427,428,-1,407,428,408,-1,408,428,429,-1,408,429,409,-1,409,429,430,-1,409,430,410,-1,410,430,281,-1,410,281,431,-1,431,281,283,-1,278,0,285,-1,285,0,2,-1,285,2,287,-1,287,2,4,-1,287,4,411,-1,411,4,6,-1,411,6,412,-1,412,6,8,-1,412,8,413,-1,413,8,10,-1,413,10,414,-1,414,10,12,-1,414,12,415,-1,415,12,14,-1,415,14,416,-1,416,14,16,-1,416,16,417,-1,417,16,18,-1,417,18,418,-1,418,18,20,-1,418,20,419,-1,419,20,22,-1,419,22,420,-1,420,22,24,-1,420,24,421,-1,421,24,26,-1,421,26,422,-1,422,26,28,-1,422,28,423,-1,423,28,30,-1,423,30,424,-1,424,30,32,-1,424,32,425,-1,425,32,34,-1,425,34,426,-1,426,34,36,-1,426,36,427,-1,427,36,38,-1,427,38,428,-1,428,38,40,-1,428,40,429,-1,429,40,42,-1,429,42,430,-1,430,42,44,-1,430,44,281,-1,281,44,46,-1,281,46,278,-1,278,46,0,-1,432,433,434,-1,434,433,435,-1,434,435,436,-1,437,438,434,-1,434,438,439,-1,434,439,432,-1,440,441,434,-1,434,441,442,-1,434,442,437,-1,443,444,434,-1,434,444,445,-1,434,445,440,-1,446,447,434,-1,434,447,448,-1,434,448,443,-1,449,450,434,-1,434,450,451,-1,434,451,446,-1,452,453,434,-1,434,453,454,-1,434,454,449,-1,436,455,434,-1,434,455,456,-1,434,456,452,-1,457,458,459,-1,459,458,460,-1,459,460,461,-1,461,460,462,-1,461,462,463,-1,463,462,464,-1,463,464,465,-1,465,464,466,-1,465,466,467,-1,467,466,468,-1,467,468,469,-1,469,468,470,-1,469,470,471,-1,471,470,472,-1,471,472,473,-1,473,472,474,-1,473,474,475,-1,475,474,476,-1,475,476,477,-1,477,476,478,-1,477,478,479,-1,479,478,480,-1,479,480,481,-1,481,480,482,-1,481,482,483,-1,483,482,484,-1,483,484,485,-1,485,484,486,-1,485,486,487,-1,487,486,488,-1,487,488,489,-1,489,488,490,-1,489,490,491,-1,491,490,492,-1,491,492,493,-1,493,492,494,-1,493,494,495,-1,495,494,496,-1,495,496,497,-1,497,496,498,-1,497,498,499,-1,499,498,500,-1,499,500,501,-1,501,500,502,-1,501,502,503,-1,503,502,504,-1,503,504,457,-1,457,504,458,-1,505,506,507,-1,507,506,508,-1,507,508,509,-1,509,508,510,-1,509,510,511,-1,511,510,512,-1,511,512,513,-1,513,512,514,-1,513,514,515,-1,515,514,516,-1,515,516,517,-1,517,516,518,-1,517,518,519,-1,519,518,520,-1,519,520,521,-1,521,520,522,-1,521,522,523,-1,523,522,524,-1,523,524,525,-1,525,524,526,-1,525,526,527,-1,527,526,528,-1,527,528,529,-1,529,528,530,-1,529,530,531,-1,531,530,532,-1,531,532,533,-1,533,532,534,-1,533,534,535,-1,535,534,536,-1,535,536,537,-1,537,536,538,-1,537,538,539,-1,539,538,540,-1,539,540,541,-1,541,540,542,-1,541,542,543,-1,543,542,544,-1,543,544,545,-1,545,544,546,-1,545,546,547,-1,547,546,548,-1,547,548,549,-1,549,548,550,-1,549,550,551,-1,551,550,552,-1,551,552,505,-1,505,552,506,-1,553,554,555,-1,555,554,556,-1,555,556,557,-1,557,556,558,-1,557,558,559,-1,559,558,560,-1,559,560,561,-1,561,560,562,-1,561,562,563,-1,563,562,564,-1,563,564,565,-1,565,564,566,-1,565,566,567,-1,567,566,568,-1,567,568,569,-1,569,568,570,-1,569,570,571,-1,571,570,572,-1,571,572,573,-1,573,572,574,-1,573,574,575,-1,575,574,576,-1,575,576,577,-1,577,576,578,-1,577,578,579,-1,579,578,580,-1,579,580,581,-1,581,580,582,-1,581,582,583,-1,583,582,584,-1,583,584,585,-1,585,584,586,-1,585,586,587,-1,587,586,588,-1,587,588,589,-1,589,588,590,-1,589,590,591,-1,591,590,592,-1,591,592,593,-1,593,592,594,-1,593,594,595,-1,595,594,596,-1,595,596,597,-1,597,596,598,-1,597,598,599,-1,599,598,600,-1,599,600,553,-1,553,600,554,-1,435,601,436,-1,436,601,602,-1,436,602,455,-1,455,602,603,-1,455,603,456,-1,456,603,604,-1,456,604,452,-1,452,604,605,-1,452,605,453,-1,453,605,606,-1,453,606,454,-1,454,606,607,-1,454,607,449,-1,449,607,608,-1,449,608,450,-1,450,608,609,-1,450,609,451,-1,451,609,610,-1,451,610,446,-1,446,610,611,-1,446,611,447,-1,447,611,612,-1,447,612,448,-1,448,612,613,-1,448,613,443,-1,443,613,614,-1,443,614,444,-1,444,614,615,-1,444,615,445,-1,445,615,616,-1,445,616,440,-1,440,616,617,-1,440,617,441,-1,441,617,618,-1,441,618,442,-1,442,618,619,-1,442,619,437,-1,437,619,620,-1,437,620,438,-1,438,620,621,-1,438,621,439,-1,439,621,622,-1,439,622,432,-1,432,622,623,-1,432,623,433,-1,433,623,624,-1,433,624,435,-1,435,624,601,-1,624,625,601,-1,601,625,626,-1,601,626,602,-1,602,626,627,-1,602,627,603,-1,603,627,628,-1,603,628,604,-1,604,628,629,-1,604,629,605,-1,605,629,630,-1,605,630,606,-1,606,630,631,-1,606,631,607,-1,607,631,632,-1,607,632,608,-1,608,632,633,-1,608,633,609,-1,609,633,634,-1,609,634,610,-1,610,634,635,-1,610,635,611,-1,611,635,636,-1,611,636,612,-1,612,636,637,-1,612,637,613,-1,613,637,638,-1,613,638,614,-1,614,638,639,-1,614,639,615,-1,615,639,640,-1,615,640,616,-1,616,640,641,-1,616,641,617,-1,617,641,642,-1,617,642,618,-1,618,642,643,-1,618,643,619,-1,619,643,644,-1,619,644,620,-1,620,644,645,-1,620,645,621,-1,621,645,646,-1,621,646,622,-1,622,646,647,-1,622,647,623,-1,623,647,648,-1,623,648,624,-1,624,648,625,-1,648,649,625,-1,625,649,650,-1,625,650,626,-1,626,650,651,-1,626,651,627,-1,627,651,652,-1,627,652,628,-1,628,652,653,-1,628,653,629,-1,629,653,654,-1,629,654,630,-1,630,654,655,-1,630,655,631,-1,631,655,656,-1,631,656,632,-1,632,656,657,-1,632,657,633,-1,633,657,658,-1,633,658,634,-1,634,658,659,-1,634,659,635,-1,635,659,660,-1,635,660,636,-1,636,660,661,-1,636,661,637,-1,637,661,662,-1,637,662,638,-1,638,662,663,-1,638,663,639,-1,639,663,664,-1,639,664,640,-1,640,664,665,-1,640,665,641,-1,641,665,666,-1,641,666,642,-1,642,666,667,-1,642,667,643,-1,643,667,668,-1,643,668,644,-1,644,668,669,-1,644,669,645,-1,645,669,670,-1,645,670,646,-1,646,670,671,-1,646,671,647,-1,647,671,672,-1,647,672,648,-1,648,672,649,-1,672,673,649,-1,649,673,674,-1,649,674,650,-1,650,674,675,-1,650,675,651,-1,651,675,676,-1,651,676,652,-1,652,676,677,-1,652,677,653,-1,653,677,678,-1,653,678,654,-1,654,678,679,-1,654,679,655,-1,655,679,680,-1,655,680,656,-1,656,680,681,-1,656,681,657,-1,657,681,682,-1,657,682,658,-1,658,682,683,-1,658,683,659,-1,659,683,684,-1,659,684,660,-1,660,684,685,-1,660,685,661,-1,661,685,686,-1,661,686,662,-1,662,686,687,-1,662,687,663,-1,663,687,688,-1,663,688,664,-1,664,688,689,-1,664,689,665,-1,665,689,690,-1,665,690,666,-1,666,690,691,-1,666,691,667,-1,667,691,692,-1,667,692,668,-1,668,692,693,-1,668,693,669,-1,669,693,694,-1,669,694,670,-1,670,694,695,-1,670,695,671,-1,671,695,696,-1,671,696,672,-1,672,696,673,-1,696,697,673,-1,673,697,698,-1,673,698,674,-1,674,698,699,-1,674,699,675,-1,675,699,700,-1,675,700,676,-1,676,700,701,-1,676,701,677,-1,677,701,702,-1,677,702,678,-1,678,702,703,-1,678,703,679,-1,679,703,704,-1,679,704,680,-1,680,704,705,-1,680,705,681,-1,681,705,706,-1,681,706,682,-1,682,706,707,-1,682,707,683,-1,683,707,708,-1,683,708,684,-1,684,708,709,-1,684,709,685,-1,685,709,710,-1,685,710,686,-1,686,710,711,-1,686,711,687,-1,687,711,712,-1,687,712,688,-1,688,712,713,-1,688,713,689,-1,689,713,714,-1,689,714,690,-1,690,714,715,-1,690,715,691,-1,691,715,716,-1,691,716,692,-1,692,716,717,-1,692,717,693,-1,693,717,718,-1,693,718,694,-1,694,718,719,-1,694,719,695,-1,695,719,720,-1,695,720,696,-1,696,720,697,-1,720,574,697,-1,697,574,572,-1,697,572,698,-1,698,572,570,-1,698,570,699,-1,699,570,568,-1,699,568,700,-1,700,568,566,-1,700,566,701,-1,701,566,564,-1,701,564,702,-1,702,564,562,-1,702,562,703,-1,703,562,560,-1,703,560,704,-1,704,560,558,-1,704,558,705,-1,705,558,556,-1,705,556,706,-1,706,556,554,-1,706,554,707,-1,707,554,600,-1,707,600,708,-1,708,600,598,-1,708,598,709,-1,709,598,596,-1,709,596,710,-1,710,596,594,-1,710,594,711,-1,711,594,592,-1,711,592,712,-1,712,592,590,-1,712,590,713,-1,713,590,588,-1,713,588,714,-1,714,588,586,-1,714,586,715,-1,715,586,584,-1,715,584,716,-1,716,584,582,-1,716,582,717,-1,717,582,580,-1,717,580,718,-1,718,580,578,-1,718,578,719,-1,719,578,576,-1,719,576,720,-1,720,576,574,-1,577,459,575,-1,575,459,461,-1,575,461,573,-1,573,461,463,-1,573,463,571,-1,571,463,465,-1,571,465,569,-1,569,465,467,-1,569,467,567,-1,567,467,469,-1,567,469,565,-1,565,469,471,-1,565,471,563,-1,563,471,473,-1,563,473,561,-1,561,473,475,-1,561,475,559,-1,559,475,477,-1,559,477,557,-1,557,477,479,-1,557,479,555,-1,555,479,481,-1,555,481,553,-1,553,481,483,-1,553,483,599,-1,599,483,485,-1,599,485,597,-1,597,485,487,-1,597,487,595,-1,595,487,489,-1,595,489,593,-1,593,489,491,-1,593,491,591,-1,591,491,493,-1,591,493,589,-1,589,493,495,-1,589,495,587,-1,587,495,497,-1,587,497,585,-1,585,497,499,-1,585,499,583,-1,583,499,501,-1,583,501,581,-1,581,501,503,-1,581,503,579,-1,579,503,457,-1,579,457,577,-1,577,457,459,-1,529,226,527,-1,527,226,225,-1,527,225,525,-1,525,225,224,-1,525,224,523,-1,523,224,223,-1,523,223,521,-1,521,223,222,-1,521,222,519,-1,519,222,221,-1,519,221,517,-1,517,221,220,-1,517,220,515,-1,515,220,219,-1,515,219,513,-1,513,219,218,-1,513,218,511,-1,511,218,217,-1,511,217,509,-1,509,217,216,-1,509,216,507,-1,507,216,239,-1,507,239,505,-1,505,239,238,-1,505,238,551,-1,551,238,237,-1,551,237,549,-1,549,237,236,-1,549,236,547,-1,547,236,235,-1,547,235,545,-1,545,235,234,-1,545,234,543,-1,543,234,233,-1,543,233,541,-1,541,233,232,-1,541,232,539,-1,539,232,231,-1,539,231,537,-1,537,231,230,-1,537,230,535,-1,535,230,229,-1,535,229,533,-1,533,229,228,-1,533,228,531,-1,531,228,227,-1,531,227,529,-1,529,227,226,-1,552,721,506,-1,506,721,722,-1,506,722,508,-1,508,722,723,-1,508,723,510,-1,510,723,724,-1,510,724,512,-1,512,724,725,-1,512,725,514,-1,514,725,726,-1,514,726,516,-1,516,726,727,-1,516,727,518,-1,518,727,728,-1,518,728,520,-1,520,728,729,-1,520,729,522,-1,522,729,730,-1,522,730,524,-1,524,730,731,-1,524,731,526,-1,526,731,732,-1,526,732,528,-1,528,732,733,-1,528,733,530,-1,530,733,734,-1,530,734,532,-1,532,734,735,-1,532,735,534,-1,534,735,736,-1,534,736,536,-1,536,736,737,-1,536,737,538,-1,538,737,738,-1,538,738,540,-1,540,738,739,-1,540,739,542,-1,542,739,740,-1,542,740,544,-1,544,740,741,-1,544,741,546,-1,546,741,742,-1,546,742,548,-1,548,742,743,-1,548,743,550,-1,550,743,744,-1,550,744,552,-1,552,744,721,-1,744,745,721,-1,721,745,746,-1,721,746,722,-1,722,746,747,-1,722,747,723,-1,723,747,748,-1,723,748,724,-1,724,748,749,-1,724,749,725,-1,725,749,750,-1,725,750,726,-1,726,750,751,-1,726,751,727,-1,727,751,752,-1,727,752,728,-1,728,752,753,-1,728,753,729,-1,729,753,754,-1,729,754,730,-1,730,754,755,-1,730,755,731,-1,731,755,756,-1,731,756,732,-1,732,756,757,-1,732,757,733,-1,733,757,758,-1,733,758,734,-1,734,758,759,-1,734,759,735,-1,735,759,760,-1,735,760,736,-1,736,760,761,-1,736,761,737,-1,737,761,762,-1,737,762,738,-1,738,762,763,-1,738,763,739,-1,739,763,764,-1,739,764,740,-1,740,764,765,-1,740,765,741,-1,741,765,766,-1,741,766,742,-1,742,766,767,-1,742,767,743,-1,743,767,768,-1,743,768,744,-1,744,768,745,-1,768,769,745,-1,745,769,770,-1,745,770,746,-1,746,770,771,-1,746,771,747,-1,747,771,772,-1,747,772,748,-1,748,772,773,-1,748,773,749,-1,749,773,774,-1,749,774,750,-1,750,774,775,-1,750,775,751,-1,751,775,776,-1,751,776,752,-1,752,776,777,-1,752,777,753,-1,753,777,778,-1,753,778,754,-1,754,778,779,-1,754,779,755,-1,755,779,780,-1,755,780,756,-1,756,780,781,-1,756,781,757,-1,757,781,782,-1,757,782,758,-1,758,782,783,-1,758,783,759,-1,759,783,784,-1,759,784,760,-1,760,784,785,-1,760,785,761,-1,761,785,786,-1,761,786,762,-1,762,786,787,-1,762,787,763,-1,763,787,788,-1,763,788,764,-1,764,788,789,-1,764,789,765,-1,765,789,790,-1,765,790,766,-1,766,790,791,-1,766,791,767,-1,767,791,792,-1,767,792,768,-1,768,792,769,-1,792,793,769,-1,769,793,794,-1,769,794,770,-1,770,794,795,-1,770,795,771,-1,771,795,796,-1,771,796,772,-1,772,796,797,-1,772,797,773,-1,773,797,798,-1,773,798,774,-1,774,798,799,-1,774,799,775,-1,775,799,800,-1,775,800,776,-1,776,800,801,-1,776,801,777,-1,777,801,802,-1,777,802,778,-1,778,802,803,-1,778,803,779,-1,779,803,804,-1,779,804,780,-1,780,804,805,-1,780,805,781,-1,781,805,806,-1,781,806,782,-1,782,806,807,-1,782,807,783,-1,783,807,808,-1,783,808,784,-1,784,808,809,-1,784,809,785,-1,785,809,810,-1,785,810,786,-1,786,810,811,-1,786,811,787,-1,787,811,812,-1,787,812,788,-1,788,812,813,-1,788,813,789,-1,789,813,814,-1,789,814,790,-1,790,814,815,-1,790,815,791,-1,791,815,816,-1,791,816,792,-1,792,816,793,-1,816,817,793,-1,793,817,818,-1,793,818,794,-1,794,818,819,-1,794,819,795,-1,795,819,820,-1,795,820,796,-1,796,820,821,-1,796,821,797,-1,797,821,822,-1,797,822,798,-1,798,822,823,-1,798,823,799,-1,799,823,824,-1,799,824,800,-1,800,824,825,-1,800,825,801,-1,801,825,826,-1,801,826,802,-1,802,826,827,-1,802,827,803,-1,803,827,828,-1,803,828,804,-1,804,828,829,-1,804,829,805,-1,805,829,830,-1,805,830,806,-1,806,830,831,-1,806,831,807,-1,807,831,832,-1,807,832,808,-1,808,832,833,-1,808,833,809,-1,809,833,834,-1,809,834,810,-1,810,834,835,-1,810,835,811,-1,811,835,836,-1,811,836,812,-1,812,836,837,-1,812,837,813,-1,813,837,838,-1,813,838,814,-1,814,838,839,-1,814,839,815,-1,815,839,840,-1,815,840,816,-1,816,840,817,-1,840,241,817,-1,817,241,240,-1,817,240,818,-1,818,240,247,-1,818,247,819,-1,819,247,246,-1,819,246,820,-1,820,246,245,-1,820,245,821,-1,821,245,250,-1,821,250,822,-1,822,250,249,-1,822,249,823,-1,823,249,248,-1,823,248,824,-1,824,248,253,-1,824,253,825,-1,825,253,252,-1,825,252,826,-1,826,252,251,-1,826,251,827,-1,827,251,256,-1,827,256,828,-1,828,256,255,-1,828,255,829,-1,829,255,254,-1,829,254,830,-1,830,254,259,-1,830,259,831,-1,831,259,258,-1,831,258,832,-1,832,258,257,-1,832,257,833,-1,833,257,262,-1,833,262,834,-1,834,262,261,-1,834,261,835,-1,835,261,260,-1,835,260,836,-1,836,260,264,-1,836,264,837,-1,837,264,263,-1,837,263,838,-1,838,263,244,-1,838,244,839,-1,839,244,243,-1,839,243,840,-1,840,243,241,-1,
        ]
    }
}
Shape{
    appearance Appearance {
        material  Material 	{
            diffuseColor 0.2235294117647059 0.2235294117647059 0.2235294117647059
            specularColor 0.11372549019607843 0.11372549019607843 0.11372549019607843
            ambientIntensity 0.2235
            transparency 0.0
            shininess 0.5
        }
    }
    geometry IndexedFaceSet {
        ccw TRUE
        solid FALSE
        coord DEF co Coordinate {
            point [
                0.3337 -0.1929 0.5474, 0.4105 -0.1929 0.3506, 0.3337 -0.1968 0.5474, 0.4105 -0.1968 0.3506, 0.3817 -0.1929 0.3506, 0.3817 -0.1968 0.3506, 0.3618 -0.1929 0.4058, 0.3618 -0.1968 0.4058, 0.2805 -0.1929 0.4058, 0.2805 -0.1968 0.4058, 0.2617 -0.1929 0.3506, 0.2617 -0.1968 0.3506, 0.2329 -0.1929 0.3506, 0.2329 -0.1968 0.3506, 0.3073 -0.1929 0.5474, 0.3073 -0.1968 0.5474, 0.2871 -0.1929 0.4274, 0.3165 -0.1929 0.5096, 0.3184 -0.1929 0.5165, 0.3196 -0.1929 0.5234, 0.3203 -0.1929 0.5234, 0.3215 -0.1929 0.5165, 0.3529 -0.1929 0.4274, 0.3233 -0.1929 0.5096, 0.2871 -0.1968 0.4274, 0.3529 -0.1968 0.4274, 0.3165 -0.1968 0.5096, 0.3184 -0.1968 0.5165, 0.3196 -0.1968 0.5234, 0.3203 -0.1968 0.5234, 0.3215 -0.1968 0.5165, 0.3233 -0.1968 0.5096, 0.1135 -0.1929 0.3506, 0.06 -0.1929 0.3506, 0.1135 -0.1968 0.3506, 0.06 -0.1968 0.3506, 0.06 -0.1929 0.5474, 0.06 -0.1968 0.5474, 0.1156 -0.1929 0.5474, 0.1156 -0.1968 0.5474, 0.2185 -0.1929 0.4515, 0.2185 -0.1968 0.4515, 0.217 -0.1968 0.47, 0.217 -0.1929 0.47, 0.2117 -0.1968 0.4894, 0.2117 -0.1929 0.4894, 0.2026 -0.1968 0.5063, 0.2026 -0.1929 0.5063, 0.1887 -0.1968 0.5218, 0.1887 -0.1929 0.5218, 0.1885 -0.1968 0.522, 0.1885 -0.1929 0.522, 0.167 -0.1968 0.5363, 0.167 -0.1929 0.5363, 0.144 -0.1968 0.5444, 0.144 -0.1929 0.5444, 0.1379 -0.1968 0.3527, 0.1379 -0.1929 0.3527, 0.1606 -0.1968 0.3595, 0.1606 -0.1929 0.3595, 0.1811 -0.1968 0.3714, 0.1811 -0.1929 0.3714, 0.1973 -0.1968 0.3869, 0.1973 -0.1929 0.3869, 0.2086 -0.1968 0.4045, 0.2086 -0.1929 0.4045, 0.2157 -0.1968 0.4251, 0.2157 -0.1929 0.4251, 0.1789 -0.1929 0.4982, 0.1694 -0.1929 0.5084, 0.155 -0.1929 0.5177, 0.1388 -0.1929 0.5234, 0.1155 -0.1929 0.5258, 0.0864 -0.1929 0.5258, 0.0864 -0.1929 0.3722, 0.1144 -0.1929 0.3722, 0.1351 -0.1929 0.3741, 0.1517 -0.1929 0.3793, 0.1651 -0.1929 0.3873, 0.1762 -0.1929 0.3982, 0.1845 -0.1929 0.4117, 0.1902 -0.1929 0.4303, 0.192 -0.1929 0.4509, 0.1904 -0.1929 0.4705, 0.1858 -0.1929 0.4861, 0.1155 -0.1968 0.5258, 0.0864 -0.1968 0.5258, 0.1388 -0.1968 0.5234, 0.155 -0.1968 0.5177, 0.1694 -0.1968 0.5084, 0.1789 -0.1968 0.4982, 0.1858 -0.1968 0.4861, 0.1904 -0.1968 0.4705, 0.192 -0.1968 0.4509, 0.1902 -0.1968 0.4303, 0.1845 -0.1968 0.4117, 0.1762 -0.1968 0.3982, 0.1651 -0.1968 0.3873, 0.1517 -0.1968 0.3793, 0.1351 -0.1968 0.3741, 0.1144 -0.1968 0.3722, 0.0864 -0.1968 0.3722, 0.0216 -0.1929 0.3722, 0.0216 -0.1929 0.3506, 0.0216 -0.1968 0.3722, 0.0216 -0.1968 0.3506, -0.084 -0.1929 0.3506, -0.084 -0.1968 0.3506, -0.084 -0.1929 0.5474, -0.084 -0.1968 0.5474, 0.0168 -0.1929 0.5474, 0.0168 -0.1968 0.5474, 0.0168 -0.1929 0.5258, 0.0168 -0.1968 0.5258, -0.0576 -0.1929 0.5258, -0.0576 -0.1968 0.5258, -0.0576 -0.1929 0.461, -0.0576 -0.1968 0.461, 0.012 -0.1929 0.461, 0.012 -0.1968 0.461, 0.012 -0.1929 0.4394, 0.012 -0.1968 0.4394, -0.0576 -0.1929 0.4394, -0.0576 -0.1968 0.4394, -0.0576 -0.1929 0.3722, -0.0576 -0.1968 0.3722, -0.1224 -0.1929 0.3824, -0.1224 -0.1929 0.3608, -0.1224 -0.1968 0.3824, -0.1224 -0.1968 0.3608, -0.1766 -0.1929 0.3482, -0.1766 -0.1968 0.3482, -0.1712 -0.1968 0.3483, -0.1712 -0.1929 0.3483, -0.1434 -0.1968 0.3522, -0.1434 -0.1929 0.3522, -0.2689 -0.1929 0.4453, -0.2689 -0.1968 0.4453, -0.267 -0.1968 0.4225, -0.267 -0.1929 0.4225, -0.261 -0.1968 0.4017, -0.261 -0.1929 0.4017, -0.2506 -0.1968 0.3829, -0.2506 -0.1929 0.3829, -0.2358 -0.1968 0.3674, -0.2358 -0.1929 0.3674, -0.2199 -0.1968 0.3573, -0.2199 -0.1929 0.3573, -0.2009 -0.1968 0.3507, -0.2009 -0.1929 0.3507, -0.1688 -0.1929 0.5498, -0.1688 -0.1968 0.5498, -0.1885 -0.1929 0.5482, -0.1835 -0.1968 0.5486, -0.1885 -0.1968 0.5482, -0.2105 -0.1968 0.5418, -0.2105 -0.1929 0.5418, -0.2292 -0.1968 0.5311, -0.2292 -0.1929 0.5311, -0.2469 -0.1968 0.514, -0.2469 -0.1929 0.514, -0.2585 -0.1968 0.4956, -0.2585 -0.1929 0.4956, -0.266 -0.1968 0.4733, -0.266 -0.1929 0.4733, -0.1514 -0.1968 0.5486, -0.1452 -0.1929 0.5482, -0.1452 -0.1968 0.5482, -0.1224 -0.1929 0.542, -0.1224 -0.1968 0.542, -0.1224 -0.1929 0.5156, -0.1224 -0.1968 0.5156, -0.1685 -0.1929 0.5282, -0.1685 -0.1968 0.5282, -0.1446 -0.1968 0.5251, -0.1446 -0.1929 0.5251, -0.2425 -0.1929 0.4469, -0.2425 -0.1968 0.4469, -0.2415 -0.1968 0.4622, -0.2415 -0.1929 0.4622, -0.2363 -0.1968 0.4833, -0.2363 -0.1929 0.4833, -0.2282 -0.1968 0.4985, -0.2282 -0.1929 0.4985, -0.2163 -0.1968 0.5116, -0.2163 -0.1929 0.5116, -0.2026 -0.1968 0.5207, -0.2026 -0.1929 0.5207, -0.1879 -0.1968 0.5261, -0.1879 -0.1929 0.5261, -0.173 -0.1929 0.3698, -0.173 -0.1968 0.3698, -0.1913 -0.1968 0.3719, -0.1913 -0.1929 0.3719, -0.2057 -0.1968 0.3771, -0.2057 -0.1929 0.3771, -0.2177 -0.1968 0.3853, -0.2177 -0.1929 0.3853, -0.227 -0.1968 0.395, -0.227 -0.1929 0.395, -0.2351 -0.1968 0.4087, -0.2351 -0.1929 0.4087, -0.2405 -0.1968 0.4256, -0.2405 -0.1929 0.4256, -0.126 -0.1968 0.3804, -0.126 -0.1929 0.3804, -0.1468 -0.1968 0.3727, -0.1468 -0.1929 0.3727, -0.2857 -0.1929 0.3722, -0.2857 -0.1929 0.3506, -0.2857 -0.1968 0.3722, -0.2857 -0.1968 0.3506, -0.3865 -0.1929 0.3506, -0.3865 -0.1968 0.3506, -0.3865 -0.1929 0.5474, -0.3865 -0.1968 0.5474, -0.3601 -0.1929 0.5474, -0.3601 -0.1968 0.5474, -0.3601 -0.1929 0.3722, -0.3601 -0.1968 0.3722
            ]
        }
        coordIndex [
            0,1,2,-1,2,1,3,-1,1,4,3,-1,3,4,5,-1,4,6,5,-1,5,6,7,-1,6,8,7,-1,7,8,9,-1,8,10,9,-1,9,10,11,-1,10,12,11,-1,11,12,13,-1,12,14,13,-1,13,14,15,-1,14,0,15,-1,15,0,2,-1,16,17,14,-1,12,10,8,-1,17,18,14,-1,14,18,19,-1,14,19,0,-1,0,19,20,-1,0,20,21,-1,14,12,16,-1,16,12,8,-1,16,8,22,-1,22,8,6,-1,21,23,0,-1,0,23,22,-1,0,22,1,-1,1,22,6,-1,1,6,4,-1,16,22,24,-1,24,22,25,-1,17,16,26,-1,26,16,24,-1,17,26,27,-1,17,27,18,-1,18,27,28,-1,18,28,19,-1,20,19,29,-1,29,19,28,-1,20,29,30,-1,20,30,21,-1,21,30,31,-1,21,31,23,-1,22,23,25,-1,25,23,31,-1,32,33,34,-1,34,33,35,-1,33,36,35,-1,35,36,37,-1,36,38,37,-1,37,38,39,-1,40,41,42,-1,40,42,43,-1,43,42,44,-1,43,44,45,-1,45,44,46,-1,45,46,47,-1,47,46,48,-1,47,48,49,-1,49,48,50,-1,49,50,51,-1,51,50,52,-1,51,52,53,-1,53,52,54,-1,53,54,55,-1,55,54,39,-1,55,39,38,-1,32,34,56,-1,32,56,57,-1,57,56,58,-1,57,58,59,-1,59,58,60,-1,59,60,61,-1,61,60,62,-1,61,62,63,-1,63,62,64,-1,63,64,65,-1,65,64,66,-1,65,66,67,-1,67,66,41,-1,67,41,40,-1,45,47,68,-1,68,47,49,-1,68,49,69,-1,69,49,51,-1,69,51,70,-1,70,51,53,-1,70,53,71,-1,71,53,55,-1,71,55,72,-1,72,55,38,-1,72,38,73,-1,73,38,36,-1,73,36,74,-1,74,36,33,-1,74,33,75,-1,75,33,32,-1,75,32,76,-1,76,32,57,-1,76,57,77,-1,77,57,59,-1,77,59,78,-1,78,59,61,-1,78,61,79,-1,79,61,63,-1,79,63,80,-1,80,63,65,-1,80,65,81,-1,81,65,67,-1,81,67,82,-1,82,67,40,-1,82,40,83,-1,83,40,43,-1,83,43,84,-1,84,43,45,-1,84,45,68,-1,72,73,85,-1,85,73,86,-1,72,85,87,-1,72,87,71,-1,71,87,88,-1,71,88,70,-1,70,88,89,-1,70,89,69,-1,69,89,90,-1,69,90,68,-1,68,90,91,-1,68,91,84,-1,84,91,92,-1,84,92,83,-1,83,92,93,-1,83,93,82,-1,82,93,94,-1,82,94,81,-1,81,94,95,-1,81,95,80,-1,80,95,96,-1,80,96,79,-1,79,96,97,-1,79,97,78,-1,78,97,98,-1,78,98,77,-1,77,98,99,-1,77,99,76,-1,76,99,100,-1,76,100,75,-1,74,75,101,-1,101,75,100,-1,73,74,86,-1,86,74,101,-1,102,103,104,-1,104,103,105,-1,103,106,105,-1,105,106,107,-1,106,108,107,-1,107,108,109,-1,108,110,109,-1,109,110,111,-1,110,112,111,-1,111,112,113,-1,112,114,113,-1,113,114,115,-1,114,116,115,-1,115,116,117,-1,116,118,117,-1,117,118,119,-1,118,120,119,-1,119,120,121,-1,120,122,121,-1,121,122,123,-1,122,124,123,-1,123,124,125,-1,124,102,125,-1,125,102,104,-1,106,103,102,-1,102,124,106,-1,106,124,122,-1,106,122,108,-1,112,110,114,-1,114,110,108,-1,114,108,116,-1,116,108,122,-1,116,122,118,-1,118,122,120,-1,126,127,128,-1,128,127,129,-1,130,131,132,-1,130,132,133,-1,133,132,134,-1,133,134,135,-1,135,134,129,-1,135,129,127,-1,136,137,138,-1,136,138,139,-1,139,138,140,-1,139,140,141,-1,141,140,142,-1,141,142,143,-1,143,142,144,-1,143,144,145,-1,145,144,146,-1,145,146,147,-1,147,146,148,-1,147,148,149,-1,149,148,131,-1,149,131,130,-1,150,151,152,-1,152,151,153,-1,153,154,152,-1,152,154,155,-1,152,155,156,-1,156,155,157,-1,156,157,158,-1,158,157,159,-1,158,159,160,-1,160,159,161,-1,160,161,162,-1,162,161,163,-1,162,163,164,-1,164,163,137,-1,164,137,136,-1,151,150,165,-1,165,150,166,-1,165,166,167,-1,167,166,168,-1,167,168,169,-1,168,170,169,-1,169,170,171,-1,172,173,174,-1,172,174,175,-1,175,174,171,-1,175,171,170,-1,176,177,178,-1,176,178,179,-1,179,178,180,-1,179,180,181,-1,181,180,182,-1,181,182,183,-1,183,182,184,-1,183,184,185,-1,185,184,186,-1,185,186,187,-1,187,186,188,-1,187,188,189,-1,189,188,173,-1,189,173,172,-1,190,191,192,-1,190,192,193,-1,193,192,194,-1,193,194,195,-1,195,194,196,-1,195,196,197,-1,197,196,198,-1,197,198,199,-1,199,198,200,-1,199,200,201,-1,201,200,202,-1,201,202,203,-1,203,202,177,-1,203,177,176,-1,126,128,204,-1,126,204,205,-1,205,204,206,-1,205,206,207,-1,207,206,191,-1,207,191,190,-1,193,130,190,-1,190,130,133,-1,190,133,207,-1,207,133,135,-1,207,135,205,-1,205,135,127,-1,205,127,126,-1,170,168,175,-1,175,168,166,-1,175,166,172,-1,172,166,150,-1,172,150,189,-1,189,150,152,-1,189,152,187,-1,187,152,156,-1,187,156,185,-1,185,156,158,-1,185,158,183,-1,183,158,160,-1,183,160,181,-1,181,160,162,-1,181,162,179,-1,179,162,164,-1,179,164,176,-1,176,164,136,-1,176,136,203,-1,203,136,139,-1,203,139,201,-1,201,139,141,-1,201,141,199,-1,199,141,143,-1,199,143,197,-1,197,143,145,-1,197,145,195,-1,195,145,147,-1,195,147,193,-1,193,147,149,-1,193,149,130,-1,208,209,210,-1,210,209,211,-1,209,212,211,-1,211,212,213,-1,212,214,213,-1,213,214,215,-1,214,216,215,-1,215,216,217,-1,216,218,217,-1,217,218,219,-1,218,208,219,-1,219,208,210,-1,216,214,218,-1,218,214,212,-1,218,212,208,-1,208,212,209,-1,
        ]
    }
}
Shape{
    appearance Appearance {
        material  Material 	{
            diffuseColor 0.8431372549019608 0.8156862745098039 0.7529411764705882
            specularColor 0.4235294117647059 0.40784313725490196 0.3764705882352941
            ambientIntensity 0.8167
            transparency 0.0
            shininess 0.5
        }
    }
    geometry IndexedFaceSet {
        ccw TRUE
        solid FALSE
        coord DEF co Coordinate {
            point [
                0.2871 -0.1968 0.4274, 0.3529 -0.1968 0.4274, 0.3165 -0.1968 0.5096, 0.3233 -0.1968 0.5096, 0.3184 -0.1968 0.5165, 0.3215 -0.1968 0.5165, 0.3196 -0.1968 0.5234, 0.3203 -0.1968 0.5234, 0.0864 -0.1968 0.5258, 0.0864 -0.1968 0.3722, 0.1155 -0.1968 0.5258, 0.1144 -0.1968 0.3722, 0.1351 -0.1968 0.3741, 0.192 -0.1968 0.4509, 0.1904 -0.1968 0.4705, 0.1858 -0.1968 0.4861, 0.1388 -0.1968 0.5234, 0.1517 -0.1968 0.3793, 0.1651 -0.1968 0.3873, 0.1762 -0.1968 0.3982, 0.1845 -0.1968 0.4117, 0.1902 -0.1968 0.4303, 0.1789 -0.1968 0.4982, 0.1694 -0.1968 0.5084, 0.155 -0.1968 0.5177, -0.9941 0.4528 0.5591, -0.9941 0.1969 0.5591, -0.9941 0.4528 0.0079, -0.9941 0.1969 0.0079, -0.7776 0.4528 0.0079, -0.7776 0.1969 0.0079, -0.7776 0.4528 0.5591, -0.7776 0.1969 0.5591, -0.4035 0.4528 0.5591, -0.4035 0.1969 0.5591, -0.4035 0.4528 0.0079, -0.4035 0.1969 0.0079, -0.187 0.4528 0.0079, -0.187 0.1969 0.0079, -0.187 0.4528 0.5591, -0.187 0.1969 0.5591, 0.187 0.4528 0.5591, 0.187 0.1969 0.5591, 0.187 0.4528 0.0079, 0.187 0.1969 0.0079, 0.4035 0.4528 0.0079, 0.4035 0.1969 0.0079, 0.4035 0.4528 0.5591, 0.4035 0.1969 0.5591
            ]
        }
        coordIndex [
            0,1,2,-1,2,1,3,-1,2,3,4,-1,4,3,5,-1,4,5,6,-1,6,5,7,-1,8,9,10,-1,10,9,11,-1,10,11,12,-1,13,14,10,-1,10,14,15,-1,10,15,16,-1,12,17,10,-1,10,17,18,-1,10,18,19,-1,19,20,10,-1,10,20,21,-1,10,21,13,-1,22,23,15,-1,15,23,24,-1,15,24,16,-1,25,26,27,-1,27,26,28,-1,29,30,31,-1,31,30,32,-1,33,34,35,-1,35,34,36,-1,37,38,39,-1,39,38,40,-1,41,42,43,-1,43,42,44,-1,45,46,47,-1,47,46,48,-1,
        ]
    }
}
Shape{
    appearance Appearance {
        material  Material 	{
            diffuseColor 0.7686274509803922 0.7686274509803922 0.7686274509803922
            specularColor 0.615686274509804 0.615686274509804 0.615686274509804
            ambientIntensity 0.7686
            transparency 0.0
            shininess 0.5
        }
    }
    geometry IndexedFaceSet {
        ccw TRUE
        solid FALSE
        coord DEF co Coordinate {
            point [
                0.2953 0.1992 0.7627, 0.3207 0.3018 0.1997, 0.3207 0.2025 0.7633, 0.3445 0.3115 0.2014, 0.3445 0.2122 0.765, 0.3649 0.3269 0.2041, 0.3649 0.2276 0.7677, 0.3805 0.347 0.2077, 0.3805 0.2476 0.7713, 0.3903 0.3704 0.2118, 0.3903 0.271 0.7754, 0.3937 0.3955 0.2162, 0.3937 0.2961 0.7798, 0.3903 0.4206 0.2207, 0.3903 0.3212 0.7843, 0.3805 0.4439 0.2248, 0.3805 0.3446 0.7884, 0.3649 0.464 0.2283, 0.3649 0.3646 0.7919, 0.3445 0.4794 0.231, 0.3445 0.38 0.7946, 0.3207 0.4891 0.2327, 0.3207 0.3897 0.7963, 0.2953 0.4924 0.2333, 0.2953 0.393 0.7969, 0.2698 0.4891 0.2327, 0.2698 0.3897 0.7963, 0.2461 0.4794 0.231, 0.2461 0.38 0.7946, 0.2257 0.464 0.2283, 0.2257 0.3646 0.7919, 0.21 0.4439 0.2248, 0.21 0.3446 0.7884, 0.2002 0.4206 0.2207, 0.2002 0.3212 0.7843, 0.1969 0.3955 0.2162, 0.1969 0.2961 0.7798, 0.2002 0.3704 0.2118, 0.2002 0.271 0.7754, 0.21 0.347 0.2077, 0.21 0.2476 0.7713, 0.2257 0.3269 0.2041, 0.2257 0.2276 0.7677, 0.2461 0.3115 0.2014, 0.2461 0.2122 0.765, 0.2698 0.3018 0.1997, 0.2698 0.2025 0.7633, 0.2953 0.2985 0.1991, 0.2953 0.4945 0.2258, 0.2698 0.4914 0.2245, 0.2461 0.4823 0.221, 0.2257 0.4677 0.2152, 0.21 0.4487 0.2078, 0.2002 0.4266 0.1991, 0.1969 0.4029 0.1898, 0.2002 0.3792 0.1805, 0.21 0.3571 0.1718, 0.2257 0.3381 0.1644, 0.2461 0.3236 0.1587, 0.2698 0.3144 0.1551, 0.2953 0.3113 0.1539, 0.3207 0.3144 0.1551, 0.3445 0.3236 0.1587, 0.3649 0.3381 0.1644, 0.3805 0.3571 0.1718, 0.3903 0.3792 0.1805, 0.3937 0.4029 0.1898, 0.3903 0.4266 0.1991, 0.3805 0.4487 0.2078, 0.3649 0.4677 0.2152, 0.3445 0.4823 0.221, 0.3207 0.4914 0.2245, 0.2953 0.4981 0.2188, 0.2698 0.4953 0.217, 0.2461 0.487 0.2116, 0.2257 0.4739 0.2032, 0.21 0.4568 0.1921, 0.2002 0.4368 0.1792, 0.1969 0.4154 0.1654, 0.2002 0.394 0.1516, 0.21 0.3741 0.1387, 0.2257 0.357 0.1276, 0.2461 0.3438 0.1192, 0.2698 0.3356 0.1138, 0.2953 0.3327 0.112, 0.3207 0.3356 0.1138, 0.3445 0.3438 0.1192, 0.3649 0.357 0.1276, 0.3805 0.3741 0.1387, 0.3903 0.394 0.1516, 0.3937 0.4154 0.1654, 0.3903 0.4368 0.1792, 0.3805 0.4568 0.1921, 0.3649 0.4739 0.2032, 0.3445 0.487 0.2116, 0.3207 0.4953 0.217, 0.2953 0.503 0.2127, 0.2698 0.5006 0.2103, 0.2461 0.4936 0.2035, 0.2257 0.4824 0.1925, 0.21 0.4678 0.1783, 0.2002 0.4508 0.1617, 0.1969 0.4325 0.1439, 0.2002 0.4143 0.1262, 0.21 0.3973 0.1096, 0.2257 0.3827 0.0953, 0.2461 0.3715 0.0844, 0.2698 0.3645 0.0776, 0.2953 0.3621 0.0752, 0.3207 0.3645 0.0776, 0.3445 0.3715 0.0844, 0.3649 0.3827 0.0953, 0.3805 0.3973 0.1096, 0.3903 0.4143 0.1262, 0.3937 0.4325 0.1439, 0.3903 0.4508 0.1617, 0.3805 0.4678 0.1783, 0.3649 0.4824 0.1925, 0.3445 0.4936 0.2035, 0.3207 0.5006 0.2103, 0.2953 0.509 0.2076, 0.2698 0.5071 0.2049, 0.2461 0.5016 0.1967, 0.2257 0.4928 0.1838, 0.21 0.4813 0.167, 0.2002 0.4679 0.1474, 0.1969 0.4536 0.1263, 0.2002 0.4392 0.1053, 0.21 0.4258 0.0856, 0.2257 0.4144 0.0688, 0.2461 0.4055 0.0559, 0.2698 0.4 0.0478, 0.2953 0.3981 0.045, 0.3207 0.4 0.0478, 0.3445 0.4055 0.0559, 0.3649 0.4144 0.0688, 0.3805 0.4258 0.0856, 0.3903 0.4392 0.1053, 0.3937 0.4536 0.1263, 0.3903 0.4679 0.1474, 0.3805 0.4813 0.167, 0.3649 0.4928 0.1838, 0.3445 0.5016 0.1967, 0.3207 0.5071 0.2049, 0.2953 0.5159 0.2039, 0.2698 0.5146 0.2008, 0.2461 0.5108 0.1917, 0.2257 0.5047 0.1773, 0.21 0.4968 0.1585, 0.2002 0.4875 0.1367, 0.1969 0.4777 0.1132, 0.2002 0.4678 0.0897, 0.21 0.4585 0.0678, 0.2257 0.4506 0.0491, 0.2461 0.4445 0.0346, 0.2698 0.4407 0.0256, 0.2953 0.4394 0.0225, 0.3207 0.4407 0.0256, 0.3445 0.4445 0.0346, 0.3649 0.4506 0.0491, 0.3805 0.4585 0.0678, 0.3903 0.4678 0.0897, 0.3937 0.4777 0.1132, 0.3903 0.4875 0.1367, 0.3805 0.4968 0.1585, 0.3649 0.5047 0.1773, 0.3445 0.5108 0.1917, 0.3207 0.5146 0.2008, 0.2953 0.5234 0.2016, 0.2698 0.5227 0.1983, 0.2461 0.5208 0.1886, 0.2257 0.5177 0.1733, 0.21 0.5136 0.1533, 0.2002 0.5089 0.1301, 0.1969 0.5039 0.1051, 0.2002 0.4988 0.0801, 0.21 0.4941 0.0569, 0.2257 0.4901 0.0369, 0.2461 0.487 0.0215, 0.2698 0.485 0.0119, 0.2953 0.4844 0.0086, 0.3207 0.485 0.0119, 0.3445 0.487 0.0215, 0.3649 0.4901 0.0369, 0.3805 0.4941 0.0569, 0.3903 0.4988 0.0801, 0.3937 0.5039 0.1051, 0.3903 0.5089 0.1301, 0.3805 0.5136 0.1533, 0.3649 0.5177 0.1733, 0.3445 0.5208 0.1886, 0.3207 0.5227 0.1983, 0.2953 0.5312 0.2008, 0.2698 0.5312 0.1974, 0.2461 0.5312 0.1876, 0.2257 0.5312 0.172, 0.21 0.5312 0.1516, 0.2002 0.5312 0.1278, 0.1969 0.5312 0.1024, 0.2002 0.5312 0.0769, 0.21 0.5312 0.0531, 0.2257 0.5312 0.0328, 0.2461 0.5312 0.0171, 0.2698 0.5312 0.0073, 0.2953 0.5312 0.0039, 0.3207 0.5312 0.0073, 0.3445 0.5312 0.0171, 0.3649 0.5312 0.0328, 0.3805 0.5312 0.0531, 0.3903 0.5312 0.0769, 0.3937 0.5312 0.1024, 0.3903 0.5312 0.1278, 0.3805 0.5312 0.1516, 0.3649 0.5312 0.172, 0.3445 0.5312 0.1876, 0.3207 0.5312 0.1974, 0.3207 0.8233 0.0073, 0.3445 0.8233 0.0171, 0.3649 0.8233 0.0328, 0.3805 0.8233 0.0531, 0.3903 0.8233 0.0769, 0.3937 0.8233 0.1024, 0.3903 0.8233 0.1278, 0.3805 0.8233 0.1516, 0.3649 0.8233 0.172, 0.3445 0.8233 0.1876, 0.3207 0.8233 0.1974, 0.2953 0.8233 0.2008, 0.2698 0.8233 0.1974, 0.2461 0.8233 0.1876, 0.2257 0.8233 0.172, 0.21 0.8233 0.1516, 0.2002 0.8233 0.1278, 0.1969 0.8233 0.1024, 0.2002 0.8233 0.0769, 0.21 0.8233 0.0531, 0.2257 0.8233 0.0328, 0.2461 0.8233 0.0171, 0.2698 0.8233 0.0073, 0.2953 0.8233 0.0039, 0.3141 0.9843 0.0698, 0.305 0.9843 0.066, 0.2953 0.9843 0.1024, 0.2953 0.9843 0.0647, 0.2855 0.9843 0.066, 0.3316 0.9843 0.0926, 0.3279 0.9843 0.0836, 0.3219 0.9843 0.0758, 0.3279 0.9843 0.1212, 0.3316 0.9843 0.1121, 0.3329 0.9843 0.1024, 0.305 0.9843 0.1387, 0.3141 0.9843 0.1349, 0.3219 0.9843 0.129, 0.2765 0.9843 0.1349, 0.2855 0.9843 0.1387, 0.2953 0.9843 0.14, 0.2589 0.9843 0.1121, 0.2627 0.9843 0.1212, 0.2687 0.9843 0.129, 0.2627 0.9843 0.0836, 0.2589 0.9843 0.0926, 0.2577 0.9843 0.1024, 0.2765 0.9843 0.0698, 0.2687 0.9843 0.0758, 0.2037 0.1969 0.8507, 0.2026 0.1969 0.8544, 0.2002 0.1995 0.8612, 0.2051 0.1969 0.9294, 0.2105 0.1969 0.939, 0.21 0.2255 0.9312, 0.2647 0.1969 0.781, 0.2465 0.1969 0.7935, 0.2461 0.197 0.7936, 0.239 0.1969 0.7997, 0.2257 0.208 0.8048, 0.2458 0.1969 0.7939, 0.2461 0.1969 0.7938, 0.2953 0.1969 0.7706, 0.2953 0.1969 0.7709, 0.2934 0.1969 0.7708, 0.2698 0.2 0.7719, 0.2885 0.1969 0.7714, 0.2772 0.1969 0.7747, 0.3027 0.1969 0.7715, 0.3207 0.2 0.7719, 0.31 0.1969 0.7735, 0.3445 0.2092 0.7755, 0.3243 0.1969 0.7806, 0.3206 0.1969 0.7787, 0.3417 0.1969 0.7916, 0.3294 0.1969 0.7831, 0.3445 0.204 0.7852, 0.3441 0.1969 0.7937, 0.3443 0.1969 0.7939, 0.3444 0.1971 0.7937, 0.3604 0.1969 0.8085, 0.3649 0.208 0.8048, 0.3805 0.2222 0.8194, 0.365 0.1969 0.8144, 0.3645 0.1969 0.8137, 0.3805 0.2077 0.8308, 0.38 0.1969 0.8368, 0.3751 0.1969 0.8274, 0.3857 0.1969 0.8479, 0.3903 0.2204 0.8509, 0.3879 0.1969 0.8546, 0.3937 0.2083 0.8851, 0.3935 0.1969 0.8888, 0.3936 0.1969 0.8852, 0.3903 0.1995 0.8612, 0.3906 0.1969 0.8632, 0.3903 0.1969 0.8622, 0.3928 0.1969 0.9024, 0.3903 0.2172 0.909, 0.3898 0.1969 0.9149, 0.3878 0.1969 0.9235, 0.3805 0.2255 0.9312, 0.3819 0.1969 0.9367, 0.3649 0.2326 0.9503, 0.37 0.1969 0.9545, 0.3803 0.1969 0.9392, 0.3445 0.238 0.965, 0.361 0.1969 0.9638, 0.3647 0.1969 0.9599, 0.3125 0.1969 0.9878, 0.3206 0.1969 0.9854, 0.3207 0.2414 0.9742, 0.3329 0.1969 0.9817, 0.3438 0.1969 0.9763, 0.3008 0.1969 0.9891, 0.2953 0.2426 0.9774, 0.2953 0.1969 0.9888, 0.2796 0.1969 0.988, 0.2698 0.2414 0.9742, 0.2698 0.1969 0.9858, 0.2683 0.1969 0.9855, 0.2461 0.238 0.965, 0.2487 0.1969 0.9774, 0.2229 0.1969 0.9572, 0.2259 0.1969 0.9598, 0.2257 0.2326 0.9503, 0.2389 0.1969 0.9713, 0.2461 0.1969 0.9758, 0.2157 0.1969 0.9482, 0.2011 0.1969 0.9184, 0.2002 0.2172 0.909, 0.2005 0.1969 0.915, 0.1969 0.2083 0.8851, 0.197 0.1969 0.8888, 0.1972 0.1969 0.8969, 0.2002 0.1969 0.8621, 0.2001 0.1969 0.8627, 0.1969 0.1969 0.8849, 0.2002 0.2204 0.8509, 0.21 0.2077 0.8308, 0.2106 0.1969 0.8368, 0.2255 0.1969 0.8144, 0.2217 0.1969 0.8184, 0.2141 0.1969 0.8295, 0.3937 0.234 0.8724, 0.3903 0.2476 0.8939, 0.3805 0.2603 0.914, 0.3649 0.2712 0.9312, 0.3445 0.2795 0.9444, 0.3207 0.2848 0.9528, 0.2953 0.2866 0.9556, 0.2698 0.2848 0.9528, 0.2461 0.2795 0.9444, 0.2257 0.2712 0.9312, 0.21 0.2603 0.914, 0.2002 0.2476 0.8939, 0.1969 0.234 0.8724, 0.3903 0.2387 0.8364, 0.3937 0.2565 0.8547, 0.3903 0.2743 0.8729, 0.3805 0.2908 0.8899, 0.3649 0.305 0.9045, 0.3445 0.3159 0.9158, 0.3207 0.3228 0.9228, 0.2953 0.3251 0.9252, 0.2698 0.3228 0.9228, 0.2461 0.3159 0.9158, 0.2257 0.305 0.9045, 0.21 0.2908 0.8899, 0.2002 0.2743 0.8729, 0.1969 0.2565 0.8547, 0.2002 0.2387 0.8364, 0.21 0.2222 0.8194, 0.2261 0.1969 0.8137, 0.3649 0.217 0.7939, 0.3805 0.234 0.8053, 0.3903 0.2537 0.8185, 0.3937 0.2748 0.8327, 0.3903 0.296 0.8469, 0.3805 0.3157 0.8601, 0.3649 0.3326 0.8714, 0.3445 0.3456 0.8802, 0.3207 0.3538 0.8856, 0.2953 0.3566 0.8875, 0.2698 0.3538 0.8856, 0.2461 0.3456 0.8802, 0.2257 0.3326 0.8714, 0.21 0.3157 0.8601, 0.2002 0.296 0.8469, 0.1969 0.2748 0.8327, 0.2002 0.2537 0.8185, 0.21 0.234 0.8053, 0.2257 0.217 0.7939, 0.2461 0.204 0.7852, 0.2658 0.1969 0.7804, 0.3649 0.2237 0.7814, 0.3805 0.2426 0.789, 0.3903 0.2646 0.7979, 0.3937 0.2882 0.8074, 0.3903 0.3119 0.8169, 0.3805 0.3339 0.8257, 0.3649 0.3528 0.8334, 0.3445 0.3673 0.8392, 0.3207 0.3764 0.8429, 0.2953 0.3795 0.8441, 0.2698 0.3764 0.8429, 0.2461 0.3673 0.8392, 0.2257 0.3528 0.8334, 0.21 0.3339 0.8257, 0.2002 0.3119 0.8169, 0.1969 0.2882 0.8074, 0.2002 0.2646 0.7979, 0.21 0.2426 0.789, 0.2257 0.2237 0.7814, 0.2461 0.2092 0.7755, 0.2699 0.1969 0.7784, 0.2765 -1.1811 0.8611, 0.2855 -1.1811 0.8574, 0.2953 -1.1811 0.8937, 0.2953 -1.1811 0.8561, 0.305 -1.1811 0.8574, 0.2589 -1.1811 0.884, 0.2627 -1.1811 0.8749, 0.2687 -1.1811 0.8671, 0.2627 -1.1811 0.9125, 0.2589 -1.1811 0.9034, 0.2577 -1.1811 0.8937, 0.2855 -1.1811 0.93, 0.2765 -1.1811 0.9263, 0.2687 -1.1811 0.9203, 0.3141 -1.1811 0.9263, 0.305 -1.1811 0.93, 0.2953 -1.1811 0.9313, 0.3316 -1.1811 0.9034, 0.3279 -1.1811 0.9125, 0.3219 -1.1811 0.9203, 0.3279 -1.1811 0.8749, 0.3316 -1.1811 0.884, 0.3329 -1.1811 0.8937, 0.3141 -1.1811 0.8611, 0.3219 -1.1811 0.8671, 0.2953 -1.0202 0.7953, 0.3207 -0.3937 0.7986, 0.3207 -1.0202 0.7986, 0.3445 -0.3937 0.8085, 0.3445 -1.0202 0.8085, 0.3649 -0.3937 0.8241, 0.3649 -1.0202 0.8241, 0.3805 -0.3937 0.8445, 0.3805 -1.0202 0.8445, 0.3903 -0.3937 0.8682, 0.3903 -1.0202 0.8682, 0.3937 -0.3937 0.8937, 0.3937 -1.0202 0.8937, 0.3903 -0.3937 0.9192, 0.3903 -1.0202 0.9192, 0.3805 -0.3937 0.9429, 0.3805 -1.0202 0.9429, 0.3649 -0.3937 0.9633, 0.3649 -1.0202 0.9633, 0.3445 -0.3937 0.9789, 0.3445 -1.0202 0.9789, 0.3207 -0.3937 0.9888, 0.3207 -1.0202 0.9888, 0.2953 -0.3937 0.9921, 0.2953 -1.0202 0.9921, 0.2698 -0.3937 0.9888, 0.2698 -1.0202 0.9888, 0.2461 -0.3937 0.9789, 0.2461 -1.0202 0.9789, 0.2257 -0.3937 0.9633, 0.2257 -1.0202 0.9633, 0.21 -0.3937 0.9429, 0.21 -1.0202 0.9429, 0.2002 -0.3937 0.9192, 0.2002 -1.0202 0.9192, 0.1969 -0.3937 0.8937, 0.1969 -1.0202 0.8937, 0.2002 -0.3937 0.8682, 0.2002 -1.0202 0.8682, 0.21 -0.3937 0.8445, 0.21 -1.0202 0.8445, 0.2257 -0.3937 0.8241, 0.2257 -1.0202 0.8241, 0.2461 -0.3937 0.8085, 0.2461 -1.0202 0.8085, 0.2698 -0.3937 0.7986, 0.2698 -1.0202 0.7986, 0.2953 -0.3937 0.7953, -0.2953 0.1992 0.7627, -0.2698 0.3018 0.1997, -0.2698 0.2025 0.7633, -0.2461 0.3115 0.2014, -0.2461 0.2122 0.765, -0.2257 0.3269 0.2041, -0.2257 0.2276 0.7677, -0.21 0.347 0.2077, -0.21 0.2476 0.7713, -0.2002 0.3704 0.2118, -0.2002 0.271 0.7754, -0.1969 0.3955 0.2162, -0.1969 0.2961 0.7798, -0.2002 0.4206 0.2207, -0.2002 0.3212 0.7843, -0.21 0.4439 0.2248, -0.21 0.3446 0.7884, -0.2257 0.464 0.2283, -0.2257 0.3646 0.7919, -0.2461 0.4794 0.231, -0.2461 0.38 0.7946, -0.2698 0.4891 0.2327, -0.2698 0.3897 0.7963, -0.2953 0.4924 0.2333, -0.2953 0.393 0.7969, -0.3207 0.4891 0.2327, -0.3207 0.3897 0.7963, -0.3445 0.4794 0.231, -0.3445 0.38 0.7946, -0.3649 0.464 0.2283, -0.3649 0.3646 0.7919, -0.3805 0.4439 0.2248, -0.3805 0.3446 0.7884, -0.3903 0.4206 0.2207, -0.3903 0.3212 0.7843, -0.3937 0.3955 0.2162, -0.3937 0.2961 0.7798, -0.3903 0.3704 0.2118, -0.3903 0.271 0.7754, -0.3805 0.347 0.2077, -0.3805 0.2476 0.7713, -0.3649 0.3269 0.2041, -0.3649 0.2276 0.7677, -0.3445 0.3115 0.2014, -0.3445 0.2122 0.765, -0.3207 0.3018 0.1997, -0.3207 0.2025 0.7633, -0.2953 0.2985 0.1991, -0.2953 0.4945 0.2258, -0.3207 0.4914 0.2245, -0.3445 0.4823 0.221, -0.3649 0.4677 0.2152, -0.3805 0.4487 0.2078, -0.3903 0.4266 0.1991, -0.3937 0.4029 0.1898, -0.3903 0.3792 0.1805, -0.3805 0.3571 0.1718, -0.3649 0.3381 0.1644, -0.3445 0.3236 0.1587, -0.3207 0.3144 0.1551, -0.2953 0.3113 0.1539, -0.2698 0.3144 0.1551, -0.2461 0.3236 0.1587, -0.2257 0.3381 0.1644, -0.21 0.3571 0.1718, -0.2002 0.3792 0.1805, -0.1969 0.4029 0.1898, -0.2002 0.4266 0.1991, -0.21 0.4487 0.2078, -0.2257 0.4677 0.2152, -0.2461 0.4823 0.221, -0.2698 0.4914 0.2245, -0.2953 0.4981 0.2188, -0.3207 0.4953 0.217, -0.3445 0.487 0.2116, -0.3649 0.4739 0.2032, -0.3805 0.4568 0.1921, -0.3903 0.4368 0.1792, -0.3937 0.4154 0.1654, -0.3903 0.394 0.1516, -0.3805 0.3741 0.1387, -0.3649 0.357 0.1276, -0.3445 0.3438 0.1192, -0.3207 0.3356 0.1138, -0.2953 0.3327 0.112, -0.2698 0.3356 0.1138, -0.2461 0.3438 0.1192, -0.2257 0.357 0.1276, -0.21 0.3741 0.1387, -0.2002 0.394 0.1516, -0.1969 0.4154 0.1654, -0.2002 0.4368 0.1792, -0.21 0.4568 0.1921, -0.2257 0.4739 0.2032, -0.2461 0.487 0.2116, -0.2698 0.4953 0.217, -0.2953 0.503 0.2127, -0.3207 0.5006 0.2103, -0.3445 0.4936 0.2035, -0.3649 0.4824 0.1925, -0.3805 0.4678 0.1783, -0.3903 0.4508 0.1617, -0.3937 0.4325 0.1439, -0.3903 0.4143 0.1262, -0.3805 0.3973 0.1096, -0.3649 0.3827 0.0953, -0.3445 0.3715 0.0844, -0.3207 0.3645 0.0776, -0.2953 0.3621 0.0752, -0.2698 0.3645 0.0776, -0.2461 0.3715 0.0844, -0.2257 0.3827 0.0953, -0.21 0.3973 0.1096, -0.2002 0.4143 0.1262, -0.1969 0.4325 0.1439, -0.2002 0.4508 0.1617, -0.21 0.4678 0.1783, -0.2257 0.4824 0.1925, -0.2461 0.4936 0.2035, -0.2698 0.5006 0.2103, -0.2953 0.509 0.2076, -0.3207 0.5071 0.2049, -0.3445 0.5016 0.1967, -0.3649 0.4928 0.1838, -0.3805 0.4813 0.167, -0.3903 0.4679 0.1474, -0.3937 0.4536 0.1263, -0.3903 0.4392 0.1053, -0.3805 0.4258 0.0856, -0.3649 0.4144 0.0688, -0.3445 0.4055 0.0559, -0.3207 0.4 0.0478, -0.2953 0.3981 0.045, -0.2698 0.4 0.0478, -0.2461 0.4055 0.0559, -0.2257 0.4144 0.0688, -0.21 0.4258 0.0856, -0.2002 0.4392 0.1053, -0.1969 0.4536 0.1263, -0.2002 0.4679 0.1474, -0.21 0.4813 0.167, -0.2257 0.4928 0.1838, -0.2461 0.5016 0.1967, -0.2698 0.5071 0.2049, -0.2953 0.5159 0.2039, -0.3207 0.5146 0.2008, -0.3445 0.5108 0.1917, -0.3649 0.5047 0.1773, -0.3805 0.4968 0.1585, -0.3903 0.4875 0.1367, -0.3937 0.4777 0.1132, -0.3903 0.4678 0.0897, -0.3805 0.4585 0.0678, -0.3649 0.4506 0.0491, -0.3445 0.4445 0.0346, -0.3207 0.4407 0.0256, -0.2953 0.4394 0.0225, -0.2698 0.4407 0.0256, -0.2461 0.4445 0.0346, -0.2257 0.4506 0.0491, -0.21 0.4585 0.0678, -0.2002 0.4678 0.0897, -0.1969 0.4777 0.1132, -0.2002 0.4875 0.1367, -0.21 0.4968 0.1585, -0.2257 0.5047 0.1773, -0.2461 0.5108 0.1917, -0.2698 0.5146 0.2008, -0.2953 0.5234 0.2016, -0.3207 0.5227 0.1983, -0.3445 0.5208 0.1886, -0.3649 0.5177 0.1733, -0.3805 0.5136 0.1533, -0.3903 0.5089 0.1301, -0.3937 0.5039 0.1051, -0.3903 0.4988 0.0801, -0.3805 0.4941 0.0569, -0.3649 0.4901 0.0369, -0.3445 0.487 0.0215, -0.3207 0.485 0.0119, -0.2953 0.4844 0.0086, -0.2698 0.485 0.0119, -0.2461 0.487 0.0215, -0.2257 0.4901 0.0369, -0.21 0.4941 0.0569, -0.2002 0.4988 0.0801, -0.1969 0.5039 0.1051, -0.2002 0.5089 0.1301, -0.21 0.5136 0.1533, -0.2257 0.5177 0.1733, -0.2461 0.5208 0.1886, -0.2698 0.5227 0.1983, -0.2953 0.5312 0.2008, -0.3207 0.5312 0.1974, -0.3445 0.5312 0.1876, -0.3649 0.5312 0.172, -0.3805 0.5312 0.1516, -0.3903 0.5312 0.1278, -0.3937 0.5312 0.1024, -0.3903 0.5312 0.0769, -0.3805 0.5312 0.0531, -0.3649 0.5312 0.0328, -0.3445 0.5312 0.0171, -0.3207 0.5312 0.0073, -0.2953 0.5312 0.0039, -0.2698 0.5312 0.0073, -0.2461 0.5312 0.0171, -0.2257 0.5312 0.0328, -0.21 0.5312 0.0531, -0.2002 0.5312 0.0769, -0.1969 0.5312 0.1024, -0.2002 0.5312 0.1278, -0.21 0.5312 0.1516, -0.2257 0.5312 0.172, -0.2461 0.5312 0.1876, -0.2698 0.5312 0.1974, -0.2698 0.8233 0.0073, -0.2461 0.8233 0.0171, -0.2257 0.8233 0.0328, -0.21 0.8233 0.0531, -0.2002 0.8233 0.0769, -0.1969 0.8233 0.1024, -0.2002 0.8233 0.1278, -0.21 0.8233 0.1516, -0.2257 0.8233 0.172, -0.2461 0.8233 0.1876, -0.2698 0.8233 0.1974, -0.2953 0.8233 0.2008, -0.3207 0.8233 0.1974, -0.3445 0.8233 0.1876, -0.3649 0.8233 0.172, -0.3805 0.8233 0.1516, -0.3903 0.8233 0.1278, -0.3937 0.8233 0.1024, -0.3903 0.8233 0.0769, -0.3805 0.8233 0.0531, -0.3649 0.8233 0.0328, -0.3445 0.8233 0.0171, -0.3207 0.8233 0.0073, -0.2953 0.8233 0.0039, -0.2765 0.9843 0.0698, -0.2855 0.9843 0.066, -0.2953 0.9843 0.1024, -0.2953 0.9843 0.0647, -0.305 0.9843 0.066, -0.2589 0.9843 0.0926, -0.2627 0.9843 0.0836, -0.2687 0.9843 0.0758, -0.2627 0.9843 0.1212, -0.2589 0.9843 0.1121, -0.2577 0.9843 0.1024, -0.2855 0.9843 0.1387, -0.2765 0.9843 0.1349, -0.2687 0.9843 0.129, -0.3141 0.9843 0.1349, -0.305 0.9843 0.1387, -0.2953 0.9843 0.14, -0.3316 0.9843 0.1121, -0.3279 0.9843 0.1212, -0.3219 0.9843 0.129, -0.3279 0.9843 0.0836, -0.3316 0.9843 0.0926, -0.3329 0.9843 0.1024, -0.3141 0.9843 0.0698, -0.3219 0.9843 0.0758, -0.3868 0.1969 0.8507, -0.3879 0.1969 0.8544, -0.3903 0.1995 0.8612, -0.3854 0.1969 0.9294, -0.38 0.1969 0.939, -0.3805 0.2255 0.9312, -0.3259 0.1969 0.781, -0.344 0.1969 0.7935, -0.3445 0.197 0.7936, -0.3515 0.1969 0.7997, -0.3649 0.208 0.8048, -0.3447 0.1969 0.7939, -0.3445 0.1969 0.7938, -0.2953 0.1969 0.7706, -0.2953 0.1969 0.7709, -0.2971 0.1969 0.7708, -0.3207 0.2 0.7719, -0.302 0.1969 0.7714, -0.3133 0.1969 0.7747, -0.2879 0.1969 0.7715, -0.2698 0.2 0.7719, -0.2805 0.1969 0.7735, -0.2461 0.2092 0.7755, -0.2662 0.1969 0.7806, -0.27 0.1969 0.7787, -0.2488 0.1969 0.7916, -0.2612 0.1969 0.7831, -0.2461 0.204 0.7852, -0.2465 0.1969 0.7937, -0.2463 0.1969 0.7939, -0.2462 0.1971 0.7937, -0.2301 0.1969 0.8085, -0.2257 0.208 0.8048, -0.21 0.2222 0.8194, -0.2256 0.1969 0.8144, -0.2261 0.1969 0.8137, -0.21 0.2077 0.8308, -0.2106 0.1969 0.8368, -0.2155 0.1969 0.8274, -0.2048 0.1969 0.8479, -0.2002 0.2204 0.8509, -0.2027 0.1969 0.8546, -0.1969 0.2083 0.8851, -0.1971 0.1969 0.8888, -0.1969 0.1969 0.8852, -0.2002 0.1995 0.8612, -0.1999 0.1969 0.8632, -0.2003 0.1969 0.8622, -0.1977 0.1969 0.9024, -0.2002 0.2172 0.909, -0.2007 0.1969 0.9149, -0.2028 0.1969 0.9235, -0.21 0.2255 0.9312, -0.2086 0.1969 0.9367, -0.2257 0.2326 0.9503, -0.2206 0.1969 0.9545, -0.2103 0.1969 0.9392, -0.2461 0.238 0.965, -0.2296 0.1969 0.9638, -0.2258 0.1969 0.9599, -0.278 0.1969 0.9878, -0.27 0.1969 0.9854, -0.2698 0.2414 0.9742, -0.2577 0.1969 0.9817, -0.2467 0.1969 0.9763, -0.2897 0.1969 0.9891, -0.2953 0.2426 0.9774, -0.2953 0.1969 0.9888, -0.3109 0.1969 0.988, -0.3207 0.2414 0.9742, -0.3207 0.1969 0.9858, -0.3222 0.1969 0.9855, -0.3445 0.238 0.965, -0.3419 0.1969 0.9774, -0.3676 0.1969 0.9572, -0.3646 0.1969 0.9598, -0.3649 0.2326 0.9503, -0.3517 0.1969 0.9713, -0.3444 0.1969 0.9758, -0.3749 0.1969 0.9482, -0.3894 0.1969 0.9184, -0.3903 0.2172 0.909, -0.39 0.1969 0.915, -0.3937 0.2083 0.8851, -0.3936 0.1969 0.8888, -0.3934 0.1969 0.8969, -0.3903 0.1969 0.8621, -0.3905 0.1969 0.8627, -0.3936 0.1969 0.8849, -0.3903 0.2204 0.8509, -0.3805 0.2077 0.8308, -0.38 0.1969 0.8368, -0.365 0.1969 0.8144, -0.3688 0.1969 0.8184, -0.3765 0.1969 0.8295, -0.1969 0.234 0.8724, -0.2002 0.2476 0.8939, -0.21 0.2603 0.914, -0.2257 0.2712 0.9312, -0.2461 0.2795 0.9444, -0.2698 0.2848 0.9528, -0.2953 0.2866 0.9556, -0.3207 0.2848 0.9528, -0.3445 0.2795 0.9444, -0.3649 0.2712 0.9312, -0.3805 0.2603 0.914, -0.3903 0.2476 0.8939, -0.3937 0.234 0.8724, -0.2002 0.2387 0.8364, -0.1969 0.2565 0.8547, -0.2002 0.2743 0.8729, -0.21 0.2908 0.8899, -0.2257 0.305 0.9045, -0.2461 0.3159 0.9158, -0.2698 0.3228 0.9228, -0.2953 0.3251 0.9252, -0.3207 0.3228 0.9228, -0.3445 0.3159 0.9158, -0.3649 0.305 0.9045, -0.3805 0.2908 0.8899, -0.3903 0.2743 0.8729, -0.3937 0.2565 0.8547, -0.3903 0.2387 0.8364, -0.3805 0.2222 0.8194, -0.3645 0.1969 0.8137, -0.2257 0.217 0.7939, -0.21 0.234 0.8053, -0.2002 0.2537 0.8185, -0.1969 0.2748 0.8327, -0.2002 0.296 0.8469, -0.21 0.3157 0.8601, -0.2257 0.3326 0.8714, -0.2461 0.3456 0.8802, -0.2698 0.3538 0.8856, -0.2953 0.3566 0.8875, -0.3207 0.3538 0.8856, -0.3445 0.3456 0.8802, -0.3649 0.3326 0.8714, -0.3805 0.3157 0.8601, -0.3903 0.296 0.8469, -0.3937 0.2748 0.8327, -0.3903 0.2537 0.8185, -0.3805 0.234 0.8053, -0.3649 0.217 0.7939, -0.3445 0.204 0.7852, -0.3247 0.1969 0.7804, -0.2257 0.2237 0.7814, -0.21 0.2426 0.789, -0.2002 0.2646 0.7979, -0.1969 0.2882 0.8074, -0.2002 0.3119 0.8169, -0.21 0.3339 0.8257, -0.2257 0.3528 0.8334, -0.2461 0.3673 0.8392, -0.2698 0.3764 0.8429, -0.2953 0.3795 0.8441, -0.3207 0.3764 0.8429, -0.3445 0.3673 0.8392, -0.3649 0.3528 0.8334, -0.3805 0.3339 0.8257, -0.3903 0.3119 0.8169, -0.3937 0.2882 0.8074, -0.3903 0.2646 0.7979, -0.3805 0.2426 0.789, -0.3649 0.2237 0.7814, -0.3445 0.2092 0.7755, -0.3207 0.1969 0.7784, -0.3141 -1.1811 0.8611, -0.305 -1.1811 0.8574, -0.2953 -1.1811 0.8937, -0.2953 -1.1811 0.8561, -0.2855 -1.1811 0.8574, -0.3316 -1.1811 0.884, -0.3279 -1.1811 0.8749, -0.3219 -1.1811 0.8671, -0.3279 -1.1811 0.9125, -0.3316 -1.1811 0.9034, -0.3329 -1.1811 0.8937, -0.305 -1.1811 0.93, -0.3141 -1.1811 0.9263, -0.3219 -1.1811 0.9203, -0.2765 -1.1811 0.9263, -0.2855 -1.1811 0.93, -0.2953 -1.1811 0.9313, -0.2589 -1.1811 0.9034, -0.2627 -1.1811 0.9125, -0.2687 -1.1811 0.9203, -0.2627 -1.1811 0.8749, -0.2589 -1.1811 0.884, -0.2577 -1.1811 0.8937, -0.2765 -1.1811 0.8611, -0.2687 -1.1811 0.8671, -0.2953 -1.0202 0.7953, -0.2698 -0.3937 0.7986, -0.2698 -1.0202 0.7986, -0.2461 -0.3937 0.8085, -0.2461 -1.0202 0.8085, -0.2257 -0.3937 0.8241, -0.2257 -1.0202 0.8241, -0.21 -0.3937 0.8445, -0.21 -1.0202 0.8445, -0.2002 -0.3937 0.8682, -0.2002 -1.0202 0.8682, -0.1969 -0.3937 0.8937, -0.1969 -1.0202 0.8937, -0.2002 -0.3937 0.9192, -0.2002 -1.0202 0.9192, -0.21 -0.3937 0.9429, -0.21 -1.0202 0.9429, -0.2257 -0.3937 0.9633, -0.2257 -1.0202 0.9633, -0.2461 -0.3937 0.9789, -0.2461 -1.0202 0.9789, -0.2698 -0.3937 0.9888, -0.2698 -1.0202 0.9888, -0.2953 -0.3937 0.9921, -0.2953 -1.0202 0.9921, -0.3207 -0.3937 0.9888, -0.3207 -1.0202 0.9888, -0.3445 -0.3937 0.9789, -0.3445 -1.0202 0.9789, -0.3649 -0.3937 0.9633, -0.3649 -1.0202 0.9633, -0.3805 -0.3937 0.9429, -0.3805 -1.0202 0.9429, -0.3903 -0.3937 0.9192, -0.3903 -1.0202 0.9192, -0.3937 -0.3937 0.8937, -0.3937 -1.0202 0.8937, -0.3903 -0.3937 0.8682, -0.3903 -1.0202 0.8682, -0.3805 -0.3937 0.8445, -0.3805 -1.0202 0.8445, -0.3649 -0.3937 0.8241, -0.3649 -1.0202 0.8241, -0.3445 -0.3937 0.8085, -0.3445 -1.0202 0.8085, -0.3207 -0.3937 0.7986, -0.3207 -1.0202 0.7986, -0.2953 -0.3937 0.7953, -0.8858 0.1992 0.7627, -0.8604 0.3018 0.1997, -0.8604 0.2025 0.7633, -0.8366 0.3115 0.2014, -0.8366 0.2122 0.765, -0.8162 0.3269 0.2041, -0.8162 0.2276 0.7677, -0.8006 0.347 0.2077, -0.8006 0.2476 0.7713, -0.7908 0.3704 0.2118, -0.7908 0.271 0.7754, -0.7874 0.3955 0.2162, -0.7874 0.2961 0.7798, -0.7908 0.4206 0.2207, -0.7908 0.3212 0.7843, -0.8006 0.4439 0.2248, -0.8006 0.3446 0.7884, -0.8162 0.464 0.2283, -0.8162 0.3646 0.7919, -0.8366 0.4794 0.231, -0.8366 0.38 0.7946, -0.8604 0.4891 0.2327, -0.8604 0.3897 0.7963, -0.8858 0.4924 0.2333, -0.8858 0.393 0.7969, -0.9113 0.4891 0.2327, -0.9113 0.3897 0.7963, -0.935 0.4794 0.231, -0.935 0.38 0.7946, -0.9554 0.464 0.2283, -0.9554 0.3646 0.7919, -0.9711 0.4439 0.2248, -0.9711 0.3446 0.7884, -0.9809 0.4206 0.2207, -0.9809 0.3212 0.7843, -0.9843 0.3955 0.2162, -0.9843 0.2961 0.7798, -0.9809 0.3704 0.2118, -0.9809 0.271 0.7754, -0.9711 0.347 0.2077, -0.9711 0.2476 0.7713, -0.9554 0.3269 0.2041, -0.9554 0.2276 0.7677, -0.935 0.3115 0.2014, -0.935 0.2122 0.765, -0.9113 0.3018 0.1997, -0.9113 0.2025 0.7633, -0.8858 0.2985 0.1991, -0.8858 0.4945 0.2258, -0.9113 0.4914 0.2245, -0.935 0.4823 0.221, -0.9554 0.4677 0.2152, -0.9711 0.4487 0.2078, -0.9809 0.4266 0.1991, -0.9843 0.4029 0.1898, -0.9809 0.3792 0.1805, -0.9711 0.3571 0.1718, -0.9554 0.3381 0.1644, -0.935 0.3236 0.1587, -0.9113 0.3144 0.1551, -0.8858 0.3113 0.1539, -0.8604 0.3144 0.1551, -0.8366 0.3236 0.1587, -0.8162 0.3381 0.1644, -0.8006 0.3571 0.1718, -0.7908 0.3792 0.1805, -0.7874 0.4029 0.1898, -0.7908 0.4266 0.1991, -0.8006 0.4487 0.2078, -0.8162 0.4677 0.2152, -0.8366 0.4823 0.221, -0.8604 0.4914 0.2245, -0.8858 0.4981 0.2188, -0.9113 0.4953 0.217, -0.935 0.487 0.2116, -0.9554 0.4739 0.2032, -0.9711 0.4568 0.1921, -0.9809 0.4368 0.1792, -0.9843 0.4154 0.1654, -0.9809 0.394 0.1516, -0.9711 0.3741 0.1387, -0.9554 0.357 0.1276, -0.935 0.3438 0.1192, -0.9113 0.3356 0.1138, -0.8858 0.3327 0.112, -0.8604 0.3356 0.1138, -0.8366 0.3438 0.1192, -0.8162 0.357 0.1276, -0.8006 0.3741 0.1387, -0.7908 0.394 0.1516, -0.7874 0.4154 0.1654, -0.7908 0.4368 0.1792, -0.8006 0.4568 0.1921, -0.8162 0.4739 0.2032, -0.8366 0.487 0.2116, -0.8604 0.4953 0.217, -0.8858 0.503 0.2127, -0.9113 0.5006 0.2103, -0.935 0.4936 0.2035, -0.9554 0.4824 0.1925, -0.9711 0.4678 0.1783, -0.9809 0.4508 0.1617, -0.9843 0.4325 0.1439, -0.9809 0.4143 0.1262, -0.9711 0.3973 0.1096, -0.9554 0.3827 0.0953, -0.935 0.3715 0.0844, -0.9113 0.3645 0.0776, -0.8858 0.3621 0.0752, -0.8604 0.3645 0.0776, -0.8366 0.3715 0.0844, -0.8162 0.3827 0.0953, -0.8006 0.3973 0.1096, -0.7908 0.4143 0.1262, -0.7874 0.4325 0.1439, -0.7908 0.4508 0.1617, -0.8006 0.4678 0.1783, -0.8162 0.4824 0.1925, -0.8366 0.4936 0.2035, -0.8604 0.5006 0.2103, -0.8858 0.509 0.2076, -0.9113 0.5071 0.2049, -0.935 0.5016 0.1967, -0.9554 0.4928 0.1838, -0.9711 0.4813 0.167, -0.9809 0.4679 0.1474, -0.9843 0.4536 0.1263, -0.9809 0.4392 0.1053, -0.9711 0.4258 0.0856, -0.9554 0.4144 0.0688, -0.935 0.4055 0.0559, -0.9113 0.4 0.0478, -0.8858 0.3981 0.045, -0.8604 0.4 0.0478, -0.8366 0.4055 0.0559, -0.8162 0.4144 0.0688, -0.8006 0.4258 0.0856, -0.7908 0.4392 0.1053, -0.7874 0.4536 0.1263, -0.7908 0.4679 0.1474, -0.8006 0.4813 0.167, -0.8162 0.4928 0.1838, -0.8366 0.5016 0.1967, -0.8604 0.5071 0.2049, -0.8858 0.5159 0.2039, -0.9113 0.5146 0.2008, -0.935 0.5108 0.1917, -0.9554 0.5047 0.1773, -0.9711 0.4968 0.1585, -0.9809 0.4875 0.1367, -0.9843 0.4777 0.1132, -0.9809 0.4678 0.0897, -0.9711 0.4585 0.0678, -0.9554 0.4506 0.0491, -0.935 0.4445 0.0346, -0.9113 0.4407 0.0256, -0.8858 0.4394 0.0225, -0.8604 0.4407 0.0256, -0.8366 0.4445 0.0346, -0.8162 0.4506 0.0491, -0.8006 0.4585 0.0678, -0.7908 0.4678 0.0897, -0.7874 0.4777 0.1132, -0.7908 0.4875 0.1367, -0.8006 0.4968 0.1585, -0.8162 0.5047 0.1773, -0.8366 0.5108 0.1917, -0.8604 0.5146 0.2008, -0.8858 0.5234 0.2016, -0.9113 0.5227 0.1983, -0.935 0.5208 0.1886, -0.9554 0.5177 0.1733, -0.9711 0.5136 0.1533, -0.9809 0.5089 0.1301, -0.9843 0.5039 0.1051, -0.9809 0.4988 0.0801, -0.9711 0.4941 0.0569, -0.9554 0.4901 0.0369, -0.935 0.487 0.0215, -0.9113 0.485 0.0119, -0.8858 0.4844 0.0086, -0.8604 0.485 0.0119, -0.8366 0.487 0.0215, -0.8162 0.4901 0.0369, -0.8006 0.4941 0.0569, -0.7908 0.4988 0.0801, -0.7874 0.5039 0.1051, -0.7908 0.5089 0.1301, -0.8006 0.5136 0.1533, -0.8162 0.5177 0.1733, -0.8366 0.5208 0.1886, -0.8604 0.5227 0.1983, -0.8858 0.5312 0.2008, -0.9113 0.5312 0.1974, -0.935 0.5312 0.1876, -0.9554 0.5312 0.172, -0.9711 0.5312 0.1516, -0.9809 0.5312 0.1278, -0.9843 0.5312 0.1024, -0.9809 0.5312 0.0769, -0.9711 0.5312 0.0531, -0.9554 0.5312 0.0328, -0.935 0.5312 0.0171, -0.9113 0.5312 0.0073, -0.8858 0.5312 0.0039, -0.8604 0.5312 0.0073, -0.8366 0.5312 0.0171, -0.8162 0.5312 0.0328, -0.8006 0.5312 0.0531, -0.7908 0.5312 0.0769, -0.7874 0.5312 0.1024, -0.7908 0.5312 0.1278, -0.8006 0.5312 0.1516, -0.8162 0.5312 0.172, -0.8366 0.5312 0.1876, -0.8604 0.5312 0.1974, -0.8604 0.8233 0.0073, -0.8366 0.8233 0.0171, -0.8162 0.8233 0.0328, -0.8006 0.8233 0.0531, -0.7908 0.8233 0.0769, -0.7874 0.8233 0.1024, -0.7908 0.8233 0.1278, -0.8006 0.8233 0.1516, -0.8162 0.8233 0.172, -0.8366 0.8233 0.1876, -0.8604 0.8233 0.1974, -0.8858 0.8233 0.2008, -0.9113 0.8233 0.1974, -0.935 0.8233 0.1876, -0.9554 0.8233 0.172, -0.9711 0.8233 0.1516, -0.9809 0.8233 0.1278, -0.9843 0.8233 0.1024, -0.9809 0.8233 0.0769, -0.9711 0.8233 0.0531, -0.9554 0.8233 0.0328, -0.935 0.8233 0.0171, -0.9113 0.8233 0.0073, -0.8858 0.8233 0.0039, -0.867 0.9843 0.0698, -0.8761 0.9843 0.066, -0.8858 0.9843 0.1024, -0.8858 0.9843 0.0647, -0.8956 0.9843 0.066, -0.8495 0.9843 0.0926, -0.8532 0.9843 0.0836, -0.8592 0.9843 0.0758, -0.8532 0.9843 0.1212, -0.8495 0.9843 0.1121, -0.8482 0.9843 0.1024, -0.8761 0.9843 0.1387, -0.867 0.9843 0.1349, -0.8592 0.9843 0.129, -0.9046 0.9843 0.1349, -0.8956 0.9843 0.1387, -0.8858 0.9843 0.14, -0.9222 0.9843 0.1121, -0.9184 0.9843 0.1212, -0.9124 0.9843 0.129, -0.9184 0.9843 0.0836, -0.9222 0.9843 0.0926, -0.9234 0.9843 0.1024, -0.9046 0.9843 0.0698, -0.9124 0.9843 0.0758, -0.9774 0.1969 0.8507, -0.9785 0.1969 0.8544, -0.9809 0.1995 0.8612, -0.976 0.1969 0.9294, -0.9706 0.1969 0.939, -0.9711 0.2255 0.9312, -0.9164 0.1969 0.781, -0.9346 0.1969 0.7935, -0.935 0.197 0.7936, -0.9421 0.1969 0.7997, -0.9554 0.208 0.8048, -0.9353 0.1969 0.7939, -0.935 0.1969 0.7938, -0.8858 0.1969 0.7706, -0.8858 0.1969 0.7709, -0.8877 0.1969 0.7708, -0.9113 0.2 0.7719, -0.8926 0.1969 0.7714, -0.9039 0.1969 0.7747, -0.8784 0.1969 0.7715, -0.8604 0.2 0.7719, -0.8711 0.1969 0.7735, -0.8366 0.2092 0.7755, -0.8568 0.1969 0.7806, -0.8605 0.1969 0.7787, -0.8394 0.1969 0.7916, -0.8517 0.1969 0.7831, -0.8366 0.204 0.7852, -0.837 0.1969 0.7937, -0.8368 0.1969 0.7939, -0.8367 0.1971 0.7937, -0.8207 0.1969 0.8085, -0.8162 0.208 0.8048, -0.8006 0.2222 0.8194, -0.8161 0.1969 0.8144, -0.8166 0.1969 0.8137, -0.8006 0.2077 0.8308, -0.8011 0.1969 0.8368, -0.806 0.1969 0.8274, -0.7954 0.1969 0.8479, -0.7908 0.2204 0.8509, -0.7932 0.1969 0.8546, -0.7874 0.2083 0.8851, -0.7876 0.1969 0.8888, -0.7875 0.1969 0.8852, -0.7908 0.1995 0.8612, -0.7905 0.1969 0.8632, -0.7908 0.1969 0.8622, -0.7883 0.1969 0.9024, -0.7908 0.2172 0.909, -0.7913 0.1969 0.9149, -0.7933 0.1969 0.9235, -0.8006 0.2255 0.9312, -0.7992 0.1969 0.9367, -0.8162 0.2326 0.9503, -0.8111 0.1969 0.9545, -0.8008 0.1969 0.9392, -0.8366 0.238 0.965, -0.8201 0.1969 0.9638, -0.8164 0.1969 0.9599, -0.8686 0.1969 0.9878, -0.8605 0.1969 0.9854, -0.8604 0.2414 0.9742, -0.8482 0.1969 0.9817, -0.8373 0.1969 0.9763, -0.8803 0.1969 0.9891, -0.8858 0.2426 0.9774, -0.8858 0.1969 0.9888, -0.9015 0.1969 0.988, -0.9113 0.2414 0.9742, -0.9113 0.1969 0.9858, -0.9128 0.1969 0.9855, -0.935 0.238 0.965, -0.9324 0.1969 0.9774, -0.9582 0.1969 0.9572, -0.9552 0.1969 0.9598, -0.9554 0.2326 0.9503, -0.9422 0.1969 0.9713, -0.935 0.1969 0.9758, -0.9654 0.1969 0.9482, -0.98 0.1969 0.9184, -0.9809 0.2172 0.909, -0.9806 0.1969 0.915, -0.9843 0.2083 0.8851, -0.9841 0.1969 0.8888, -0.9839 0.1969 0.8969, -0.9809 0.1969 0.8621, -0.981 0.1969 0.8627, -0.9842 0.1969 0.8849, -0.9809 0.2204 0.8509, -0.9711 0.2077 0.8308, -0.9705 0.1969 0.8368, -0.9556 0.1969 0.8144, -0.9594 0.1969 0.8184, -0.967 0.1969 0.8295, -0.7874 0.234 0.8724, -0.7908 0.2476 0.8939, -0.8006 0.2603 0.914, -0.8162 0.2712 0.9312, -0.8366 0.2795 0.9444, -0.8604 0.2848 0.9528, -0.8858 0.2866 0.9556, -0.9113 0.2848 0.9528, -0.935 0.2795 0.9444, -0.9554 0.2712 0.9312, -0.9711 0.2603 0.914, -0.9809 0.2476 0.8939, -0.9843 0.234 0.8724, -0.7908 0.2387 0.8364, -0.7874 0.2565 0.8547, -0.7908 0.2743 0.8729, -0.8006 0.2908 0.8899, -0.8162 0.305 0.9045, -0.8366 0.3159 0.9158, -0.8604 0.3228 0.9228, -0.8858 0.3251 0.9252, -0.9113 0.3228 0.9228, -0.935 0.3159 0.9158, -0.9554 0.305 0.9045, -0.9711 0.2908 0.8899, -0.9809 0.2743 0.8729, -0.9843 0.2565 0.8547, -0.9809 0.2387 0.8364, -0.9711 0.2222 0.8194, -0.955 0.1969 0.8137, -0.8162 0.217 0.7939, -0.8006 0.234 0.8053, -0.7908 0.2537 0.8185, -0.7874 0.2748 0.8327, -0.7908 0.296 0.8469, -0.8006 0.3157 0.8601, -0.8162 0.3326 0.8714, -0.8366 0.3456 0.8802, -0.8604 0.3538 0.8856, -0.8858 0.3566 0.8875, -0.9113 0.3538 0.8856, -0.935 0.3456 0.8802, -0.9554 0.3326 0.8714, -0.9711 0.3157 0.8601, -0.9809 0.296 0.8469, -0.9843 0.2748 0.8327, -0.9809 0.2537 0.8185, -0.9711 0.234 0.8053, -0.9554 0.217 0.7939, -0.935 0.204 0.7852, -0.9153 0.1969 0.7804, -0.8162 0.2237 0.7814, -0.8006 0.2426 0.789, -0.7908 0.2646 0.7979, -0.7874 0.2882 0.8074, -0.7908 0.3119 0.8169, -0.8006 0.3339 0.8257, -0.8162 0.3528 0.8334, -0.8366 0.3673 0.8392, -0.8604 0.3764 0.8429, -0.8858 0.3795 0.8441, -0.9113 0.3764 0.8429, -0.935 0.3673 0.8392, -0.9554 0.3528 0.8334, -0.9711 0.3339 0.8257, -0.9809 0.3119 0.8169, -0.9843 0.2882 0.8074, -0.9809 0.2646 0.7979, -0.9711 0.2426 0.789, -0.9554 0.2237 0.7814, -0.935 0.2092 0.7755, -0.9112 0.1969 0.7784, -0.9046 -1.1811 0.8611, -0.8956 -1.1811 0.8574, -0.8858 -1.1811 0.8937, -0.8858 -1.1811 0.8561, -0.8761 -1.1811 0.8574, -0.9222 -1.1811 0.884, -0.9184 -1.1811 0.8749, -0.9124 -1.1811 0.8671, -0.9184 -1.1811 0.9125, -0.9222 -1.1811 0.9034, -0.9234 -1.1811 0.8937, -0.8956 -1.1811 0.93, -0.9046 -1.1811 0.9263, -0.9124 -1.1811 0.9203, -0.867 -1.1811 0.9263, -0.8761 -1.1811 0.93, -0.8858 -1.1811 0.9313, -0.8495 -1.1811 0.9034, -0.8532 -1.1811 0.9125, -0.8592 -1.1811 0.9203, -0.8532 -1.1811 0.8749, -0.8495 -1.1811 0.884, -0.8482 -1.1811 0.8937, -0.867 -1.1811 0.8611, -0.8592 -1.1811 0.8671, -0.8858 -1.0202 0.7953, -0.8604 -0.3937 0.7986, -0.8604 -1.0202 0.7986, -0.8366 -0.3937 0.8085, -0.8366 -1.0202 0.8085, -0.8162 -0.3937 0.8241, -0.8162 -1.0202 0.8241, -0.8006 -0.3937 0.8445, -0.8006 -1.0202 0.8445, -0.7908 -0.3937 0.8682, -0.7908 -1.0202 0.8682, -0.7874 -0.3937 0.8937, -0.7874 -1.0202 0.8937, -0.7908 -0.3937 0.9192, -0.7908 -1.0202 0.9192, -0.8006 -0.3937 0.9429, -0.8006 -1.0202 0.9429, -0.8162 -0.3937 0.9633, -0.8162 -1.0202 0.9633, -0.8366 -0.3937 0.9789, -0.8366 -1.0202 0.9789, -0.8604 -0.3937 0.9888, -0.8604 -1.0202 0.9888, -0.8858 -0.3937 0.9921, -0.8858 -1.0202 0.9921, -0.9113 -0.3937 0.9888, -0.9113 -1.0202 0.9888, -0.935 -0.3937 0.9789, -0.935 -1.0202 0.9789, -0.9554 -0.3937 0.9633, -0.9554 -1.0202 0.9633, -0.9711 -0.3937 0.9429, -0.9711 -1.0202 0.9429, -0.9809 -0.3937 0.9192, -0.9809 -1.0202 0.9192, -0.9843 -0.3937 0.8937, -0.9843 -1.0202 0.8937, -0.9809 -0.3937 0.8682, -0.9809 -1.0202 0.8682, -0.9711 -0.3937 0.8445, -0.9711 -1.0202 0.8445, -0.9554 -0.3937 0.8241, -0.9554 -1.0202 0.8241, -0.935 -0.3937 0.8085, -0.935 -1.0202 0.8085, -0.9113 -0.3937 0.7986, -0.9113 -1.0202 0.7986, -0.8858 -0.3937 0.7953, 0.2953 0.8302 0.0045, 0.315 0.9517 0.0286, 0.3206 0.8302 0.0079, 0.3335 0.9517 0.0362, 0.3442 0.8302 0.0176, 0.3493 0.9517 0.0483, 0.3644 0.8302 0.0332, 0.3614 0.9517 0.0642, 0.38 0.8302 0.0534, 0.3691 0.9517 0.0826, 0.3898 0.8302 0.077, 0.3717 0.9517 0.1024, 0.3931 0.8302 0.1024, 0.3691 0.9517 0.1221, 0.3898 0.8302 0.1277, 0.3614 0.9517 0.1406, 0.38 0.8302 0.1513, 0.3493 0.9517 0.1564, 0.3644 0.8302 0.1715, 0.3335 0.9517 0.1685, 0.3442 0.8302 0.1871, 0.315 0.9517 0.1762, 0.3206 0.8302 0.1969, 0.2953 0.9517 0.1788, 0.2953 0.8302 0.2002, 0.2755 0.9517 0.1762, 0.27 0.8302 0.1969, 0.2571 0.9517 0.1685, 0.2464 0.8302 0.1871, 0.2413 0.9517 0.1564, 0.2261 0.8302 0.1715, 0.2291 0.9517 0.1406, 0.2106 0.8302 0.1513, 0.2215 0.9517 0.1221, 0.2008 0.8302 0.1277, 0.2189 0.9517 0.1024, 0.1974 0.8302 0.1024, 0.2215 0.9517 0.0826, 0.2008 0.8302 0.077, 0.2291 0.9517 0.0642, 0.2106 0.8302 0.0534, 0.2413 0.9517 0.0483, 0.2261 0.8302 0.0332, 0.2571 0.9517 0.0362, 0.2464 0.8302 0.0176, 0.2755 0.9517 0.0286, 0.27 0.8302 0.0079, 0.2953 0.9517 0.026, 0.2953 -1.027 0.9915, 0.315 -1.1486 0.9675, 0.3206 -1.027 0.9882, 0.3335 -1.1486 0.9599, 0.3442 -1.027 0.9784, 0.3493 -1.1486 0.9477, 0.3644 -1.027 0.9629, 0.3614 -1.1486 0.9319, 0.38 -1.027 0.9426, 0.3691 -1.1486 0.9135, 0.3898 -1.027 0.919, 0.3717 -1.1486 0.8937, 0.3931 -1.027 0.8937, 0.3691 -1.1486 0.8739, 0.3898 -1.027 0.8684, 0.3614 -1.1486 0.8555, 0.38 -1.027 0.8448, 0.3493 -1.1486 0.8397, 0.3644 -1.027 0.8245, 0.3335 -1.1486 0.8275, 0.3442 -1.027 0.809, 0.315 -1.1486 0.8199, 0.3206 -1.027 0.7992, 0.2953 -1.1486 0.8173, 0.2953 -1.027 0.7959, 0.2755 -1.1486 0.8199, 0.27 -1.027 0.7992, 0.2571 -1.1486 0.8275, 0.2464 -1.027 0.809, 0.2413 -1.1486 0.8397, 0.2261 -1.027 0.8245, 0.2291 -1.1486 0.8555, 0.2106 -1.027 0.8448, 0.2215 -1.1486 0.8739, 0.2008 -1.027 0.8684, 0.2189 -1.1486 0.8937, 0.1974 -1.027 0.8937, 0.2215 -1.1486 0.9135, 0.2008 -1.027 0.919, 0.2291 -1.1486 0.9319, 0.2106 -1.027 0.9426, 0.2413 -1.1486 0.9477, 0.2261 -1.027 0.9629, 0.2571 -1.1486 0.9599, 0.2464 -1.027 0.9784, 0.2755 -1.1486 0.9675, 0.27 -1.027 0.9882, 0.2953 -1.1486 0.9701, -0.2953 0.8302 0.0045, -0.2755 0.9517 0.0286, -0.27 0.8302 0.0079, -0.2571 0.9517 0.0362, -0.2464 0.8302 0.0176, -0.2413 0.9517 0.0483, -0.2261 0.8302 0.0332, -0.2291 0.9517 0.0642, -0.2106 0.8302 0.0534, -0.2215 0.9517 0.0826, -0.2008 0.8302 0.077, -0.2189 0.9517 0.1024, -0.1974 0.8302 0.1024, -0.2215 0.9517 0.1221, -0.2008 0.8302 0.1277, -0.2291 0.9517 0.1406, -0.2106 0.8302 0.1513, -0.2413 0.9517 0.1564, -0.2261 0.8302 0.1715, -0.2571 0.9517 0.1685, -0.2464 0.8302 0.1871, -0.2755 0.9517 0.1762, -0.27 0.8302 0.1969, -0.2953 0.9517 0.1788, -0.2953 0.8302 0.2002, -0.315 0.9517 0.1762, -0.3206 0.8302 0.1969, -0.3335 0.9517 0.1685, -0.3442 0.8302 0.1871, -0.3493 0.9517 0.1564, -0.3644 0.8302 0.1715, -0.3614 0.9517 0.1406, -0.38 0.8302 0.1513, -0.3691 0.9517 0.1221, -0.3898 0.8302 0.1277, -0.3717 0.9517 0.1024, -0.3931 0.8302 0.1024, -0.3691 0.9517 0.0826, -0.3898 0.8302 0.077, -0.3614 0.9517 0.0642, -0.38 0.8302 0.0534, -0.3493 0.9517 0.0483, -0.3644 0.8302 0.0332, -0.3335 0.9517 0.0362, -0.3442 0.8302 0.0176, -0.315 0.9517 0.0286, -0.3206 0.8302 0.0079, -0.2953 0.9517 0.026, -0.2953 -1.027 0.9915, -0.2755 -1.1486 0.9675, -0.27 -1.027 0.9882, -0.2571 -1.1486 0.9599, -0.2464 -1.027 0.9784, -0.2413 -1.1486 0.9477, -0.2261 -1.027 0.9629, -0.2291 -1.1486 0.9319, -0.2106 -1.027 0.9426, -0.2215 -1.1486 0.9135, -0.2008 -1.027 0.919, -0.2189 -1.1486 0.8937, -0.1974 -1.027 0.8937, -0.2215 -1.1486 0.8739, -0.2008 -1.027 0.8684, -0.2291 -1.1486 0.8555, -0.2106 -1.027 0.8448, -0.2413 -1.1486 0.8397, -0.2261 -1.027 0.8245, -0.2571 -1.1486 0.8275, -0.2464 -1.027 0.809, -0.2755 -1.1486 0.8199, -0.27 -1.027 0.7992, -0.2953 -1.1486 0.8173, -0.2953 -1.027 0.7959, -0.315 -1.1486 0.8199, -0.3206 -1.027 0.7992, -0.3335 -1.1486 0.8275, -0.3442 -1.027 0.809, -0.3493 -1.1486 0.8397, -0.3644 -1.027 0.8245, -0.3614 -1.1486 0.8555, -0.38 -1.027 0.8448, -0.3691 -1.1486 0.8739, -0.3898 -1.027 0.8684, -0.3717 -1.1486 0.8937, -0.3931 -1.027 0.8937, -0.3691 -1.1486 0.9135, -0.3898 -1.027 0.919, -0.3614 -1.1486 0.9319, -0.38 -1.027 0.9426, -0.3493 -1.1486 0.9477, -0.3644 -1.027 0.9629, -0.3335 -1.1486 0.9599, -0.3442 -1.027 0.9784, -0.315 -1.1486 0.9675, -0.3206 -1.027 0.9882, -0.2953 -1.1486 0.9701, -0.8858 0.8302 0.0045, -0.8661 0.9517 0.0286, -0.8605 0.8302 0.0079, -0.8476 0.9517 0.0362, -0.8369 0.8302 0.0176, -0.8318 0.9517 0.0483, -0.8167 0.8302 0.0332, -0.8197 0.9517 0.0642, -0.8011 0.8302 0.0534, -0.812 0.9517 0.0826, -0.7913 0.8302 0.077, -0.8094 0.9517 0.1024, -0.788 0.8302 0.1024, -0.812 0.9517 0.1221, -0.7913 0.8302 0.1277, -0.8197 0.9517 0.1406, -0.8011 0.8302 0.1513, -0.8318 0.9517 0.1564, -0.8167 0.8302 0.1715, -0.8476 0.9517 0.1685, -0.8369 0.8302 0.1871, -0.8661 0.9517 0.1762, -0.8605 0.8302 0.1969, -0.8858 0.9517 0.1788, -0.8858 0.8302 0.2002, -0.9056 0.9517 0.1762, -0.9111 0.8302 0.1969, -0.924 0.9517 0.1685, -0.9347 0.8302 0.1871, -0.9398 0.9517 0.1564, -0.955 0.8302 0.1715, -0.952 0.9517 0.1406, -0.9705 0.8302 0.1513, -0.9596 0.9517 0.1221, -0.9803 0.8302 0.1277, -0.9622 0.9517 0.1024, -0.9837 0.8302 0.1024, -0.9596 0.9517 0.0826, -0.9803 0.8302 0.077, -0.952 0.9517 0.0642, -0.9705 0.8302 0.0534, -0.9398 0.9517 0.0483, -0.955 0.8302 0.0332, -0.924 0.9517 0.0362, -0.9347 0.8302 0.0176, -0.9056 0.9517 0.0286, -0.9111 0.8302 0.0079, -0.8858 0.9517 0.026, -0.8858 -1.027 0.9915, -0.8661 -1.1486 0.9675, -0.8605 -1.027 0.9882, -0.8476 -1.1486 0.9599, -0.8369 -1.027 0.9784, -0.8318 -1.1486 0.9477, -0.8167 -1.027 0.9629, -0.8197 -1.1486 0.9319, -0.8011 -1.027 0.9426, -0.812 -1.1486 0.9135, -0.7913 -1.027 0.919, -0.8094 -1.1486 0.8937, -0.788 -1.027 0.8937, -0.812 -1.1486 0.8739, -0.7913 -1.027 0.8684, -0.8197 -1.1486 0.8555, -0.8011 -1.027 0.8448, -0.8318 -1.1486 0.8397, -0.8167 -1.027 0.8245, -0.8476 -1.1486 0.8275, -0.8369 -1.027 0.809, -0.8661 -1.1486 0.8199, -0.8605 -1.027 0.7992, -0.8858 -1.1486 0.8173, -0.8858 -1.027 0.7959, -0.9056 -1.1486 0.8199, -0.9111 -1.027 0.7992, -0.924 -1.1486 0.8275, -0.9347 -1.027 0.809, -0.9398 -1.1486 0.8397, -0.955 -1.027 0.8245, -0.952 -1.1486 0.8555, -0.9705 -1.027 0.8448, -0.9596 -1.1486 0.8739, -0.9803 -1.027 0.8684, -0.9622 -1.1486 0.8937, -0.9837 -1.027 0.8937, -0.9596 -1.1486 0.9135, -0.9803 -1.027 0.919, -0.952 -1.1486 0.9319, -0.9705 -1.027 0.9426, -0.9398 -1.1486 0.9477, -0.955 -1.027 0.9629, -0.924 -1.1486 0.9599, -0.9347 -1.027 0.9784, -0.9056 -1.1486 0.9675, -0.9111 -1.027 0.9882, -0.8858 -1.1486 0.9701, 0.3074 -1.18 0.8486, 0.3186 -1.18 0.8533, 0.3283 -1.18 0.8607, 0.3357 -1.18 0.8704, 0.3404 -1.18 0.8816, 0.342 -1.18 0.8937, 0.3404 -1.18 0.9058, 0.3357 -1.18 0.9171, 0.3283 -1.18 0.9267, 0.3186 -1.18 0.9341, 0.3074 -1.18 0.9388, 0.2953 -1.18 0.9404, 0.2832 -1.18 0.9388, 0.2719 -1.18 0.9341, 0.2623 -1.18 0.9267, 0.2548 -1.18 0.9171, 0.2502 -1.18 0.9058, 0.2486 -1.18 0.8937, 0.2502 -1.18 0.8816, 0.2548 -1.18 0.8704, 0.2623 -1.18 0.8607, 0.2719 -1.18 0.8533, 0.2832 -1.18 0.8486, 0.2953 -1.18 0.847, 0.3096 -1.1769 0.8403, 0.3229 -1.1769 0.8458, 0.3344 -1.1769 0.8546, 0.3432 -1.1769 0.8661, 0.3487 -1.1769 0.8794, 0.3506 -1.1769 0.8937, 0.3487 -1.1769 0.908, 0.3432 -1.1769 0.9213, 0.3344 -1.1769 0.9328, 0.3229 -1.1769 0.9416, 0.3096 -1.1769 0.9471, 0.2953 -1.1769 0.949, 0.281 -1.1769 0.9471, 0.2676 -1.1769 0.9416, 0.2562 -1.1769 0.9328, 0.2474 -1.1769 0.9213, 0.2419 -1.1769 0.908, 0.24 -1.1769 0.8937, 0.2419 -1.1769 0.8794, 0.2474 -1.1769 0.8661, 0.2562 -1.1769 0.8546, 0.2676 -1.1769 0.8458, 0.281 -1.1769 0.8403, 0.2953 -1.1769 0.8384, 0.3116 -1.1719 0.8329, 0.3267 -1.1719 0.8392, 0.3398 -1.1719 0.8492, 0.3498 -1.1719 0.8622, 0.3561 -1.1719 0.8774, 0.3582 -1.1719 0.8937, 0.3561 -1.1719 0.91, 0.3498 -1.1719 0.9252, 0.3398 -1.1719 0.9382, 0.3267 -1.1719 0.9482, 0.3116 -1.1719 0.9545, 0.2953 -1.1719 0.9566, 0.279 -1.1719 0.9545, 0.2638 -1.1719 0.9482, 0.2508 -1.1719 0.9382, 0.2408 -1.1719 0.9252, 0.2345 -1.1719 0.91, 0.2323 -1.1719 0.8937, 0.2345 -1.1719 0.8774, 0.2408 -1.1719 0.8622, 0.2508 -1.1719 0.8492, 0.2638 -1.1719 0.8392, 0.279 -1.1719 0.8329, 0.2953 -1.1719 0.8308, 0.3132 -1.1652 0.8269, 0.3299 -1.1652 0.8338, 0.3442 -1.1652 0.8448, 0.3552 -1.1652 0.8591, 0.3621 -1.1652 0.8758, 0.3645 -1.1652 0.8937, 0.3621 -1.1652 0.9116, 0.3552 -1.1652 0.9283, 0.3442 -1.1652 0.9426, 0.3299 -1.1652 0.9536, 0.3132 -1.1652 0.9605, 0.2953 -1.1652 0.9629, 0.2774 -1.1652 0.9605, 0.2607 -1.1652 0.9536, 0.2463 -1.1652 0.9426, 0.2353 -1.1652 0.9283, 0.2284 -1.1652 0.9116, 0.2261 -1.1652 0.8937, 0.2284 -1.1652 0.8758, 0.2353 -1.1652 0.8591, 0.2463 -1.1652 0.8448, 0.2607 -1.1652 0.8338, 0.2774 -1.1652 0.8269, 0.2953 -1.1652 0.8245, 0.3144 -1.1573 0.8224, 0.3322 -1.1573 0.8298, 0.3474 -1.1573 0.8415, 0.3592 -1.1573 0.8568, 0.3665 -1.1573 0.8746, 0.369 -1.1573 0.8937, 0.3665 -1.1573 0.9128, 0.3592 -1.1573 0.9306, 0.3474 -1.1573 0.9459, 0.3322 -1.1573 0.9576, 0.3144 -1.1573 0.965, 0.2953 -1.1573 0.9675, 0.2762 -1.1573 0.965, 0.2584 -1.1573 0.9576, 0.2431 -1.1573 0.9459, 0.2314 -1.1573 0.9306, 0.224 -1.1573 0.9128, 0.2215 -1.1573 0.8937, 0.224 -1.1573 0.8746, 0.2314 -1.1573 0.8568, 0.2431 -1.1573 0.8415, 0.2584 -1.1573 0.8298, 0.2762 -1.1573 0.8224, 0.2953 -1.1573 0.8199, 0.3144 0.9605 0.0311, 0.3322 0.9605 0.0385, 0.3474 0.9605 0.0502, 0.3592 0.9605 0.0655, 0.3665 0.9605 0.0833, 0.369 0.9605 0.1024, 0.3665 0.9605 0.1215, 0.3592 0.9605 0.1392, 0.3474 0.9605 0.1545, 0.3322 0.9605 0.1663, 0.3144 0.9605 0.1736, 0.2953 0.9605 0.1761, 0.2762 0.9605 0.1736, 0.2584 0.9605 0.1663, 0.2431 0.9605 0.1545, 0.2314 0.9605 0.1392, 0.224 0.9605 0.1215, 0.2215 0.9605 0.1024, 0.224 0.9605 0.0833, 0.2314 0.9605 0.0655, 0.2431 0.9605 0.0502, 0.2584 0.9605 0.0385, 0.2762 0.9605 0.0311, 0.2953 0.9605 0.0286, 0.3132 0.9684 0.0355, 0.3299 0.9684 0.0424, 0.3442 0.9684 0.0534, 0.3552 0.9684 0.0678, 0.3621 0.9684 0.0845, 0.3645 0.9684 0.1024, 0.3621 0.9684 0.1203, 0.3552 0.9684 0.137, 0.3442 0.9684 0.1513, 0.3299 0.9684 0.1623, 0.3132 0.9684 0.1692, 0.2953 0.9684 0.1716, 0.2774 0.9684 0.1692, 0.2607 0.9684 0.1623, 0.2463 0.9684 0.1513, 0.2353 0.9684 0.137, 0.2284 0.9684 0.1203, 0.2261 0.9684 0.1024, 0.2284 0.9684 0.0845, 0.2353 0.9684 0.0678, 0.2463 0.9684 0.0534, 0.2607 0.9684 0.0424, 0.2774 0.9684 0.0355, 0.2953 0.9684 0.0332, 0.3116 0.975 0.0416, 0.3267 0.975 0.0479, 0.3398 0.975 0.0579, 0.3498 0.975 0.0709, 0.3561 0.975 0.0861, 0.3582 0.975 0.1024, 0.3561 0.975 0.1186, 0.3498 0.975 0.1338, 0.3398 0.975 0.1469, 0.3267 0.975 0.1569, 0.3116 0.975 0.1631, 0.2953 0.975 0.1653, 0.279 0.975 0.1631, 0.2638 0.975 0.1569, 0.2508 0.975 0.1469, 0.2408 0.975 0.1338, 0.2345 0.975 0.1186, 0.2323 0.975 0.1024, 0.2345 0.975 0.0861, 0.2408 0.975 0.0709, 0.2508 0.975 0.0579, 0.2638 0.975 0.0479, 0.279 0.975 0.0416, 0.2953 0.975 0.0394, 0.3096 0.9801 0.049, 0.3229 0.9801 0.0545, 0.3344 0.9801 0.0633, 0.3432 0.9801 0.0747, 0.3487 0.9801 0.0881, 0.3506 0.9801 0.1024, 0.3487 0.9801 0.1167, 0.3432 0.9801 0.13, 0.3344 0.9801 0.1415, 0.3229 0.9801 0.1502, 0.3096 0.9801 0.1558, 0.2953 0.9801 0.1577, 0.281 0.9801 0.1558, 0.2676 0.9801 0.1502, 0.2562 0.9801 0.1415, 0.2474 0.9801 0.13, 0.2419 0.9801 0.1167, 0.24 0.9801 0.1024, 0.2419 0.9801 0.0881, 0.2474 0.9801 0.0747, 0.2562 0.9801 0.0633, 0.2676 0.9801 0.0545, 0.281 0.9801 0.049, 0.2953 0.9801 0.0471, 0.3074 0.9832 0.0573, 0.3186 0.9832 0.0619, 0.3283 0.9832 0.0693, 0.3357 0.9832 0.079, 0.3404 0.9832 0.0903, 0.342 0.9832 0.1024, 0.3404 0.9832 0.1144, 0.3357 0.9832 0.1257, 0.3283 0.9832 0.1354, 0.3186 0.9832 0.1428, 0.3074 0.9832 0.1475, 0.2953 0.9832 0.1491, 0.2832 0.9832 0.1475, 0.2719 0.9832 0.1428, 0.2623 0.9832 0.1354, 0.2548 0.9832 0.1257, 0.2502 0.9832 0.1144, 0.2486 0.9832 0.1024, 0.2502 0.9832 0.0903, 0.2548 0.9832 0.079, 0.2623 0.9832 0.0693, 0.2719 0.9832 0.0619, 0.2832 0.9832 0.0573, 0.2953 0.9832 0.0557, -0.2832 -1.18 0.8486, -0.2719 -1.18 0.8533, -0.2623 -1.18 0.8607, -0.2548 -1.18 0.8704, -0.2502 -1.18 0.8816, -0.2486 -1.18 0.8937, -0.2502 -1.18 0.9058, -0.2548 -1.18 0.9171, -0.2623 -1.18 0.9267, -0.2719 -1.18 0.9341, -0.2832 -1.18 0.9388, -0.2953 -1.18 0.9404, -0.3074 -1.18 0.9388, -0.3186 -1.18 0.9341, -0.3283 -1.18 0.9267, -0.3357 -1.18 0.9171, -0.3404 -1.18 0.9058, -0.342 -1.18 0.8937, -0.3404 -1.18 0.8816, -0.3357 -1.18 0.8704, -0.3283 -1.18 0.8607, -0.3186 -1.18 0.8533, -0.3074 -1.18 0.8486, -0.2953 -1.18 0.847, -0.281 -1.1769 0.8403, -0.2676 -1.1769 0.8458, -0.2562 -1.1769 0.8546, -0.2474 -1.1769 0.8661, -0.2419 -1.1769 0.8794, -0.24 -1.1769 0.8937, -0.2419 -1.1769 0.908, -0.2474 -1.1769 0.9213, -0.2562 -1.1769 0.9328, -0.2676 -1.1769 0.9416, -0.281 -1.1769 0.9471, -0.2953 -1.1769 0.949, -0.3096 -1.1769 0.9471, -0.3229 -1.1769 0.9416, -0.3344 -1.1769 0.9328, -0.3432 -1.1769 0.9213, -0.3487 -1.1769 0.908, -0.3506 -1.1769 0.8937, -0.3487 -1.1769 0.8794, -0.3432 -1.1769 0.8661, -0.3344 -1.1769 0.8546, -0.3229 -1.1769 0.8458, -0.3096 -1.1769 0.8403, -0.2953 -1.1769 0.8384, -0.279 -1.1719 0.8329, -0.2638 -1.1719 0.8392, -0.2508 -1.1719 0.8492, -0.2408 -1.1719 0.8622, -0.2345 -1.1719 0.8774, -0.2323 -1.1719 0.8937, -0.2345 -1.1719 0.91, -0.2408 -1.1719 0.9252, -0.2508 -1.1719 0.9382, -0.2638 -1.1719 0.9482, -0.279 -1.1719 0.9545, -0.2953 -1.1719 0.9566, -0.3116 -1.1719 0.9545, -0.3267 -1.1719 0.9482, -0.3398 -1.1719 0.9382, -0.3498 -1.1719 0.9252, -0.3561 -1.1719 0.91, -0.3582 -1.1719 0.8937, -0.3561 -1.1719 0.8774, -0.3498 -1.1719 0.8622, -0.3398 -1.1719 0.8492, -0.3267 -1.1719 0.8392, -0.3116 -1.1719 0.8329, -0.2953 -1.1719 0.8308, -0.2774 -1.1652 0.8269, -0.2607 -1.1652 0.8338, -0.2463 -1.1652 0.8448, -0.2353 -1.1652 0.8591, -0.2284 -1.1652 0.8758, -0.2261 -1.1652 0.8937, -0.2284 -1.1652 0.9116, -0.2353 -1.1652 0.9283, -0.2463 -1.1652 0.9426, -0.2607 -1.1652 0.9536, -0.2774 -1.1652 0.9605, -0.2953 -1.1652 0.9629, -0.3132 -1.1652 0.9605, -0.3299 -1.1652 0.9536, -0.3442 -1.1652 0.9426, -0.3552 -1.1652 0.9283, -0.3621 -1.1652 0.9116, -0.3645 -1.1652 0.8937, -0.3621 -1.1652 0.8758, -0.3552 -1.1652 0.8591, -0.3442 -1.1652 0.8448, -0.3299 -1.1652 0.8338, -0.3132 -1.1652 0.8269, -0.2953 -1.1652 0.8245, -0.2762 -1.1573 0.8224, -0.2584 -1.1573 0.8298, -0.2431 -1.1573 0.8415, -0.2314 -1.1573 0.8568, -0.224 -1.1573 0.8746, -0.2215 -1.1573 0.8937, -0.224 -1.1573 0.9128, -0.2314 -1.1573 0.9306, -0.2431 -1.1573 0.9459, -0.2584 -1.1573 0.9576, -0.2762 -1.1573 0.965, -0.2953 -1.1573 0.9675, -0.3144 -1.1573 0.965, -0.3322 -1.1573 0.9576, -0.3474 -1.1573 0.9459, -0.3592 -1.1573 0.9306, -0.3665 -1.1573 0.9128, -0.369 -1.1573 0.8937, -0.3665 -1.1573 0.8746, -0.3592 -1.1573 0.8568, -0.3474 -1.1573 0.8415, -0.3322 -1.1573 0.8298, -0.3144 -1.1573 0.8224, -0.2953 -1.1573 0.8199, -0.2762 0.9605 0.0311, -0.2584 0.9605 0.0385, -0.2431 0.9605 0.0502, -0.2314 0.9605 0.0655, -0.224 0.9605 0.0833, -0.2215 0.9605 0.1024, -0.224 0.9605 0.1215, -0.2314 0.9605 0.1392, -0.2431 0.9605 0.1545, -0.2584 0.9605 0.1663, -0.2762 0.9605 0.1736, -0.2953 0.9605 0.1761, -0.3144 0.9605 0.1736, -0.3322 0.9605 0.1663, -0.3474 0.9605 0.1545, -0.3592 0.9605 0.1392, -0.3665 0.9605 0.1215, -0.369 0.9605 0.1024, -0.3665 0.9605 0.0833, -0.3592 0.9605 0.0655, -0.3474 0.9605 0.0502, -0.3322 0.9605 0.0385, -0.3144 0.9605 0.0311, -0.2953 0.9605 0.0286, -0.2774 0.9684 0.0355, -0.2607 0.9684 0.0424, -0.2463 0.9684 0.0534, -0.2353 0.9684 0.0678, -0.2284 0.9684 0.0845, -0.2261 0.9684 0.1024, -0.2284 0.9684 0.1203, -0.2353 0.9684 0.137, -0.2463 0.9684 0.1513, -0.2607 0.9684 0.1623, -0.2774 0.9684 0.1692, -0.2953 0.9684 0.1716, -0.3132 0.9684 0.1692, -0.3299 0.9684 0.1623, -0.3442 0.9684 0.1513, -0.3552 0.9684 0.137, -0.3621 0.9684 0.1203, -0.3645 0.9684 0.1024, -0.3621 0.9684 0.0845, -0.3552 0.9684 0.0678, -0.3442 0.9684 0.0534, -0.3299 0.9684 0.0424, -0.3132 0.9684 0.0355, -0.2953 0.9684 0.0332, -0.279 0.975 0.0416, -0.2638 0.975 0.0479, -0.2508 0.975 0.0579, -0.2408 0.975 0.0709, -0.2345 0.975 0.0861, -0.2323 0.975 0.1024, -0.2345 0.975 0.1186, -0.2408 0.975 0.1338, -0.2508 0.975 0.1469, -0.2638 0.975 0.1569, -0.279 0.975 0.1631, -0.2953 0.975 0.1653, -0.3116 0.975 0.1631, -0.3267 0.975 0.1569, -0.3398 0.975 0.1469, -0.3498 0.975 0.1338, -0.3561 0.975 0.1186, -0.3582 0.975 0.1024, -0.3561 0.975 0.0861, -0.3498 0.975 0.0709, -0.3398 0.975 0.0579, -0.3267 0.975 0.0479, -0.3116 0.975 0.0416, -0.2953 0.975 0.0394, -0.281 0.9801 0.049, -0.2676 0.9801 0.0545, -0.2562 0.9801 0.0633, -0.2474 0.9801 0.0747, -0.2419 0.9801 0.0881, -0.24 0.9801 0.1024, -0.2419 0.9801 0.1167, -0.2474 0.9801 0.13, -0.2562 0.9801 0.1415, -0.2676 0.9801 0.1502, -0.281 0.9801 0.1558, -0.2953 0.9801 0.1577, -0.3096 0.9801 0.1558, -0.3229 0.9801 0.1502, -0.3344 0.9801 0.1415, -0.3432 0.9801 0.13, -0.3487 0.9801 0.1167, -0.3506 0.9801 0.1024, -0.3487 0.9801 0.0881, -0.3432 0.9801 0.0747, -0.3344 0.9801 0.0633, -0.3229 0.9801 0.0545, -0.3096 0.9801 0.049, -0.2953 0.9801 0.0471, -0.2832 0.9832 0.0573, -0.2719 0.9832 0.0619, -0.2623 0.9832 0.0693, -0.2548 0.9832 0.079, -0.2502 0.9832 0.0903, -0.2486 0.9832 0.1024, -0.2502 0.9832 0.1144, -0.2548 0.9832 0.1257, -0.2623 0.9832 0.1354, -0.2719 0.9832 0.1428, -0.2832 0.9832 0.1475, -0.2953 0.9832 0.1491, -0.3074 0.9832 0.1475, -0.3186 0.9832 0.1428, -0.3283 0.9832 0.1354, -0.3357 0.9832 0.1257, -0.3404 0.9832 0.1144, -0.342 0.9832 0.1024, -0.3404 0.9832 0.0903, -0.3357 0.9832 0.079, -0.3283 0.9832 0.0693, -0.3186 0.9832 0.0619, -0.3074 0.9832 0.0573, -0.2953 0.9832 0.0557, -0.8737 -1.18 0.8486, -0.8625 -1.18 0.8533, -0.8528 -1.18 0.8607, -0.8454 -1.18 0.8704, -0.8407 -1.18 0.8816, -0.8391 -1.18 0.8937, -0.8407 -1.18 0.9058, -0.8454 -1.18 0.9171, -0.8528 -1.18 0.9267, -0.8625 -1.18 0.9341, -0.8737 -1.18 0.9388, -0.8858 -1.18 0.9404, -0.8979 -1.18 0.9388, -0.9092 -1.18 0.9341, -0.9188 -1.18 0.9267, -0.9263 -1.18 0.9171, -0.9309 -1.18 0.9058, -0.9325 -1.18 0.8937, -0.9309 -1.18 0.8816, -0.9263 -1.18 0.8704, -0.9188 -1.18 0.8607, -0.9092 -1.18 0.8533, -0.8979 -1.18 0.8486, -0.8858 -1.18 0.847, -0.8715 -1.1769 0.8403, -0.8582 -1.1769 0.8458, -0.8467 -1.1769 0.8546, -0.8379 -1.1769 0.8661, -0.8324 -1.1769 0.8794, -0.8305 -1.1769 0.8937, -0.8324 -1.1769 0.908, -0.8379 -1.1769 0.9213, -0.8467 -1.1769 0.9328, -0.8582 -1.1769 0.9416, -0.8715 -1.1769 0.9471, -0.8858 -1.1769 0.949, -0.9001 -1.1769 0.9471, -0.9135 -1.1769 0.9416, -0.9249 -1.1769 0.9328, -0.9337 -1.1769 0.9213, -0.9392 -1.1769 0.908, -0.9411 -1.1769 0.8937, -0.9392 -1.1769 0.8794, -0.9337 -1.1769 0.8661, -0.9249 -1.1769 0.8546, -0.9135 -1.1769 0.8458, -0.9001 -1.1769 0.8403, -0.8858 -1.1769 0.8384, -0.8695 -1.1719 0.8329, -0.8544 -1.1719 0.8392, -0.8413 -1.1719 0.8492, -0.8313 -1.1719 0.8622, -0.825 -1.1719 0.8774, -0.8229 -1.1719 0.8937, -0.825 -1.1719 0.91, -0.8313 -1.1719 0.9252, -0.8413 -1.1719 0.9382, -0.8544 -1.1719 0.9482, -0.8695 -1.1719 0.9545, -0.8858 -1.1719 0.9566, -0.9021 -1.1719 0.9545, -0.9173 -1.1719 0.9482, -0.9303 -1.1719 0.9382, -0.9403 -1.1719 0.9252, -0.9466 -1.1719 0.91, -0.9488 -1.1719 0.8937, -0.9466 -1.1719 0.8774, -0.9403 -1.1719 0.8622, -0.9303 -1.1719 0.8492, -0.9173 -1.1719 0.8392, -0.9021 -1.1719 0.8329, -0.8858 -1.1719 0.8308, -0.8679 -1.1652 0.8269, -0.8512 -1.1652 0.8338, -0.8369 -1.1652 0.8448, -0.8259 -1.1652 0.8591, -0.819 -1.1652 0.8758, -0.8166 -1.1652 0.8937, -0.819 -1.1652 0.9116, -0.8259 -1.1652 0.9283, -0.8369 -1.1652 0.9426, -0.8512 -1.1652 0.9536, -0.8679 -1.1652 0.9605, -0.8858 -1.1652 0.9629, -0.9037 -1.1652 0.9605, -0.9204 -1.1652 0.9536, -0.9348 -1.1652 0.9426, -0.9458 -1.1652 0.9283, -0.9527 -1.1652 0.9116, -0.955 -1.1652 0.8937, -0.9527 -1.1652 0.8758, -0.9458 -1.1652 0.8591, -0.9348 -1.1652 0.8448, -0.9204 -1.1652 0.8338, -0.9037 -1.1652 0.8269, -0.8858 -1.1652 0.8245, -0.8667 -1.1573 0.8224, -0.8489 -1.1573 0.8298, -0.8337 -1.1573 0.8415, -0.8219 -1.1573 0.8568, -0.8146 -1.1573 0.8746, -0.8121 -1.1573 0.8937, -0.8146 -1.1573 0.9128, -0.8219 -1.1573 0.9306, -0.8337 -1.1573 0.9459, -0.8489 -1.1573 0.9576, -0.8667 -1.1573 0.965, -0.8858 -1.1573 0.9675, -0.9049 -1.1573 0.965, -0.9227 -1.1573 0.9576, -0.938 -1.1573 0.9459, -0.9497 -1.1573 0.9306, -0.9571 -1.1573 0.9128, -0.9596 -1.1573 0.8937, -0.9571 -1.1573 0.8746, -0.9497 -1.1573 0.8568, -0.938 -1.1573 0.8415, -0.9227 -1.1573 0.8298, -0.9049 -1.1573 0.8224, -0.8858 -1.1573 0.8199, -0.8667 0.9605 0.0311, -0.8489 0.9605 0.0385, -0.8337 0.9605 0.0502, -0.8219 0.9605 0.0655, -0.8146 0.9605 0.0833, -0.8121 0.9605 0.1024, -0.8146 0.9605 0.1215, -0.8219 0.9605 0.1392, -0.8337 0.9605 0.1545, -0.8489 0.9605 0.1663, -0.8667 0.9605 0.1736, -0.8858 0.9605 0.1761, -0.9049 0.9605 0.1736, -0.9227 0.9605 0.1663, -0.938 0.9605 0.1545, -0.9497 0.9605 0.1392, -0.9571 0.9605 0.1215, -0.9596 0.9605 0.1024, -0.9571 0.9605 0.0833, -0.9497 0.9605 0.0655, -0.938 0.9605 0.0502, -0.9227 0.9605 0.0385, -0.9049 0.9605 0.0311, -0.8858 0.9605 0.0286, -0.8679 0.9684 0.0355, -0.8512 0.9684 0.0424, -0.8369 0.9684 0.0534, -0.8259 0.9684 0.0678, -0.819 0.9684 0.0845, -0.8166 0.9684 0.1024, -0.819 0.9684 0.1203, -0.8259 0.9684 0.137, -0.8369 0.9684 0.1513, -0.8512 0.9684 0.1623, -0.8679 0.9684 0.1692, -0.8858 0.9684 0.1716, -0.9037 0.9684 0.1692, -0.9204 0.9684 0.1623, -0.9348 0.9684 0.1513, -0.9458 0.9684 0.137, -0.9527 0.9684 0.1203, -0.955 0.9684 0.1024, -0.9527 0.9684 0.0845, -0.9458 0.9684 0.0678, -0.9348 0.9684 0.0534, -0.9204 0.9684 0.0424, -0.9037 0.9684 0.0355, -0.8858 0.9684 0.0332, -0.8695 0.975 0.0416, -0.8544 0.975 0.0479, -0.8413 0.975 0.0579, -0.8313 0.975 0.0709, -0.825 0.975 0.0861, -0.8229 0.975 0.1024, -0.825 0.975 0.1186, -0.8313 0.975 0.1338, -0.8413 0.975 0.1469, -0.8544 0.975 0.1569, -0.8695 0.975 0.1631, -0.8858 0.975 0.1653, -0.9021 0.975 0.1631, -0.9173 0.975 0.1569, -0.9303 0.975 0.1469, -0.9403 0.975 0.1338, -0.9466 0.975 0.1186, -0.9488 0.975 0.1024, -0.9466 0.975 0.0861, -0.9403 0.975 0.0709, -0.9303 0.975 0.0579, -0.9173 0.975 0.0479, -0.9021 0.975 0.0416, -0.8858 0.975 0.0394, -0.8715 0.9801 0.049, -0.8582 0.9801 0.0545, -0.8467 0.9801 0.0633, -0.8379 0.9801 0.0747, -0.8324 0.9801 0.0881, -0.8305 0.9801 0.1024, -0.8324 0.9801 0.1167, -0.8379 0.9801 0.13, -0.8467 0.9801 0.1415, -0.8582 0.9801 0.1502, -0.8715 0.9801 0.1558, -0.8858 0.9801 0.1577, -0.9001 0.9801 0.1558, -0.9135 0.9801 0.1502, -0.9249 0.9801 0.1415, -0.9337 0.9801 0.13, -0.9392 0.9801 0.1167, -0.9411 0.9801 0.1024, -0.9392 0.9801 0.0881, -0.9337 0.9801 0.0747, -0.9249 0.9801 0.0633, -0.9135 0.9801 0.0545, -0.9001 0.9801 0.049, -0.8858 0.9801 0.0471, -0.8737 0.9832 0.0573, -0.8625 0.9832 0.0619, -0.8528 0.9832 0.0693, -0.8454 0.9832 0.079, -0.8407 0.9832 0.0903, -0.8391 0.9832 0.1024, -0.8407 0.9832 0.1144, -0.8454 0.9832 0.1257, -0.8528 0.9832 0.1354, -0.8625 0.9832 0.1428, -0.8737 0.9832 0.1475, -0.8858 0.9832 0.1491, -0.8979 0.9832 0.1475, -0.9092 0.9832 0.1428, -0.9188 0.9832 0.1354, -0.9263 0.9832 0.1257, -0.9309 0.9832 0.1144, -0.9325 0.9832 0.1024, -0.9309 0.9832 0.0903, -0.9263 0.9832 0.079, -0.9188 0.9832 0.0693, -0.9092 0.9832 0.0619, -0.8979 0.9832 0.0573, -0.8858 0.9832 0.0557
            ]
        }
        coordIndex [
            0,1,2,-1,2,1,3,-1,2,3,4,-1,4,3,5,-1,4,5,6,-1,6,5,7,-1,6,7,8,-1,8,7,9,-1,8,9,10,-1,10,9,11,-1,10,11,12,-1,12,11,13,-1,12,13,14,-1,14,13,15,-1,14,15,16,-1,16,15,17,-1,16,17,18,-1,18,17,19,-1,18,19,20,-1,20,19,21,-1,20,21,22,-1,22,21,23,-1,22,23,24,-1,24,23,25,-1,24,25,26,-1,26,25,27,-1,26,27,28,-1,28,27,29,-1,28,29,30,-1,30,29,31,-1,30,31,32,-1,32,31,33,-1,32,33,34,-1,34,33,35,-1,34,35,36,-1,36,35,37,-1,36,37,38,-1,38,37,39,-1,38,39,40,-1,40,39,41,-1,40,41,42,-1,42,41,43,-1,42,43,44,-1,44,43,45,-1,44,45,46,-1,46,45,47,-1,46,47,0,-1,0,47,1,-1,23,48,25,-1,25,48,49,-1,25,49,27,-1,27,49,50,-1,27,50,29,-1,29,50,51,-1,29,51,31,-1,31,51,52,-1,31,52,33,-1,33,52,53,-1,33,53,35,-1,35,53,54,-1,35,54,37,-1,37,54,55,-1,37,55,39,-1,39,55,56,-1,39,56,41,-1,41,56,57,-1,41,57,43,-1,43,57,58,-1,43,58,45,-1,45,58,59,-1,45,59,47,-1,47,59,60,-1,47,60,1,-1,1,60,61,-1,1,61,3,-1,3,61,62,-1,3,62,5,-1,5,62,63,-1,5,63,7,-1,7,63,64,-1,7,64,9,-1,9,64,65,-1,9,65,11,-1,11,65,66,-1,11,66,13,-1,13,66,67,-1,13,67,15,-1,15,67,68,-1,15,68,17,-1,17,68,69,-1,17,69,19,-1,19,69,70,-1,19,70,21,-1,21,70,71,-1,21,71,23,-1,23,71,48,-1,48,72,49,-1,49,72,73,-1,49,73,50,-1,50,73,74,-1,50,74,51,-1,51,74,75,-1,51,75,52,-1,52,75,76,-1,52,76,53,-1,53,76,77,-1,53,77,54,-1,54,77,78,-1,54,78,55,-1,55,78,79,-1,55,79,56,-1,56,79,80,-1,56,80,57,-1,57,80,81,-1,57,81,58,-1,58,81,82,-1,58,82,59,-1,59,82,83,-1,59,83,60,-1,60,83,84,-1,60,84,61,-1,61,84,85,-1,61,85,62,-1,62,85,86,-1,62,86,63,-1,63,86,87,-1,63,87,64,-1,64,87,88,-1,64,88,65,-1,65,88,89,-1,65,89,66,-1,66,89,90,-1,66,90,67,-1,67,90,91,-1,67,91,68,-1,68,91,92,-1,68,92,69,-1,69,92,93,-1,69,93,70,-1,70,93,94,-1,70,94,71,-1,71,94,95,-1,71,95,48,-1,48,95,72,-1,72,96,73,-1,73,96,97,-1,73,97,74,-1,74,97,98,-1,74,98,75,-1,75,98,99,-1,75,99,76,-1,76,99,100,-1,76,100,77,-1,77,100,101,-1,77,101,78,-1,78,101,102,-1,78,102,79,-1,79,102,103,-1,79,103,80,-1,80,103,104,-1,80,104,81,-1,81,104,105,-1,81,105,82,-1,82,105,106,-1,82,106,83,-1,83,106,107,-1,83,107,84,-1,84,107,108,-1,84,108,85,-1,85,108,109,-1,85,109,86,-1,86,109,110,-1,86,110,87,-1,87,110,111,-1,87,111,88,-1,88,111,112,-1,88,112,89,-1,89,112,113,-1,89,113,90,-1,90,113,114,-1,90,114,91,-1,91,114,115,-1,91,115,92,-1,92,115,116,-1,92,116,93,-1,93,116,117,-1,93,117,94,-1,94,117,118,-1,94,118,95,-1,95,118,119,-1,95,119,72,-1,72,119,96,-1,96,120,97,-1,97,120,121,-1,97,121,98,-1,98,121,122,-1,98,122,99,-1,99,122,123,-1,99,123,100,-1,100,123,124,-1,100,124,101,-1,101,124,125,-1,101,125,102,-1,102,125,126,-1,102,126,103,-1,103,126,127,-1,103,127,104,-1,104,127,128,-1,104,128,105,-1,105,128,129,-1,105,129,106,-1,106,129,130,-1,106,130,107,-1,107,130,131,-1,107,131,108,-1,108,131,132,-1,108,132,109,-1,109,132,133,-1,109,133,110,-1,110,133,134,-1,110,134,111,-1,111,134,135,-1,111,135,112,-1,112,135,136,-1,112,136,113,-1,113,136,137,-1,113,137,114,-1,114,137,138,-1,114,138,115,-1,115,138,139,-1,115,139,116,-1,116,139,140,-1,116,140,117,-1,117,140,141,-1,117,141,118,-1,118,141,142,-1,118,142,119,-1,119,142,143,-1,119,143,96,-1,96,143,120,-1,120,144,121,-1,121,144,145,-1,121,145,122,-1,122,145,146,-1,122,146,123,-1,123,146,147,-1,123,147,124,-1,124,147,148,-1,124,148,125,-1,125,148,149,-1,125,149,126,-1,126,149,150,-1,126,150,127,-1,127,150,151,-1,127,151,128,-1,128,151,152,-1,128,152,129,-1,129,152,153,-1,129,153,130,-1,130,153,154,-1,130,154,131,-1,131,154,155,-1,131,155,132,-1,132,155,156,-1,132,156,133,-1,133,156,157,-1,133,157,134,-1,134,157,158,-1,134,158,135,-1,135,158,159,-1,135,159,136,-1,136,159,160,-1,136,160,137,-1,137,160,161,-1,137,161,138,-1,138,161,162,-1,138,162,139,-1,139,162,163,-1,139,163,140,-1,140,163,164,-1,140,164,141,-1,141,164,165,-1,141,165,142,-1,142,165,166,-1,142,166,143,-1,143,166,167,-1,143,167,120,-1,120,167,144,-1,144,168,145,-1,145,168,169,-1,145,169,146,-1,146,169,170,-1,146,170,147,-1,147,170,171,-1,147,171,148,-1,148,171,172,-1,148,172,149,-1,149,172,173,-1,149,173,150,-1,150,173,174,-1,150,174,151,-1,151,174,175,-1,151,175,152,-1,152,175,176,-1,152,176,153,-1,153,176,177,-1,153,177,154,-1,154,177,178,-1,154,178,155,-1,155,178,179,-1,155,179,156,-1,156,179,180,-1,156,180,157,-1,157,180,181,-1,157,181,158,-1,158,181,182,-1,158,182,159,-1,159,182,183,-1,159,183,160,-1,160,183,184,-1,160,184,161,-1,161,184,185,-1,161,185,162,-1,162,185,186,-1,162,186,163,-1,163,186,187,-1,163,187,164,-1,164,187,188,-1,164,188,165,-1,165,188,189,-1,165,189,166,-1,166,189,190,-1,166,190,167,-1,167,190,191,-1,167,191,144,-1,144,191,168,-1,168,192,169,-1,169,192,193,-1,169,193,170,-1,170,193,194,-1,170,194,171,-1,171,194,195,-1,171,195,172,-1,172,195,196,-1,172,196,173,-1,173,196,197,-1,173,197,174,-1,174,197,198,-1,174,198,175,-1,175,198,199,-1,175,199,176,-1,176,199,200,-1,176,200,177,-1,177,200,201,-1,177,201,178,-1,178,201,202,-1,178,202,179,-1,179,202,203,-1,179,203,180,-1,180,203,204,-1,180,204,181,-1,181,204,205,-1,181,205,182,-1,182,205,206,-1,182,206,183,-1,183,206,207,-1,183,207,184,-1,184,207,208,-1,184,208,185,-1,185,208,209,-1,185,209,186,-1,186,209,210,-1,186,210,187,-1,187,210,211,-1,187,211,188,-1,188,211,212,-1,188,212,189,-1,189,212,213,-1,189,213,190,-1,190,213,214,-1,190,214,191,-1,191,214,215,-1,191,215,168,-1,168,215,192,-1,204,216,205,-1,205,216,217,-1,205,217,206,-1,206,217,218,-1,206,218,207,-1,207,218,219,-1,207,219,208,-1,208,219,220,-1,208,220,209,-1,209,220,221,-1,209,221,210,-1,210,221,222,-1,210,222,211,-1,211,222,223,-1,211,223,212,-1,212,223,224,-1,212,224,213,-1,213,224,225,-1,213,225,214,-1,214,225,226,-1,214,226,215,-1,215,226,227,-1,215,227,192,-1,192,227,228,-1,192,228,193,-1,193,228,229,-1,193,229,194,-1,194,229,230,-1,194,230,195,-1,195,230,231,-1,195,231,196,-1,196,231,232,-1,196,232,197,-1,197,232,233,-1,197,233,198,-1,198,233,234,-1,198,234,199,-1,199,234,235,-1,199,235,200,-1,200,235,236,-1,200,236,201,-1,201,236,237,-1,201,237,202,-1,202,237,238,-1,202,238,203,-1,203,238,239,-1,203,239,204,-1,204,239,216,-1,240,241,242,-1,242,241,243,-1,242,243,244,-1,245,246,242,-1,242,246,247,-1,242,247,240,-1,248,249,242,-1,242,249,250,-1,242,250,245,-1,251,252,242,-1,242,252,253,-1,242,253,248,-1,254,255,242,-1,242,255,256,-1,242,256,251,-1,257,258,242,-1,242,258,259,-1,242,259,254,-1,260,261,242,-1,242,261,262,-1,242,262,257,-1,244,263,242,-1,242,263,264,-1,242,264,260,-1,265,266,267,-1,268,269,270,-1,271,272,273,-1,274,275,276,-1,276,275,273,-1,276,273,277,-1,277,273,272,-1,278,279,280,-1,278,280,281,-1,281,280,282,-1,281,282,283,-1,279,278,284,-1,284,278,285,-1,284,285,286,-1,287,288,285,-1,285,288,289,-1,285,289,286,-1,290,291,292,-1,290,292,293,-1,294,295,296,-1,296,295,297,-1,298,299,297,-1,297,299,300,-1,297,300,296,-1,301,302,303,-1,302,301,304,-1,304,301,305,-1,304,305,306,-1,307,308,309,-1,307,309,310,-1,310,309,311,-1,310,311,312,-1,308,307,313,-1,313,307,314,-1,313,314,315,-1,315,314,316,-1,316,314,317,-1,316,317,318,-1,319,320,317,-1,317,320,321,-1,317,321,318,-1,322,323,319,-1,319,323,324,-1,319,324,320,-1,325,326,327,-1,327,326,328,-1,327,328,322,-1,322,328,329,-1,322,329,323,-1,325,327,330,-1,330,327,331,-1,330,331,332,-1,332,331,333,-1,333,331,334,-1,333,334,335,-1,335,334,336,-1,336,334,337,-1,336,337,338,-1,339,340,341,-1,341,340,342,-1,341,342,337,-1,337,342,343,-1,337,343,338,-1,270,269,341,-1,341,269,344,-1,341,344,339,-1,268,270,345,-1,345,270,346,-1,345,346,347,-1,348,349,346,-1,346,349,350,-1,346,350,347,-1,266,351,267,-1,267,351,352,-1,267,352,348,-1,348,352,353,-1,348,353,349,-1,354,355,356,-1,357,358,355,-1,355,358,359,-1,355,359,356,-1,312,306,310,-1,310,306,305,-1,310,305,307,-1,307,305,360,-1,307,360,314,-1,314,360,361,-1,314,361,317,-1,317,361,362,-1,317,362,319,-1,319,362,363,-1,319,363,322,-1,322,363,364,-1,322,364,327,-1,327,364,365,-1,327,365,331,-1,331,365,366,-1,331,366,334,-1,334,366,367,-1,334,367,337,-1,337,367,368,-1,337,368,341,-1,341,368,369,-1,341,369,270,-1,270,369,370,-1,270,370,346,-1,346,370,371,-1,346,371,348,-1,348,371,372,-1,348,372,267,-1,267,372,354,-1,267,354,265,-1,265,354,356,-1,303,299,301,-1,301,299,298,-1,301,298,305,-1,305,298,373,-1,305,373,360,-1,360,373,374,-1,360,374,361,-1,361,374,375,-1,361,375,362,-1,362,375,376,-1,362,376,363,-1,363,376,377,-1,363,377,364,-1,364,377,378,-1,364,378,365,-1,365,378,379,-1,365,379,366,-1,366,379,380,-1,366,380,367,-1,367,380,381,-1,367,381,368,-1,368,381,382,-1,368,382,369,-1,369,382,383,-1,369,383,370,-1,370,383,384,-1,370,384,371,-1,371,384,385,-1,371,385,372,-1,372,385,386,-1,372,386,354,-1,354,386,387,-1,354,387,355,-1,355,387,388,-1,355,388,357,-1,357,388,275,-1,357,275,389,-1,389,275,274,-1,294,293,295,-1,295,293,292,-1,295,292,297,-1,297,292,390,-1,297,390,298,-1,298,390,391,-1,298,391,373,-1,373,391,392,-1,373,392,374,-1,374,392,393,-1,374,393,375,-1,375,393,394,-1,375,394,376,-1,376,394,395,-1,376,395,377,-1,377,395,396,-1,377,396,378,-1,378,396,397,-1,378,397,379,-1,379,397,398,-1,379,398,380,-1,380,398,399,-1,380,399,381,-1,381,399,400,-1,381,400,382,-1,382,400,401,-1,382,401,383,-1,383,401,402,-1,383,402,384,-1,384,402,403,-1,384,403,385,-1,385,403,404,-1,385,404,386,-1,386,404,405,-1,386,405,387,-1,387,405,406,-1,387,406,388,-1,388,406,407,-1,388,407,275,-1,275,407,408,-1,275,408,273,-1,273,408,409,-1,273,409,271,-1,271,409,410,-1,291,288,292,-1,292,288,287,-1,292,287,390,-1,390,287,411,-1,390,411,391,-1,391,411,412,-1,391,412,392,-1,392,412,413,-1,392,413,393,-1,393,413,414,-1,393,414,394,-1,394,414,415,-1,394,415,395,-1,395,415,416,-1,395,416,396,-1,396,416,417,-1,396,417,397,-1,397,417,418,-1,397,418,398,-1,398,418,419,-1,398,419,399,-1,399,419,420,-1,399,420,400,-1,400,420,421,-1,400,421,401,-1,401,421,422,-1,401,422,402,-1,402,422,423,-1,402,423,403,-1,403,423,424,-1,403,424,404,-1,404,424,425,-1,404,425,405,-1,405,425,426,-1,405,426,406,-1,406,426,427,-1,406,427,407,-1,407,427,428,-1,407,428,408,-1,408,428,429,-1,408,429,409,-1,409,429,430,-1,409,430,410,-1,410,430,281,-1,410,281,431,-1,431,281,283,-1,278,0,285,-1,285,0,2,-1,285,2,287,-1,287,2,4,-1,287,4,411,-1,411,4,6,-1,411,6,412,-1,412,6,8,-1,412,8,413,-1,413,8,10,-1,413,10,414,-1,414,10,12,-1,414,12,415,-1,415,12,14,-1,415,14,416,-1,416,14,16,-1,416,16,417,-1,417,16,18,-1,417,18,418,-1,418,18,20,-1,418,20,419,-1,419,20,22,-1,419,22,420,-1,420,22,24,-1,420,24,421,-1,421,24,26,-1,421,26,422,-1,422,26,28,-1,422,28,423,-1,423,28,30,-1,423,30,424,-1,424,30,32,-1,424,32,425,-1,425,32,34,-1,425,34,426,-1,426,34,36,-1,426,36,427,-1,427,36,38,-1,427,38,428,-1,428,38,40,-1,428,40,429,-1,429,40,42,-1,429,42,430,-1,430,42,44,-1,430,44,281,-1,281,44,46,-1,281,46,278,-1,278,46,0,-1,432,433,434,-1,434,433,435,-1,434,435,436,-1,437,438,434,-1,434,438,439,-1,434,439,432,-1,440,441,434,-1,434,441,442,-1,434,442,437,-1,443,444,434,-1,434,444,445,-1,434,445,440,-1,446,447,434,-1,434,447,448,-1,434,448,443,-1,449,450,434,-1,434,450,451,-1,434,451,446,-1,452,453,434,-1,434,453,454,-1,434,454,449,-1,436,455,434,-1,434,455,456,-1,434,456,452,-1,457,458,459,-1,459,458,460,-1,459,460,461,-1,461,460,462,-1,461,462,463,-1,463,462,464,-1,463,464,465,-1,465,464,466,-1,465,466,467,-1,467,466,468,-1,467,468,469,-1,469,468,470,-1,469,470,471,-1,471,470,472,-1,471,472,473,-1,473,472,474,-1,473,474,475,-1,475,474,476,-1,475,476,477,-1,477,476,478,-1,477,478,479,-1,479,478,480,-1,479,480,481,-1,481,480,482,-1,481,482,483,-1,483,482,484,-1,483,484,485,-1,485,484,486,-1,485,486,487,-1,487,486,488,-1,487,488,489,-1,489,488,490,-1,489,490,491,-1,491,490,492,-1,491,492,493,-1,493,492,494,-1,493,494,495,-1,495,494,496,-1,495,496,497,-1,497,496,498,-1,497,498,499,-1,499,498,500,-1,499,500,501,-1,501,500,502,-1,501,502,503,-1,503,502,504,-1,503,504,457,-1,457,504,458,-1,505,506,507,-1,507,506,508,-1,507,508,509,-1,509,508,510,-1,509,510,511,-1,511,510,512,-1,511,512,513,-1,513,512,514,-1,513,514,515,-1,515,514,516,-1,515,516,517,-1,517,516,518,-1,517,518,519,-1,519,518,520,-1,519,520,521,-1,521,520,522,-1,521,522,523,-1,523,522,524,-1,523,524,525,-1,525,524,526,-1,525,526,527,-1,527,526,528,-1,527,528,529,-1,529,528,530,-1,529,530,531,-1,531,530,532,-1,531,532,533,-1,533,532,534,-1,533,534,535,-1,535,534,536,-1,535,536,537,-1,537,536,538,-1,537,538,539,-1,539,538,540,-1,539,540,541,-1,541,540,542,-1,541,542,543,-1,543,542,544,-1,543,544,545,-1,545,544,546,-1,545,546,547,-1,547,546,548,-1,547,548,549,-1,549,548,550,-1,549,550,551,-1,551,550,552,-1,551,552,505,-1,505,552,506,-1,528,553,530,-1,530,553,554,-1,530,554,532,-1,532,554,555,-1,532,555,534,-1,534,555,556,-1,534,556,536,-1,536,556,557,-1,536,557,538,-1,538,557,558,-1,538,558,540,-1,540,558,559,-1,540,559,542,-1,542,559,560,-1,542,560,544,-1,544,560,561,-1,544,561,546,-1,546,561,562,-1,546,562,548,-1,548,562,563,-1,548,563,550,-1,550,563,564,-1,550,564,552,-1,552,564,565,-1,552,565,506,-1,506,565,566,-1,506,566,508,-1,508,566,567,-1,508,567,510,-1,510,567,568,-1,510,568,512,-1,512,568,569,-1,512,569,514,-1,514,569,570,-1,514,570,516,-1,516,570,571,-1,516,571,518,-1,518,571,572,-1,518,572,520,-1,520,572,573,-1,520,573,522,-1,522,573,574,-1,522,574,524,-1,524,574,575,-1,524,575,526,-1,526,575,576,-1,526,576,528,-1,528,576,553,-1,553,577,554,-1,554,577,578,-1,554,578,555,-1,555,578,579,-1,555,579,556,-1,556,579,580,-1,556,580,557,-1,557,580,581,-1,557,581,558,-1,558,581,582,-1,558,582,559,-1,559,582,583,-1,559,583,560,-1,560,583,584,-1,560,584,561,-1,561,584,585,-1,561,585,562,-1,562,585,586,-1,562,586,563,-1,563,586,587,-1,563,587,564,-1,564,587,588,-1,564,588,565,-1,565,588,589,-1,565,589,566,-1,566,589,590,-1,566,590,567,-1,567,590,591,-1,567,591,568,-1,568,591,592,-1,568,592,569,-1,569,592,593,-1,569,593,570,-1,570,593,594,-1,570,594,571,-1,571,594,595,-1,571,595,572,-1,572,595,596,-1,572,596,573,-1,573,596,597,-1,573,597,574,-1,574,597,598,-1,574,598,575,-1,575,598,599,-1,575,599,576,-1,576,599,600,-1,576,600,553,-1,553,600,577,-1,577,601,578,-1,578,601,602,-1,578,602,579,-1,579,602,603,-1,579,603,580,-1,580,603,604,-1,580,604,581,-1,581,604,605,-1,581,605,582,-1,582,605,606,-1,582,606,583,-1,583,606,607,-1,583,607,584,-1,584,607,608,-1,584,608,585,-1,585,608,609,-1,585,609,586,-1,586,609,610,-1,586,610,587,-1,587,610,611,-1,587,611,588,-1,588,611,612,-1,588,612,589,-1,589,612,613,-1,589,613,590,-1,590,613,614,-1,590,614,591,-1,591,614,615,-1,591,615,592,-1,592,615,616,-1,592,616,593,-1,593,616,617,-1,593,617,594,-1,594,617,618,-1,594,618,595,-1,595,618,619,-1,595,619,596,-1,596,619,620,-1,596,620,597,-1,597,620,621,-1,597,621,598,-1,598,621,622,-1,598,622,599,-1,599,622,623,-1,599,623,600,-1,600,623,624,-1,600,624,577,-1,577,624,601,-1,601,625,602,-1,602,625,626,-1,602,626,603,-1,603,626,627,-1,603,627,604,-1,604,627,628,-1,604,628,605,-1,605,628,629,-1,605,629,606,-1,606,629,630,-1,606,630,607,-1,607,630,631,-1,607,631,608,-1,608,631,632,-1,608,632,609,-1,609,632,633,-1,609,633,610,-1,610,633,634,-1,610,634,611,-1,611,634,635,-1,611,635,612,-1,612,635,636,-1,612,636,613,-1,613,636,637,-1,613,637,614,-1,614,637,638,-1,614,638,615,-1,615,638,639,-1,615,639,616,-1,616,639,640,-1,616,640,617,-1,617,640,641,-1,617,641,618,-1,618,641,642,-1,618,642,619,-1,619,642,643,-1,619,643,620,-1,620,643,644,-1,620,644,621,-1,621,644,645,-1,621,645,622,-1,622,645,646,-1,622,646,623,-1,623,646,647,-1,623,647,624,-1,624,647,648,-1,624,648,601,-1,601,648,625,-1,625,649,626,-1,626,649,650,-1,626,650,627,-1,627,650,651,-1,627,651,628,-1,628,651,652,-1,628,652,629,-1,629,652,653,-1,629,653,630,-1,630,653,654,-1,630,654,631,-1,631,654,655,-1,631,655,632,-1,632,655,656,-1,632,656,633,-1,633,656,657,-1,633,657,634,-1,634,657,658,-1,634,658,635,-1,635,658,659,-1,635,659,636,-1,636,659,660,-1,636,660,637,-1,637,660,661,-1,637,661,638,-1,638,661,662,-1,638,662,639,-1,639,662,663,-1,639,663,640,-1,640,663,664,-1,640,664,641,-1,641,664,665,-1,641,665,642,-1,642,665,666,-1,642,666,643,-1,643,666,667,-1,643,667,644,-1,644,667,668,-1,644,668,645,-1,645,668,669,-1,645,669,646,-1,646,669,670,-1,646,670,647,-1,647,670,671,-1,647,671,648,-1,648,671,672,-1,648,672,625,-1,625,672,649,-1,649,673,650,-1,650,673,674,-1,650,674,651,-1,651,674,675,-1,651,675,652,-1,652,675,676,-1,652,676,653,-1,653,676,677,-1,653,677,654,-1,654,677,678,-1,654,678,655,-1,655,678,679,-1,655,679,656,-1,656,679,680,-1,656,680,657,-1,657,680,681,-1,657,681,658,-1,658,681,682,-1,658,682,659,-1,659,682,683,-1,659,683,660,-1,660,683,684,-1,660,684,661,-1,661,684,685,-1,661,685,662,-1,662,685,686,-1,662,686,663,-1,663,686,687,-1,663,687,664,-1,664,687,688,-1,664,688,665,-1,665,688,689,-1,665,689,666,-1,666,689,690,-1,666,690,667,-1,667,690,691,-1,667,691,668,-1,668,691,692,-1,668,692,669,-1,669,692,693,-1,669,693,670,-1,670,693,694,-1,670,694,671,-1,671,694,695,-1,671,695,672,-1,672,695,696,-1,672,696,649,-1,649,696,673,-1,673,697,674,-1,674,697,698,-1,674,698,675,-1,675,698,699,-1,675,699,676,-1,676,699,700,-1,676,700,677,-1,677,700,701,-1,677,701,678,-1,678,701,702,-1,678,702,679,-1,679,702,703,-1,679,703,680,-1,680,703,704,-1,680,704,681,-1,681,704,705,-1,681,705,682,-1,682,705,706,-1,682,706,683,-1,683,706,707,-1,683,707,684,-1,684,707,708,-1,684,708,685,-1,685,708,709,-1,685,709,686,-1,686,709,710,-1,686,710,687,-1,687,710,711,-1,687,711,688,-1,688,711,712,-1,688,712,689,-1,689,712,713,-1,689,713,690,-1,690,713,714,-1,690,714,691,-1,691,714,715,-1,691,715,692,-1,692,715,716,-1,692,716,693,-1,693,716,717,-1,693,717,694,-1,694,717,718,-1,694,718,695,-1,695,718,719,-1,695,719,696,-1,696,719,720,-1,696,720,673,-1,673,720,697,-1,709,721,710,-1,710,721,722,-1,710,722,711,-1,711,722,723,-1,711,723,712,-1,712,723,724,-1,712,724,713,-1,713,724,725,-1,713,725,714,-1,714,725,726,-1,714,726,715,-1,715,726,727,-1,715,727,716,-1,716,727,728,-1,716,728,717,-1,717,728,729,-1,717,729,718,-1,718,729,730,-1,718,730,719,-1,719,730,731,-1,719,731,720,-1,720,731,732,-1,720,732,697,-1,697,732,733,-1,697,733,698,-1,698,733,734,-1,698,734,699,-1,699,734,735,-1,699,735,700,-1,700,735,736,-1,700,736,701,-1,701,736,737,-1,701,737,702,-1,702,737,738,-1,702,738,703,-1,703,738,739,-1,703,739,704,-1,704,739,740,-1,704,740,705,-1,705,740,741,-1,705,741,706,-1,706,741,742,-1,706,742,707,-1,707,742,743,-1,707,743,708,-1,708,743,744,-1,708,744,709,-1,709,744,721,-1,745,746,747,-1,747,746,748,-1,747,748,749,-1,750,751,747,-1,747,751,752,-1,747,752,745,-1,753,754,747,-1,747,754,755,-1,747,755,750,-1,756,757,747,-1,747,757,758,-1,747,758,753,-1,759,760,747,-1,747,760,761,-1,747,761,756,-1,762,763,747,-1,747,763,764,-1,747,764,759,-1,765,766,747,-1,747,766,767,-1,747,767,762,-1,749,768,747,-1,747,768,769,-1,747,769,765,-1,770,771,772,-1,773,774,775,-1,776,777,778,-1,779,780,781,-1,781,780,778,-1,781,778,782,-1,782,778,777,-1,783,784,785,-1,783,785,786,-1,786,785,787,-1,786,787,788,-1,784,783,789,-1,789,783,790,-1,789,790,791,-1,792,793,790,-1,790,793,794,-1,790,794,791,-1,795,796,797,-1,795,797,798,-1,799,800,801,-1,801,800,802,-1,803,804,802,-1,802,804,805,-1,802,805,801,-1,806,807,808,-1,807,806,809,-1,809,806,810,-1,809,810,811,-1,812,813,814,-1,812,814,815,-1,815,814,816,-1,815,816,817,-1,813,812,818,-1,818,812,819,-1,818,819,820,-1,820,819,821,-1,821,819,822,-1,821,822,823,-1,824,825,822,-1,822,825,826,-1,822,826,823,-1,827,828,824,-1,824,828,829,-1,824,829,825,-1,830,831,832,-1,832,831,833,-1,832,833,827,-1,827,833,834,-1,827,834,828,-1,830,832,835,-1,835,832,836,-1,835,836,837,-1,837,836,838,-1,838,836,839,-1,838,839,840,-1,840,839,841,-1,841,839,842,-1,841,842,843,-1,844,845,846,-1,846,845,847,-1,846,847,842,-1,842,847,848,-1,842,848,843,-1,775,774,846,-1,846,774,849,-1,846,849,844,-1,773,775,850,-1,850,775,851,-1,850,851,852,-1,853,854,851,-1,851,854,855,-1,851,855,852,-1,771,856,772,-1,772,856,857,-1,772,857,853,-1,853,857,858,-1,853,858,854,-1,859,860,861,-1,862,863,860,-1,860,863,864,-1,860,864,861,-1,817,811,815,-1,815,811,810,-1,815,810,812,-1,812,810,865,-1,812,865,819,-1,819,865,866,-1,819,866,822,-1,822,866,867,-1,822,867,824,-1,824,867,868,-1,824,868,827,-1,827,868,869,-1,827,869,832,-1,832,869,870,-1,832,870,836,-1,836,870,871,-1,836,871,839,-1,839,871,872,-1,839,872,842,-1,842,872,873,-1,842,873,846,-1,846,873,874,-1,846,874,775,-1,775,874,875,-1,775,875,851,-1,851,875,876,-1,851,876,853,-1,853,876,877,-1,853,877,772,-1,772,877,859,-1,772,859,770,-1,770,859,861,-1,808,804,806,-1,806,804,803,-1,806,803,810,-1,810,803,878,-1,810,878,865,-1,865,878,879,-1,865,879,866,-1,866,879,880,-1,866,880,867,-1,867,880,881,-1,867,881,868,-1,868,881,882,-1,868,882,869,-1,869,882,883,-1,869,883,870,-1,870,883,884,-1,870,884,871,-1,871,884,885,-1,871,885,872,-1,872,885,886,-1,872,886,873,-1,873,886,887,-1,873,887,874,-1,874,887,888,-1,874,888,875,-1,875,888,889,-1,875,889,876,-1,876,889,890,-1,876,890,877,-1,877,890,891,-1,877,891,859,-1,859,891,892,-1,859,892,860,-1,860,892,893,-1,860,893,862,-1,862,893,780,-1,862,780,894,-1,894,780,779,-1,799,798,800,-1,800,798,797,-1,800,797,802,-1,802,797,895,-1,802,895,803,-1,803,895,896,-1,803,896,878,-1,878,896,897,-1,878,897,879,-1,879,897,898,-1,879,898,880,-1,880,898,899,-1,880,899,881,-1,881,899,900,-1,881,900,882,-1,882,900,901,-1,882,901,883,-1,883,901,902,-1,883,902,884,-1,884,902,903,-1,884,903,885,-1,885,903,904,-1,885,904,886,-1,886,904,905,-1,886,905,887,-1,887,905,906,-1,887,906,888,-1,888,906,907,-1,888,907,889,-1,889,907,908,-1,889,908,890,-1,890,908,909,-1,890,909,891,-1,891,909,910,-1,891,910,892,-1,892,910,911,-1,892,911,893,-1,893,911,912,-1,893,912,780,-1,780,912,913,-1,780,913,778,-1,778,913,914,-1,778,914,776,-1,776,914,915,-1,796,793,797,-1,797,793,792,-1,797,792,895,-1,895,792,916,-1,895,916,896,-1,896,916,917,-1,896,917,897,-1,897,917,918,-1,897,918,898,-1,898,918,919,-1,898,919,899,-1,899,919,920,-1,899,920,900,-1,900,920,921,-1,900,921,901,-1,901,921,922,-1,901,922,902,-1,902,922,923,-1,902,923,903,-1,903,923,924,-1,903,924,904,-1,904,924,925,-1,904,925,905,-1,905,925,926,-1,905,926,906,-1,906,926,927,-1,906,927,907,-1,907,927,928,-1,907,928,908,-1,908,928,929,-1,908,929,909,-1,909,929,930,-1,909,930,910,-1,910,930,931,-1,910,931,911,-1,911,931,932,-1,911,932,912,-1,912,932,933,-1,912,933,913,-1,913,933,934,-1,913,934,914,-1,914,934,935,-1,914,935,915,-1,915,935,786,-1,915,786,936,-1,936,786,788,-1,783,505,790,-1,790,505,507,-1,790,507,792,-1,792,507,509,-1,792,509,916,-1,916,509,511,-1,916,511,917,-1,917,511,513,-1,917,513,918,-1,918,513,515,-1,918,515,919,-1,919,515,517,-1,919,517,920,-1,920,517,519,-1,920,519,921,-1,921,519,521,-1,921,521,922,-1,922,521,523,-1,922,523,923,-1,923,523,525,-1,923,525,924,-1,924,525,527,-1,924,527,925,-1,925,527,529,-1,925,529,926,-1,926,529,531,-1,926,531,927,-1,927,531,533,-1,927,533,928,-1,928,533,535,-1,928,535,929,-1,929,535,537,-1,929,537,930,-1,930,537,539,-1,930,539,931,-1,931,539,541,-1,931,541,932,-1,932,541,543,-1,932,543,933,-1,933,543,545,-1,933,545,934,-1,934,545,547,-1,934,547,935,-1,935,547,549,-1,935,549,786,-1,786,549,551,-1,786,551,783,-1,783,551,505,-1,937,938,939,-1,939,938,940,-1,939,940,941,-1,942,943,939,-1,939,943,944,-1,939,944,937,-1,945,946,939,-1,939,946,947,-1,939,947,942,-1,948,949,939,-1,939,949,950,-1,939,950,945,-1,951,952,939,-1,939,952,953,-1,939,953,948,-1,954,955,939,-1,939,955,956,-1,939,956,951,-1,957,958,939,-1,939,958,959,-1,939,959,954,-1,941,960,939,-1,939,960,961,-1,939,961,957,-1,962,963,964,-1,964,963,965,-1,964,965,966,-1,966,965,967,-1,966,967,968,-1,968,967,969,-1,968,969,970,-1,970,969,971,-1,970,971,972,-1,972,971,973,-1,972,973,974,-1,974,973,975,-1,974,975,976,-1,976,975,977,-1,976,977,978,-1,978,977,979,-1,978,979,980,-1,980,979,981,-1,980,981,982,-1,982,981,983,-1,982,983,984,-1,984,983,985,-1,984,985,986,-1,986,985,987,-1,986,987,988,-1,988,987,989,-1,988,989,990,-1,990,989,991,-1,990,991,992,-1,992,991,993,-1,992,993,994,-1,994,993,995,-1,994,995,996,-1,996,995,997,-1,996,997,998,-1,998,997,999,-1,998,999,1000,-1,1000,999,1001,-1,1000,1001,1002,-1,1002,1001,1003,-1,1002,1003,1004,-1,1004,1003,1005,-1,1004,1005,1006,-1,1006,1005,1007,-1,1006,1007,1008,-1,1008,1007,1009,-1,1008,1009,962,-1,962,1009,963,-1,1010,1011,1012,-1,1012,1011,1013,-1,1012,1013,1014,-1,1014,1013,1015,-1,1014,1015,1016,-1,1016,1015,1017,-1,1016,1017,1018,-1,1018,1017,1019,-1,1018,1019,1020,-1,1020,1019,1021,-1,1020,1021,1022,-1,1022,1021,1023,-1,1022,1023,1024,-1,1024,1023,1025,-1,1024,1025,1026,-1,1026,1025,1027,-1,1026,1027,1028,-1,1028,1027,1029,-1,1028,1029,1030,-1,1030,1029,1031,-1,1030,1031,1032,-1,1032,1031,1033,-1,1032,1033,1034,-1,1034,1033,1035,-1,1034,1035,1036,-1,1036,1035,1037,-1,1036,1037,1038,-1,1038,1037,1039,-1,1038,1039,1040,-1,1040,1039,1041,-1,1040,1041,1042,-1,1042,1041,1043,-1,1042,1043,1044,-1,1044,1043,1045,-1,1044,1045,1046,-1,1046,1045,1047,-1,1046,1047,1048,-1,1048,1047,1049,-1,1048,1049,1050,-1,1050,1049,1051,-1,1050,1051,1052,-1,1052,1051,1053,-1,1052,1053,1054,-1,1054,1053,1055,-1,1054,1055,1056,-1,1056,1055,1057,-1,1056,1057,1010,-1,1010,1057,1011,-1,1033,1058,1035,-1,1035,1058,1059,-1,1035,1059,1037,-1,1037,1059,1060,-1,1037,1060,1039,-1,1039,1060,1061,-1,1039,1061,1041,-1,1041,1061,1062,-1,1041,1062,1043,-1,1043,1062,1063,-1,1043,1063,1045,-1,1045,1063,1064,-1,1045,1064,1047,-1,1047,1064,1065,-1,1047,1065,1049,-1,1049,1065,1066,-1,1049,1066,1051,-1,1051,1066,1067,-1,1051,1067,1053,-1,1053,1067,1068,-1,1053,1068,1055,-1,1055,1068,1069,-1,1055,1069,1057,-1,1057,1069,1070,-1,1057,1070,1011,-1,1011,1070,1071,-1,1011,1071,1013,-1,1013,1071,1072,-1,1013,1072,1015,-1,1015,1072,1073,-1,1015,1073,1017,-1,1017,1073,1074,-1,1017,1074,1019,-1,1019,1074,1075,-1,1019,1075,1021,-1,1021,1075,1076,-1,1021,1076,1023,-1,1023,1076,1077,-1,1023,1077,1025,-1,1025,1077,1078,-1,1025,1078,1027,-1,1027,1078,1079,-1,1027,1079,1029,-1,1029,1079,1080,-1,1029,1080,1031,-1,1031,1080,1081,-1,1031,1081,1033,-1,1033,1081,1058,-1,1058,1082,1059,-1,1059,1082,1083,-1,1059,1083,1060,-1,1060,1083,1084,-1,1060,1084,1061,-1,1061,1084,1085,-1,1061,1085,1062,-1,1062,1085,1086,-1,1062,1086,1063,-1,1063,1086,1087,-1,1063,1087,1064,-1,1064,1087,1088,-1,1064,1088,1065,-1,1065,1088,1089,-1,1065,1089,1066,-1,1066,1089,1090,-1,1066,1090,1067,-1,1067,1090,1091,-1,1067,1091,1068,-1,1068,1091,1092,-1,1068,1092,1069,-1,1069,1092,1093,-1,1069,1093,1070,-1,1070,1093,1094,-1,1070,1094,1071,-1,1071,1094,1095,-1,1071,1095,1072,-1,1072,1095,1096,-1,1072,1096,1073,-1,1073,1096,1097,-1,1073,1097,1074,-1,1074,1097,1098,-1,1074,1098,1075,-1,1075,1098,1099,-1,1075,1099,1076,-1,1076,1099,1100,-1,1076,1100,1077,-1,1077,1100,1101,-1,1077,1101,1078,-1,1078,1101,1102,-1,1078,1102,1079,-1,1079,1102,1103,-1,1079,1103,1080,-1,1080,1103,1104,-1,1080,1104,1081,-1,1081,1104,1105,-1,1081,1105,1058,-1,1058,1105,1082,-1,1082,1106,1083,-1,1083,1106,1107,-1,1083,1107,1084,-1,1084,1107,1108,-1,1084,1108,1085,-1,1085,1108,1109,-1,1085,1109,1086,-1,1086,1109,1110,-1,1086,1110,1087,-1,1087,1110,1111,-1,1087,1111,1088,-1,1088,1111,1112,-1,1088,1112,1089,-1,1089,1112,1113,-1,1089,1113,1090,-1,1090,1113,1114,-1,1090,1114,1091,-1,1091,1114,1115,-1,1091,1115,1092,-1,1092,1115,1116,-1,1092,1116,1093,-1,1093,1116,1117,-1,1093,1117,1094,-1,1094,1117,1118,-1,1094,1118,1095,-1,1095,1118,1119,-1,1095,1119,1096,-1,1096,1119,1120,-1,1096,1120,1097,-1,1097,1120,1121,-1,1097,1121,1098,-1,1098,1121,1122,-1,1098,1122,1099,-1,1099,1122,1123,-1,1099,1123,1100,-1,1100,1123,1124,-1,1100,1124,1101,-1,1101,1124,1125,-1,1101,1125,1102,-1,1102,1125,1126,-1,1102,1126,1103,-1,1103,1126,1127,-1,1103,1127,1104,-1,1104,1127,1128,-1,1104,1128,1105,-1,1105,1128,1129,-1,1105,1129,1082,-1,1082,1129,1106,-1,1106,1130,1107,-1,1107,1130,1131,-1,1107,1131,1108,-1,1108,1131,1132,-1,1108,1132,1109,-1,1109,1132,1133,-1,1109,1133,1110,-1,1110,1133,1134,-1,1110,1134,1111,-1,1111,1134,1135,-1,1111,1135,1112,-1,1112,1135,1136,-1,1112,1136,1113,-1,1113,1136,1137,-1,1113,1137,1114,-1,1114,1137,1138,-1,1114,1138,1115,-1,1115,1138,1139,-1,1115,1139,1116,-1,1116,1139,1140,-1,1116,1140,1117,-1,1117,1140,1141,-1,1117,1141,1118,-1,1118,1141,1142,-1,1118,1142,1119,-1,1119,1142,1143,-1,1119,1143,1120,-1,1120,1143,1144,-1,1120,1144,1121,-1,1121,1144,1145,-1,1121,1145,1122,-1,1122,1145,1146,-1,1122,1146,1123,-1,1123,1146,1147,-1,1123,1147,1124,-1,1124,1147,1148,-1,1124,1148,1125,-1,1125,1148,1149,-1,1125,1149,1126,-1,1126,1149,1150,-1,1126,1150,1127,-1,1127,1150,1151,-1,1127,1151,1128,-1,1128,1151,1152,-1,1128,1152,1129,-1,1129,1152,1153,-1,1129,1153,1106,-1,1106,1153,1130,-1,1130,1154,1131,-1,1131,1154,1155,-1,1131,1155,1132,-1,1132,1155,1156,-1,1132,1156,1133,-1,1133,1156,1157,-1,1133,1157,1134,-1,1134,1157,1158,-1,1134,1158,1135,-1,1135,1158,1159,-1,1135,1159,1136,-1,1136,1159,1160,-1,1136,1160,1137,-1,1137,1160,1161,-1,1137,1161,1138,-1,1138,1161,1162,-1,1138,1162,1139,-1,1139,1162,1163,-1,1139,1163,1140,-1,1140,1163,1164,-1,1140,1164,1141,-1,1141,1164,1165,-1,1141,1165,1142,-1,1142,1165,1166,-1,1142,1166,1143,-1,1143,1166,1167,-1,1143,1167,1144,-1,1144,1167,1168,-1,1144,1168,1145,-1,1145,1168,1169,-1,1145,1169,1146,-1,1146,1169,1170,-1,1146,1170,1147,-1,1147,1170,1171,-1,1147,1171,1148,-1,1148,1171,1172,-1,1148,1172,1149,-1,1149,1172,1173,-1,1149,1173,1150,-1,1150,1173,1174,-1,1150,1174,1151,-1,1151,1174,1175,-1,1151,1175,1152,-1,1152,1175,1176,-1,1152,1176,1153,-1,1153,1176,1177,-1,1153,1177,1130,-1,1130,1177,1154,-1,1154,1178,1155,-1,1155,1178,1179,-1,1155,1179,1156,-1,1156,1179,1180,-1,1156,1180,1157,-1,1157,1180,1181,-1,1157,1181,1158,-1,1158,1181,1182,-1,1158,1182,1159,-1,1159,1182,1183,-1,1159,1183,1160,-1,1160,1183,1184,-1,1160,1184,1161,-1,1161,1184,1185,-1,1161,1185,1162,-1,1162,1185,1186,-1,1162,1186,1163,-1,1163,1186,1187,-1,1163,1187,1164,-1,1164,1187,1188,-1,1164,1188,1165,-1,1165,1188,1189,-1,1165,1189,1166,-1,1166,1189,1190,-1,1166,1190,1167,-1,1167,1190,1191,-1,1167,1191,1168,-1,1168,1191,1192,-1,1168,1192,1169,-1,1169,1192,1193,-1,1169,1193,1170,-1,1170,1193,1194,-1,1170,1194,1171,-1,1171,1194,1195,-1,1171,1195,1172,-1,1172,1195,1196,-1,1172,1196,1173,-1,1173,1196,1197,-1,1173,1197,1174,-1,1174,1197,1198,-1,1174,1198,1175,-1,1175,1198,1199,-1,1175,1199,1176,-1,1176,1199,1200,-1,1176,1200,1177,-1,1177,1200,1201,-1,1177,1201,1154,-1,1154,1201,1178,-1,1178,1202,1179,-1,1179,1202,1203,-1,1179,1203,1180,-1,1180,1203,1204,-1,1180,1204,1181,-1,1181,1204,1205,-1,1181,1205,1182,-1,1182,1205,1206,-1,1182,1206,1183,-1,1183,1206,1207,-1,1183,1207,1184,-1,1184,1207,1208,-1,1184,1208,1185,-1,1185,1208,1209,-1,1185,1209,1186,-1,1186,1209,1210,-1,1186,1210,1187,-1,1187,1210,1211,-1,1187,1211,1188,-1,1188,1211,1212,-1,1188,1212,1189,-1,1189,1212,1213,-1,1189,1213,1190,-1,1190,1213,1214,-1,1190,1214,1191,-1,1191,1214,1215,-1,1191,1215,1192,-1,1192,1215,1216,-1,1192,1216,1193,-1,1193,1216,1217,-1,1193,1217,1194,-1,1194,1217,1218,-1,1194,1218,1195,-1,1195,1218,1219,-1,1195,1219,1196,-1,1196,1219,1220,-1,1196,1220,1197,-1,1197,1220,1221,-1,1197,1221,1198,-1,1198,1221,1222,-1,1198,1222,1199,-1,1199,1222,1223,-1,1199,1223,1200,-1,1200,1223,1224,-1,1200,1224,1201,-1,1201,1224,1225,-1,1201,1225,1178,-1,1178,1225,1202,-1,1214,1226,1215,-1,1215,1226,1227,-1,1215,1227,1216,-1,1216,1227,1228,-1,1216,1228,1217,-1,1217,1228,1229,-1,1217,1229,1218,-1,1218,1229,1230,-1,1218,1230,1219,-1,1219,1230,1231,-1,1219,1231,1220,-1,1220,1231,1232,-1,1220,1232,1221,-1,1221,1232,1233,-1,1221,1233,1222,-1,1222,1233,1234,-1,1222,1234,1223,-1,1223,1234,1235,-1,1223,1235,1224,-1,1224,1235,1236,-1,1224,1236,1225,-1,1225,1236,1237,-1,1225,1237,1202,-1,1202,1237,1238,-1,1202,1238,1203,-1,1203,1238,1239,-1,1203,1239,1204,-1,1204,1239,1240,-1,1204,1240,1205,-1,1205,1240,1241,-1,1205,1241,1206,-1,1206,1241,1242,-1,1206,1242,1207,-1,1207,1242,1243,-1,1207,1243,1208,-1,1208,1243,1244,-1,1208,1244,1209,-1,1209,1244,1245,-1,1209,1245,1210,-1,1210,1245,1246,-1,1210,1246,1211,-1,1211,1246,1247,-1,1211,1247,1212,-1,1212,1247,1248,-1,1212,1248,1213,-1,1213,1248,1249,-1,1213,1249,1214,-1,1214,1249,1226,-1,1250,1251,1252,-1,1252,1251,1253,-1,1252,1253,1254,-1,1255,1256,1252,-1,1252,1256,1257,-1,1252,1257,1250,-1,1258,1259,1252,-1,1252,1259,1260,-1,1252,1260,1255,-1,1261,1262,1252,-1,1252,1262,1263,-1,1252,1263,1258,-1,1264,1265,1252,-1,1252,1265,1266,-1,1252,1266,1261,-1,1267,1268,1252,-1,1252,1268,1269,-1,1252,1269,1264,-1,1270,1271,1252,-1,1252,1271,1272,-1,1252,1272,1267,-1,1254,1273,1252,-1,1252,1273,1274,-1,1252,1274,1270,-1,1275,1276,1277,-1,1278,1279,1280,-1,1281,1282,1283,-1,1284,1285,1286,-1,1286,1285,1283,-1,1286,1283,1287,-1,1287,1283,1282,-1,1288,1289,1290,-1,1288,1290,1291,-1,1291,1290,1292,-1,1291,1292,1293,-1,1289,1288,1294,-1,1294,1288,1295,-1,1294,1295,1296,-1,1297,1298,1295,-1,1295,1298,1299,-1,1295,1299,1296,-1,1300,1301,1302,-1,1300,1302,1303,-1,1304,1305,1306,-1,1306,1305,1307,-1,1308,1309,1307,-1,1307,1309,1310,-1,1307,1310,1306,-1,1311,1312,1313,-1,1312,1311,1314,-1,1314,1311,1315,-1,1314,1315,1316,-1,1317,1318,1319,-1,1317,1319,1320,-1,1320,1319,1321,-1,1320,1321,1322,-1,1318,1317,1323,-1,1323,1317,1324,-1,1323,1324,1325,-1,1325,1324,1326,-1,1326,1324,1327,-1,1326,1327,1328,-1,1329,1330,1327,-1,1327,1330,1331,-1,1327,1331,1328,-1,1332,1333,1329,-1,1329,1333,1334,-1,1329,1334,1330,-1,1335,1336,1337,-1,1337,1336,1338,-1,1337,1338,1332,-1,1332,1338,1339,-1,1332,1339,1333,-1,1335,1337,1340,-1,1340,1337,1341,-1,1340,1341,1342,-1,1342,1341,1343,-1,1343,1341,1344,-1,1343,1344,1345,-1,1345,1344,1346,-1,1346,1344,1347,-1,1346,1347,1348,-1,1349,1350,1351,-1,1351,1350,1352,-1,1351,1352,1347,-1,1347,1352,1353,-1,1347,1353,1348,-1,1280,1279,1351,-1,1351,1279,1354,-1,1351,1354,1349,-1,1278,1280,1355,-1,1355,1280,1356,-1,1355,1356,1357,-1,1358,1359,1356,-1,1356,1359,1360,-1,1356,1360,1357,-1,1276,1361,1277,-1,1277,1361,1362,-1,1277,1362,1358,-1,1358,1362,1363,-1,1358,1363,1359,-1,1364,1365,1366,-1,1367,1368,1365,-1,1365,1368,1369,-1,1365,1369,1366,-1,1322,1316,1320,-1,1320,1316,1315,-1,1320,1315,1317,-1,1317,1315,1370,-1,1317,1370,1324,-1,1324,1370,1371,-1,1324,1371,1327,-1,1327,1371,1372,-1,1327,1372,1329,-1,1329,1372,1373,-1,1329,1373,1332,-1,1332,1373,1374,-1,1332,1374,1337,-1,1337,1374,1375,-1,1337,1375,1341,-1,1341,1375,1376,-1,1341,1376,1344,-1,1344,1376,1377,-1,1344,1377,1347,-1,1347,1377,1378,-1,1347,1378,1351,-1,1351,1378,1379,-1,1351,1379,1280,-1,1280,1379,1380,-1,1280,1380,1356,-1,1356,1380,1381,-1,1356,1381,1358,-1,1358,1381,1382,-1,1358,1382,1277,-1,1277,1382,1364,-1,1277,1364,1275,-1,1275,1364,1366,-1,1313,1309,1311,-1,1311,1309,1308,-1,1311,1308,1315,-1,1315,1308,1383,-1,1315,1383,1370,-1,1370,1383,1384,-1,1370,1384,1371,-1,1371,1384,1385,-1,1371,1385,1372,-1,1372,1385,1386,-1,1372,1386,1373,-1,1373,1386,1387,-1,1373,1387,1374,-1,1374,1387,1388,-1,1374,1388,1375,-1,1375,1388,1389,-1,1375,1389,1376,-1,1376,1389,1390,-1,1376,1390,1377,-1,1377,1390,1391,-1,1377,1391,1378,-1,1378,1391,1392,-1,1378,1392,1379,-1,1379,1392,1393,-1,1379,1393,1380,-1,1380,1393,1394,-1,1380,1394,1381,-1,1381,1394,1395,-1,1381,1395,1382,-1,1382,1395,1396,-1,1382,1396,1364,-1,1364,1396,1397,-1,1364,1397,1365,-1,1365,1397,1398,-1,1365,1398,1367,-1,1367,1398,1285,-1,1367,1285,1399,-1,1399,1285,1284,-1,1304,1303,1305,-1,1305,1303,1302,-1,1305,1302,1307,-1,1307,1302,1400,-1,1307,1400,1308,-1,1308,1400,1401,-1,1308,1401,1383,-1,1383,1401,1402,-1,1383,1402,1384,-1,1384,1402,1403,-1,1384,1403,1385,-1,1385,1403,1404,-1,1385,1404,1386,-1,1386,1404,1405,-1,1386,1405,1387,-1,1387,1405,1406,-1,1387,1406,1388,-1,1388,1406,1407,-1,1388,1407,1389,-1,1389,1407,1408,-1,1389,1408,1390,-1,1390,1408,1409,-1,1390,1409,1391,-1,1391,1409,1410,-1,1391,1410,1392,-1,1392,1410,1411,-1,1392,1411,1393,-1,1393,1411,1412,-1,1393,1412,1394,-1,1394,1412,1413,-1,1394,1413,1395,-1,1395,1413,1414,-1,1395,1414,1396,-1,1396,1414,1415,-1,1396,1415,1397,-1,1397,1415,1416,-1,1397,1416,1398,-1,1398,1416,1417,-1,1398,1417,1285,-1,1285,1417,1418,-1,1285,1418,1283,-1,1283,1418,1419,-1,1283,1419,1281,-1,1281,1419,1420,-1,1301,1298,1302,-1,1302,1298,1297,-1,1302,1297,1400,-1,1400,1297,1421,-1,1400,1421,1401,-1,1401,1421,1422,-1,1401,1422,1402,-1,1402,1422,1423,-1,1402,1423,1403,-1,1403,1423,1424,-1,1403,1424,1404,-1,1404,1424,1425,-1,1404,1425,1405,-1,1405,1425,1426,-1,1405,1426,1406,-1,1406,1426,1427,-1,1406,1427,1407,-1,1407,1427,1428,-1,1407,1428,1408,-1,1408,1428,1429,-1,1408,1429,1409,-1,1409,1429,1430,-1,1409,1430,1410,-1,1410,1430,1431,-1,1410,1431,1411,-1,1411,1431,1432,-1,1411,1432,1412,-1,1412,1432,1433,-1,1412,1433,1413,-1,1413,1433,1434,-1,1413,1434,1414,-1,1414,1434,1435,-1,1414,1435,1415,-1,1415,1435,1436,-1,1415,1436,1416,-1,1416,1436,1437,-1,1416,1437,1417,-1,1417,1437,1438,-1,1417,1438,1418,-1,1418,1438,1439,-1,1418,1439,1419,-1,1419,1439,1440,-1,1419,1440,1420,-1,1420,1440,1291,-1,1420,1291,1441,-1,1441,1291,1293,-1,1288,1010,1295,-1,1295,1010,1012,-1,1295,1012,1297,-1,1297,1012,1014,-1,1297,1014,1421,-1,1421,1014,1016,-1,1421,1016,1422,-1,1422,1016,1018,-1,1422,1018,1423,-1,1423,1018,1020,-1,1423,1020,1424,-1,1424,1020,1022,-1,1424,1022,1425,-1,1425,1022,1024,-1,1425,1024,1426,-1,1426,1024,1026,-1,1426,1026,1427,-1,1427,1026,1028,-1,1427,1028,1428,-1,1428,1028,1030,-1,1428,1030,1429,-1,1429,1030,1032,-1,1429,1032,1430,-1,1430,1032,1034,-1,1430,1034,1431,-1,1431,1034,1036,-1,1431,1036,1432,-1,1432,1036,1038,-1,1432,1038,1433,-1,1433,1038,1040,-1,1433,1040,1434,-1,1434,1040,1042,-1,1434,1042,1435,-1,1435,1042,1044,-1,1435,1044,1436,-1,1436,1044,1046,-1,1436,1046,1437,-1,1437,1046,1048,-1,1437,1048,1438,-1,1438,1048,1050,-1,1438,1050,1439,-1,1439,1050,1052,-1,1439,1052,1440,-1,1440,1052,1054,-1,1440,1054,1291,-1,1291,1054,1056,-1,1291,1056,1288,-1,1288,1056,1010,-1,1442,1443,1444,-1,1444,1443,1445,-1,1444,1445,1446,-1,1447,1448,1444,-1,1444,1448,1449,-1,1444,1449,1442,-1,1450,1451,1444,-1,1444,1451,1452,-1,1444,1452,1447,-1,1453,1454,1444,-1,1444,1454,1455,-1,1444,1455,1450,-1,1456,1457,1444,-1,1444,1457,1458,-1,1444,1458,1453,-1,1459,1460,1444,-1,1444,1460,1461,-1,1444,1461,1456,-1,1462,1463,1444,-1,1444,1463,1464,-1,1444,1464,1459,-1,1446,1465,1444,-1,1444,1465,1466,-1,1444,1466,1462,-1,1467,1468,1469,-1,1469,1468,1470,-1,1469,1470,1471,-1,1471,1470,1472,-1,1471,1472,1473,-1,1473,1472,1474,-1,1473,1474,1475,-1,1475,1474,1476,-1,1475,1476,1477,-1,1477,1476,1478,-1,1477,1478,1479,-1,1479,1478,1480,-1,1479,1480,1481,-1,1481,1480,1482,-1,1481,1482,1483,-1,1483,1482,1484,-1,1483,1484,1485,-1,1485,1484,1486,-1,1485,1486,1487,-1,1487,1486,1488,-1,1487,1488,1489,-1,1489,1488,1490,-1,1489,1490,1491,-1,1491,1490,1492,-1,1491,1492,1493,-1,1493,1492,1494,-1,1493,1494,1495,-1,1495,1494,1496,-1,1495,1496,1497,-1,1497,1496,1498,-1,1497,1498,1499,-1,1499,1498,1500,-1,1499,1500,1501,-1,1501,1500,1502,-1,1501,1502,1503,-1,1503,1502,1504,-1,1503,1504,1505,-1,1505,1504,1506,-1,1505,1506,1507,-1,1507,1506,1508,-1,1507,1508,1509,-1,1509,1508,1510,-1,1509,1510,1511,-1,1511,1510,1512,-1,1511,1512,1513,-1,1513,1512,1514,-1,1513,1514,1467,-1,1467,1514,1468,-1,1515,1516,1517,-1,1517,1516,1518,-1,1517,1518,1519,-1,1519,1518,1520,-1,1519,1520,1521,-1,1521,1520,1522,-1,1521,1522,1523,-1,1523,1522,1524,-1,1523,1524,1525,-1,1525,1524,1526,-1,1525,1526,1527,-1,1527,1526,1528,-1,1527,1528,1529,-1,1529,1528,1530,-1,1529,1530,1531,-1,1531,1530,1532,-1,1531,1532,1533,-1,1533,1532,1534,-1,1533,1534,1535,-1,1535,1534,1536,-1,1535,1536,1537,-1,1537,1536,1538,-1,1537,1538,1539,-1,1539,1538,1540,-1,1539,1540,1541,-1,1541,1540,1542,-1,1541,1542,1543,-1,1543,1542,1544,-1,1543,1544,1545,-1,1545,1544,1546,-1,1545,1546,1547,-1,1547,1546,1548,-1,1547,1548,1549,-1,1549,1548,1550,-1,1549,1550,1551,-1,1551,1550,1552,-1,1551,1552,1553,-1,1553,1552,1554,-1,1553,1554,1555,-1,1555,1554,1556,-1,1555,1556,1557,-1,1557,1556,1558,-1,1557,1558,1559,-1,1559,1558,1560,-1,1559,1560,1561,-1,1561,1560,1562,-1,1561,1562,1515,-1,1515,1562,1516,-1,1563,1564,1565,-1,1565,1564,1566,-1,1565,1566,1567,-1,1567,1566,1568,-1,1567,1568,1569,-1,1569,1568,1570,-1,1569,1570,1571,-1,1571,1570,1572,-1,1571,1572,1573,-1,1573,1572,1574,-1,1573,1574,1575,-1,1575,1574,1576,-1,1575,1576,1577,-1,1577,1576,1578,-1,1577,1578,1579,-1,1579,1578,1580,-1,1579,1580,1581,-1,1581,1580,1582,-1,1581,1582,1583,-1,1583,1582,1584,-1,1583,1584,1585,-1,1585,1584,1586,-1,1585,1586,1587,-1,1587,1586,1588,-1,1587,1588,1589,-1,1589,1588,1590,-1,1589,1590,1591,-1,1591,1590,1592,-1,1591,1592,1593,-1,1593,1592,1594,-1,1593,1594,1595,-1,1595,1594,1596,-1,1595,1596,1597,-1,1597,1596,1598,-1,1597,1598,1599,-1,1599,1598,1600,-1,1599,1600,1601,-1,1601,1600,1602,-1,1601,1602,1603,-1,1603,1602,1604,-1,1603,1604,1605,-1,1605,1604,1606,-1,1605,1606,1607,-1,1607,1606,1608,-1,1607,1608,1609,-1,1609,1608,1610,-1,1609,1610,1563,-1,1563,1610,1564,-1,1611,1612,1613,-1,1613,1612,1614,-1,1613,1614,1615,-1,1615,1614,1616,-1,1615,1616,1617,-1,1617,1616,1618,-1,1617,1618,1619,-1,1619,1618,1620,-1,1619,1620,1621,-1,1621,1620,1622,-1,1621,1622,1623,-1,1623,1622,1624,-1,1623,1624,1625,-1,1625,1624,1626,-1,1625,1626,1627,-1,1627,1626,1628,-1,1627,1628,1629,-1,1629,1628,1630,-1,1629,1630,1631,-1,1631,1630,1632,-1,1631,1632,1633,-1,1633,1632,1634,-1,1633,1634,1635,-1,1635,1634,1636,-1,1635,1636,1637,-1,1637,1636,1638,-1,1637,1638,1639,-1,1639,1638,1640,-1,1639,1640,1641,-1,1641,1640,1642,-1,1641,1642,1643,-1,1643,1642,1644,-1,1643,1644,1645,-1,1645,1644,1646,-1,1645,1646,1647,-1,1647,1646,1648,-1,1647,1648,1649,-1,1649,1648,1650,-1,1649,1650,1651,-1,1651,1650,1652,-1,1651,1652,1653,-1,1653,1652,1654,-1,1653,1654,1655,-1,1655,1654,1656,-1,1655,1656,1657,-1,1657,1656,1658,-1,1657,1658,1611,-1,1611,1658,1612,-1,1659,1660,1661,-1,1661,1660,1662,-1,1661,1662,1663,-1,1663,1662,1664,-1,1663,1664,1665,-1,1665,1664,1666,-1,1665,1666,1667,-1,1667,1666,1668,-1,1667,1668,1669,-1,1669,1668,1670,-1,1669,1670,1671,-1,1671,1670,1672,-1,1671,1672,1673,-1,1673,1672,1674,-1,1673,1674,1675,-1,1675,1674,1676,-1,1675,1676,1677,-1,1677,1676,1678,-1,1677,1678,1679,-1,1679,1678,1680,-1,1679,1680,1681,-1,1681,1680,1682,-1,1681,1682,1683,-1,1683,1682,1684,-1,1683,1684,1685,-1,1685,1684,1686,-1,1685,1686,1687,-1,1687,1686,1688,-1,1687,1688,1689,-1,1689,1688,1690,-1,1689,1690,1691,-1,1691,1690,1692,-1,1691,1692,1693,-1,1693,1692,1694,-1,1693,1694,1695,-1,1695,1694,1696,-1,1695,1696,1697,-1,1697,1696,1698,-1,1697,1698,1699,-1,1699,1698,1700,-1,1699,1700,1701,-1,1701,1700,1702,-1,1701,1702,1703,-1,1703,1702,1704,-1,1703,1704,1705,-1,1705,1704,1706,-1,1705,1706,1659,-1,1659,1706,1660,-1,1707,1708,1709,-1,1709,1708,1710,-1,1709,1710,1711,-1,1711,1710,1712,-1,1711,1712,1713,-1,1713,1712,1714,-1,1713,1714,1715,-1,1715,1714,1716,-1,1715,1716,1717,-1,1717,1716,1718,-1,1717,1718,1719,-1,1719,1718,1720,-1,1719,1720,1721,-1,1721,1720,1722,-1,1721,1722,1723,-1,1723,1722,1724,-1,1723,1724,1725,-1,1725,1724,1726,-1,1725,1726,1727,-1,1727,1726,1728,-1,1727,1728,1729,-1,1729,1728,1730,-1,1729,1730,1731,-1,1731,1730,1732,-1,1731,1732,1733,-1,1733,1732,1734,-1,1733,1734,1735,-1,1735,1734,1736,-1,1735,1736,1737,-1,1737,1736,1738,-1,1737,1738,1739,-1,1739,1738,1740,-1,1739,1740,1741,-1,1741,1740,1742,-1,1741,1742,1743,-1,1743,1742,1744,-1,1743,1744,1745,-1,1745,1744,1746,-1,1745,1746,1747,-1,1747,1746,1748,-1,1747,1748,1749,-1,1749,1748,1750,-1,1749,1750,1751,-1,1751,1750,1752,-1,1751,1752,1753,-1,1753,1752,1754,-1,1753,1754,1707,-1,1707,1754,1708,-1,1755,1756,1757,-1,1757,1756,1758,-1,1757,1758,1759,-1,1759,1758,1760,-1,1759,1760,1761,-1,1761,1760,1762,-1,1761,1762,1763,-1,1763,1762,1764,-1,1763,1764,1765,-1,1765,1764,1766,-1,1765,1766,1767,-1,1767,1766,1768,-1,1767,1768,1769,-1,1769,1768,1770,-1,1769,1770,1771,-1,1771,1770,1772,-1,1771,1772,1773,-1,1773,1772,1774,-1,1773,1774,1775,-1,1775,1774,1776,-1,1775,1776,1777,-1,1777,1776,1778,-1,1777,1778,1779,-1,1779,1778,1780,-1,1779,1780,1781,-1,1781,1780,1782,-1,1781,1782,1783,-1,1783,1782,1784,-1,1783,1784,1785,-1,1785,1784,1786,-1,1785,1786,1787,-1,1787,1786,1788,-1,1787,1788,1789,-1,1789,1788,1790,-1,1789,1790,1791,-1,1791,1790,1792,-1,1791,1792,1793,-1,1793,1792,1794,-1,1793,1794,1795,-1,1795,1794,1796,-1,1795,1796,1797,-1,1797,1796,1798,-1,1797,1798,1799,-1,1799,1798,1800,-1,1799,1800,1801,-1,1801,1800,1802,-1,1801,1802,1755,-1,1755,1802,1756,-1,435,1803,436,-1,436,1803,1804,-1,436,1804,455,-1,455,1804,1805,-1,455,1805,456,-1,456,1805,1806,-1,456,1806,452,-1,452,1806,1807,-1,452,1807,453,-1,453,1807,1808,-1,453,1808,454,-1,454,1808,1809,-1,454,1809,449,-1,449,1809,1810,-1,449,1810,450,-1,450,1810,1811,-1,450,1811,451,-1,451,1811,1812,-1,451,1812,446,-1,446,1812,1813,-1,446,1813,447,-1,447,1813,1814,-1,447,1814,448,-1,448,1814,1815,-1,448,1815,443,-1,443,1815,1816,-1,443,1816,444,-1,444,1816,1817,-1,444,1817,445,-1,445,1817,1818,-1,445,1818,440,-1,440,1818,1819,-1,440,1819,441,-1,441,1819,1820,-1,441,1820,442,-1,442,1820,1821,-1,442,1821,437,-1,437,1821,1822,-1,437,1822,438,-1,438,1822,1823,-1,438,1823,439,-1,439,1823,1824,-1,439,1824,432,-1,432,1824,1825,-1,432,1825,433,-1,433,1825,1826,-1,433,1826,435,-1,435,1826,1803,-1,1826,1827,1803,-1,1803,1827,1828,-1,1803,1828,1804,-1,1804,1828,1829,-1,1804,1829,1805,-1,1805,1829,1830,-1,1805,1830,1806,-1,1806,1830,1831,-1,1806,1831,1807,-1,1807,1831,1832,-1,1807,1832,1808,-1,1808,1832,1833,-1,1808,1833,1809,-1,1809,1833,1834,-1,1809,1834,1810,-1,1810,1834,1835,-1,1810,1835,1811,-1,1811,1835,1836,-1,1811,1836,1812,-1,1812,1836,1837,-1,1812,1837,1813,-1,1813,1837,1838,-1,1813,1838,1814,-1,1814,1838,1839,-1,1814,1839,1815,-1,1815,1839,1840,-1,1815,1840,1816,-1,1816,1840,1841,-1,1816,1841,1817,-1,1817,1841,1842,-1,1817,1842,1818,-1,1818,1842,1843,-1,1818,1843,1819,-1,1819,1843,1844,-1,1819,1844,1820,-1,1820,1844,1845,-1,1820,1845,1821,-1,1821,1845,1846,-1,1821,1846,1822,-1,1822,1846,1847,-1,1822,1847,1823,-1,1823,1847,1848,-1,1823,1848,1824,-1,1824,1848,1849,-1,1824,1849,1825,-1,1825,1849,1850,-1,1825,1850,1826,-1,1826,1850,1827,-1,1850,1851,1827,-1,1827,1851,1852,-1,1827,1852,1828,-1,1828,1852,1853,-1,1828,1853,1829,-1,1829,1853,1854,-1,1829,1854,1830,-1,1830,1854,1855,-1,1830,1855,1831,-1,1831,1855,1856,-1,1831,1856,1832,-1,1832,1856,1857,-1,1832,1857,1833,-1,1833,1857,1858,-1,1833,1858,1834,-1,1834,1858,1859,-1,1834,1859,1835,-1,1835,1859,1860,-1,1835,1860,1836,-1,1836,1860,1861,-1,1836,1861,1837,-1,1837,1861,1862,-1,1837,1862,1838,-1,1838,1862,1863,-1,1838,1863,1839,-1,1839,1863,1864,-1,1839,1864,1840,-1,1840,1864,1865,-1,1840,1865,1841,-1,1841,1865,1866,-1,1841,1866,1842,-1,1842,1866,1867,-1,1842,1867,1843,-1,1843,1867,1868,-1,1843,1868,1844,-1,1844,1868,1869,-1,1844,1869,1845,-1,1845,1869,1870,-1,1845,1870,1846,-1,1846,1870,1871,-1,1846,1871,1847,-1,1847,1871,1872,-1,1847,1872,1848,-1,1848,1872,1873,-1,1848,1873,1849,-1,1849,1873,1874,-1,1849,1874,1850,-1,1850,1874,1851,-1,1874,1875,1851,-1,1851,1875,1876,-1,1851,1876,1852,-1,1852,1876,1877,-1,1852,1877,1853,-1,1853,1877,1878,-1,1853,1878,1854,-1,1854,1878,1879,-1,1854,1879,1855,-1,1855,1879,1880,-1,1855,1880,1856,-1,1856,1880,1881,-1,1856,1881,1857,-1,1857,1881,1882,-1,1857,1882,1858,-1,1858,1882,1883,-1,1858,1883,1859,-1,1859,1883,1884,-1,1859,1884,1860,-1,1860,1884,1885,-1,1860,1885,1861,-1,1861,1885,1886,-1,1861,1886,1862,-1,1862,1886,1887,-1,1862,1887,1863,-1,1863,1887,1888,-1,1863,1888,1864,-1,1864,1888,1889,-1,1864,1889,1865,-1,1865,1889,1890,-1,1865,1890,1866,-1,1866,1890,1891,-1,1866,1891,1867,-1,1867,1891,1892,-1,1867,1892,1868,-1,1868,1892,1893,-1,1868,1893,1869,-1,1869,1893,1894,-1,1869,1894,1870,-1,1870,1894,1895,-1,1870,1895,1871,-1,1871,1895,1896,-1,1871,1896,1872,-1,1872,1896,1897,-1,1872,1897,1873,-1,1873,1897,1898,-1,1873,1898,1874,-1,1874,1898,1875,-1,1898,1899,1875,-1,1875,1899,1900,-1,1875,1900,1876,-1,1876,1900,1901,-1,1876,1901,1877,-1,1877,1901,1902,-1,1877,1902,1878,-1,1878,1902,1903,-1,1878,1903,1879,-1,1879,1903,1904,-1,1879,1904,1880,-1,1880,1904,1905,-1,1880,1905,1881,-1,1881,1905,1906,-1,1881,1906,1882,-1,1882,1906,1907,-1,1882,1907,1883,-1,1883,1907,1908,-1,1883,1908,1884,-1,1884,1908,1909,-1,1884,1909,1885,-1,1885,1909,1910,-1,1885,1910,1886,-1,1886,1910,1911,-1,1886,1911,1887,-1,1887,1911,1912,-1,1887,1912,1888,-1,1888,1912,1913,-1,1888,1913,1889,-1,1889,1913,1914,-1,1889,1914,1890,-1,1890,1914,1915,-1,1890,1915,1891,-1,1891,1915,1916,-1,1891,1916,1892,-1,1892,1916,1917,-1,1892,1917,1893,-1,1893,1917,1918,-1,1893,1918,1894,-1,1894,1918,1919,-1,1894,1919,1895,-1,1895,1919,1920,-1,1895,1920,1896,-1,1896,1920,1921,-1,1896,1921,1897,-1,1897,1921,1922,-1,1897,1922,1898,-1,1898,1922,1899,-1,1922,1584,1899,-1,1899,1584,1582,-1,1899,1582,1900,-1,1900,1582,1580,-1,1900,1580,1901,-1,1901,1580,1578,-1,1901,1578,1902,-1,1902,1578,1576,-1,1902,1576,1903,-1,1903,1576,1574,-1,1903,1574,1904,-1,1904,1574,1572,-1,1904,1572,1905,-1,1905,1572,1570,-1,1905,1570,1906,-1,1906,1570,1568,-1,1906,1568,1907,-1,1907,1568,1566,-1,1907,1566,1908,-1,1908,1566,1564,-1,1908,1564,1909,-1,1909,1564,1610,-1,1909,1610,1910,-1,1910,1610,1608,-1,1910,1608,1911,-1,1911,1608,1606,-1,1911,1606,1912,-1,1912,1606,1604,-1,1912,1604,1913,-1,1913,1604,1602,-1,1913,1602,1914,-1,1914,1602,1600,-1,1914,1600,1915,-1,1915,1600,1598,-1,1915,1598,1916,-1,1916,1598,1596,-1,1916,1596,1917,-1,1917,1596,1594,-1,1917,1594,1918,-1,1918,1594,1592,-1,1918,1592,1919,-1,1919,1592,1590,-1,1919,1590,1920,-1,1920,1590,1588,-1,1920,1588,1921,-1,1921,1588,1586,-1,1921,1586,1922,-1,1922,1586,1584,-1,1587,459,1585,-1,1585,459,461,-1,1585,461,1583,-1,1583,461,463,-1,1583,463,1581,-1,1581,463,465,-1,1581,465,1579,-1,1579,465,467,-1,1579,467,1577,-1,1577,467,469,-1,1577,469,1575,-1,1575,469,471,-1,1575,471,1573,-1,1573,471,473,-1,1573,473,1571,-1,1571,473,475,-1,1571,475,1569,-1,1569,475,477,-1,1569,477,1567,-1,1567,477,479,-1,1567,479,1565,-1,1565,479,481,-1,1565,481,1563,-1,1563,481,483,-1,1563,483,1609,-1,1609,483,485,-1,1609,485,1607,-1,1607,485,487,-1,1607,487,1605,-1,1605,487,489,-1,1605,489,1603,-1,1603,489,491,-1,1603,491,1601,-1,1601,491,493,-1,1601,493,1599,-1,1599,493,495,-1,1599,495,1597,-1,1597,495,497,-1,1597,497,1595,-1,1595,497,499,-1,1595,499,1593,-1,1593,499,501,-1,1593,501,1591,-1,1591,501,503,-1,1591,503,1589,-1,1589,503,457,-1,1589,457,1587,-1,1587,457,459,-1,1539,226,1537,-1,1537,226,225,-1,1537,225,1535,-1,1535,225,224,-1,1535,224,1533,-1,1533,224,223,-1,1533,223,1531,-1,1531,223,222,-1,1531,222,1529,-1,1529,222,221,-1,1529,221,1527,-1,1527,221,220,-1,1527,220,1525,-1,1525,220,219,-1,1525,219,1523,-1,1523,219,218,-1,1523,218,1521,-1,1521,218,217,-1,1521,217,1519,-1,1519,217,216,-1,1519,216,1517,-1,1517,216,239,-1,1517,239,1515,-1,1515,239,238,-1,1515,238,1561,-1,1561,238,237,-1,1561,237,1559,-1,1559,237,236,-1,1559,236,1557,-1,1557,236,235,-1,1557,235,1555,-1,1555,235,234,-1,1555,234,1553,-1,1553,234,233,-1,1553,233,1551,-1,1551,233,232,-1,1551,232,1549,-1,1549,232,231,-1,1549,231,1547,-1,1547,231,230,-1,1547,230,1545,-1,1545,230,229,-1,1545,229,1543,-1,1543,229,228,-1,1543,228,1541,-1,1541,228,227,-1,1541,227,1539,-1,1539,227,226,-1,1562,1923,1516,-1,1516,1923,1924,-1,1516,1924,1518,-1,1518,1924,1925,-1,1518,1925,1520,-1,1520,1925,1926,-1,1520,1926,1522,-1,1522,1926,1927,-1,1522,1927,1524,-1,1524,1927,1928,-1,1524,1928,1526,-1,1526,1928,1929,-1,1526,1929,1528,-1,1528,1929,1930,-1,1528,1930,1530,-1,1530,1930,1931,-1,1530,1931,1532,-1,1532,1931,1932,-1,1532,1932,1534,-1,1534,1932,1933,-1,1534,1933,1536,-1,1536,1933,1934,-1,1536,1934,1538,-1,1538,1934,1935,-1,1538,1935,1540,-1,1540,1935,1936,-1,1540,1936,1542,-1,1542,1936,1937,-1,1542,1937,1544,-1,1544,1937,1938,-1,1544,1938,1546,-1,1546,1938,1939,-1,1546,1939,1548,-1,1548,1939,1940,-1,1548,1940,1550,-1,1550,1940,1941,-1,1550,1941,1552,-1,1552,1941,1942,-1,1552,1942,1554,-1,1554,1942,1943,-1,1554,1943,1556,-1,1556,1943,1944,-1,1556,1944,1558,-1,1558,1944,1945,-1,1558,1945,1560,-1,1560,1945,1946,-1,1560,1946,1562,-1,1562,1946,1923,-1,1946,1947,1923,-1,1923,1947,1948,-1,1923,1948,1924,-1,1924,1948,1949,-1,1924,1949,1925,-1,1925,1949,1950,-1,1925,1950,1926,-1,1926,1950,1951,-1,1926,1951,1927,-1,1927,1951,1952,-1,1927,1952,1928,-1,1928,1952,1953,-1,1928,1953,1929,-1,1929,1953,1954,-1,1929,1954,1930,-1,1930,1954,1955,-1,1930,1955,1931,-1,1931,1955,1956,-1,1931,1956,1932,-1,1932,1956,1957,-1,1932,1957,1933,-1,1933,1957,1958,-1,1933,1958,1934,-1,1934,1958,1959,-1,1934,1959,1935,-1,1935,1959,1960,-1,1935,1960,1936,-1,1936,1960,1961,-1,1936,1961,1937,-1,1937,1961,1962,-1,1937,1962,1938,-1,1938,1962,1963,-1,1938,1963,1939,-1,1939,1963,1964,-1,1939,1964,1940,-1,1940,1964,1965,-1,1940,1965,1941,-1,1941,1965,1966,-1,1941,1966,1942,-1,1942,1966,1967,-1,1942,1967,1943,-1,1943,1967,1968,-1,1943,1968,1944,-1,1944,1968,1969,-1,1944,1969,1945,-1,1945,1969,1970,-1,1945,1970,1946,-1,1946,1970,1947,-1,1970,1971,1947,-1,1947,1971,1972,-1,1947,1972,1948,-1,1948,1972,1973,-1,1948,1973,1949,-1,1949,1973,1974,-1,1949,1974,1950,-1,1950,1974,1975,-1,1950,1975,1951,-1,1951,1975,1976,-1,1951,1976,1952,-1,1952,1976,1977,-1,1952,1977,1953,-1,1953,1977,1978,-1,1953,1978,1954,-1,1954,1978,1979,-1,1954,1979,1955,-1,1955,1979,1980,-1,1955,1980,1956,-1,1956,1980,1981,-1,1956,1981,1957,-1,1957,1981,1982,-1,1957,1982,1958,-1,1958,1982,1983,-1,1958,1983,1959,-1,1959,1983,1984,-1,1959,1984,1960,-1,1960,1984,1985,-1,1960,1985,1961,-1,1961,1985,1986,-1,1961,1986,1962,-1,1962,1986,1987,-1,1962,1987,1963,-1,1963,1987,1988,-1,1963,1988,1964,-1,1964,1988,1989,-1,1964,1989,1965,-1,1965,1989,1990,-1,1965,1990,1966,-1,1966,1990,1991,-1,1966,1991,1967,-1,1967,1991,1992,-1,1967,1992,1968,-1,1968,1992,1993,-1,1968,1993,1969,-1,1969,1993,1994,-1,1969,1994,1970,-1,1970,1994,1971,-1,1994,1995,1971,-1,1971,1995,1996,-1,1971,1996,1972,-1,1972,1996,1997,-1,1972,1997,1973,-1,1973,1997,1998,-1,1973,1998,1974,-1,1974,1998,1999,-1,1974,1999,1975,-1,1975,1999,2000,-1,1975,2000,1976,-1,1976,2000,2001,-1,1976,2001,1977,-1,1977,2001,2002,-1,1977,2002,1978,-1,1978,2002,2003,-1,1978,2003,1979,-1,1979,2003,2004,-1,1979,2004,1980,-1,1980,2004,2005,-1,1980,2005,1981,-1,1981,2005,2006,-1,1981,2006,1982,-1,1982,2006,2007,-1,1982,2007,1983,-1,1983,2007,2008,-1,1983,2008,1984,-1,1984,2008,2009,-1,1984,2009,1985,-1,1985,2009,2010,-1,1985,2010,1986,-1,1986,2010,2011,-1,1986,2011,1987,-1,1987,2011,2012,-1,1987,2012,1988,-1,1988,2012,2013,-1,1988,2013,1989,-1,1989,2013,2014,-1,1989,2014,1990,-1,1990,2014,2015,-1,1990,2015,1991,-1,1991,2015,2016,-1,1991,2016,1992,-1,1992,2016,2017,-1,1992,2017,1993,-1,1993,2017,2018,-1,1993,2018,1994,-1,1994,2018,1995,-1,2018,2019,1995,-1,1995,2019,2020,-1,1995,2020,1996,-1,1996,2020,2021,-1,1996,2021,1997,-1,1997,2021,2022,-1,1997,2022,1998,-1,1998,2022,2023,-1,1998,2023,1999,-1,1999,2023,2024,-1,1999,2024,2000,-1,2000,2024,2025,-1,2000,2025,2001,-1,2001,2025,2026,-1,2001,2026,2002,-1,2002,2026,2027,-1,2002,2027,2003,-1,2003,2027,2028,-1,2003,2028,2004,-1,2004,2028,2029,-1,2004,2029,2005,-1,2005,2029,2030,-1,2005,2030,2006,-1,2006,2030,2031,-1,2006,2031,2007,-1,2007,2031,2032,-1,2007,2032,2008,-1,2008,2032,2033,-1,2008,2033,2009,-1,2009,2033,2034,-1,2009,2034,2010,-1,2010,2034,2035,-1,2010,2035,2011,-1,2011,2035,2036,-1,2011,2036,2012,-1,2012,2036,2037,-1,2012,2037,2013,-1,2013,2037,2038,-1,2013,2038,2014,-1,2014,2038,2039,-1,2014,2039,2015,-1,2015,2039,2040,-1,2015,2040,2016,-1,2016,2040,2041,-1,2016,2041,2017,-1,2017,2041,2042,-1,2017,2042,2018,-1,2018,2042,2019,-1,2042,241,2019,-1,2019,241,240,-1,2019,240,2020,-1,2020,240,247,-1,2020,247,2021,-1,2021,247,246,-1,2021,246,2022,-1,2022,246,245,-1,2022,245,2023,-1,2023,245,250,-1,2023,250,2024,-1,2024,250,249,-1,2024,249,2025,-1,2025,249,248,-1,2025,248,2026,-1,2026,248,253,-1,2026,253,2027,-1,2027,253,252,-1,2027,252,2028,-1,2028,252,251,-1,2028,251,2029,-1,2029,251,256,-1,2029,256,2030,-1,2030,256,255,-1,2030,255,2031,-1,2031,255,254,-1,2031,254,2032,-1,2032,254,259,-1,2032,259,2033,-1,2033,259,258,-1,2033,258,2034,-1,2034,258,257,-1,2034,257,2035,-1,2035,257,262,-1,2035,262,2036,-1,2036,262,261,-1,2036,261,2037,-1,2037,261,260,-1,2037,260,2038,-1,2038,260,264,-1,2038,264,2039,-1,2039,264,263,-1,2039,263,2040,-1,2040,263,244,-1,2040,244,2041,-1,2041,244,243,-1,2041,243,2042,-1,2042,243,241,-1,940,2043,941,-1,941,2043,2044,-1,941,2044,960,-1,960,2044,2045,-1,960,2045,961,-1,961,2045,2046,-1,961,2046,957,-1,957,2046,2047,-1,957,2047,958,-1,958,2047,2048,-1,958,2048,959,-1,959,2048,2049,-1,959,2049,954,-1,954,2049,2050,-1,954,2050,955,-1,955,2050,2051,-1,955,2051,956,-1,956,2051,2052,-1,956,2052,951,-1,951,2052,2053,-1,951,2053,952,-1,952,2053,2054,-1,952,2054,953,-1,953,2054,2055,-1,953,2055,948,-1,948,2055,2056,-1,948,2056,949,-1,949,2056,2057,-1,949,2057,950,-1,950,2057,2058,-1,950,2058,945,-1,945,2058,2059,-1,945,2059,946,-1,946,2059,2060,-1,946,2060,947,-1,947,2060,2061,-1,947,2061,942,-1,942,2061,2062,-1,942,2062,943,-1,943,2062,2063,-1,943,2063,944,-1,944,2063,2064,-1,944,2064,937,-1,937,2064,2065,-1,937,2065,938,-1,938,2065,2066,-1,938,2066,940,-1,940,2066,2043,-1,2066,2067,2043,-1,2043,2067,2068,-1,2043,2068,2044,-1,2044,2068,2069,-1,2044,2069,2045,-1,2045,2069,2070,-1,2045,2070,2046,-1,2046,2070,2071,-1,2046,2071,2047,-1,2047,2071,2072,-1,2047,2072,2048,-1,2048,2072,2073,-1,2048,2073,2049,-1,2049,2073,2074,-1,2049,2074,2050,-1,2050,2074,2075,-1,2050,2075,2051,-1,2051,2075,2076,-1,2051,2076,2052,-1,2052,2076,2077,-1,2052,2077,2053,-1,2053,2077,2078,-1,2053,2078,2054,-1,2054,2078,2079,-1,2054,2079,2055,-1,2055,2079,2080,-1,2055,2080,2056,-1,2056,2080,2081,-1,2056,2081,2057,-1,2057,2081,2082,-1,2057,2082,2058,-1,2058,2082,2083,-1,2058,2083,2059,-1,2059,2083,2084,-1,2059,2084,2060,-1,2060,2084,2085,-1,2060,2085,2061,-1,2061,2085,2086,-1,2061,2086,2062,-1,2062,2086,2087,-1,2062,2087,2063,-1,2063,2087,2088,-1,2063,2088,2064,-1,2064,2088,2089,-1,2064,2089,2065,-1,2065,2089,2090,-1,2065,2090,2066,-1,2066,2090,2067,-1,2090,2091,2067,-1,2067,2091,2092,-1,2067,2092,2068,-1,2068,2092,2093,-1,2068,2093,2069,-1,2069,2093,2094,-1,2069,2094,2070,-1,2070,2094,2095,-1,2070,2095,2071,-1,2071,2095,2096,-1,2071,2096,2072,-1,2072,2096,2097,-1,2072,2097,2073,-1,2073,2097,2098,-1,2073,2098,2074,-1,2074,2098,2099,-1,2074,2099,2075,-1,2075,2099,2100,-1,2075,2100,2076,-1,2076,2100,2101,-1,2076,2101,2077,-1,2077,2101,2102,-1,2077,2102,2078,-1,2078,2102,2103,-1,2078,2103,2079,-1,2079,2103,2104,-1,2079,2104,2080,-1,2080,2104,2105,-1,2080,2105,2081,-1,2081,2105,2106,-1,2081,2106,2082,-1,2082,2106,2107,-1,2082,2107,2083,-1,2083,2107,2108,-1,2083,2108,2084,-1,2084,2108,2109,-1,2084,2109,2085,-1,2085,2109,2110,-1,2085,2110,2086,-1,2086,2110,2111,-1,2086,2111,2087,-1,2087,2111,2112,-1,2087,2112,2088,-1,2088,2112,2113,-1,2088,2113,2089,-1,2089,2113,2114,-1,2089,2114,2090,-1,2090,2114,2091,-1,2114,2115,2091,-1,2091,2115,2116,-1,2091,2116,2092,-1,2092,2116,2117,-1,2092,2117,2093,-1,2093,2117,2118,-1,2093,2118,2094,-1,2094,2118,2119,-1,2094,2119,2095,-1,2095,2119,2120,-1,2095,2120,2096,-1,2096,2120,2121,-1,2096,2121,2097,-1,2097,2121,2122,-1,2097,2122,2098,-1,2098,2122,2123,-1,2098,2123,2099,-1,2099,2123,2124,-1,2099,2124,2100,-1,2100,2124,2125,-1,2100,2125,2101,-1,2101,2125,2126,-1,2101,2126,2102,-1,2102,2126,2127,-1,2102,2127,2103,-1,2103,2127,2128,-1,2103,2128,2104,-1,2104,2128,2129,-1,2104,2129,2105,-1,2105,2129,2130,-1,2105,2130,2106,-1,2106,2130,2131,-1,2106,2131,2107,-1,2107,2131,2132,-1,2107,2132,2108,-1,2108,2132,2133,-1,2108,2133,2109,-1,2109,2133,2134,-1,2109,2134,2110,-1,2110,2134,2135,-1,2110,2135,2111,-1,2111,2135,2136,-1,2111,2136,2112,-1,2112,2136,2137,-1,2112,2137,2113,-1,2113,2137,2138,-1,2113,2138,2114,-1,2114,2138,2115,-1,2138,2139,2115,-1,2115,2139,2140,-1,2115,2140,2116,-1,2116,2140,2141,-1,2116,2141,2117,-1,2117,2141,2142,-1,2117,2142,2118,-1,2118,2142,2143,-1,2118,2143,2119,-1,2119,2143,2144,-1,2119,2144,2120,-1,2120,2144,2145,-1,2120,2145,2121,-1,2121,2145,2146,-1,2121,2146,2122,-1,2122,2146,2147,-1,2122,2147,2123,-1,2123,2147,2148,-1,2123,2148,2124,-1,2124,2148,2149,-1,2124,2149,2125,-1,2125,2149,2150,-1,2125,2150,2126,-1,2126,2150,2151,-1,2126,2151,2127,-1,2127,2151,2152,-1,2127,2152,2128,-1,2128,2152,2153,-1,2128,2153,2129,-1,2129,2153,2154,-1,2129,2154,2130,-1,2130,2154,2155,-1,2130,2155,2131,-1,2131,2155,2156,-1,2131,2156,2132,-1,2132,2156,2157,-1,2132,2157,2133,-1,2133,2157,2158,-1,2133,2158,2134,-1,2134,2158,2159,-1,2134,2159,2135,-1,2135,2159,2160,-1,2135,2160,2136,-1,2136,2160,2161,-1,2136,2161,2137,-1,2137,2161,2162,-1,2137,2162,2138,-1,2138,2162,2139,-1,2162,1680,2139,-1,2139,1680,1678,-1,2139,1678,2140,-1,2140,1678,1676,-1,2140,1676,2141,-1,2141,1676,1674,-1,2141,1674,2142,-1,2142,1674,1672,-1,2142,1672,2143,-1,2143,1672,1670,-1,2143,1670,2144,-1,2144,1670,1668,-1,2144,1668,2145,-1,2145,1668,1666,-1,2145,1666,2146,-1,2146,1666,1664,-1,2146,1664,2147,-1,2147,1664,1662,-1,2147,1662,2148,-1,2148,1662,1660,-1,2148,1660,2149,-1,2149,1660,1706,-1,2149,1706,2150,-1,2150,1706,1704,-1,2150,1704,2151,-1,2151,1704,1702,-1,2151,1702,2152,-1,2152,1702,1700,-1,2152,1700,2153,-1,2153,1700,1698,-1,2153,1698,2154,-1,2154,1698,1696,-1,2154,1696,2155,-1,2155,1696,1694,-1,2155,1694,2156,-1,2156,1694,1692,-1,2156,1692,2157,-1,2157,1692,1690,-1,2157,1690,2158,-1,2158,1690,1688,-1,2158,1688,2159,-1,2159,1688,1686,-1,2159,1686,2160,-1,2160,1686,1684,-1,2160,1684,2161,-1,2161,1684,1682,-1,2161,1682,2162,-1,2162,1682,1680,-1,1683,964,1681,-1,1681,964,966,-1,1681,966,1679,-1,1679,966,968,-1,1679,968,1677,-1,1677,968,970,-1,1677,970,1675,-1,1675,970,972,-1,1675,972,1673,-1,1673,972,974,-1,1673,974,1671,-1,1671,974,976,-1,1671,976,1669,-1,1669,976,978,-1,1669,978,1667,-1,1667,978,980,-1,1667,980,1665,-1,1665,980,982,-1,1665,982,1663,-1,1663,982,984,-1,1663,984,1661,-1,1661,984,986,-1,1661,986,1659,-1,1659,986,988,-1,1659,988,1705,-1,1705,988,990,-1,1705,990,1703,-1,1703,990,992,-1,1703,992,1701,-1,1701,992,994,-1,1701,994,1699,-1,1699,994,996,-1,1699,996,1697,-1,1697,996,998,-1,1697,998,1695,-1,1695,998,1000,-1,1695,1000,1693,-1,1693,1000,1002,-1,1693,1002,1691,-1,1691,1002,1004,-1,1691,1004,1689,-1,1689,1004,1006,-1,1689,1006,1687,-1,1687,1006,1008,-1,1687,1008,1685,-1,1685,1008,962,-1,1685,962,1683,-1,1683,962,964,-1,1635,731,1633,-1,1633,731,730,-1,1633,730,1631,-1,1631,730,729,-1,1631,729,1629,-1,1629,729,728,-1,1629,728,1627,-1,1627,728,727,-1,1627,727,1625,-1,1625,727,726,-1,1625,726,1623,-1,1623,726,725,-1,1623,725,1621,-1,1621,725,724,-1,1621,724,1619,-1,1619,724,723,-1,1619,723,1617,-1,1617,723,722,-1,1617,722,1615,-1,1615,722,721,-1,1615,721,1613,-1,1613,721,744,-1,1613,744,1611,-1,1611,744,743,-1,1611,743,1657,-1,1657,743,742,-1,1657,742,1655,-1,1655,742,741,-1,1655,741,1653,-1,1653,741,740,-1,1653,740,1651,-1,1651,740,739,-1,1651,739,1649,-1,1649,739,738,-1,1649,738,1647,-1,1647,738,737,-1,1647,737,1645,-1,1645,737,736,-1,1645,736,1643,-1,1643,736,735,-1,1643,735,1641,-1,1641,735,734,-1,1641,734,1639,-1,1639,734,733,-1,1639,733,1637,-1,1637,733,732,-1,1637,732,1635,-1,1635,732,731,-1,1658,2163,1612,-1,1612,2163,2164,-1,1612,2164,1614,-1,1614,2164,2165,-1,1614,2165,1616,-1,1616,2165,2166,-1,1616,2166,1618,-1,1618,2166,2167,-1,1618,2167,1620,-1,1620,2167,2168,-1,1620,2168,1622,-1,1622,2168,2169,-1,1622,2169,1624,-1,1624,2169,2170,-1,1624,2170,1626,-1,1626,2170,2171,-1,1626,2171,1628,-1,1628,2171,2172,-1,1628,2172,1630,-1,1630,2172,2173,-1,1630,2173,1632,-1,1632,2173,2174,-1,1632,2174,1634,-1,1634,2174,2175,-1,1634,2175,1636,-1,1636,2175,2176,-1,1636,2176,1638,-1,1638,2176,2177,-1,1638,2177,1640,-1,1640,2177,2178,-1,1640,2178,1642,-1,1642,2178,2179,-1,1642,2179,1644,-1,1644,2179,2180,-1,1644,2180,1646,-1,1646,2180,2181,-1,1646,2181,1648,-1,1648,2181,2182,-1,1648,2182,1650,-1,1650,2182,2183,-1,1650,2183,1652,-1,1652,2183,2184,-1,1652,2184,1654,-1,1654,2184,2185,-1,1654,2185,1656,-1,1656,2185,2186,-1,1656,2186,1658,-1,1658,2186,2163,-1,2186,2187,2163,-1,2163,2187,2188,-1,2163,2188,2164,-1,2164,2188,2189,-1,2164,2189,2165,-1,2165,2189,2190,-1,2165,2190,2166,-1,2166,2190,2191,-1,2166,2191,2167,-1,2167,2191,2192,-1,2167,2192,2168,-1,2168,2192,2193,-1,2168,2193,2169,-1,2169,2193,2194,-1,2169,2194,2170,-1,2170,2194,2195,-1,2170,2195,2171,-1,2171,2195,2196,-1,2171,2196,2172,-1,2172,2196,2197,-1,2172,2197,2173,-1,2173,2197,2198,-1,2173,2198,2174,-1,2174,2198,2199,-1,2174,2199,2175,-1,2175,2199,2200,-1,2175,2200,2176,-1,2176,2200,2201,-1,2176,2201,2177,-1,2177,2201,2202,-1,2177,2202,2178,-1,2178,2202,2203,-1,2178,2203,2179,-1,2179,2203,2204,-1,2179,2204,2180,-1,2180,2204,2205,-1,2180,2205,2181,-1,2181,2205,2206,-1,2181,2206,2182,-1,2182,2206,2207,-1,2182,2207,2183,-1,2183,2207,2208,-1,2183,2208,2184,-1,2184,2208,2209,-1,2184,2209,2185,-1,2185,2209,2210,-1,2185,2210,2186,-1,2186,2210,2187,-1,2210,2211,2187,-1,2187,2211,2212,-1,2187,2212,2188,-1,2188,2212,2213,-1,2188,2213,2189,-1,2189,2213,2214,-1,2189,2214,2190,-1,2190,2214,2215,-1,2190,2215,2191,-1,2191,2215,2216,-1,2191,2216,2192,-1,2192,2216,2217,-1,2192,2217,2193,-1,2193,2217,2218,-1,2193,2218,2194,-1,2194,2218,2219,-1,2194,2219,2195,-1,2195,2219,2220,-1,2195,2220,2196,-1,2196,2220,2221,-1,2196,2221,2197,-1,2197,2221,2222,-1,2197,2222,2198,-1,2198,2222,2223,-1,2198,2223,2199,-1,2199,2223,2224,-1,2199,2224,2200,-1,2200,2224,2225,-1,2200,2225,2201,-1,2201,2225,2226,-1,2201,2226,2202,-1,2202,2226,2227,-1,2202,2227,2203,-1,2203,2227,2228,-1,2203,2228,2204,-1,2204,2228,2229,-1,2204,2229,2205,-1,2205,2229,2230,-1,2205,2230,2206,-1,2206,2230,2231,-1,2206,2231,2207,-1,2207,2231,2232,-1,2207,2232,2208,-1,2208,2232,2233,-1,2208,2233,2209,-1,2209,2233,2234,-1,2209,2234,2210,-1,2210,2234,2211,-1,2234,2235,2211,-1,2211,2235,2236,-1,2211,2236,2212,-1,2212,2236,2237,-1,2212,2237,2213,-1,2213,2237,2238,-1,2213,2238,2214,-1,2214,2238,2239,-1,2214,2239,2215,-1,2215,2239,2240,-1,2215,2240,2216,-1,2216,2240,2241,-1,2216,2241,2217,-1,2217,2241,2242,-1,2217,2242,2218,-1,2218,2242,2243,-1,2218,2243,2219,-1,2219,2243,2244,-1,2219,2244,2220,-1,2220,2244,2245,-1,2220,2245,2221,-1,2221,2245,2246,-1,2221,2246,2222,-1,2222,2246,2247,-1,2222,2247,2223,-1,2223,2247,2248,-1,2223,2248,2224,-1,2224,2248,2249,-1,2224,2249,2225,-1,2225,2249,2250,-1,2225,2250,2226,-1,2226,2250,2251,-1,2226,2251,2227,-1,2227,2251,2252,-1,2227,2252,2228,-1,2228,2252,2253,-1,2228,2253,2229,-1,2229,2253,2254,-1,2229,2254,2230,-1,2230,2254,2255,-1,2230,2255,2231,-1,2231,2255,2256,-1,2231,2256,2232,-1,2232,2256,2257,-1,2232,2257,2233,-1,2233,2257,2258,-1,2233,2258,2234,-1,2234,2258,2235,-1,2258,2259,2235,-1,2235,2259,2260,-1,2235,2260,2236,-1,2236,2260,2261,-1,2236,2261,2237,-1,2237,2261,2262,-1,2237,2262,2238,-1,2238,2262,2263,-1,2238,2263,2239,-1,2239,2263,2264,-1,2239,2264,2240,-1,2240,2264,2265,-1,2240,2265,2241,-1,2241,2265,2266,-1,2241,2266,2242,-1,2242,2266,2267,-1,2242,2267,2243,-1,2243,2267,2268,-1,2243,2268,2244,-1,2244,2268,2269,-1,2244,2269,2245,-1,2245,2269,2270,-1,2245,2270,2246,-1,2246,2270,2271,-1,2246,2271,2247,-1,2247,2271,2272,-1,2247,2272,2248,-1,2248,2272,2273,-1,2248,2273,2249,-1,2249,2273,2274,-1,2249,2274,2250,-1,2250,2274,2275,-1,2250,2275,2251,-1,2251,2275,2276,-1,2251,2276,2252,-1,2252,2276,2277,-1,2252,2277,2253,-1,2253,2277,2278,-1,2253,2278,2254,-1,2254,2278,2279,-1,2254,2279,2255,-1,2255,2279,2280,-1,2255,2280,2256,-1,2256,2280,2281,-1,2256,2281,2257,-1,2257,2281,2282,-1,2257,2282,2258,-1,2258,2282,2259,-1,2282,746,2259,-1,2259,746,745,-1,2259,745,2260,-1,2260,745,752,-1,2260,752,2261,-1,2261,752,751,-1,2261,751,2262,-1,2262,751,750,-1,2262,750,2263,-1,2263,750,755,-1,2263,755,2264,-1,2264,755,754,-1,2264,754,2265,-1,2265,754,753,-1,2265,753,2266,-1,2266,753,758,-1,2266,758,2267,-1,2267,758,757,-1,2267,757,2268,-1,2268,757,756,-1,2268,756,2269,-1,2269,756,761,-1,2269,761,2270,-1,2270,761,760,-1,2270,760,2271,-1,2271,760,759,-1,2271,759,2272,-1,2272,759,764,-1,2272,764,2273,-1,2273,764,763,-1,2273,763,2274,-1,2274,763,762,-1,2274,762,2275,-1,2275,762,767,-1,2275,767,2276,-1,2276,767,766,-1,2276,766,2277,-1,2277,766,765,-1,2277,765,2278,-1,2278,765,769,-1,2278,769,2279,-1,2279,769,768,-1,2279,768,2280,-1,2280,768,749,-1,2280,749,2281,-1,2281,749,748,-1,2281,748,2282,-1,2282,748,746,-1,1445,2283,1446,-1,1446,2283,2284,-1,1446,2284,1465,-1,1465,2284,2285,-1,1465,2285,1466,-1,1466,2285,2286,-1,1466,2286,1462,-1,1462,2286,2287,-1,1462,2287,1463,-1,1463,2287,2288,-1,1463,2288,1464,-1,1464,2288,2289,-1,1464,2289,1459,-1,1459,2289,2290,-1,1459,2290,1460,-1,1460,2290,2291,-1,1460,2291,1461,-1,1461,2291,2292,-1,1461,2292,1456,-1,1456,2292,2293,-1,1456,2293,1457,-1,1457,2293,2294,-1,1457,2294,1458,-1,1458,2294,2295,-1,1458,2295,1453,-1,1453,2295,2296,-1,1453,2296,1454,-1,1454,2296,2297,-1,1454,2297,1455,-1,1455,2297,2298,-1,1455,2298,1450,-1,1450,2298,2299,-1,1450,2299,1451,-1,1451,2299,2300,-1,1451,2300,1452,-1,1452,2300,2301,-1,1452,2301,1447,-1,1447,2301,2302,-1,1447,2302,1448,-1,1448,2302,2303,-1,1448,2303,1449,-1,1449,2303,2304,-1,1449,2304,1442,-1,1442,2304,2305,-1,1442,2305,1443,-1,1443,2305,2306,-1,1443,2306,1445,-1,1445,2306,2283,-1,2306,2307,2283,-1,2283,2307,2308,-1,2283,2308,2284,-1,2284,2308,2309,-1,2284,2309,2285,-1,2285,2309,2310,-1,2285,2310,2286,-1,2286,2310,2311,-1,2286,2311,2287,-1,2287,2311,2312,-1,2287,2312,2288,-1,2288,2312,2313,-1,2288,2313,2289,-1,2289,2313,2314,-1,2289,2314,2290,-1,2290,2314,2315,-1,2290,2315,2291,-1,2291,2315,2316,-1,2291,2316,2292,-1,2292,2316,2317,-1,2292,2317,2293,-1,2293,2317,2318,-1,2293,2318,2294,-1,2294,2318,2319,-1,2294,2319,2295,-1,2295,2319,2320,-1,2295,2320,2296,-1,2296,2320,2321,-1,2296,2321,2297,-1,2297,2321,2322,-1,2297,2322,2298,-1,2298,2322,2323,-1,2298,2323,2299,-1,2299,2323,2324,-1,2299,2324,2300,-1,2300,2324,2325,-1,2300,2325,2301,-1,2301,2325,2326,-1,2301,2326,2302,-1,2302,2326,2327,-1,2302,2327,2303,-1,2303,2327,2328,-1,2303,2328,2304,-1,2304,2328,2329,-1,2304,2329,2305,-1,2305,2329,2330,-1,2305,2330,2306,-1,2306,2330,2307,-1,2330,2331,2307,-1,2307,2331,2332,-1,2307,2332,2308,-1,2308,2332,2333,-1,2308,2333,2309,-1,2309,2333,2334,-1,2309,2334,2310,-1,2310,2334,2335,-1,2310,2335,2311,-1,2311,2335,2336,-1,2311,2336,2312,-1,2312,2336,2337,-1,2312,2337,2313,-1,2313,2337,2338,-1,2313,2338,2314,-1,2314,2338,2339,-1,2314,2339,2315,-1,2315,2339,2340,-1,2315,2340,2316,-1,2316,2340,2341,-1,2316,2341,2317,-1,2317,2341,2342,-1,2317,2342,2318,-1,2318,2342,2343,-1,2318,2343,2319,-1,2319,2343,2344,-1,2319,2344,2320,-1,2320,2344,2345,-1,2320,2345,2321,-1,2321,2345,2346,-1,2321,2346,2322,-1,2322,2346,2347,-1,2322,2347,2323,-1,2323,2347,2348,-1,2323,2348,2324,-1,2324,2348,2349,-1,2324,2349,2325,-1,2325,2349,2350,-1,2325,2350,2326,-1,2326,2350,2351,-1,2326,2351,2327,-1,2327,2351,2352,-1,2327,2352,2328,-1,2328,2352,2353,-1,2328,2353,2329,-1,2329,2353,2354,-1,2329,2354,2330,-1,2330,2354,2331,-1,2354,2355,2331,-1,2331,2355,2356,-1,2331,2356,2332,-1,2332,2356,2357,-1,2332,2357,2333,-1,2333,2357,2358,-1,2333,2358,2334,-1,2334,2358,2359,-1,2334,2359,2335,-1,2335,2359,2360,-1,2335,2360,2336,-1,2336,2360,2361,-1,2336,2361,2337,-1,2337,2361,2362,-1,2337,2362,2338,-1,2338,2362,2363,-1,2338,2363,2339,-1,2339,2363,2364,-1,2339,2364,2340,-1,2340,2364,2365,-1,2340,2365,2341,-1,2341,2365,2366,-1,2341,2366,2342,-1,2342,2366,2367,-1,2342,2367,2343,-1,2343,2367,2368,-1,2343,2368,2344,-1,2344,2368,2369,-1,2344,2369,2345,-1,2345,2369,2370,-1,2345,2370,2346,-1,2346,2370,2371,-1,2346,2371,2347,-1,2347,2371,2372,-1,2347,2372,2348,-1,2348,2372,2373,-1,2348,2373,2349,-1,2349,2373,2374,-1,2349,2374,2350,-1,2350,2374,2375,-1,2350,2375,2351,-1,2351,2375,2376,-1,2351,2376,2352,-1,2352,2376,2377,-1,2352,2377,2353,-1,2353,2377,2378,-1,2353,2378,2354,-1,2354,2378,2355,-1,2378,2379,2355,-1,2355,2379,2380,-1,2355,2380,2356,-1,2356,2380,2381,-1,2356,2381,2357,-1,2357,2381,2382,-1,2357,2382,2358,-1,2358,2382,2383,-1,2358,2383,2359,-1,2359,2383,2384,-1,2359,2384,2360,-1,2360,2384,2385,-1,2360,2385,2361,-1,2361,2385,2386,-1,2361,2386,2362,-1,2362,2386,2387,-1,2362,2387,2363,-1,2363,2387,2388,-1,2363,2388,2364,-1,2364,2388,2389,-1,2364,2389,2365,-1,2365,2389,2390,-1,2365,2390,2366,-1,2366,2390,2391,-1,2366,2391,2367,-1,2367,2391,2392,-1,2367,2392,2368,-1,2368,2392,2393,-1,2368,2393,2369,-1,2369,2393,2394,-1,2369,2394,2370,-1,2370,2394,2395,-1,2370,2395,2371,-1,2371,2395,2396,-1,2371,2396,2372,-1,2372,2396,2397,-1,2372,2397,2373,-1,2373,2397,2398,-1,2373,2398,2374,-1,2374,2398,2399,-1,2374,2399,2375,-1,2375,2399,2400,-1,2375,2400,2376,-1,2376,2400,2401,-1,2376,2401,2377,-1,2377,2401,2402,-1,2377,2402,2378,-1,2378,2402,2379,-1,2402,1776,2379,-1,2379,1776,1774,-1,2379,1774,2380,-1,2380,1774,1772,-1,2380,1772,2381,-1,2381,1772,1770,-1,2381,1770,2382,-1,2382,1770,1768,-1,2382,1768,2383,-1,2383,1768,1766,-1,2383,1766,2384,-1,2384,1766,1764,-1,2384,1764,2385,-1,2385,1764,1762,-1,2385,1762,2386,-1,2386,1762,1760,-1,2386,1760,2387,-1,2387,1760,1758,-1,2387,1758,2388,-1,2388,1758,1756,-1,2388,1756,2389,-1,2389,1756,1802,-1,2389,1802,2390,-1,2390,1802,1800,-1,2390,1800,2391,-1,2391,1800,1798,-1,2391,1798,2392,-1,2392,1798,1796,-1,2392,1796,2393,-1,2393,1796,1794,-1,2393,1794,2394,-1,2394,1794,1792,-1,2394,1792,2395,-1,2395,1792,1790,-1,2395,1790,2396,-1,2396,1790,1788,-1,2396,1788,2397,-1,2397,1788,1786,-1,2397,1786,2398,-1,2398,1786,1784,-1,2398,1784,2399,-1,2399,1784,1782,-1,2399,1782,2400,-1,2400,1782,1780,-1,2400,1780,2401,-1,2401,1780,1778,-1,2401,1778,2402,-1,2402,1778,1776,-1,1779,1469,1777,-1,1777,1469,1471,-1,1777,1471,1775,-1,1775,1471,1473,-1,1775,1473,1773,-1,1773,1473,1475,-1,1773,1475,1771,-1,1771,1475,1477,-1,1771,1477,1769,-1,1769,1477,1479,-1,1769,1479,1767,-1,1767,1479,1481,-1,1767,1481,1765,-1,1765,1481,1483,-1,1765,1483,1763,-1,1763,1483,1485,-1,1763,1485,1761,-1,1761,1485,1487,-1,1761,1487,1759,-1,1759,1487,1489,-1,1759,1489,1757,-1,1757,1489,1491,-1,1757,1491,1755,-1,1755,1491,1493,-1,1755,1493,1801,-1,1801,1493,1495,-1,1801,1495,1799,-1,1799,1495,1497,-1,1799,1497,1797,-1,1797,1497,1499,-1,1797,1499,1795,-1,1795,1499,1501,-1,1795,1501,1793,-1,1793,1501,1503,-1,1793,1503,1791,-1,1791,1503,1505,-1,1791,1505,1789,-1,1789,1505,1507,-1,1789,1507,1787,-1,1787,1507,1509,-1,1787,1509,1785,-1,1785,1509,1511,-1,1785,1511,1783,-1,1783,1511,1513,-1,1783,1513,1781,-1,1781,1513,1467,-1,1781,1467,1779,-1,1779,1467,1469,-1,1731,1236,1729,-1,1729,1236,1235,-1,1729,1235,1727,-1,1727,1235,1234,-1,1727,1234,1725,-1,1725,1234,1233,-1,1725,1233,1723,-1,1723,1233,1232,-1,1723,1232,1721,-1,1721,1232,1231,-1,1721,1231,1719,-1,1719,1231,1230,-1,1719,1230,1717,-1,1717,1230,1229,-1,1717,1229,1715,-1,1715,1229,1228,-1,1715,1228,1713,-1,1713,1228,1227,-1,1713,1227,1711,-1,1711,1227,1226,-1,1711,1226,1709,-1,1709,1226,1249,-1,1709,1249,1707,-1,1707,1249,1248,-1,1707,1248,1753,-1,1753,1248,1247,-1,1753,1247,1751,-1,1751,1247,1246,-1,1751,1246,1749,-1,1749,1246,1245,-1,1749,1245,1747,-1,1747,1245,1244,-1,1747,1244,1745,-1,1745,1244,1243,-1,1745,1243,1743,-1,1743,1243,1242,-1,1743,1242,1741,-1,1741,1242,1241,-1,1741,1241,1739,-1,1739,1241,1240,-1,1739,1240,1737,-1,1737,1240,1239,-1,1737,1239,1735,-1,1735,1239,1238,-1,1735,1238,1733,-1,1733,1238,1237,-1,1733,1237,1731,-1,1731,1237,1236,-1,1754,2403,1708,-1,1708,2403,2404,-1,1708,2404,1710,-1,1710,2404,2405,-1,1710,2405,1712,-1,1712,2405,2406,-1,1712,2406,1714,-1,1714,2406,2407,-1,1714,2407,1716,-1,1716,2407,2408,-1,1716,2408,1718,-1,1718,2408,2409,-1,1718,2409,1720,-1,1720,2409,2410,-1,1720,2410,1722,-1,1722,2410,2411,-1,1722,2411,1724,-1,1724,2411,2412,-1,1724,2412,1726,-1,1726,2412,2413,-1,1726,2413,1728,-1,1728,2413,2414,-1,1728,2414,1730,-1,1730,2414,2415,-1,1730,2415,1732,-1,1732,2415,2416,-1,1732,2416,1734,-1,1734,2416,2417,-1,1734,2417,1736,-1,1736,2417,2418,-1,1736,2418,1738,-1,1738,2418,2419,-1,1738,2419,1740,-1,1740,2419,2420,-1,1740,2420,1742,-1,1742,2420,2421,-1,1742,2421,1744,-1,1744,2421,2422,-1,1744,2422,1746,-1,1746,2422,2423,-1,1746,2423,1748,-1,1748,2423,2424,-1,1748,2424,1750,-1,1750,2424,2425,-1,1750,2425,1752,-1,1752,2425,2426,-1,1752,2426,1754,-1,1754,2426,2403,-1,2426,2427,2403,-1,2403,2427,2428,-1,2403,2428,2404,-1,2404,2428,2429,-1,2404,2429,2405,-1,2405,2429,2430,-1,2405,2430,2406,-1,2406,2430,2431,-1,2406,2431,2407,-1,2407,2431,2432,-1,2407,2432,2408,-1,2408,2432,2433,-1,2408,2433,2409,-1,2409,2433,2434,-1,2409,2434,2410,-1,2410,2434,2435,-1,2410,2435,2411,-1,2411,2435,2436,-1,2411,2436,2412,-1,2412,2436,2437,-1,2412,2437,2413,-1,2413,2437,2438,-1,2413,2438,2414,-1,2414,2438,2439,-1,2414,2439,2415,-1,2415,2439,2440,-1,2415,2440,2416,-1,2416,2440,2441,-1,2416,2441,2417,-1,2417,2441,2442,-1,2417,2442,2418,-1,2418,2442,2443,-1,2418,2443,2419,-1,2419,2443,2444,-1,2419,2444,2420,-1,2420,2444,2445,-1,2420,2445,2421,-1,2421,2445,2446,-1,2421,2446,2422,-1,2422,2446,2447,-1,2422,2447,2423,-1,2423,2447,2448,-1,2423,2448,2424,-1,2424,2448,2449,-1,2424,2449,2425,-1,2425,2449,2450,-1,2425,2450,2426,-1,2426,2450,2427,-1,2450,2451,2427,-1,2427,2451,2452,-1,2427,2452,2428,-1,2428,2452,2453,-1,2428,2453,2429,-1,2429,2453,2454,-1,2429,2454,2430,-1,2430,2454,2455,-1,2430,2455,2431,-1,2431,2455,2456,-1,2431,2456,2432,-1,2432,2456,2457,-1,2432,2457,2433,-1,2433,2457,2458,-1,2433,2458,2434,-1,2434,2458,2459,-1,2434,2459,2435,-1,2435,2459,2460,-1,2435,2460,2436,-1,2436,2460,2461,-1,2436,2461,2437,-1,2437,2461,2462,-1,2437,2462,2438,-1,2438,2462,2463,-1,2438,2463,2439,-1,2439,2463,2464,-1,2439,2464,2440,-1,2440,2464,2465,-1,2440,2465,2441,-1,2441,2465,2466,-1,2441,2466,2442,-1,2442,2466,2467,-1,2442,2467,2443,-1,2443,2467,2468,-1,2443,2468,2444,-1,2444,2468,2469,-1,2444,2469,2445,-1,2445,2469,2470,-1,2445,2470,2446,-1,2446,2470,2471,-1,2446,2471,2447,-1,2447,2471,2472,-1,2447,2472,2448,-1,2448,2472,2473,-1,2448,2473,2449,-1,2449,2473,2474,-1,2449,2474,2450,-1,2450,2474,2451,-1,2474,2475,2451,-1,2451,2475,2476,-1,2451,2476,2452,-1,2452,2476,2477,-1,2452,2477,2453,-1,2453,2477,2478,-1,2453,2478,2454,-1,2454,2478,2479,-1,2454,2479,2455,-1,2455,2479,2480,-1,2455,2480,2456,-1,2456,2480,2481,-1,2456,2481,2457,-1,2457,2481,2482,-1,2457,2482,2458,-1,2458,2482,2483,-1,2458,2483,2459,-1,2459,2483,2484,-1,2459,2484,2460,-1,2460,2484,2485,-1,2460,2485,2461,-1,2461,2485,2486,-1,2461,2486,2462,-1,2462,2486,2487,-1,2462,2487,2463,-1,2463,2487,2488,-1,2463,2488,2464,-1,2464,2488,2489,-1,2464,2489,2465,-1,2465,2489,2490,-1,2465,2490,2466,-1,2466,2490,2491,-1,2466,2491,2467,-1,2467,2491,2492,-1,2467,2492,2468,-1,2468,2492,2493,-1,2468,2493,2469,-1,2469,2493,2494,-1,2469,2494,2470,-1,2470,2494,2495,-1,2470,2495,2471,-1,2471,2495,2496,-1,2471,2496,2472,-1,2472,2496,2497,-1,2472,2497,2473,-1,2473,2497,2498,-1,2473,2498,2474,-1,2474,2498,2475,-1,2498,2499,2475,-1,2475,2499,2500,-1,2475,2500,2476,-1,2476,2500,2501,-1,2476,2501,2477,-1,2477,2501,2502,-1,2477,2502,2478,-1,2478,2502,2503,-1,2478,2503,2479,-1,2479,2503,2504,-1,2479,2504,2480,-1,2480,2504,2505,-1,2480,2505,2481,-1,2481,2505,2506,-1,2481,2506,2482,-1,2482,2506,2507,-1,2482,2507,2483,-1,2483,2507,2508,-1,2483,2508,2484,-1,2484,2508,2509,-1,2484,2509,2485,-1,2485,2509,2510,-1,2485,2510,2486,-1,2486,2510,2511,-1,2486,2511,2487,-1,2487,2511,2512,-1,2487,2512,2488,-1,2488,2512,2513,-1,2488,2513,2489,-1,2489,2513,2514,-1,2489,2514,2490,-1,2490,2514,2515,-1,2490,2515,2491,-1,2491,2515,2516,-1,2491,2516,2492,-1,2492,2516,2517,-1,2492,2517,2493,-1,2493,2517,2518,-1,2493,2518,2494,-1,2494,2518,2519,-1,2494,2519,2495,-1,2495,2519,2520,-1,2495,2520,2496,-1,2496,2520,2521,-1,2496,2521,2497,-1,2497,2521,2522,-1,2497,2522,2498,-1,2498,2522,2499,-1,2522,1251,2499,-1,2499,1251,1250,-1,2499,1250,2500,-1,2500,1250,1257,-1,2500,1257,2501,-1,2501,1257,1256,-1,2501,1256,2502,-1,2502,1256,1255,-1,2502,1255,2503,-1,2503,1255,1260,-1,2503,1260,2504,-1,2504,1260,1259,-1,2504,1259,2505,-1,2505,1259,1258,-1,2505,1258,2506,-1,2506,1258,1263,-1,2506,1263,2507,-1,2507,1263,1262,-1,2507,1262,2508,-1,2508,1262,1261,-1,2508,1261,2509,-1,2509,1261,1266,-1,2509,1266,2510,-1,2510,1266,1265,-1,2510,1265,2511,-1,2511,1265,1264,-1,2511,1264,2512,-1,2512,1264,1269,-1,2512,1269,2513,-1,2513,1269,1268,-1,2513,1268,2514,-1,2514,1268,1267,-1,2514,1267,2515,-1,2515,1267,1272,-1,2515,1272,2516,-1,2516,1272,1271,-1,2516,1271,2517,-1,2517,1271,1270,-1,2517,1270,2518,-1,2518,1270,1274,-1,2518,1274,2519,-1,2519,1274,1273,-1,2519,1273,2520,-1,2520,1273,1254,-1,2520,1254,2521,-1,2521,1254,1253,-1,2521,1253,2522,-1,2522,1253,1251,-1,
        ]
    }
}