#VRML V2.0 utf8
# 3D model generated by easyeda2kicad.py (https://github.com/uPesy/easyeda2kicad.py)

Shape{
    appearance Appearance {
        material  Material 	{
            diffuseColor 0.7686274509803922 0.7686274509803922 0.7686274509803922
            specularColor 0.615686274509804 0.615686274509804 0.615686274509804
            ambientIntensity 0.7686
            transparency 0.0
            shininess 0.5
        }
    }
    geometry IndexedFaceSet {
        ccw TRUE
        solid FALSE
        coord DEF co Coordinate {
            point [
                -1.2539 -1.5453 0.0197, -1.1949 -1.5453 0.0197, -1.2539 -1.5453 1.0472, -1.1949 -1.5453 1.0472, -1.1752 -1.5256 1.0669, -1.1752 -1.1516 1.0669, -1.2736 -1.5256 1.0669, -1.2736 -1.1516 1.0669, -1.2736 -1.1516 0.3976, -1.1752 -1.1516 0.3976, -1.2736 -0.2461 0.3976, -1.1752 -0.2461 0.3976, -1.2736 -0.2461 0.0197, -1.1752 -0.2461 0.0197, -1.1949 -0.2658 0.0, -1.1949 -1.5256 0.0, -1.2539 -0.2658 0.0, -1.2539 -1.5256 0.0, -1.2736 -1.5256 0.0197, -1.1752 -1.5256 0.0197, -1.1754 -0.2462 0.0171, -1.1759 -1.5256 0.0146, -1.1778 -1.5256 0.0098, -1.1767 -0.2476 0.0122, -1.1759 -0.2467 0.0146, -1.181 -0.2518 0.0058, -1.1793 -0.2501 0.0077, -1.1778 -0.2487 0.0098, -1.181 -1.5256 0.0058, -1.185 -1.5256 0.0026, -1.185 -0.2559 0.0026, -1.1898 -1.5256 0.0007, -1.1898 -0.2607 0.0007, -1.2734 -0.2462 0.0171, -1.2729 -0.2467 0.0146, -1.2721 -0.2476 0.0122, -1.271 -0.2487 0.0098, -1.2695 -0.2501 0.0077, -1.2679 -0.2518 0.0058, -1.2638 -0.2559 0.0026, -1.259 -0.2607 0.0007, -1.1759 -1.5307 0.0197, -1.1778 -1.5354 0.0197, -1.1765 -1.5305 0.0146, -1.1784 -1.5351 0.0146, -1.1784 -1.53 0.0098, -1.1801 -1.5341 0.0098, -1.1814 -1.5292 0.0058, -1.1828 -1.5326 0.0058, -1.1854 -1.5281 0.0026, -1.1864 -1.5305 0.0026, -1.19 -1.5269 0.0007, -1.1905 -1.5281 0.0007, -1.181 -1.5395 0.0197, -1.1814 -1.539 0.0146, -1.1828 -1.5376 0.0098, -1.185 -1.5354 0.0058, -1.1879 -1.5326 0.0026, -1.1913 -1.5292 0.0007, -1.185 -1.5426 0.0197, -1.1898 -1.5446 0.0197, -1.1854 -1.5421 0.0146, -1.19 -1.544 0.0146, -1.1864 -1.5404 0.0098, -1.1905 -1.5421 0.0098, -1.1879 -1.5376 0.0058, -1.1913 -1.539 0.0058, -1.19 -1.5341 0.0026, -1.1923 -1.5351 0.0026, -1.1923 -1.53 0.0007, -1.1936 -1.5305 0.0007, -1.1949 -1.5446 0.0146, -1.1949 -1.5426 0.0098, -1.1949 -1.5395 0.0058, -1.1949 -1.5354 0.0026, -1.1949 -1.5307 0.0007, -1.2539 -1.5307 0.0007, -1.2539 -1.5354 0.0026, -1.2539 -1.5395 0.0058, -1.2539 -1.5426 0.0098, -1.2539 -1.5446 0.0146, -1.259 -1.5256 0.0007, -1.2638 -1.5256 0.0026, -1.2679 -1.5256 0.0058, -1.271 -1.5256 0.0098, -1.2729 -1.5256 0.0146, -1.1898 -1.5446 1.0523, -1.185 -1.5426 1.0571, -1.181 -1.5395 1.0612, -1.1793 -1.5376 1.0629, -1.1778 -1.5354 1.0643, -1.1767 -1.5331 1.0654, -1.1759 -1.5307 1.0663, -1.1754 -1.5282 1.0668, -1.259 -1.5446 0.0197, -1.2638 -1.5426 0.0197, -1.2589 -1.544 0.0146, -1.2634 -1.5421 0.0146, -1.2583 -1.5421 0.0098, -1.2625 -1.5404 0.0098, -1.2575 -1.539 0.0058, -1.2609 -1.5376 0.0058, -1.2565 -1.5351 0.0026, -1.2589 -1.5341 0.0026, -1.2553 -1.5305 0.0007, -1.2565 -1.53 0.0007, -1.2679 -1.5395 0.0197, -1.2674 -1.539 0.0146, -1.266 -1.5376 0.0098, -1.2638 -1.5354 0.0058, -1.2609 -1.5326 0.0026, -1.2575 -1.5292 0.0007, -1.271 -1.5354 0.0197, -1.2729 -1.5307 0.0197, -1.2704 -1.5351 0.0146, -1.2723 -1.5305 0.0146, -1.2687 -1.5341 0.0098, -1.2704 -1.53 0.0098, -1.266 -1.5326 0.0058, -1.2674 -1.5292 0.0058, -1.2625 -1.5305 0.0026, -1.2634 -1.5281 0.0026, -1.2583 -1.5281 0.0007, -1.2589 -1.5269 0.0007, -1.2638 -1.5426 1.0571, -1.259 -1.5446 1.0523, -1.2734 -1.5282 1.0668, -1.2729 -1.5307 1.0663, -1.2721 -1.5331 1.0654, -1.271 -1.5354 1.0643, -1.2695 -1.5376 1.0629, -1.2679 -1.5395 1.0612, 1.2854 -1.1516 0.3976, 1.2854 -0.2461 0.3976, 1.187 -1.1516 0.3976, 1.187 -0.2461 0.3976, 1.2854 -1.1516 1.0669, 1.187 -1.1516 1.0669, 1.2854 -1.5256 1.0669, 1.187 -1.5256 1.0669, 1.2067 -1.5453 1.0472, 1.2067 -1.5453 0.0197, 1.2658 -1.5453 1.0472, 1.2658 -1.5453 0.0197, 1.2658 -1.5256 0.0, 1.2067 -1.5256 0.0, 1.2658 -0.2658 0.0, 1.2067 -0.2658 0.0, 1.187 -0.2461 0.0197, 1.2854 -0.2461 0.0197, 1.2854 -1.5256 0.0197, 1.187 -1.5256 0.0197, 1.1872 -1.5282 1.0668, 1.1877 -1.5307 0.0197, 1.1896 -1.5354 0.0197, 1.1885 -1.5331 1.0654, 1.1877 -1.5307 1.0663, 1.1928 -1.5395 1.0612, 1.1911 -1.5376 1.0629, 1.1896 -1.5354 1.0643, 1.1928 -1.5395 0.0197, 1.1969 -1.5426 0.0197, 1.1969 -1.5426 1.0571, 1.2016 -1.5446 0.0197, 1.2016 -1.5446 1.0523, 1.2018 -1.544 0.0146, 1.1972 -1.5421 0.0146, 1.2023 -1.5421 0.0098, 1.1982 -1.5404 0.0098, 1.2031 -1.539 0.0058, 1.1997 -1.5376 0.0058, 1.2042 -1.5351 0.0026, 1.2018 -1.5341 0.0026, 1.2054 -1.5305 0.0007, 1.2042 -1.53 0.0007, 1.1933 -1.539 0.0146, 1.1946 -1.5376 0.0098, 1.1969 -1.5354 0.0058, 1.1997 -1.5326 0.0026, 1.2031 -1.5292 0.0007, 1.2067 -1.5446 0.0146, 1.2067 -1.5426 0.0098, 1.2067 -1.5395 0.0058, 1.2067 -1.5354 0.0026, 1.2067 -1.5307 0.0007, 1.1902 -1.5351 0.0146, 1.1883 -1.5305 0.0146, 1.1919 -1.5341 0.0098, 1.1902 -1.53 0.0098, 1.1946 -1.5326 0.0058, 1.1933 -1.5292 0.0058, 1.1982 -1.5305 0.0026, 1.1972 -1.5281 0.0026, 1.2023 -1.5281 0.0007, 1.2018 -1.5269 0.0007, 1.1877 -1.5256 0.0146, 1.1896 -1.5256 0.0098, 1.1928 -1.5256 0.0058, 1.1969 -1.5256 0.0026, 1.2016 -1.5256 0.0007, 1.2797 -1.5395 1.0612, 1.2814 -1.5376 1.0629, 1.2828 -1.5354 1.0643, 1.2839 -1.5331 1.0654, 1.2848 -1.5307 1.0663, 1.2853 -1.5282 1.0668, 1.2756 -1.5426 1.0571, 1.2708 -1.5446 1.0523, 1.2016 -0.2607 0.0007, 1.1969 -0.2559 0.0026, 1.1928 -0.2518 0.0058, 1.1911 -0.2501 0.0077, 1.1896 -0.2487 0.0098, 1.1885 -0.2476 0.0122, 1.1877 -0.2467 0.0146, 1.1872 -0.2462 0.0171, 1.2658 -1.5446 0.0146, 1.2658 -1.5426 0.0098, 1.2658 -1.5395 0.0058, 1.2658 -1.5354 0.0026, 1.2658 -1.5307 0.0007, 1.2708 -1.5446 0.0197, 1.2756 -1.5426 0.0197, 1.2797 -1.5395 0.0197, 1.2828 -1.5354 0.0197, 1.2848 -1.5307 0.0197, 1.2708 -0.2607 0.0007, 1.2756 -0.2559 0.0026, 1.2797 -0.2518 0.0058, 1.2814 -0.2501 0.0077, 1.2828 -0.2487 0.0098, 1.2839 -0.2476 0.0122, 1.2853 -0.2462 0.0171, 1.2848 -0.2467 0.0146, 1.2841 -1.5305 0.0146, 1.2822 -1.5351 0.0146, 1.2822 -1.53 0.0098, 1.2805 -1.5341 0.0098, 1.2792 -1.5292 0.0058, 1.2778 -1.5326 0.0058, 1.2753 -1.5281 0.0026, 1.2743 -1.5305 0.0026, 1.2707 -1.5269 0.0007, 1.2702 -1.5281 0.0007, 1.2792 -1.539 0.0146, 1.2778 -1.5376 0.0098, 1.2756 -1.5354 0.0058, 1.2727 -1.5326 0.0026, 1.2694 -1.5292 0.0007, 1.2848 -1.5256 0.0146, 1.2828 -1.5256 0.0098, 1.2797 -1.5256 0.0058, 1.2756 -1.5256 0.0026, 1.2708 -1.5256 0.0007, 1.2753 -1.5421 0.0146, 1.2707 -1.544 0.0146, 1.2743 -1.5404 0.0098, 1.2702 -1.5421 0.0098, 1.2727 -1.5376 0.0058, 1.2694 -1.539 0.0058, 1.2707 -1.5341 0.0026, 1.2683 -1.5351 0.0026, 1.2683 -1.53 0.0007, 1.2671 -1.5305 0.0007
            ]
        }
        coordIndex [
            0,1,2,-1,2,1,3,-1,4,5,6,-1,6,5,7,-1,8,7,9,-1,9,7,5,-1,10,8,11,-1,11,8,9,-1,12,10,13,-1,13,10,11,-1,14,15,16,-1,16,15,17,-1,10,12,8,-1,8,12,18,-1,8,18,7,-1,7,18,6,-1,5,4,9,-1,9,4,19,-1,9,19,11,-1,11,19,13,-1,13,19,20,-1,20,19,21,-1,22,23,21,-1,21,23,24,-1,21,24,20,-1,25,26,22,-1,22,26,27,-1,22,27,23,-1,22,28,25,-1,25,28,29,-1,25,29,30,-1,30,29,31,-1,30,31,32,-1,32,31,15,-1,32,15,14,-1,12,13,20,-1,12,20,33,-1,33,20,24,-1,33,24,34,-1,34,24,23,-1,34,23,35,-1,35,23,27,-1,35,27,36,-1,36,27,37,-1,37,27,26,-1,37,26,38,-1,26,25,38,-1,38,25,30,-1,38,30,39,-1,39,30,32,-1,39,32,40,-1,40,32,14,-1,40,14,16,-1,41,42,43,-1,43,42,44,-1,43,44,45,-1,45,44,46,-1,45,46,47,-1,47,46,48,-1,47,48,49,-1,49,48,50,-1,49,50,51,-1,51,50,52,-1,51,52,15,-1,42,53,44,-1,44,53,54,-1,44,54,46,-1,46,54,55,-1,46,55,48,-1,48,55,56,-1,48,56,50,-1,50,56,57,-1,50,57,52,-1,52,57,58,-1,52,58,15,-1,19,41,21,-1,21,41,43,-1,21,43,22,-1,22,43,45,-1,22,45,28,-1,28,45,47,-1,28,47,29,-1,29,47,49,-1,29,49,31,-1,31,49,51,-1,31,51,15,-1,59,60,61,-1,61,60,62,-1,61,62,63,-1,63,62,64,-1,63,64,65,-1,65,64,66,-1,65,66,67,-1,67,66,68,-1,67,68,69,-1,69,68,70,-1,69,70,15,-1,60,1,62,-1,62,1,71,-1,62,71,64,-1,64,71,72,-1,64,72,66,-1,66,72,73,-1,66,73,68,-1,68,73,74,-1,68,74,70,-1,70,74,75,-1,70,75,15,-1,53,59,54,-1,54,59,61,-1,54,61,55,-1,55,61,63,-1,55,63,56,-1,56,63,65,-1,56,65,57,-1,57,65,67,-1,57,67,58,-1,58,67,69,-1,58,69,15,-1,17,15,75,-1,17,75,76,-1,76,75,74,-1,76,74,77,-1,77,74,73,-1,77,73,78,-1,78,73,72,-1,78,72,79,-1,79,72,71,-1,79,71,80,-1,80,71,1,-1,80,1,0,-1,16,17,81,-1,16,81,40,-1,40,81,82,-1,40,82,39,-1,39,82,83,-1,39,83,38,-1,38,83,37,-1,37,83,84,-1,37,84,36,-1,36,84,35,-1,35,84,85,-1,35,85,34,-1,34,85,33,-1,33,85,18,-1,33,18,12,-1,3,1,60,-1,3,60,86,-1,86,60,59,-1,86,59,87,-1,87,59,53,-1,87,53,88,-1,88,53,89,-1,89,53,42,-1,89,42,90,-1,90,42,91,-1,91,42,41,-1,91,41,92,-1,92,41,93,-1,93,41,19,-1,93,19,4,-1,94,95,96,-1,96,95,97,-1,96,97,98,-1,98,97,99,-1,98,99,100,-1,100,99,101,-1,100,101,102,-1,102,101,103,-1,102,103,104,-1,104,103,105,-1,104,105,17,-1,95,106,97,-1,97,106,107,-1,97,107,99,-1,99,107,108,-1,99,108,101,-1,101,108,109,-1,101,109,103,-1,103,109,110,-1,103,110,105,-1,105,110,111,-1,105,111,17,-1,0,94,80,-1,80,94,96,-1,80,96,79,-1,79,96,98,-1,79,98,78,-1,78,98,100,-1,78,100,77,-1,77,100,102,-1,77,102,76,-1,76,102,104,-1,76,104,17,-1,112,113,114,-1,114,113,115,-1,114,115,116,-1,116,115,117,-1,116,117,118,-1,118,117,119,-1,118,119,120,-1,120,119,121,-1,120,121,122,-1,122,121,123,-1,122,123,17,-1,113,18,115,-1,115,18,85,-1,115,85,117,-1,117,85,84,-1,117,84,119,-1,119,84,83,-1,119,83,121,-1,121,83,82,-1,121,82,123,-1,123,82,81,-1,123,81,17,-1,106,112,107,-1,107,112,114,-1,107,114,108,-1,108,114,116,-1,108,116,109,-1,109,116,118,-1,109,118,110,-1,110,118,120,-1,110,120,111,-1,111,120,122,-1,111,122,17,-1,88,124,87,-1,87,124,125,-1,87,125,86,-1,86,125,2,-1,86,2,3,-1,4,6,93,-1,93,6,126,-1,93,126,92,-1,92,126,127,-1,92,127,91,-1,91,127,128,-1,91,128,90,-1,90,128,129,-1,90,129,89,-1,89,129,130,-1,89,130,88,-1,88,130,131,-1,88,131,124,-1,6,18,126,-1,126,18,113,-1,112,128,113,-1,113,128,127,-1,113,127,126,-1,131,130,112,-1,112,130,129,-1,112,129,128,-1,112,106,131,-1,131,106,95,-1,131,95,124,-1,124,95,94,-1,124,94,125,-1,125,94,0,-1,125,0,2,-1,132,133,134,-1,134,133,135,-1,136,132,137,-1,137,132,134,-1,138,136,139,-1,139,136,137,-1,140,141,142,-1,142,141,143,-1,144,145,146,-1,146,145,147,-1,148,135,149,-1,149,135,133,-1,136,138,132,-1,132,138,150,-1,132,150,133,-1,133,150,149,-1,135,148,134,-1,134,148,151,-1,134,151,137,-1,137,151,139,-1,139,151,152,-1,152,151,153,-1,154,155,153,-1,153,155,156,-1,153,156,152,-1,157,158,154,-1,154,158,159,-1,154,159,155,-1,154,160,157,-1,157,160,161,-1,157,161,162,-1,162,161,163,-1,162,163,164,-1,164,163,141,-1,164,141,140,-1,163,161,165,-1,165,161,166,-1,165,166,167,-1,167,166,168,-1,167,168,169,-1,169,168,170,-1,169,170,171,-1,171,170,172,-1,171,172,173,-1,173,172,174,-1,173,174,145,-1,161,160,166,-1,166,160,175,-1,166,175,168,-1,168,175,176,-1,168,176,170,-1,170,176,177,-1,170,177,172,-1,172,177,178,-1,172,178,174,-1,174,178,179,-1,174,179,145,-1,141,163,180,-1,180,163,165,-1,180,165,181,-1,181,165,167,-1,181,167,182,-1,182,167,169,-1,182,169,183,-1,183,169,171,-1,183,171,184,-1,184,171,173,-1,184,173,145,-1,154,153,185,-1,185,153,186,-1,185,186,187,-1,187,186,188,-1,187,188,189,-1,189,188,190,-1,189,190,191,-1,191,190,192,-1,191,192,193,-1,193,192,194,-1,193,194,145,-1,153,151,186,-1,186,151,195,-1,186,195,188,-1,188,195,196,-1,188,196,190,-1,190,196,197,-1,190,197,192,-1,192,197,198,-1,192,198,194,-1,194,198,199,-1,194,199,145,-1,160,154,175,-1,175,154,185,-1,175,185,176,-1,176,185,187,-1,176,187,177,-1,177,187,189,-1,177,189,178,-1,178,189,191,-1,178,191,179,-1,179,191,193,-1,179,193,145,-1,200,201,158,-1,158,201,202,-1,158,202,159,-1,159,202,203,-1,159,203,155,-1,155,203,204,-1,155,204,156,-1,156,204,205,-1,156,205,152,-1,152,205,138,-1,152,138,139,-1,158,157,200,-1,200,157,162,-1,200,162,206,-1,206,162,164,-1,206,164,207,-1,207,164,140,-1,207,140,142,-1,147,145,199,-1,147,199,208,-1,208,199,198,-1,208,198,209,-1,209,198,197,-1,209,197,210,-1,210,197,211,-1,211,197,196,-1,211,196,212,-1,212,196,213,-1,213,196,195,-1,213,195,214,-1,214,195,215,-1,215,195,151,-1,215,151,148,-1,143,141,180,-1,143,180,216,-1,216,180,181,-1,216,181,217,-1,217,181,182,-1,217,182,218,-1,218,182,183,-1,218,183,219,-1,219,183,184,-1,219,184,220,-1,220,184,145,-1,220,145,144,-1,142,143,221,-1,142,221,207,-1,207,221,222,-1,207,222,206,-1,206,222,223,-1,206,223,200,-1,200,223,201,-1,201,223,224,-1,201,224,202,-1,202,224,203,-1,203,224,225,-1,203,225,204,-1,204,225,205,-1,205,225,150,-1,205,150,138,-1,146,147,208,-1,146,208,226,-1,226,208,209,-1,226,209,227,-1,227,209,210,-1,227,210,228,-1,228,210,229,-1,229,210,211,-1,229,211,230,-1,214,231,213,-1,213,231,230,-1,213,230,212,-1,212,230,211,-1,148,149,215,-1,215,149,232,-1,215,232,214,-1,214,232,233,-1,214,233,231,-1,225,224,234,-1,234,224,235,-1,234,235,236,-1,236,235,237,-1,236,237,238,-1,238,237,239,-1,238,239,240,-1,240,239,241,-1,240,241,242,-1,242,241,243,-1,242,243,144,-1,224,223,235,-1,235,223,244,-1,235,244,237,-1,237,244,245,-1,237,245,239,-1,239,245,246,-1,239,246,241,-1,241,246,247,-1,241,247,243,-1,243,247,248,-1,243,248,144,-1,150,225,249,-1,249,225,234,-1,249,234,250,-1,250,234,236,-1,250,236,251,-1,251,236,238,-1,251,238,252,-1,252,238,240,-1,252,240,253,-1,253,240,242,-1,253,242,144,-1,222,221,254,-1,254,221,255,-1,254,255,256,-1,256,255,257,-1,256,257,258,-1,258,257,259,-1,258,259,260,-1,260,259,261,-1,260,261,262,-1,262,261,263,-1,262,263,144,-1,221,143,255,-1,255,143,216,-1,255,216,257,-1,257,216,217,-1,257,217,259,-1,259,217,218,-1,259,218,261,-1,261,218,219,-1,261,219,263,-1,263,219,220,-1,263,220,144,-1,223,222,244,-1,244,222,254,-1,244,254,245,-1,245,254,256,-1,245,256,246,-1,246,256,258,-1,246,258,247,-1,247,258,260,-1,247,260,248,-1,248,260,262,-1,248,262,144,-1,149,150,232,-1,232,150,249,-1,250,231,249,-1,249,231,233,-1,249,233,232,-1,228,229,250,-1,250,229,230,-1,250,230,231,-1,250,251,228,-1,228,251,252,-1,228,252,227,-1,227,252,253,-1,227,253,226,-1,226,253,144,-1,226,144,146,-1,
        ]
    }
}
Shape{
    appearance Appearance {
        material  Material 	{
            diffuseColor 0.9019607843137255 0.8627450980392157 0.7843137254901961
            specularColor 0.27058823529411763 0.25882352941176473 0.23529411764705882
            ambientIntensity 0.8655
            transparency 0.0
            shininess 0.5
        }
    }
    geometry IndexedFaceSet {
        ccw TRUE
        solid FALSE
        coord DEF co Coordinate {
            point [
                -0.9783 0.4232 0.1969, -0.3091 0.4232 1.1299, -0.4665 0.4232 1.1299, -0.4862 0.4232 1.3071, -0.4855 0.4232 1.3122, -0.9783 0.4232 1.7165, -0.4716 0.4232 1.1306, -0.4764 0.4232 1.1326, -0.4805 0.4232 1.1357, 0.2028 0.4232 1.7165, -0.4764 0.4232 1.3241, -0.4716 0.4232 1.3261, 0.9902 0.4232 0.1969, -0.2992 0.4232 1.1326, -0.304 0.4232 1.1306, -0.4665 0.4232 1.3268, 0.9902 0.4232 1.7165, 0.5965 0.4232 1.7165, -0.3091 0.4232 1.3268, -0.304 0.4232 1.3261, -0.2992 0.4232 1.3241, -0.2951 0.4232 1.321, -0.292 0.4232 1.3169, -0.29 0.4232 1.3122, -0.4836 0.4232 1.1398, -0.4855 0.4232 1.1445, -0.4862 0.4232 1.1496, -0.4836 0.4232 1.3169, -0.4805 0.4232 1.321, 0.4954 0.4232 1.1398, 0.4923 0.4232 1.1357, 0.4882 0.4232 1.1326, 0.4834 0.4232 1.1306, 0.4784 0.4232 1.1299, 0.3209 0.4232 1.1299, 0.3038 0.4232 1.3169, 0.307 0.4232 1.321, 0.311 0.4232 1.3241, 0.3158 0.4232 1.3261, 0.3209 0.4232 1.3268, -0.2894 0.4232 1.3071, -0.2894 0.4232 1.1496, 0.3158 0.4232 1.1306, -0.29 0.4232 1.1445, -0.292 0.4232 1.1398, -0.2951 0.4232 1.1357, 0.2028 0.4232 1.9921, -0.1909 0.4232 1.9921, -0.1909 0.4232 1.7165, -0.5846 0.4232 1.7165, 0.307 0.4232 1.1357, 0.3038 0.4232 1.1398, 0.3019 0.4232 1.1445, 0.3012 0.4232 1.1496, 0.4784 0.4232 1.3268, 0.4834 0.4232 1.3261, 0.4882 0.4232 1.3241, 0.4923 0.4232 1.321, 0.4954 0.4232 1.3169, 0.4974 0.4232 1.3122, 0.311 0.4232 1.1326, 0.3012 0.4232 1.3071, 0.3019 0.4232 1.3122, 0.498 0.4232 1.3071, 0.498 0.4232 1.1496, 0.4974 0.4232 1.1445, 0.5177 0.6201 0.9882, 1.3051 0.6201 0.9882, 1.3051 0.6201 0.2953, 0.2815 0.6201 0.2953, -0.2697 0.6201 0.2953, -0.2697 0.6201 0.9882, -0.2697 0.6201 1.3268, -0.2986 0.6201 1.3238, -0.3028 0.6201 1.3258, 0.5177 0.6201 0.2953, 0.5177 0.6201 0.0591, 0.2815 0.6201 0.0591, -0.2937 0.6201 1.3194, -0.2952 0.6201 1.3209, -0.297 0.6201 1.3227, 0.5177 0.6201 1.3268, 0.4888 0.6201 1.3238, 0.4846 0.6201 1.3258, -0.304 0.6201 1.3261, -0.3047 0.6201 1.3263, -0.3091 0.6201 1.3268, -0.2697 0.6201 0.0591, -0.5059 0.6201 0.0591, -0.5059 0.6201 0.2953, -1.2933 0.6201 0.2953, -0.5059 0.6201 0.9882, -1.2933 0.6201 0.9882, 0.3104 0.6201 1.1329, 0.3146 0.6201 1.1309, 0.2815 0.6201 0.9882, 0.4937 0.6201 1.3194, 0.4922 0.6201 1.3209, 0.4904 0.6201 1.3227, -0.4665 0.6201 1.3268, -0.4712 0.6201 1.3262, -0.5059 0.6201 1.3268, -0.4716 0.6201 1.3261, -0.473 0.6201 1.3257, 0.4834 0.6201 1.3261, 0.4827 0.6201 1.3263, 0.4784 0.6201 1.3268, -0.4855 0.6201 1.1445, -0.4851 0.6201 1.1431, -0.4786 0.6201 1.134, -0.4804 0.6201 1.1358, -0.4819 0.6201 1.1373, -0.3044 0.6201 1.1305, -0.304 0.6201 1.1306, 0.3209 0.6201 1.3268, 0.3162 0.6201 1.3262, 0.2815 0.6201 1.3268, 0.3158 0.6201 1.3261, 0.3144 0.6201 1.3257, -0.4835 0.6201 1.1398, -0.4831 0.6201 1.1389, -0.477 0.6201 1.1329, -0.4728 0.6201 1.1309, -0.4716 0.6201 1.1306, -0.3025 0.6201 1.131, -0.2992 0.6201 1.1326, -0.2984 0.6201 1.1331, 0.3019 0.6201 1.1445, 0.3023 0.6201 1.1431, 0.3055 0.6201 1.1373, 0.307 0.6201 1.1358, 0.3088 0.6201 1.134, 0.4784 0.6201 1.1299, 0.483 0.6201 1.1305, 0.4834 0.6201 1.1306, -0.4763 0.6201 1.3241, -0.4772 0.6201 1.3236, -0.4788 0.6201 1.3225, -0.2905 0.6201 1.3136, -0.2901 0.6201 1.3122, -0.2899 0.6201 1.3117, -0.2921 0.6201 1.3169, -0.2925 0.6201 1.3178, 0.3039 0.6201 1.1398, 0.3043 0.6201 1.1389, 0.4849 0.6201 1.131, 0.4882 0.6201 1.1326, 0.489 0.6201 1.1331, -0.4804 0.6201 1.3209, -0.4821 0.6201 1.3191, -0.4832 0.6201 1.3175, -0.4709 0.6201 1.1304, -0.4665 0.6201 1.1299, -0.3091 0.6201 1.1299, 0.3111 0.6201 1.3241, 0.3102 0.6201 1.3236, 0.3086 0.6201 1.3225, 0.3158 0.6201 1.1306, 0.3165 0.6201 1.1304, 0.3209 0.6201 1.1299, 0.4969 0.6201 1.3136, 0.4973 0.6201 1.3122, 0.4975 0.6201 1.3117, 0.4953 0.6201 1.3169, 0.4949 0.6201 1.3178, -0.4852 0.6201 1.3133, -0.4855 0.6201 1.3122, -0.4857 0.6201 1.3114, -0.2968 0.6201 1.1342, -0.2952 0.6201 1.1358, -0.2935 0.6201 1.1376, -0.2924 0.6201 1.1392, -0.2904 0.6201 1.1434, -0.2901 0.6201 1.1445, -0.2898 0.6201 1.1453, -0.2894 0.6201 1.1496, -0.2894 0.6201 1.3071, 0.307 0.6201 1.3209, 0.3053 0.6201 1.3191, 0.3042 0.6201 1.3175, 0.3022 0.6201 1.3133, 0.3019 0.6201 1.3122, 0.3017 0.6201 1.3114, 0.4906 0.6201 1.1342, 0.4922 0.6201 1.1358, 0.4939 0.6201 1.1376, 0.495 0.6201 1.1392, 0.497 0.6201 1.1434, 0.4973 0.6201 1.1445, 0.4976 0.6201 1.1453, 0.498 0.6201 1.1496, 0.498 0.6201 1.3071, -0.4862 0.6201 1.3071, -0.4862 0.6201 1.1496, -0.4857 0.6201 1.145, 0.3012 0.6201 1.3071, 0.3012 0.6201 1.1496, 0.3017 0.6201 1.145, -0.2697 0.8169 0.2953, 0.2815 0.8169 0.2953, -0.2697 0.8169 0.0591, 0.2815 0.8169 0.0591, -0.2697 0.8169 0.9882, 0.2815 0.8169 0.9882, 0.5177 0.8169 0.0591, 0.5177 0.8169 0.2953, 0.6752 0.8169 0.0591, 1.3051 0.8169 0.2953, 0.6752 0.8169 0.0394, 1.3051 0.8169 0.0, 0.7146 0.8169 0.0, 0.6765 0.8169 0.0292, 0.6805 0.8169 0.0197, 0.6867 0.8169 0.0115, 0.7044 0.8169 0.0013, 0.6949 0.8169 0.0053, 0.5177 0.8169 0.9882, 1.3051 0.8169 0.9882, 0.5177 0.8169 1.3268, 1.5807 0.8169 2.1102, 1.5807 0.8169 1.4961, 1.5413 0.8169 2.1496, 1.3051 0.8169 1.4961, 0.2815 0.8169 1.3268, 0.5965 0.8169 1.7165, 0.9902 0.8169 1.7165, 0.9902 0.8169 2.1496, -0.5059 0.8169 1.3268, -0.9783 0.8169 1.7165, -0.2697 0.8169 1.3268, -0.5846 0.8169 1.7165, 0.3602 0.8169 1.7165, 0.5965 0.8169 2.1496, 0.3602 0.8169 1.9528, -0.5846 0.8169 2.1496, -0.3484 0.8169 1.9528, -0.3484 0.8169 1.7165, -1.5689 0.8169 1.4961, -1.5689 0.8169 2.1102, -1.2933 0.8169 1.4961, -1.2933 0.8169 0.9882, -0.5059 0.8169 0.9882, 1.5794 0.8169 2.1204, 1.5515 0.8169 2.1483, 1.5754 0.8169 2.1299, 1.561 0.8169 2.1443, 1.5692 0.8169 2.1381, -1.5574 0.8169 2.1381, -1.5492 0.8169 2.1443, -1.5636 0.8169 2.1299, -1.5397 0.8169 2.1483, -1.5676 0.8169 2.1204, -1.5295 0.8169 2.1496, -0.9783 0.8169 2.1496, -1.2933 0.8169 0.2953, -0.5059 0.8169 0.2953, -0.5059 0.8169 0.0591, -0.6634 0.8169 0.0591, -0.7028 0.8169 0.0, -1.2933 0.8169 0.0, -0.6634 0.8169 0.0394, -0.6647 0.8169 0.0292, -0.6687 0.8169 0.0197, -0.6749 0.8169 0.0115, -0.6831 0.8169 0.0053, -0.6926 0.8169 0.0013, 1.5807 -1.5453 2.1102, 1.5807 -1.5453 1.3622, 1.5807 -1.1516 1.1063, 1.5807 -1.1516 0.3976, 1.5807 -0.7185 1.1063, 1.5807 -0.2461 0.3976, 1.5807 -0.2461 0.0394, 1.5807 1.4468 0.0394, 1.5807 1.4468 1.1811, 1.5807 -0.7185 1.3622, 1.187 -0.2461 0.3976, 1.187 -1.1516 0.3976, -1.5689 -1.1516 0.3976, -1.5689 -1.1516 1.1063, -1.5689 -0.2461 0.3976, -1.5689 -0.7185 1.1063, -1.5689 1.4468 0.0394, -1.5689 -0.2461 0.0394, -1.5689 -1.5453 1.3622, -1.5689 -1.5453 2.1102, -1.5689 -0.7185 1.3622, -1.5689 1.4468 1.1811, -1.1752 -0.2461 0.3976, -1.1752 -1.1516 0.3976, -1.1752 -1.5453 1.1063, -1.1752 -1.5453 0.1575, -1.0177 -1.5453 0.1575, 1.0177 -1.5453 1.1063, 1.0177 -1.5453 0.1693, 1.187 -1.5453 1.1063, 1.0295 -1.5453 0.1575, 1.187 -1.5453 0.1575, -1.0177 -1.5453 0.0, -0.6634 -1.5453 0.0394, -0.6634 -1.5453 0.0591, 0.7044 -1.5453 0.0013, 0.7146 -1.5453 0.0, 0.6752 -1.5453 0.0394, 1.0295 -1.5453 0.0, 0.6752 -1.5453 0.0591, -1.0059 -1.5453 0.1693, -1.0059 -1.5453 1.1063, -0.7028 -1.5453 0.0, -0.6926 -1.5453 0.0013, -0.6831 -1.5453 0.0053, -0.6749 -1.5453 0.0115, -0.6687 -1.5453 0.0197, -0.6647 -1.5453 0.0292, 0.6765 -1.5453 0.0292, 0.6805 -1.5453 0.0197, 0.6867 -1.5453 0.0115, 0.6949 -1.5453 0.0053, 1.0295 -0.2461 0.0, 1.5413 -0.2461 0.0, 1.5413 1.4468 0.0, 1.3051 1.4468 0.0, -1.0609 -1.5453 1.3622, -1.0609 -1.5453 1.7991, -1.5676 -1.5453 2.1204, 0.2853 -1.5453 2.0747, 1.5413 -1.5453 2.1496, -0.2735 -1.5453 2.0747, -1.5295 -1.5453 2.1496, -0.2735 -1.5453 1.7991, -1.5397 -1.5453 2.1483, -1.5492 -1.5453 2.1443, 0.2853 -1.5453 1.7991, 1.0728 -1.5453 1.7991, 1.5515 -1.5453 2.1483, 1.0728 -1.5453 1.3622, -1.5574 -1.5453 2.1381, -1.5636 -1.5453 2.1299, 1.5794 -1.5453 2.1204, 1.5754 -1.5453 2.1299, 1.5692 -1.5453 2.1381, 1.561 -1.5453 2.1443, 0.9902 -0.8366 2.1496, 0.5965 -0.8366 2.1496, -0.9783 -0.8366 2.1496, -0.5846 -0.8366 2.1496, -1.0177 -0.2461 0.0, -1.5295 1.4468 0.0, -1.2933 1.4468 0.0, -1.5295 -0.2461 0.0, -0.9783 -0.8366 1.7165, -0.9783 -1.4862 1.1063, -0.9783 -1.4862 0.1969, -0.9783 -0.7185 1.1063, -0.9783 -0.7185 1.3622, -0.9783 -1.4469 1.3622, -0.9783 -1.4469 1.7165, -0.5846 -0.8366 1.7165, -0.1909 -1.4469 1.7165, -0.1909 -1.4469 1.9921, 0.2028 -1.4469 1.9921, 0.2028 -1.4469 1.7165, 0.9902 -0.8366 1.7165, 0.9902 -1.4469 1.7165, 0.5965 -0.8366 1.7165, 0.9902 -1.4469 1.3622, 0.9902 -0.7185 1.3622, 0.9902 -1.4862 0.1969, 0.9902 -1.4862 1.1063, 0.9902 -0.7185 1.1063, 1.187 -1.1516 1.1063, -1.1752 -1.1516 1.1063, -1.1752 -0.2461 0.1575, -1.0177 -0.2461 0.1575, -1.5397 -0.2461 0.0013, -1.5492 -0.2461 0.0053, -1.5676 -0.2461 0.0292, -1.5636 -0.2461 0.0197, -1.5574 -0.2461 0.0115, 1.0295 -0.2461 0.1575, 1.187 -0.2461 0.1575, 1.5794 -0.2461 0.0292, 1.5515 -0.2461 0.0013, 1.561 -0.2461 0.0053, 1.5692 -0.2461 0.0115, 1.5754 -0.2461 0.0197, 1.3051 1.4468 1.1811, 1.5794 1.4468 0.0292, 1.5754 1.4468 0.0197, 1.5692 1.4468 0.0115, 1.561 1.4468 0.0053, 1.5515 1.4468 0.0013, -1.2933 1.4468 1.1811, -1.5676 1.4468 0.0292, -1.5397 1.4468 0.0013, -1.5492 1.4468 0.0053, -1.5574 1.4468 0.0115, -1.5636 1.4468 0.0197, 0.3602 0.6201 1.7165, 0.3602 0.6201 1.9528, -0.3484 0.6201 1.9528, -0.3484 0.6201 1.7165
            ]
        }
        coordIndex [
            0,1,2,-1,3,4,5,-1,2,6,0,-1,0,6,7,-1,0,7,8,-1,9,10,11,-1,12,13,0,-1,0,13,14,-1,0,14,1,-1,15,16,11,-1,11,16,17,-1,11,17,9,-1,15,18,16,-1,16,18,19,-1,16,19,20,-1,20,21,16,-1,16,21,22,-1,16,22,23,-1,8,24,0,-1,0,24,25,-1,0,25,5,-1,5,25,26,-1,5,26,3,-1,4,27,5,-1,5,27,28,-1,5,28,10,-1,29,30,12,-1,12,30,31,-1,31,32,12,-1,12,32,33,-1,12,33,34,-1,23,35,36,-1,36,37,23,-1,23,37,38,-1,23,38,16,-1,16,38,39,-1,40,41,42,-1,42,41,43,-1,42,43,34,-1,34,43,44,-1,34,44,12,-1,12,44,45,-1,12,45,13,-1,46,47,9,-1,9,47,48,-1,9,48,10,-1,10,48,49,-1,10,49,5,-1,50,51,23,-1,23,51,52,-1,23,52,53,-1,39,54,16,-1,16,54,55,-1,16,55,56,-1,56,57,16,-1,16,57,58,-1,16,58,59,-1,40,42,23,-1,23,42,60,-1,23,60,50,-1,53,61,23,-1,23,61,62,-1,23,62,35,-1,59,63,16,-1,16,63,64,-1,16,64,12,-1,12,64,65,-1,12,65,29,-1,66,67,68,-1,69,70,71,-1,72,73,74,-1,75,76,77,-1,78,79,72,-1,72,79,80,-1,72,80,73,-1,81,82,83,-1,74,84,72,-1,72,84,85,-1,72,85,86,-1,87,88,70,-1,70,88,89,-1,70,89,71,-1,71,89,90,-1,71,90,91,-1,91,90,92,-1,93,94,95,-1,96,97,81,-1,81,97,98,-1,81,98,82,-1,99,100,101,-1,101,100,102,-1,101,102,103,-1,83,104,81,-1,81,104,105,-1,81,105,106,-1,107,108,91,-1,109,91,110,-1,110,91,111,-1,71,112,113,-1,114,115,116,-1,116,115,117,-1,116,117,118,-1,108,119,91,-1,91,119,120,-1,91,120,111,-1,109,121,91,-1,91,121,122,-1,91,122,123,-1,113,124,71,-1,71,124,125,-1,71,125,126,-1,127,128,95,-1,129,130,95,-1,95,130,131,-1,95,131,93,-1,132,133,66,-1,66,133,134,-1,103,135,101,-1,101,135,136,-1,101,136,137,-1,138,72,139,-1,139,72,140,-1,138,141,72,-1,72,141,142,-1,72,142,78,-1,128,143,95,-1,95,143,144,-1,95,144,129,-1,134,145,66,-1,66,145,146,-1,66,146,147,-1,137,148,101,-1,101,148,149,-1,101,149,150,-1,123,151,91,-1,91,151,152,-1,91,152,71,-1,71,152,153,-1,71,153,112,-1,118,154,116,-1,116,154,155,-1,116,155,156,-1,94,157,95,-1,95,157,158,-1,95,158,159,-1,160,81,161,-1,161,81,162,-1,160,163,81,-1,81,163,164,-1,81,164,96,-1,150,165,101,-1,101,165,166,-1,101,166,167,-1,126,168,71,-1,71,168,169,-1,71,169,170,-1,170,171,71,-1,71,171,172,-1,71,172,173,-1,173,174,71,-1,71,174,175,-1,71,175,72,-1,72,175,176,-1,72,176,140,-1,156,177,116,-1,116,177,178,-1,116,178,179,-1,77,69,75,-1,75,69,71,-1,75,71,68,-1,68,71,95,-1,68,95,66,-1,66,95,159,-1,66,159,132,-1,179,180,116,-1,116,180,181,-1,116,181,182,-1,147,183,66,-1,66,183,184,-1,66,184,185,-1,185,186,66,-1,66,186,187,-1,66,187,188,-1,188,189,66,-1,66,189,190,-1,66,190,81,-1,81,190,191,-1,81,191,162,-1,167,192,101,-1,101,192,193,-1,101,193,91,-1,91,193,194,-1,91,194,107,-1,182,195,116,-1,116,195,196,-1,116,196,95,-1,95,196,197,-1,95,197,127,-1,198,199,200,-1,200,199,201,-1,202,203,71,-1,71,203,95,-1,70,69,198,-1,198,69,199,-1,204,205,206,-1,206,205,207,-1,206,207,208,-1,208,207,209,-1,208,209,210,-1,211,208,212,-1,212,208,213,-1,210,214,208,-1,208,214,215,-1,208,215,213,-1,216,217,66,-1,66,217,67,-1,75,68,205,-1,205,68,207,-1,217,216,218,-1,219,220,221,-1,221,220,222,-1,217,218,222,-1,203,202,223,-1,223,202,224,-1,223,224,218,-1,218,224,225,-1,218,225,222,-1,222,225,226,-1,222,226,221,-1,227,228,229,-1,229,228,230,-1,202,229,224,-1,224,229,231,-1,224,231,232,-1,232,231,233,-1,232,233,234,-1,234,233,235,-1,234,235,230,-1,230,235,236,-1,230,236,229,-1,229,236,231,-1,237,238,239,-1,239,238,228,-1,239,228,240,-1,240,228,227,-1,240,227,241,-1,219,221,242,-1,242,221,243,-1,242,243,244,-1,244,243,245,-1,244,245,246,-1,247,248,249,-1,249,248,250,-1,249,250,251,-1,251,250,252,-1,251,252,238,-1,238,252,253,-1,238,253,228,-1,254,255,256,-1,256,257,254,-1,254,257,258,-1,254,258,259,-1,257,260,258,-1,258,260,261,-1,258,261,262,-1,262,263,258,-1,258,263,264,-1,258,264,265,-1,219,266,267,-1,268,269,270,-1,270,269,271,-1,271,272,273,-1,273,274,271,-1,271,274,220,-1,271,220,270,-1,270,220,219,-1,270,219,275,-1,275,219,267,-1,276,271,277,-1,277,271,269,-1,278,279,280,-1,280,279,281,-1,282,283,280,-1,284,285,286,-1,286,285,238,-1,286,238,281,-1,281,238,237,-1,281,237,280,-1,280,237,287,-1,280,287,282,-1,280,288,278,-1,278,288,289,-1,290,291,292,-1,293,294,295,-1,295,294,296,-1,295,296,297,-1,298,299,292,-1,292,299,300,-1,301,302,303,-1,302,304,303,-1,303,304,296,-1,303,296,305,-1,305,296,294,-1,305,294,300,-1,300,294,306,-1,300,306,292,-1,292,306,307,-1,292,307,290,-1,298,308,299,-1,299,308,309,-1,299,309,310,-1,310,311,299,-1,299,311,312,-1,299,312,313,-1,314,315,316,-1,314,316,303,-1,303,316,317,-1,303,317,301,-1,304,302,318,-1,318,302,210,-1,318,210,319,-1,319,210,209,-1,319,209,320,-1,320,209,321,-1,284,322,285,-1,285,322,323,-1,285,323,324,-1,325,326,327,-1,327,326,328,-1,327,328,329,-1,329,328,323,-1,323,328,330,-1,323,330,331,-1,325,332,326,-1,326,332,333,-1,326,333,334,-1,333,335,267,-1,331,336,323,-1,323,336,337,-1,323,337,324,-1,267,266,333,-1,333,266,338,-1,333,338,339,-1,339,340,333,-1,333,340,341,-1,333,341,334,-1,221,226,326,-1,326,226,342,-1,326,342,328,-1,328,342,343,-1,253,252,344,-1,344,252,328,-1,344,328,345,-1,345,328,343,-1,345,343,234,-1,234,343,232,-1,258,308,346,-1,346,308,298,-1,347,348,259,-1,258,346,259,-1,259,346,349,-1,259,349,347,-1,228,253,5,-1,5,253,344,-1,5,344,0,-1,0,344,350,-1,351,352,353,-1,353,352,0,-1,353,0,354,-1,354,0,350,-1,354,350,355,-1,355,350,356,-1,49,48,357,-1,357,48,358,-1,357,358,350,-1,350,358,356,-1,358,48,359,-1,359,48,47,-1,359,47,360,-1,360,47,46,-1,360,46,361,-1,361,46,9,-1,362,363,364,-1,364,363,361,-1,364,361,17,-1,17,361,9,-1,226,225,16,-1,365,363,366,-1,366,363,362,-1,367,368,12,-1,12,368,369,-1,12,369,16,-1,16,369,366,-1,16,366,226,-1,226,366,362,-1,226,362,342,-1,367,12,352,-1,352,12,0,-1,303,305,208,-1,208,305,206,-1,260,257,299,-1,299,257,300,-1,257,256,88,-1,87,305,88,-1,88,305,300,-1,88,300,257,-1,204,206,76,-1,76,206,305,-1,76,305,77,-1,77,305,87,-1,77,87,201,-1,201,87,200,-1,357,345,49,-1,49,345,234,-1,49,234,230,-1,230,228,49,-1,49,228,5,-1,350,344,357,-1,357,344,345,-1,343,364,232,-1,232,364,17,-1,232,17,224,-1,225,224,16,-1,16,224,17,-1,364,343,362,-1,362,343,342,-1,275,366,270,-1,270,366,369,-1,366,275,365,-1,365,275,267,-1,365,267,335,-1,370,268,270,-1,293,295,368,-1,368,295,370,-1,368,370,369,-1,369,370,270,-1,371,290,307,-1,281,279,353,-1,353,279,371,-1,353,371,351,-1,351,371,307,-1,322,284,355,-1,355,284,286,-1,355,286,354,-1,281,353,286,-1,286,353,354,-1,288,372,289,-1,289,372,291,-1,289,291,371,-1,371,291,290,-1,372,373,291,-1,291,373,292,-1,373,346,292,-1,292,346,298,-1,346,373,349,-1,349,373,372,-1,349,372,374,-1,374,372,375,-1,288,280,372,-1,372,280,283,-1,372,283,376,-1,376,377,372,-1,372,377,378,-1,372,378,375,-1,318,379,304,-1,304,379,296,-1,379,380,296,-1,296,380,297,-1,370,295,277,-1,277,295,297,-1,277,297,276,-1,276,297,380,-1,380,379,318,-1,271,276,272,-1,272,276,380,-1,272,380,381,-1,318,319,380,-1,380,319,382,-1,380,382,383,-1,383,384,380,-1,380,384,385,-1,380,385,381,-1,289,371,278,-1,278,371,279,-1,277,269,370,-1,370,269,268,-1,386,222,274,-1,274,222,220,-1,386,274,321,-1,321,274,273,-1,321,273,320,-1,320,273,387,-1,320,387,388,-1,389,390,388,-1,388,390,391,-1,388,391,320,-1,321,209,386,-1,386,209,207,-1,222,386,217,-1,217,386,207,-1,217,207,67,-1,67,207,68,-1,282,287,392,-1,392,348,282,-1,282,348,347,-1,282,347,393,-1,393,347,394,-1,394,395,393,-1,393,395,396,-1,393,396,397,-1,239,392,237,-1,237,392,287,-1,254,259,348,-1,392,239,240,-1,92,90,240,-1,240,90,254,-1,240,254,392,-1,392,254,348,-1,91,92,241,-1,241,92,240,-1,255,254,89,-1,89,254,90,-1,398,399,231,-1,231,399,233,-1,399,400,233,-1,233,400,235,-1,400,401,235,-1,235,401,236,-1,401,398,236,-1,236,398,231,-1,401,400,398,-1,398,400,399,-1,201,199,77,-1,77,199,69,-1,76,75,204,-1,204,75,205,-1,218,216,81,-1,81,216,66,-1,116,95,223,-1,223,95,203,-1,116,223,114,-1,114,223,218,-1,114,218,106,-1,106,218,81,-1,333,363,335,-1,335,363,365,-1,332,361,333,-1,333,361,363,-1,325,360,332,-1,332,360,361,-1,327,359,325,-1,325,359,360,-1,329,358,327,-1,327,358,359,-1,323,356,329,-1,329,356,358,-1,322,355,323,-1,323,355,356,-1,306,352,307,-1,307,352,351,-1,294,367,306,-1,306,367,352,-1,293,368,294,-1,294,368,367,-1,210,302,301,-1,210,301,214,-1,214,301,317,-1,214,317,215,-1,215,317,316,-1,215,316,213,-1,213,316,315,-1,213,315,212,-1,212,315,314,-1,212,314,211,-1,211,314,303,-1,211,303,208,-1,260,299,313,-1,260,313,261,-1,261,313,312,-1,261,312,262,-1,262,312,311,-1,262,311,263,-1,263,311,310,-1,263,310,264,-1,264,310,309,-1,264,309,265,-1,265,309,308,-1,265,308,258,-1,347,349,374,-1,347,374,394,-1,394,374,375,-1,394,375,395,-1,395,375,378,-1,395,378,396,-1,396,378,377,-1,396,377,397,-1,397,377,376,-1,397,376,393,-1,393,376,283,-1,393,283,282,-1,319,320,391,-1,319,391,382,-1,382,391,390,-1,382,390,383,-1,383,390,389,-1,383,389,384,-1,384,389,388,-1,384,388,385,-1,385,388,387,-1,385,387,381,-1,381,387,273,-1,381,273,272,-1,221,326,334,-1,221,334,243,-1,243,334,341,-1,243,341,245,-1,245,341,340,-1,245,340,246,-1,246,340,339,-1,246,339,244,-1,244,339,338,-1,244,338,242,-1,242,338,266,-1,242,266,219,-1,328,252,250,-1,328,250,330,-1,330,250,248,-1,330,248,331,-1,331,248,247,-1,331,247,336,-1,336,247,249,-1,336,249,337,-1,337,249,251,-1,337,251,324,-1,324,251,238,-1,324,238,285,-1,
        ]
    }
}
Shape{
    appearance Appearance {
        material  Material 	{
            diffuseColor 0.7686274509803922 0.7686274509803922 0.7686274509803922
            specularColor 0.615686274509804 0.615686274509804 0.615686274509804
            ambientIntensity 0.7686
            transparency 0.0
            shininess 0.5
        }
    }
    geometry IndexedFaceSet {
        ccw TRUE
        solid FALSE
        coord DEF co Coordinate {
            point [
                0.3209 0.7185 1.0343, 0.4784 0.7185 1.0343, 0.3209 0.7167 1.05, 0.4784 0.7167 1.05, 0.3209 0.7145 1.0575, 0.4784 0.7145 1.0575, 0.3209 0.7113 1.0683, 0.4784 0.7113 1.0683, 0.3209 0.7055 1.08, 0.4784 0.7055 1.08, 0.3209 0.7049 1.0813, 0.4784 0.7049 1.0813, 0.3209 0.6939 1.0966, 0.4784 0.6939 1.0966, 0.3209 0.6921 1.0985, 0.4784 0.6921 1.0985, 0.3209 0.6886 1.1021, 0.4784 0.6887 1.1021, 0.3209 0.6739 1.1139, 0.4784 0.6739 1.1139, 0.3209 0.6734 1.1142, 0.4784 0.6734 1.1142, 0.3209 0.6595 1.1217, 0.4784 0.6596 1.1217, 0.3209 0.6478 1.1259, 0.4784 0.6478 1.1259, 0.3209 0.6425 1.1278, 0.4784 0.6426 1.1278, 0.3209 0.6325 1.129, 0.4784 0.6325 1.129, 0.3209 0.6259 1.1298, 0.4784 0.6259 1.1298, 0.3209 0.6201 1.1299, 0.4784 0.6201 1.1299, 0.498 0.736 1.0538, 0.498 0.7381 1.0349, 0.498 0.8956 1.0394, 0.498 0.6201 1.3071, 0.498 0.6201 1.1496, 0.498 0.6319 1.3067, 0.498 0.6266 1.1495, 0.498 0.6507 1.3051, 0.498 0.6473 1.1469, 0.498 0.6847 1.1304, 0.498 0.7544 1.2721, 0.498 0.6675 1.1397, 0.498 0.7221 1.2875, 0.498 0.6874 1.2984, 0.498 0.8922 1.0747, 0.498 0.8856 1.1048, 0.498 0.7295 1.0757, 0.498 0.8734 1.1393, 0.498 0.7219 1.0913, 0.498 0.8571 1.1717, 0.498 0.8461 1.189, 0.498 0.7087 1.1095, 0.498 0.8239 1.217, 0.498 0.7024 1.1162, 0.498 0.8121 1.2291, 0.498 0.7845 1.2526, 0.4784 0.9152 1.0399, 0.3209 0.9152 1.0399, 0.4784 0.9116 1.0779, 0.3209 0.9116 1.0779, 0.4784 0.9048 1.1089, 0.3209 0.9048 1.1089, 0.4784 0.9045 1.11, 0.3209 0.9045 1.1101, 0.4784 0.8916 1.147, 0.3209 0.8916 1.147, 0.4784 0.878 1.1739, 0.3209 0.878 1.1739, 0.4784 0.8741 1.1817, 0.3209 0.8741 1.1817, 0.4784 0.8623 1.2002, 0.3209 0.8623 1.2002, 0.4784 0.8385 1.2302, 0.3209 0.8385 1.2302, 0.4784 0.8365 1.2323, 0.3209 0.8365 1.2323, 0.3209 0.8352 1.2336, 0.4784 0.8352 1.2336, 0.4784 0.8259 1.2432, 0.3209 0.8259 1.2433, 0.4784 0.7963 1.2684, 0.3209 0.7962 1.2684, 0.4784 0.7816 1.2779, 0.3209 0.7816 1.2779, 0.4784 0.7641 1.2893, 0.3209 0.764 1.2893, 0.4784 0.7293 1.3058, 0.3209 0.7293 1.3058, 0.4784 0.7192 1.309, 0.3209 0.7192 1.309, 0.4784 0.6921 1.3175, 0.3209 0.6921 1.3175, 0.4784 0.6531 1.3246, 0.3209 0.6531 1.3246, 0.4784 0.6516 1.3247, 0.3209 0.6516 1.3247, 0.4784 0.633 1.3264, 0.3209 0.633 1.3264, 0.4784 0.6319 1.3264, 0.3209 0.6319 1.3264, 0.3209 0.6201 1.3268, 0.4784 0.6201 1.3268, 0.3012 0.6265 1.1495, 0.3012 0.6201 1.1496, 0.3012 0.6201 1.3071, 0.3012 0.6319 1.3067, 0.3012 0.6507 1.3051, 0.3012 0.6473 1.1469, 0.3012 0.6874 1.2984, 0.3012 0.6674 1.1397, 0.3012 0.8956 1.0394, 0.3012 0.7381 1.0349, 0.3012 0.8922 1.0747, 0.3012 0.736 1.0538, 0.3012 0.8856 1.1048, 0.3012 0.7295 1.0757, 0.3012 0.7087 1.1095, 0.3012 0.8461 1.189, 0.3012 0.7219 1.0912, 0.3012 0.8571 1.1717, 0.3012 0.8734 1.1393, 0.3012 0.7221 1.2875, 0.3012 0.7544 1.2721, 0.3012 0.6846 1.1304, 0.3012 0.7845 1.2526, 0.3012 0.7024 1.1162, 0.3012 0.8121 1.2291, 0.3012 0.8239 1.217, 0.3209 0.7399 0.2868, 0.4784 0.7399 0.2868, 0.498 0.917 0.2919, 0.498 0.7595 0.2874, 0.3209 0.9366 0.2925, 0.4784 0.9366 0.2925, 0.3012 0.7595 0.2874, 0.3012 0.917 0.2919, 0.4784 0.747 0.2304, 0.3209 0.747 0.2304, 0.4784 0.7529 0.2125, 0.3209 0.7529 0.2125, 0.4784 0.7647 0.1764, 0.3209 0.7647 0.1764, 0.4784 0.7832 0.1434, 0.3209 0.7832 0.1434, 0.4784 0.7925 0.1269, 0.3209 0.7925 0.1269, 0.4784 0.8292 0.0835, 0.3209 0.8292 0.0835, 0.4784 0.8736 0.048, 0.3209 0.8736 0.048, 0.4784 0.8904 0.0392, 0.3209 0.8904 0.0392, 0.4784 0.924 0.0217, 0.3209 0.924 0.0217, 0.4784 0.9603 0.0109, 0.3209 0.9603 0.0109, 0.4784 0.9785 0.0055, 0.3209 0.9785 0.0055, 0.4784 1.035 0.0, 0.3209 1.035 0.0, 0.498 0.9217 0.262, 0.498 1.035 0.0197, 0.498 1.035 0.1772, 0.498 0.9822 0.0248, 0.498 1.005 0.181, 0.498 0.9314 0.0399, 0.498 0.9769 0.1924, 0.498 0.7662 0.2348, 0.498 0.7827 0.1844, 0.498 0.9339 0.2343, 0.498 0.8087 0.1381, 0.498 0.9527 0.2106, 0.498 0.843 0.0976, 0.498 0.8844 0.0645, 0.4784 1.035 0.1969, 0.3209 1.035 0.1969, 0.4784 1.01 0.2001, 0.3209 1.01 0.2001, 0.4784 0.9866 0.2096, 0.3209 0.9866 0.2096, 0.4784 0.9664 0.2247, 0.3209 0.9664 0.2247, 0.4784 0.9507 0.2444, 0.3209 0.9507 0.2444, 0.4784 0.9406 0.2675, 0.3209 0.9406 0.2675, 0.3012 1.005 0.181, 0.3012 1.035 0.1772, 0.3012 1.035 0.0197, 0.3012 0.7662 0.2348, 0.3012 0.9217 0.262, 0.3012 0.7827 0.1844, 0.3012 0.9339 0.2343, 0.3012 0.9822 0.0248, 0.3012 0.9314 0.0399, 0.3012 0.9769 0.1924, 0.3012 0.8844 0.0645, 0.3012 0.9527 0.2106, 0.3012 0.843 0.0976, 0.3012 0.8087 0.1381, 0.3209 1.6437 0.0, 0.4784 1.6437 0.0, 0.498 1.6437 0.1772, 0.498 1.6437 0.0197, 0.4784 1.6437 0.1969, 0.3209 1.6437 0.1969, 0.3012 1.6437 0.0197, 0.3012 1.6437 0.1772, 0.3434 1.8012 0.0612, 0.3434 1.8012 0.1356, 0.3624 1.8012 0.1547, 0.4533 1.8012 0.1452, 0.4544 1.8012 0.143, 0.4442 1.8012 0.1532, 0.4558 1.8012 0.1356, 0.4558 1.8012 0.0612, 0.4368 1.8012 0.0422, 0.4552 1.8012 0.1406, 0.4368 1.8012 0.1547, 0.3624 1.8012 0.0422, 0.4418 1.8012 0.154, 0.3528 1.8012 0.1521, 0.355 1.8012 0.1532, 0.3459 1.8012 0.1452, 0.3448 1.8012 0.143, 0.344 1.8012 0.1406, 0.3574 1.8012 0.154, 0.4552 1.8012 0.0562, 0.4442 1.8012 0.0436, 0.4418 1.8012 0.0428, 0.4544 1.8012 0.0538, 0.4533 1.8012 0.0516, 0.4464 1.8012 0.0447, 0.3459 1.8012 0.0516, 0.3448 1.8012 0.0538, 0.3528 1.8012 0.0447, 0.355 1.8012 0.0436, 0.3574 1.8012 0.0428, 0.344 1.8012 0.0562, 0.4464 1.8012 0.1521, 0.4485 1.8012 0.1508, 0.452 1.8012 0.1473, 0.4503 1.8012 0.1492, 0.3507 1.8012 0.1508, 0.3473 1.8012 0.1473, 0.3489 1.8012 0.1492, 0.4485 1.8012 0.0461, 0.452 1.8012 0.0495, 0.4503 1.8012 0.0477, 0.3473 1.8012 0.0495, 0.3507 1.8012 0.0461, 0.3489 1.8012 0.0477, 0.4784 -1.1909 1.1299, 0.3209 -1.1909 1.1299, 0.4784 -0.9097 1.1299, 0.3209 -0.9097 1.1299, 0.4784 -0.6542 1.1299, 0.3209 -0.6542 1.1299, 0.4784 -0.3839 1.1299, 0.3209 -0.3839 1.1299, 0.4784 0.1529 1.1299, 0.3209 0.1529 1.1299, 0.4784 0.3326 1.1299, 0.3209 0.3326 1.1299, 0.4784 0.4232 1.1299, 0.3209 0.4232 1.1299, 0.3012 -0.9097 1.1496, 0.3012 -1.1909 1.1496, 0.3012 -1.1909 1.3071, 0.3012 0.4232 1.3071, 0.3012 0.4232 1.1496, 0.3012 0.3334 1.3071, 0.3012 0.3326 1.1496, 0.3012 -0.3839 1.1496, 0.3012 -0.3839 1.3071, 0.3012 0.0373 1.3071, 0.4784 0.4232 1.3268, 0.3209 0.4232 1.3268, 0.4784 0.3334 1.3268, 0.3209 0.3334 1.3268, 0.4784 0.1529 1.3268, 0.3209 0.1529 1.3268, 0.4784 0.0373 1.3268, 0.3209 0.0373 1.3268, 0.4784 -0.3839 1.3268, 0.3209 -0.3839 1.3268, 0.4784 -0.6542 1.3268, 0.3209 -0.6542 1.3268, 0.3209 -1.1909 1.3268, 0.4784 -1.1909 1.3268, 0.498 0.4232 1.1496, 0.498 0.4232 1.3071, 0.498 0.3334 1.3071, 0.498 0.3326 1.1496, 0.498 0.0373 1.3071, 0.498 -0.3839 1.1496, 0.498 -0.3839 1.3071, 0.498 -0.9097 1.1496, 0.498 -1.1909 1.3071, 0.498 -1.1909 1.1496, 0.4552 -1.3484 1.1861, 0.4558 -1.3484 1.1911, 0.4368 -1.3484 1.1721, 0.3624 -1.3484 1.1721, 0.4558 -1.3484 1.2656, 0.4442 -1.3484 1.2832, 0.4418 -1.3484 1.2839, 0.4368 -1.3484 1.2846, 0.3624 -1.3484 1.2846, 0.3434 -1.3484 1.2656, 0.4533 -1.3484 1.1815, 0.4544 -1.3484 1.1838, 0.4442 -1.3484 1.1735, 0.4552 -1.3484 1.2706, 0.4544 -1.3484 1.2729, 0.4464 -1.3484 1.2821, 0.3434 -1.3484 1.1911, 0.3574 -1.3484 1.2839, 0.3448 -1.3484 1.2729, 0.344 -1.3484 1.2706, 0.355 -1.3484 1.2832, 0.3528 -1.3484 1.2821, 0.3459 -1.3484 1.2752, 0.4418 -1.3484 1.1728, 0.344 -1.3484 1.1861, 0.355 -1.3484 1.1735, 0.3574 -1.3484 1.1728, 0.3448 -1.3484 1.1838, 0.3459 -1.3484 1.1815, 0.3528 -1.3484 1.1746, 0.4533 -1.3484 1.2752, 0.452 -1.3484 1.2772, 0.4485 -1.3484 1.2807, 0.4503 -1.3484 1.2791, 0.3473 -1.3484 1.2772, 0.3507 -1.3484 1.2807, 0.3489 -1.3484 1.2791, 0.4464 -1.3484 1.1746, 0.4485 -1.3484 1.176, 0.452 -1.3484 1.1795, 0.4503 -1.3484 1.1776, 0.3507 -1.3484 1.176, 0.3473 -1.3484 1.1795, 0.3489 -1.3484 1.1776, 0.479 -1.191 1.1299, 0.3202 -1.191 1.1299, 0.3012 -1.191 1.1489, 0.3012 -1.191 1.3077, 0.498 -1.191 1.3077, 0.498 -1.191 1.1489, 0.3202 -1.191 1.3268, 0.479 -1.191 1.3268, 0.479 1.6437 0.1968, 0.3202 1.6437 0.1968, 0.498 1.6437 0.019, 0.498 1.6437 0.1778, 0.3012 1.6437 0.1778, 0.3012 1.6437 0.019, 0.3202 1.6437 0.0, 0.479 1.6437 0.0, 0.3158 0.6427 1.1285, 0.3146 0.6201 1.1309, 0.3104 0.6201 1.1329, 0.311 0.626 1.1325, 0.3043 0.6201 1.1389, 0.3039 0.6201 1.1398, 0.3038 0.6262 1.1397, 0.3017 0.6201 1.145, 0.3023 0.6201 1.1431, 0.3019 0.6201 1.1445, 0.3019 0.6264 1.1444, 0.3055 0.6201 1.1373, 0.3088 0.6201 1.134, 0.307 0.6201 1.1358, 0.307 0.6261 1.1356, 0.3158 0.6259 1.1305, 0.3158 0.6201 1.1306, 0.3165 0.6201 1.1304, 0.3158 0.6598 1.1223, 0.3158 0.6742 1.1145, 0.3158 0.6891 1.1026, 0.3158 0.6944 1.097, 0.3158 0.7055 1.0817, 0.3158 0.7119 1.0685, 0.3019 0.646 1.142, 0.3019 0.6654 1.135, 0.3019 0.6818 1.1261, 0.3019 0.6988 1.1126, 0.3019 0.7049 1.1062, 0.3019 0.7175 1.0887, 0.3019 0.7248 1.0738, 0.3019 0.731 1.0528, 0.3038 0.6449 1.1374, 0.307 0.6439 1.1334, 0.3038 0.6635 1.1307, 0.307 0.6619 1.1269, 0.3038 0.6792 1.1222, 0.307 0.677 1.1187, 0.3038 0.6955 1.1092, 0.307 0.6927 1.1062, 0.3038 0.7013 1.103, 0.307 0.6983 1.1004, 0.3038 0.7134 1.0863, 0.307 0.7099 1.0842, 0.3038 0.7204 1.072, 0.307 0.7166 1.0705, 0.3038 0.7264 1.0519, 0.307 0.7224 1.0511, 0.311 0.6432 1.1304, 0.311 0.6606 1.1241, 0.311 0.6753 1.1161, 0.311 0.6905 1.104, 0.311 0.6959 1.0983, 0.311 0.7072 1.0826, 0.311 0.7137 1.0693, 0.311 0.7193 1.0505, 0.3158 0.7174 1.0501, 0.3018 0.7338 1.0348, 0.3019 0.733 1.0347, 0.3033 0.7297 1.0346, 0.3038 0.7283 1.0346, 0.3056 0.726 1.0345, 0.307 0.7242 1.0345, 0.3087 0.7229 1.0344, 0.311 0.7211 1.0344, 0.3124 0.7205 1.0344, 0.3158 0.7191 1.0343, 0.3165 0.719 1.0343, 0.3165 0.7404 0.2868, 0.3158 0.7405 0.2868, 0.3124 0.7419 0.2869, 0.311 0.7425 0.2869, 0.3087 0.7443 0.287, 0.307 0.7456 0.287, 0.3056 0.7474 0.287, 0.3038 0.7497 0.2871, 0.3033 0.7511 0.2871, 0.3019 0.7544 0.2872, 0.3018 0.7552 0.2873, 0.3165 1.035 0.0006, 0.3158 0.9786 0.0061, 0.3158 1.035 0.0007, 0.3158 0.874 0.0486, 0.3158 0.9242 0.0223, 0.3158 0.7476 0.2306, 0.3158 0.7653 0.1767, 0.3158 0.8297 0.084, 0.3158 0.793 0.1272, 0.3087 1.035 0.0044, 0.311 1.035 0.0026, 0.311 0.979 0.0081, 0.3124 1.035 0.0021, 0.311 0.7495 0.231, 0.311 0.7671 0.1775, 0.311 0.7946 0.1284, 0.311 0.8311 0.0854, 0.311 0.8751 0.0502, 0.311 0.925 0.0241, 0.307 0.9796 0.0111, 0.307 1.035 0.0058, 0.307 0.9261 0.027, 0.307 0.8768 0.0528, 0.307 0.8333 0.0877, 0.307 0.7972 0.1302, 0.307 0.77 0.1788, 0.307 0.7526 0.2317, 0.3033 1.035 0.0112, 0.3038 1.035 0.0098, 0.3038 0.9803 0.0151, 0.3056 1.035 0.0075, 0.3038 0.7566 0.2326, 0.3038 0.7737 0.1804, 0.3038 0.8006 0.1325, 0.3038 0.8361 0.0906, 0.3038 0.879 0.0563, 0.3038 0.9277 0.0308, 0.3018 1.035 0.0153, 0.3019 1.035 0.0146, 0.3019 0.9812 0.0198, 0.3019 0.9295 0.0352, 0.3019 0.8816 0.0602, 0.3019 0.8394 0.094, 0.3019 0.8045 0.1352, 0.3019 0.7781 0.1823, 0.3019 0.7612 0.2336, 0.3018 1.6441 0.0153, 0.302 1.6443 0.0142, 0.3033 1.6445 0.0112, 0.3039 1.6446 0.0097, 0.3056 1.6447 0.0075, 0.307 1.6447 0.0058, 0.3087 1.6447 0.0044, 0.3108 1.6446 0.0027, 0.3124 1.6445 0.0021, 0.3154 1.6443 0.0008, 0.3165 1.6441 0.0006, 0.489 0.6201 1.1331, 0.4882 0.6201 1.1326, 0.4882 0.626 1.1325, 0.483 0.6201 1.1305, 0.4849 0.6201 1.131, 0.4834 0.6259 1.1305, 0.4834 0.6201 1.1306, 0.4906 0.6201 1.1342, 0.4939 0.6201 1.1376, 0.4922 0.6201 1.1358, 0.4923 0.6261 1.1356, 0.497 0.6201 1.1434, 0.495 0.6201 1.1392, 0.4954 0.6262 1.1397, 0.4976 0.6201 1.1453, 0.4974 0.6264 1.1444, 0.4973 0.6201 1.1445, 0.4834 0.6427 1.1285, 0.4834 0.6598 1.1223, 0.4834 0.6743 1.1145, 0.4834 0.6891 1.1026, 0.4834 0.6944 1.097, 0.4834 0.7055 1.0817, 0.4834 0.7119 1.0686, 0.4834 0.7174 1.0502, 0.4834 0.7191 1.0343, 0.4882 0.6432 1.1304, 0.4882 0.6606 1.1241, 0.4882 0.6753 1.1161, 0.4882 0.6905 1.104, 0.4882 0.6959 1.0983, 0.4882 0.7072 1.0827, 0.4882 0.7137 1.0693, 0.4882 0.7193 1.0505, 0.4882 0.7211 1.0344, 0.4923 0.6439 1.1334, 0.4923 0.6619 1.1269, 0.4923 0.677 1.1187, 0.4923 0.6927 1.1062, 0.4923 0.6982 1.1004, 0.4923 0.7099 1.0842, 0.4923 0.7166 1.0705, 0.4923 0.7224 1.0511, 0.4923 0.7242 1.0345, 0.4954 0.6449 1.1374, 0.4954 0.6635 1.1307, 0.4954 0.6793 1.1221, 0.4954 0.6955 1.1091, 0.4954 0.7013 1.1031, 0.4954 0.7134 1.0863, 0.4954 0.7204 1.072, 0.4954 0.7264 1.0519, 0.4954 0.7283 1.0346, 0.4974 0.6461 1.142, 0.4974 0.6654 1.135, 0.4974 0.6819 1.1261, 0.4974 0.6988 1.1125, 0.4974 0.7049 1.1062, 0.4974 0.7175 1.0887, 0.4974 0.7248 1.0738, 0.4974 0.731 1.0528, 0.4974 0.733 1.0347, 0.4974 0.7544 0.2872, 0.4954 0.7497 0.2871, 0.4923 0.7456 0.287, 0.4882 0.7425 0.2869, 0.4834 0.7405 0.2868, 0.4974 0.7612 0.2336, 0.4954 0.7566 0.2326, 0.4882 0.7495 0.231, 0.4834 0.793 0.1272, 0.4834 0.7653 0.1767, 0.4834 0.7476 0.2306, 0.4834 0.9786 0.0061, 0.4834 0.9242 0.0223, 0.4834 0.8297 0.084, 0.4834 0.874 0.0486, 0.4827 1.035 0.0006, 0.4834 1.035 0.0007, 0.4868 1.035 0.0021, 0.4882 0.979 0.0081, 0.4882 0.925 0.0241, 0.4882 0.8751 0.0502, 0.4882 0.8311 0.0854, 0.4882 0.7946 0.1284, 0.4882 0.7671 0.1775, 0.4923 0.7526 0.2317, 0.4923 0.77 0.1788, 0.4923 0.7972 0.1302, 0.4923 0.8333 0.0877, 0.4923 0.8768 0.0528, 0.4923 0.9261 0.027, 0.4923 0.9796 0.0111, 0.4882 1.035 0.0026, 0.4905 1.035 0.0044, 0.4923 1.035 0.0058, 0.4936 1.035 0.0075, 0.4954 0.9803 0.0151, 0.4954 0.9277 0.0308, 0.4954 0.879 0.0563, 0.4954 0.8361 0.0906, 0.4954 0.8006 0.1325, 0.4954 0.7737 0.1804, 0.4974 0.7781 0.1823, 0.4974 0.8045 0.1352, 0.4974 0.8394 0.094, 0.4974 0.8816 0.0602, 0.4974 0.9295 0.0352, 0.4974 0.9812 0.0198, 0.4954 1.035 0.0098, 0.496 1.035 0.0112, 0.4974 1.035 0.0146, 0.4975 1.035 0.0153, 0.4827 1.6441 0.0006, 0.4839 1.6443 0.0008, 0.4868 1.6445 0.0021, 0.4884 1.6446 0.0027, 0.4905 1.6447 0.0044, 0.4923 1.6447 0.0058, 0.4936 1.6447 0.0075, 0.4953 1.6446 0.0097, 0.496 1.6445 0.0112, 0.4972 1.6443 0.0142, 0.4974 1.6441 0.0153, 0.4834 0.8254 1.2428, 0.4834 0.7637 1.2887, 0.4834 0.6919 1.3168, 0.4975 0.6201 1.3117, 0.4974 0.6322 1.3118, 0.4973 0.6201 1.3122, 0.4969 0.6201 1.3136, 0.4954 0.6324 1.3166, 0.4953 0.6201 1.3169, 0.4949 0.6201 1.3178, 0.4923 0.6327 1.3206, 0.4937 0.6201 1.3194, 0.4882 0.6328 1.3238, 0.4904 0.6201 1.3227, 0.4922 0.6201 1.3209, 0.4827 0.6201 1.3263, 0.4834 0.6201 1.3261, 0.4834 0.6329 1.3257, 0.4846 0.6201 1.3258, 0.4888 0.6201 1.3238, 0.4834 0.653 1.3239, 0.4882 0.6528 1.322, 0.4923 0.6524 1.3189, 0.4954 0.6519 1.3148, 0.4974 0.6513 1.3101, 0.4882 0.6915 1.3149, 0.4923 0.6907 1.3119, 0.4954 0.6898 1.3079, 0.4974 0.6886 1.3033, 0.4834 0.7291 1.3052, 0.4882 0.7284 1.3034, 0.4923 0.7272 1.3004, 0.4954 0.7257 1.2967, 0.4974 0.724 1.2922, 0.4882 0.7628 1.287, 0.4923 0.7612 1.2842, 0.4954 0.7593 1.2807, 0.4974 0.7569 1.2765, 0.4834 0.7959 1.2679, 0.4882 0.7947 1.2663, 0.4923 0.7928 1.2638, 0.4954 0.7904 1.2605, 0.4974 0.7876 1.2567, 0.4882 0.824 1.2414, 0.4923 0.8218 1.2391, 0.4954 0.819 1.2362, 0.4974 0.8157 1.2328, 0.4834 0.838 1.2297, 0.4882 0.8365 1.2284, 0.4923 0.8342 1.2263, 0.4954 0.8312 1.2236, 0.4974 0.8277 1.2204, 0.4834 0.8617 1.1998, 0.4882 0.8601 1.1987, 0.4923 0.8575 1.1969, 0.4954 0.8542 1.1946, 0.4974 0.8503 1.1919, 0.4974 0.8615 1.1743, 0.4954 0.8656 1.1767, 0.4923 0.8691 1.1788, 0.4882 0.8718 1.1804, 0.4834 0.8735 1.1814, 0.4974 0.8781 1.1413, 0.4974 0.8905 1.1061, 0.4954 0.8825 1.1432, 0.4954 0.895 1.1074, 0.4923 0.8863 1.1447, 0.4923 0.899 1.1085, 0.4882 0.8891 1.146, 0.4882 0.902 1.1093, 0.4834 0.8909 1.1467, 0.4834 0.9039 1.1099, 0.4834 0.9109 1.0778, 0.4882 0.909 1.0775, 0.4923 0.9059 1.077, 0.4954 0.9019 1.0763, 0.4974 0.8972 1.0756, 0.4834 0.9146 1.0399, 0.4882 0.9126 1.0399, 0.4923 0.9095 1.0398, 0.4954 0.9054 1.0397, 0.4974 0.9006 1.0395, 0.4827 0.9361 0.2924, 0.4834 0.9359 0.2924, 0.4869 0.9347 0.2924, 0.4881 0.9339 0.2924, 0.4906 0.9323 0.2923, 0.4922 0.9308 0.2923, 0.4937 0.9292 0.2922, 0.4953 0.9267 0.2922, 0.4961 0.9255 0.2921, 0.4973 0.922 0.292, 0.4975 0.9213 0.292, 0.4975 1.0061 0.1853, 0.4975 0.9259 0.2632, 0.4961 0.9299 0.2644, 0.4975 1.035 0.1815, 0.4973 1.035 0.1822, 0.4961 1.0072 0.1893, 0.4937 0.9335 0.2655, 0.4961 1.035 0.1857, 0.4953 1.035 0.1869, 0.4937 1.0081 0.1929, 0.4906 0.9365 0.2663, 0.4937 1.035 0.1894, 0.4922 1.035 0.191, 0.4906 1.0089 0.1959, 0.4869 0.9387 0.267, 0.4975 0.9376 0.2365, 0.4961 0.9412 0.2387, 0.4937 0.9444 0.2406, 0.4906 0.9471 0.2422, 0.4869 0.9491 0.2434, 0.4975 0.9558 0.2137, 0.4961 0.9587 0.2167, 0.4937 0.9613 0.2194, 0.4906 0.9634 0.2216, 0.4869 0.9651 0.2233, 0.4975 0.9791 0.1962, 0.4961 0.9811 0.1999, 0.4937 0.983 0.2031, 0.4906 0.9845 0.2058, 0.4869 0.9857 0.2079, 0.4869 1.0095 0.1982, 0.4827 0.9401 0.2674, 0.4906 1.035 0.1926, 0.4881 1.035 0.1941, 0.4869 1.035 0.1949, 0.4834 1.035 0.1961, 0.4827 0.9503 0.2442, 0.4827 0.9661 0.2243, 0.4827 0.9864 0.2091, 0.4827 1.0099 0.1996, 0.4827 1.035 0.1964, 0.4834 1.6442 0.1961, 0.4839 1.6443 0.1961, 0.4882 1.6446 0.1942, 0.4884 1.6446 0.1941, 0.4923 1.6447 0.1911, 0.4953 1.6446 0.1872, 0.4954 1.6446 0.187, 0.4972 1.6443 0.1827, 0.4973 1.6442 0.1823, 0.4834 0.0373 1.3261, 0.4974 -0.3839 1.3122, 0.4976 -1.1914 1.3111, 0.4973 -1.1915 1.3121, 0.4971 -1.1915 1.3126, 0.4954 -0.3839 1.3169, 0.4962 -1.1917 1.3154, 0.4911 -1.1919 1.3221, 0.4923 -1.192 1.321, 0.4923 -0.3839 1.321, 0.4925 -1.192 1.3208, 0.4953 -1.1918 1.3171, 0.4854 -1.1917 1.3255, 0.4873 -1.1918 1.3246, 0.4882 -0.3839 1.3241, 0.4881 -1.1918 1.3241, 0.4883 -1.1918 1.3239, 0.4834 -0.3839 1.3261, 0.4809 -1.1912 1.3266, 0.4834 -1.1915 1.326, 0.4838 -1.1915 1.3259, 0.4974 0.3334 1.3122, 0.4974 0.4232 1.3122, 0.4954 0.3334 1.3169, 0.4954 0.4232 1.3169, 0.4923 0.3334 1.321, 0.4923 0.4232 1.321, 0.4882 0.3334 1.3241, 0.4882 0.4232 1.3241, 0.4834 0.3334 1.3261, 0.4834 0.4232 1.3261, 0.4974 0.0373 1.3122, 0.4954 0.0373 1.3169, 0.4923 0.0373 1.321, 0.4882 0.0373 1.3241, 0.3158 0.3334 1.3261, 0.3158 -0.3839 1.3261, 0.3158 -1.1915 1.326, 0.3169 -1.1914 1.3264, 0.3154 -1.1915 1.3259, 0.311 -0.3839 1.3241, 0.3125 -1.1917 1.3249, 0.3059 -1.1919 1.3198, 0.307 -1.192 1.321, 0.307 -0.3839 1.321, 0.3072 -1.192 1.3212, 0.3108 -1.1918 1.324, 0.3025 -1.1917 1.3142, 0.3033 -1.1918 1.316, 0.3038 -0.3839 1.3169, 0.3039 -1.1918 1.3169, 0.304 -1.1918 1.3171, 0.3019 -0.3839 1.3122, 0.3014 -1.1912 1.3097, 0.302 -1.1915 1.3121, 0.3021 -1.1915 1.3126, 0.3158 0.4232 1.3261, 0.311 0.3334 1.3241, 0.311 0.4232 1.3241, 0.307 0.3334 1.321, 0.307 0.4232 1.321, 0.3038 0.3334 1.3169, 0.3038 0.4232 1.3169, 0.3019 0.3334 1.3122, 0.3019 0.4232 1.3122, 0.3158 0.0373 1.3261, 0.311 0.0373 1.3241, 0.307 0.0373 1.321, 0.3038 0.0373 1.3169, 0.3019 0.0373 1.3122, 0.4834 0.3326 1.1306, 0.4834 -0.3839 1.1306, 0.4834 -0.9097 1.1306, 0.4823 -1.1914 1.1303, 0.4834 -1.1915 1.1307, 0.4838 -1.1915 1.1308, 0.4882 -0.9097 1.1326, 0.4867 -1.1917 1.1318, 0.4934 -1.1919 1.1369, 0.4923 -1.192 1.1357, 0.4923 -0.9097 1.1357, 0.492 -1.192 1.1354, 0.4884 -1.1918 1.1327, 0.4967 -1.1917 1.1425, 0.4959 -1.1918 1.1407, 0.4954 -0.9097 1.1398, 0.4953 -1.1918 1.1398, 0.4952 -1.1918 1.1396, 0.4974 -0.9097 1.1445, 0.4979 -1.1912 1.147, 0.4972 -1.1915 1.1445, 0.4971 -1.1915 1.1441, 0.4974 -0.3839 1.1445, 0.4954 -0.3839 1.1398, 0.4923 -0.3839 1.1357, 0.4882 -0.3839 1.1326, 0.4974 0.3326 1.1445, 0.4954 0.3326 1.1398, 0.4923 0.3326 1.1357, 0.4882 0.3326 1.1326, 0.4974 0.4232 1.1445, 0.4954 0.4232 1.1398, 0.4923 0.4232 1.1357, 0.4882 0.4232 1.1326, 0.4834 0.4232 1.1306, 0.3158 -0.3839 1.1306, 0.3019 -0.9097 1.1445, 0.3016 -1.1914 1.1456, 0.302 -1.1915 1.1445, 0.3021 -1.1915 1.1441, 0.3038 -0.9097 1.1398, 0.303 -1.1917 1.1413, 0.3081 -1.1919 1.1346, 0.307 -1.192 1.1357, 0.307 -0.9097 1.1357, 0.3067 -1.192 1.1359, 0.3039 -1.1918 1.1396, 0.3138 -1.1917 1.1312, 0.312 -1.1918 1.132, 0.311 -0.9097 1.1326, 0.3111 -1.1918 1.1326, 0.3109 -1.1918 1.1328, 0.3158 -0.9097 1.1306, 0.3183 -1.1912 1.1301, 0.3158 -1.1915 1.1307, 0.3154 -1.1915 1.1308, 0.3019 -0.3839 1.1445, 0.3038 -0.3839 1.1398, 0.307 -0.3839 1.1357, 0.311 -0.3839 1.1326, 0.3158 0.3326 1.1306, 0.311 0.3326 1.1326, 0.307 0.3326 1.1357, 0.3038 0.3326 1.1398, 0.3019 0.3326 1.1445, 0.3158 0.4232 1.1306, 0.311 0.4232 1.1326, 0.307 0.4232 1.1357, 0.3038 0.4232 1.1398, 0.3019 0.4232 1.1445, 0.3158 0.9146 1.0399, 0.3158 0.9109 1.0778, 0.3158 0.8254 1.2428, 0.3158 0.7958 1.2679, 0.3162 0.6201 1.3262, 0.3158 0.6329 1.3257, 0.3158 0.6201 1.3261, 0.3144 0.6201 1.3257, 0.3102 0.6201 1.3236, 0.3111 0.6201 1.3241, 0.311 0.6328 1.3238, 0.3053 0.6201 1.3191, 0.307 0.6201 1.3209, 0.307 0.6326 1.3206, 0.3086 0.6201 1.3225, 0.3022 0.6201 1.3133, 0.3042 0.6201 1.3175, 0.3038 0.6324 1.3166, 0.3017 0.6201 1.3114, 0.3019 0.6201 1.3122, 0.3019 0.6322 1.3118, 0.3158 0.653 1.3239, 0.3158 0.7291 1.3052, 0.3158 0.6919 1.3168, 0.3158 0.7637 1.2887, 0.3158 0.838 1.2297, 0.3158 0.8617 1.1998, 0.3158 0.8735 1.1814, 0.3158 0.8909 1.1468, 0.3158 0.9039 1.1099, 0.311 0.6528 1.322, 0.311 0.6914 1.3149, 0.311 0.7284 1.3034, 0.311 0.7628 1.287, 0.311 0.7947 1.2663, 0.311 0.824 1.2414, 0.311 0.8365 1.2284, 0.311 0.8601 1.1987, 0.311 0.8718 1.1804, 0.311 0.8891 1.146, 0.311 0.902 1.1093, 0.311 0.909 1.0775, 0.311 0.9126 1.0399, 0.307 0.6524 1.3189, 0.307 0.6907 1.3119, 0.307 0.7272 1.3005, 0.307 0.7612 1.2842, 0.307 0.7928 1.2638, 0.307 0.8218 1.2391, 0.307 0.8342 1.2263, 0.307 0.8575 1.1969, 0.307 0.8691 1.1788, 0.307 0.8862 1.1448, 0.307 0.899 1.1085, 0.307 0.9059 1.077, 0.307 0.9095 1.0398, 0.3038 0.6519 1.3148, 0.3038 0.6897 1.3079, 0.3038 0.7257 1.2967, 0.3038 0.7592 1.2807, 0.3038 0.7904 1.2605, 0.3038 0.819 1.2362, 0.3038 0.8312 1.2236, 0.3038 0.8542 1.1946, 0.3038 0.8656 1.1767, 0.3038 0.8825 1.1432, 0.3038 0.895 1.1074, 0.3038 0.9019 1.0763, 0.3038 0.9054 1.0397, 0.3019 0.6513 1.3101, 0.3019 0.6886 1.3033, 0.3019 0.724 1.2923, 0.3019 0.7569 1.2765, 0.3019 0.7875 1.2567, 0.3019 0.8157 1.2328, 0.3019 0.8277 1.2204, 0.3019 0.8503 1.1919, 0.3019 0.8615 1.1743, 0.3019 0.8781 1.1413, 0.3019 0.8905 1.1061, 0.3019 0.8972 1.0756, 0.3019 0.9006 1.0395, 0.3019 0.9221 0.292, 0.3038 0.9268 0.2922, 0.307 0.9309 0.2923, 0.311 0.934 0.2924, 0.3158 0.936 0.2924, 0.3019 1.035 0.1823, 0.3019 1.0063 0.186, 0.3038 1.035 0.187, 0.3038 1.0075 0.1906, 0.307 1.035 0.1911, 0.307 1.0085 0.1945, 0.311 1.035 0.1942, 0.311 1.0093 0.1975, 0.3158 1.035 0.1962, 0.3158 1.0098 0.1994, 0.3019 0.9794 0.1969, 0.3038 0.9818 0.201, 0.307 0.9838 0.2046, 0.311 0.9853 0.2073, 0.3158 0.9863 0.209, 0.3019 0.9563 0.2142, 0.3038 0.9596 0.2176, 0.307 0.9624 0.2206, 0.311 0.9646 0.2228, 0.3158 0.966 0.2242, 0.3019 0.9382 0.2369, 0.3038 0.9423 0.2394, 0.307 0.9458 0.2415, 0.311 0.9485 0.2431, 0.3158 0.9502 0.2441, 0.3019 0.9266 0.2634, 0.3038 0.9311 0.2648, 0.307 0.9351 0.2659, 0.311 0.9381 0.2668, 0.3158 0.9399 0.2674, 0.3019 1.6442 0.1823, 0.302 1.6443 0.1827, 0.3038 1.6446 0.187, 0.3039 1.6446 0.1872, 0.307 1.6447 0.1911, 0.3108 1.6446 0.1941, 0.311 1.6446 0.1942, 0.3154 1.6443 0.1961, 0.3158 1.6442 0.1961
            ]
        }
        coordIndex [
            0,1,2,-1,2,1,3,-1,2,3,4,-1,4,3,5,-1,4,5,6,-1,6,5,7,-1,6,7,8,-1,8,7,9,-1,8,9,10,-1,10,9,11,-1,10,11,12,-1,12,11,13,-1,12,13,14,-1,14,13,15,-1,14,15,16,-1,16,15,17,-1,16,17,18,-1,18,17,19,-1,18,19,20,-1,20,19,21,-1,20,21,22,-1,22,21,23,-1,22,23,24,-1,24,23,25,-1,24,25,26,-1,26,25,27,-1,26,27,28,-1,28,27,29,-1,28,29,30,-1,30,29,31,-1,30,31,32,-1,32,31,33,-1,34,35,36,-1,37,38,39,-1,39,38,40,-1,39,40,41,-1,41,40,42,-1,43,44,45,-1,45,44,46,-1,45,46,42,-1,42,46,47,-1,42,47,41,-1,36,48,34,-1,34,48,49,-1,34,49,50,-1,50,49,51,-1,50,51,52,-1,51,53,52,-1,52,53,54,-1,52,54,55,-1,55,54,56,-1,55,56,57,-1,57,56,58,-1,57,58,43,-1,43,58,59,-1,43,59,44,-1,60,61,62,-1,62,61,63,-1,62,63,64,-1,64,63,65,-1,64,65,66,-1,66,65,67,-1,66,67,68,-1,68,67,69,-1,68,69,70,-1,70,69,71,-1,70,71,72,-1,72,71,73,-1,72,73,74,-1,74,73,75,-1,74,75,76,-1,76,75,77,-1,76,77,78,-1,77,79,78,-1,78,79,80,-1,78,80,81,-1,81,80,82,-1,82,80,83,-1,82,83,84,-1,84,83,85,-1,84,85,86,-1,86,85,87,-1,86,87,88,-1,88,87,89,-1,88,89,90,-1,90,89,91,-1,90,91,92,-1,92,91,93,-1,92,93,94,-1,94,93,95,-1,94,95,96,-1,96,95,97,-1,96,97,98,-1,98,97,99,-1,98,99,100,-1,100,99,101,-1,100,101,102,-1,101,103,102,-1,102,103,104,-1,102,104,105,-1,106,107,108,-1,108,109,106,-1,106,109,110,-1,106,110,111,-1,111,110,112,-1,111,112,113,-1,114,115,116,-1,116,115,117,-1,116,117,118,-1,118,117,119,-1,120,121,122,-1,122,121,123,-1,122,123,119,-1,119,123,124,-1,119,124,118,-1,112,125,113,-1,113,125,126,-1,113,126,127,-1,127,126,128,-1,127,128,129,-1,129,128,130,-1,129,130,120,-1,120,130,131,-1,120,131,121,-1,132,133,0,-1,0,133,1,-1,36,35,134,-1,134,35,135,-1,61,60,136,-1,136,60,137,-1,115,114,138,-1,138,114,139,-1,133,132,140,-1,140,132,141,-1,140,141,142,-1,142,141,143,-1,142,143,144,-1,144,143,145,-1,144,145,146,-1,146,145,147,-1,146,147,148,-1,148,147,149,-1,148,149,150,-1,150,149,151,-1,150,151,152,-1,152,151,153,-1,152,153,154,-1,154,153,155,-1,154,155,156,-1,156,155,157,-1,156,157,158,-1,158,157,159,-1,158,159,160,-1,160,159,161,-1,160,161,162,-1,162,161,163,-1,164,134,135,-1,165,166,167,-1,167,166,168,-1,167,168,169,-1,169,168,170,-1,135,171,164,-1,164,171,172,-1,164,172,173,-1,173,172,174,-1,173,174,175,-1,175,174,176,-1,175,176,170,-1,170,176,177,-1,170,177,169,-1,178,179,180,-1,180,179,181,-1,180,181,182,-1,182,181,183,-1,182,183,184,-1,184,183,185,-1,184,185,186,-1,186,185,187,-1,186,187,188,-1,188,187,189,-1,188,189,137,-1,137,189,136,-1,190,191,192,-1,138,139,193,-1,193,139,194,-1,193,194,195,-1,195,194,196,-1,192,197,190,-1,190,197,198,-1,190,198,199,-1,199,198,200,-1,199,200,201,-1,201,200,202,-1,201,202,196,-1,196,202,203,-1,196,203,195,-1,204,205,163,-1,163,205,162,-1,166,165,206,-1,206,165,207,-1,208,209,178,-1,178,209,179,-1,192,191,210,-1,210,191,211,-1,212,213,214,-1,215,216,217,-1,218,219,220,-1,221,218,222,-1,222,218,220,-1,222,220,214,-1,214,220,223,-1,214,223,212,-1,221,222,216,-1,216,222,224,-1,216,224,217,-1,225,226,227,-1,227,226,228,-1,213,229,214,-1,214,229,228,-1,214,228,230,-1,230,228,226,-1,231,232,219,-1,219,232,233,-1,219,233,220,-1,231,234,232,-1,232,234,235,-1,232,235,236,-1,237,238,239,-1,239,238,240,-1,223,241,212,-1,212,241,240,-1,212,240,242,-1,242,240,238,-1,217,243,215,-1,215,243,244,-1,215,244,245,-1,245,244,246,-1,225,227,247,-1,247,227,248,-1,247,248,249,-1,236,235,250,-1,250,235,251,-1,250,251,252,-1,237,239,253,-1,253,239,254,-1,253,254,255,-1,256,257,258,-1,258,257,259,-1,258,259,260,-1,260,259,261,-1,260,261,262,-1,262,261,263,-1,262,263,264,-1,264,263,265,-1,264,265,266,-1,266,265,267,-1,266,267,268,-1,268,267,269,-1,270,271,272,-1,273,274,275,-1,275,274,276,-1,270,272,277,-1,277,272,278,-1,277,278,276,-1,276,278,279,-1,276,279,275,-1,280,281,282,-1,282,281,283,-1,282,283,284,-1,284,283,285,-1,284,285,286,-1,286,285,287,-1,286,287,288,-1,288,287,289,-1,288,289,290,-1,289,291,290,-1,290,291,292,-1,290,292,293,-1,294,295,296,-1,294,296,297,-1,297,296,298,-1,297,298,299,-1,299,298,300,-1,299,300,301,-1,301,300,302,-1,301,302,303,-1,304,305,306,-1,306,305,307,-1,308,309,310,-1,311,312,313,-1,314,315,316,-1,308,317,309,-1,309,317,318,-1,309,318,319,-1,310,311,308,-1,308,311,313,-1,308,313,305,-1,305,313,320,-1,305,320,307,-1,321,322,312,-1,312,322,323,-1,312,323,313,-1,321,324,322,-1,322,324,325,-1,322,325,326,-1,304,306,315,-1,315,306,327,-1,315,327,316,-1,328,329,320,-1,320,329,330,-1,320,330,307,-1,328,331,329,-1,329,331,332,-1,329,332,333,-1,318,334,319,-1,319,334,335,-1,319,335,336,-1,336,335,337,-1,326,325,338,-1,338,325,339,-1,338,339,340,-1,316,341,314,-1,314,341,342,-1,314,342,343,-1,343,342,344,-1,333,332,345,-1,345,332,346,-1,345,346,347,-1,348,306,256,-1,256,306,307,-1,256,307,257,-1,257,307,349,-1,350,320,271,-1,271,320,313,-1,271,313,272,-1,272,313,351,-1,302,352,308,-1,302,308,303,-1,303,308,305,-1,303,305,353,-1,292,354,312,-1,292,312,293,-1,293,312,311,-1,293,311,355,-1,356,222,208,-1,208,222,214,-1,208,214,209,-1,209,214,357,-1,358,219,207,-1,207,219,218,-1,207,218,206,-1,206,218,359,-1,211,360,213,-1,211,213,210,-1,210,213,212,-1,210,212,361,-1,204,362,223,-1,204,223,205,-1,205,223,220,-1,205,220,363,-1,24,26,364,-1,365,366,367,-1,368,369,370,-1,371,107,106,-1,372,373,374,-1,374,373,371,-1,368,370,375,-1,376,377,378,-1,378,377,375,-1,379,380,365,-1,30,32,379,-1,379,32,381,-1,379,381,380,-1,364,26,379,-1,379,26,28,-1,379,28,30,-1,24,364,22,-1,22,364,382,-1,22,382,20,-1,20,382,383,-1,20,383,18,-1,18,383,384,-1,18,384,16,-1,16,384,14,-1,14,384,385,-1,14,385,12,-1,12,385,386,-1,12,386,10,-1,10,386,8,-1,8,386,387,-1,8,387,6,-1,371,106,374,-1,374,106,111,-1,374,111,388,-1,388,111,113,-1,388,113,389,-1,389,113,127,-1,389,127,390,-1,390,127,129,-1,390,129,391,-1,391,129,120,-1,391,120,392,-1,392,120,122,-1,392,122,393,-1,393,122,119,-1,393,119,394,-1,394,119,117,-1,394,117,395,-1,375,370,378,-1,378,370,396,-1,378,396,397,-1,397,396,398,-1,397,398,399,-1,399,398,400,-1,399,400,401,-1,401,400,402,-1,401,402,403,-1,403,402,404,-1,403,404,405,-1,405,404,406,-1,405,406,407,-1,407,406,408,-1,407,408,409,-1,409,408,410,-1,409,410,411,-1,365,367,379,-1,379,367,412,-1,379,412,364,-1,364,412,413,-1,364,413,382,-1,382,413,414,-1,382,414,383,-1,383,414,415,-1,383,415,384,-1,384,415,416,-1,384,416,385,-1,385,416,417,-1,385,417,386,-1,386,417,418,-1,386,418,387,-1,387,418,419,-1,387,419,420,-1,117,115,421,-1,117,421,395,-1,395,421,422,-1,395,422,423,-1,423,410,395,-1,395,410,408,-1,395,408,394,-1,394,408,406,-1,394,406,393,-1,393,406,404,-1,393,404,392,-1,392,404,402,-1,392,402,391,-1,391,402,400,-1,391,400,390,-1,390,400,398,-1,390,398,389,-1,389,398,396,-1,389,396,388,-1,388,396,370,-1,388,370,374,-1,374,370,369,-1,374,369,372,-1,423,424,410,-1,410,424,425,-1,410,425,411,-1,411,425,426,-1,411,426,427,-1,427,419,411,-1,411,419,418,-1,411,418,409,-1,409,418,417,-1,409,417,407,-1,407,417,416,-1,407,416,405,-1,405,416,415,-1,405,415,403,-1,403,415,414,-1,403,414,401,-1,401,414,413,-1,401,413,399,-1,399,413,412,-1,399,412,397,-1,397,412,367,-1,397,367,378,-1,378,367,366,-1,378,366,376,-1,427,428,419,-1,419,428,429,-1,419,429,420,-1,420,429,430,-1,420,430,431,-1,6,387,4,-1,4,387,420,-1,4,420,2,-1,2,420,431,-1,2,431,0,-1,0,431,132,-1,132,431,432,-1,432,431,433,-1,433,431,430,-1,433,430,434,-1,434,430,429,-1,434,429,435,-1,435,429,428,-1,435,428,436,-1,436,428,427,-1,436,427,437,-1,437,427,426,-1,437,426,438,-1,438,426,425,-1,438,425,439,-1,439,425,424,-1,439,424,440,-1,440,424,423,-1,440,423,441,-1,441,423,422,-1,441,422,442,-1,422,421,442,-1,442,421,115,-1,442,115,138,-1,443,163,161,-1,444,445,443,-1,155,446,447,-1,443,161,444,-1,444,161,159,-1,444,159,447,-1,447,159,157,-1,447,157,155,-1,141,448,143,-1,143,448,449,-1,155,153,446,-1,446,153,151,-1,446,151,450,-1,450,151,149,-1,450,149,451,-1,451,149,147,-1,451,147,449,-1,449,147,145,-1,449,145,143,-1,141,132,432,-1,452,453,454,-1,454,453,455,-1,141,432,448,-1,448,432,433,-1,448,433,434,-1,434,456,448,-1,448,456,457,-1,448,457,449,-1,449,457,458,-1,449,458,451,-1,451,458,459,-1,451,459,450,-1,450,459,460,-1,450,460,446,-1,446,460,461,-1,446,461,447,-1,447,461,454,-1,447,454,444,-1,444,454,455,-1,444,455,445,-1,462,463,452,-1,452,454,462,-1,462,454,461,-1,462,461,464,-1,464,461,460,-1,464,460,465,-1,465,460,459,-1,465,459,466,-1,466,459,458,-1,466,458,467,-1,467,458,457,-1,467,457,468,-1,468,457,456,-1,468,456,469,-1,470,471,472,-1,472,471,473,-1,434,435,456,-1,456,435,436,-1,456,436,469,-1,469,436,437,-1,469,437,438,-1,438,474,469,-1,469,474,475,-1,469,475,468,-1,468,475,476,-1,468,476,467,-1,467,476,477,-1,467,477,466,-1,466,477,478,-1,466,478,465,-1,465,478,479,-1,465,479,464,-1,464,479,472,-1,464,472,462,-1,462,472,473,-1,462,473,463,-1,480,481,482,-1,482,481,470,-1,470,472,482,-1,482,472,479,-1,482,479,483,-1,483,479,478,-1,483,478,484,-1,484,478,477,-1,484,477,485,-1,485,477,476,-1,485,476,486,-1,486,476,475,-1,486,475,487,-1,487,475,474,-1,487,474,488,-1,197,192,480,-1,438,439,474,-1,474,439,440,-1,474,440,488,-1,488,440,441,-1,488,441,442,-1,480,482,197,-1,197,482,483,-1,197,483,198,-1,198,483,484,-1,198,484,200,-1,200,484,485,-1,200,485,202,-1,202,485,486,-1,202,486,203,-1,203,486,487,-1,203,487,195,-1,195,487,488,-1,195,488,193,-1,193,488,442,-1,193,442,138,-1,204,163,362,-1,362,163,443,-1,480,192,210,-1,210,361,480,-1,480,361,489,-1,480,489,481,-1,481,489,490,-1,481,490,470,-1,470,490,491,-1,470,491,471,-1,471,491,492,-1,471,492,473,-1,473,492,493,-1,473,493,463,-1,463,493,494,-1,463,494,452,-1,452,494,495,-1,452,495,453,-1,453,495,496,-1,453,496,455,-1,455,496,497,-1,455,497,445,-1,445,497,498,-1,445,498,443,-1,443,498,499,-1,443,499,362,-1,223,362,499,-1,223,499,241,-1,241,499,498,-1,241,498,240,-1,240,498,497,-1,240,497,239,-1,239,497,496,-1,239,496,254,-1,254,496,495,-1,254,495,255,-1,361,212,489,-1,489,212,242,-1,489,242,490,-1,490,242,238,-1,490,238,491,-1,491,238,237,-1,491,237,492,-1,492,237,253,-1,492,253,493,-1,493,253,255,-1,493,255,494,-1,494,255,495,-1,500,501,502,-1,503,33,31,-1,501,504,505,-1,505,504,506,-1,505,506,503,-1,500,502,507,-1,508,509,510,-1,510,509,507,-1,511,512,513,-1,513,512,508,-1,38,514,515,-1,515,514,516,-1,515,516,511,-1,503,31,505,-1,505,31,29,-1,505,29,517,-1,29,27,517,-1,517,27,25,-1,517,25,518,-1,25,23,518,-1,518,23,21,-1,518,21,519,-1,21,19,519,-1,519,19,17,-1,519,17,520,-1,520,17,15,-1,520,15,521,-1,15,13,521,-1,521,13,11,-1,521,11,522,-1,522,11,9,-1,522,9,523,-1,523,9,7,-1,523,7,524,-1,524,7,5,-1,5,3,524,-1,524,3,1,-1,524,1,525,-1,501,505,502,-1,502,505,517,-1,502,517,526,-1,526,517,518,-1,526,518,527,-1,527,518,519,-1,527,519,528,-1,528,519,520,-1,528,520,529,-1,529,520,521,-1,529,521,530,-1,530,521,522,-1,530,522,531,-1,531,522,523,-1,531,523,532,-1,532,523,524,-1,532,524,533,-1,533,524,525,-1,533,525,534,-1,507,502,510,-1,510,502,526,-1,510,526,535,-1,535,526,527,-1,535,527,536,-1,536,527,528,-1,536,528,537,-1,537,528,529,-1,537,529,538,-1,538,529,530,-1,538,530,539,-1,539,530,531,-1,539,531,540,-1,540,531,532,-1,540,532,541,-1,541,532,533,-1,541,533,542,-1,542,533,534,-1,542,534,543,-1,508,510,513,-1,513,510,535,-1,513,535,544,-1,544,535,536,-1,544,536,545,-1,545,536,537,-1,545,537,546,-1,546,537,538,-1,546,538,547,-1,547,538,539,-1,547,539,548,-1,548,539,540,-1,548,540,549,-1,549,540,541,-1,549,541,550,-1,550,541,542,-1,550,542,551,-1,551,542,543,-1,551,543,552,-1,511,513,515,-1,515,513,544,-1,515,544,553,-1,553,544,545,-1,553,545,554,-1,554,545,546,-1,554,546,555,-1,555,546,547,-1,555,547,556,-1,556,547,548,-1,556,548,557,-1,557,548,549,-1,557,549,558,-1,558,549,550,-1,558,550,559,-1,559,550,551,-1,559,551,560,-1,560,551,552,-1,560,552,561,-1,38,515,40,-1,40,515,553,-1,40,553,42,-1,42,553,554,-1,42,554,45,-1,45,554,555,-1,45,555,43,-1,43,555,556,-1,43,556,57,-1,57,556,557,-1,57,557,55,-1,55,557,558,-1,55,558,52,-1,52,558,559,-1,52,559,50,-1,50,559,560,-1,50,560,34,-1,34,560,561,-1,34,561,35,-1,135,35,561,-1,135,561,562,-1,562,561,552,-1,562,552,563,-1,563,552,543,-1,563,543,564,-1,564,543,534,-1,564,534,565,-1,565,534,525,-1,565,525,566,-1,566,525,1,-1,566,1,133,-1,135,562,567,-1,562,563,568,-1,564,565,569,-1,566,133,140,-1,146,570,571,-1,566,140,572,-1,572,140,142,-1,572,142,571,-1,571,142,144,-1,571,144,146,-1,160,573,158,-1,158,573,574,-1,146,148,570,-1,570,148,150,-1,570,150,575,-1,575,150,152,-1,575,152,576,-1,576,152,154,-1,576,154,574,-1,574,154,156,-1,574,156,158,-1,160,162,577,-1,160,577,573,-1,573,577,578,-1,573,578,579,-1,579,580,573,-1,573,580,581,-1,573,581,574,-1,574,581,582,-1,574,582,576,-1,576,582,583,-1,576,583,575,-1,575,583,584,-1,575,584,570,-1,570,584,585,-1,570,585,571,-1,571,585,569,-1,571,569,572,-1,572,569,565,-1,572,565,566,-1,564,569,586,-1,586,569,585,-1,586,585,587,-1,587,585,584,-1,587,584,588,-1,588,584,583,-1,588,583,589,-1,589,583,582,-1,589,582,590,-1,590,582,581,-1,590,581,591,-1,591,581,580,-1,591,580,592,-1,579,593,580,-1,580,593,594,-1,580,594,592,-1,592,594,595,-1,592,595,596,-1,596,597,592,-1,592,597,598,-1,592,598,591,-1,591,598,599,-1,591,599,590,-1,590,599,600,-1,590,600,589,-1,589,600,601,-1,589,601,588,-1,588,601,602,-1,588,602,587,-1,587,602,568,-1,587,568,586,-1,586,568,563,-1,586,563,564,-1,562,568,567,-1,567,568,602,-1,567,602,603,-1,603,602,601,-1,603,601,604,-1,604,601,600,-1,604,600,605,-1,605,600,599,-1,605,599,606,-1,606,599,598,-1,606,598,607,-1,607,598,597,-1,607,597,608,-1,596,609,597,-1,597,609,610,-1,597,610,608,-1,608,610,611,-1,608,611,612,-1,135,567,171,-1,171,567,603,-1,171,603,172,-1,172,603,604,-1,172,604,174,-1,174,604,605,-1,174,605,176,-1,176,605,606,-1,176,606,177,-1,177,606,607,-1,177,607,169,-1,169,607,608,-1,169,608,167,-1,167,608,612,-1,167,612,165,-1,207,165,358,-1,358,165,612,-1,577,162,205,-1,205,363,577,-1,577,363,613,-1,577,613,578,-1,578,613,614,-1,578,614,579,-1,579,614,615,-1,579,615,593,-1,593,615,616,-1,593,616,594,-1,594,616,617,-1,594,617,595,-1,595,617,618,-1,595,618,596,-1,596,618,619,-1,596,619,609,-1,609,619,620,-1,609,620,610,-1,610,620,621,-1,610,621,611,-1,611,621,622,-1,611,622,612,-1,612,622,623,-1,612,623,358,-1,363,220,613,-1,613,220,233,-1,613,233,614,-1,614,233,232,-1,614,232,615,-1,615,232,236,-1,615,236,616,-1,616,236,250,-1,616,250,617,-1,617,250,252,-1,617,252,618,-1,618,252,619,-1,619,252,251,-1,619,251,620,-1,620,251,235,-1,620,235,621,-1,621,235,234,-1,621,234,622,-1,622,234,231,-1,622,231,623,-1,623,231,219,-1,623,219,358,-1,81,82,624,-1,86,88,625,-1,92,94,626,-1,37,39,627,-1,627,39,628,-1,627,628,629,-1,629,628,630,-1,630,628,631,-1,630,631,632,-1,632,631,633,-1,633,631,634,-1,633,634,635,-1,636,637,634,-1,634,637,638,-1,634,638,635,-1,639,640,641,-1,641,640,642,-1,641,642,636,-1,636,642,643,-1,636,643,637,-1,105,639,102,-1,102,639,641,-1,102,641,100,-1,100,641,98,-1,96,98,644,-1,644,98,641,-1,644,641,645,-1,645,641,636,-1,645,636,646,-1,646,636,634,-1,646,634,647,-1,647,634,631,-1,647,631,648,-1,648,631,628,-1,648,628,41,-1,41,628,39,-1,94,96,626,-1,626,96,644,-1,626,644,649,-1,649,644,645,-1,649,645,650,-1,650,645,646,-1,650,646,651,-1,651,646,647,-1,651,647,652,-1,652,647,648,-1,652,648,47,-1,47,648,41,-1,90,92,653,-1,653,92,626,-1,653,626,654,-1,654,626,649,-1,654,649,655,-1,655,649,650,-1,655,650,656,-1,656,650,651,-1,656,651,657,-1,657,651,652,-1,657,652,46,-1,46,652,47,-1,88,90,625,-1,625,90,653,-1,625,653,658,-1,658,653,654,-1,658,654,659,-1,659,654,655,-1,659,655,660,-1,660,655,656,-1,660,656,661,-1,661,656,657,-1,661,657,44,-1,44,657,46,-1,84,86,662,-1,662,86,625,-1,662,625,663,-1,663,625,658,-1,663,658,664,-1,664,658,659,-1,664,659,665,-1,665,659,660,-1,665,660,666,-1,666,660,661,-1,666,661,59,-1,59,661,44,-1,82,84,624,-1,624,84,662,-1,624,662,667,-1,667,662,663,-1,667,663,668,-1,668,663,664,-1,668,664,669,-1,669,664,665,-1,669,665,670,-1,670,665,666,-1,670,666,58,-1,58,666,59,-1,671,76,78,-1,78,81,671,-1,671,81,624,-1,671,624,672,-1,672,624,667,-1,672,667,673,-1,673,667,668,-1,673,668,674,-1,674,668,669,-1,674,669,675,-1,675,669,670,-1,675,670,56,-1,56,670,58,-1,74,76,676,-1,676,76,671,-1,676,671,677,-1,677,671,672,-1,677,672,678,-1,678,672,673,-1,678,673,679,-1,679,673,674,-1,679,674,680,-1,680,674,675,-1,680,675,54,-1,54,675,56,-1,54,53,680,-1,680,53,681,-1,680,681,679,-1,679,681,682,-1,679,682,678,-1,678,682,683,-1,678,683,677,-1,677,683,684,-1,677,684,676,-1,676,684,685,-1,676,685,74,-1,68,70,685,-1,685,70,72,-1,685,72,74,-1,51,49,686,-1,686,49,687,-1,686,687,688,-1,688,687,689,-1,688,689,690,-1,690,689,691,-1,690,691,692,-1,692,691,693,-1,692,693,694,-1,694,693,695,-1,53,51,681,-1,681,51,686,-1,681,686,682,-1,682,686,688,-1,682,688,683,-1,683,688,690,-1,683,690,684,-1,684,690,692,-1,684,692,685,-1,685,692,694,-1,685,694,68,-1,68,694,695,-1,68,695,66,-1,66,695,64,-1,62,64,696,-1,696,64,695,-1,696,695,697,-1,697,695,693,-1,697,693,698,-1,698,693,691,-1,698,691,699,-1,699,691,689,-1,699,689,700,-1,700,689,687,-1,700,687,48,-1,48,687,49,-1,60,62,701,-1,701,62,696,-1,701,696,702,-1,702,696,697,-1,702,697,703,-1,703,697,698,-1,703,698,704,-1,704,698,699,-1,704,699,705,-1,705,699,700,-1,705,700,36,-1,36,700,48,-1,706,137,60,-1,706,60,707,-1,707,60,701,-1,707,701,708,-1,708,701,709,-1,709,701,702,-1,709,702,710,-1,710,702,711,-1,711,702,703,-1,711,703,712,-1,712,703,704,-1,712,704,713,-1,713,704,714,-1,714,704,705,-1,714,705,715,-1,715,705,716,-1,716,705,36,-1,716,36,134,-1,717,168,166,-1,134,164,716,-1,716,164,718,-1,716,718,715,-1,715,718,719,-1,166,720,717,-1,717,720,721,-1,717,721,722,-1,723,713,719,-1,719,713,714,-1,719,714,715,-1,721,724,722,-1,722,724,725,-1,722,725,726,-1,727,711,723,-1,723,711,712,-1,723,712,713,-1,725,728,726,-1,726,728,729,-1,726,729,730,-1,707,708,731,-1,731,708,709,-1,731,709,727,-1,727,709,710,-1,727,710,711,-1,164,173,718,-1,718,173,732,-1,718,732,719,-1,719,732,733,-1,719,733,723,-1,723,733,734,-1,723,734,727,-1,727,734,735,-1,727,735,731,-1,731,735,736,-1,173,175,732,-1,732,175,737,-1,732,737,733,-1,733,737,738,-1,733,738,734,-1,734,738,739,-1,734,739,735,-1,735,739,740,-1,735,740,736,-1,736,740,741,-1,175,170,737,-1,737,170,742,-1,737,742,738,-1,738,742,743,-1,738,743,739,-1,739,743,744,-1,739,744,740,-1,740,744,745,-1,740,745,741,-1,741,745,746,-1,170,168,742,-1,742,168,717,-1,742,717,743,-1,743,717,722,-1,743,722,744,-1,744,722,726,-1,744,726,745,-1,745,726,730,-1,745,730,746,-1,746,730,747,-1,137,706,748,-1,748,706,707,-1,729,749,730,-1,730,749,750,-1,730,750,747,-1,747,750,751,-1,747,751,752,-1,707,731,748,-1,748,731,736,-1,748,736,753,-1,753,736,741,-1,753,741,754,-1,754,741,746,-1,754,746,755,-1,755,746,747,-1,755,747,756,-1,756,747,752,-1,756,752,757,-1,137,748,188,-1,188,748,753,-1,188,753,186,-1,186,753,754,-1,186,754,184,-1,184,754,755,-1,184,755,182,-1,182,755,756,-1,182,756,180,-1,180,756,757,-1,180,757,178,-1,752,758,356,-1,752,356,757,-1,757,356,208,-1,757,208,178,-1,758,752,759,-1,759,752,751,-1,759,751,760,-1,760,751,750,-1,760,750,761,-1,761,750,749,-1,761,749,762,-1,762,749,729,-1,762,729,763,-1,763,729,728,-1,763,728,764,-1,764,728,725,-1,764,725,765,-1,765,725,724,-1,765,724,766,-1,766,724,721,-1,766,721,359,-1,359,721,206,-1,206,721,720,-1,206,720,166,-1,766,359,218,-1,766,218,765,-1,218,221,765,-1,765,221,216,-1,765,216,764,-1,764,216,763,-1,216,215,763,-1,763,215,245,-1,763,245,762,-1,762,245,246,-1,762,246,761,-1,246,244,761,-1,761,244,243,-1,761,243,760,-1,760,243,217,-1,760,217,759,-1,759,217,224,-1,759,224,758,-1,758,224,222,-1,758,222,356,-1,284,286,767,-1,302,300,352,-1,352,300,768,-1,352,768,769,-1,769,768,770,-1,770,768,771,-1,771,768,772,-1,771,772,773,-1,774,775,776,-1,776,775,777,-1,776,777,772,-1,772,777,778,-1,772,778,773,-1,779,780,781,-1,781,780,782,-1,781,782,776,-1,776,782,783,-1,776,783,774,-1,293,355,290,-1,290,355,784,-1,290,784,288,-1,355,785,784,-1,784,785,786,-1,784,786,781,-1,781,786,787,-1,781,787,779,-1,296,295,788,-1,788,295,789,-1,788,789,790,-1,790,789,791,-1,790,791,792,-1,792,791,793,-1,792,793,794,-1,794,793,795,-1,794,795,796,-1,796,795,797,-1,796,797,282,-1,282,797,280,-1,298,296,798,-1,798,296,788,-1,798,788,799,-1,799,788,790,-1,799,790,800,-1,800,790,792,-1,800,792,801,-1,801,792,794,-1,801,794,767,-1,767,794,796,-1,767,796,284,-1,284,796,282,-1,300,298,768,-1,768,298,798,-1,768,798,772,-1,772,798,799,-1,772,799,776,-1,776,799,800,-1,776,800,781,-1,781,800,801,-1,781,801,784,-1,784,801,767,-1,784,767,288,-1,288,767,286,-1,355,311,785,-1,785,311,786,-1,786,311,787,-1,787,311,310,-1,787,310,309,-1,783,782,309,-1,782,780,309,-1,309,780,779,-1,309,779,787,-1,309,319,783,-1,783,319,336,-1,783,336,774,-1,774,336,337,-1,774,337,775,-1,775,337,777,-1,777,337,335,-1,777,335,778,-1,778,335,334,-1,778,334,773,-1,773,334,318,-1,773,318,771,-1,771,318,317,-1,771,317,770,-1,770,317,769,-1,769,317,308,-1,769,308,352,-1,285,283,802,-1,291,289,803,-1,804,805,803,-1,803,805,354,-1,803,354,291,-1,291,354,292,-1,804,803,806,-1,806,803,807,-1,806,807,808,-1,809,810,811,-1,811,810,812,-1,811,812,807,-1,807,812,813,-1,807,813,808,-1,814,815,816,-1,816,815,817,-1,816,817,811,-1,811,817,818,-1,811,818,809,-1,278,272,819,-1,819,272,351,-1,351,820,819,-1,819,820,821,-1,819,821,816,-1,816,821,822,-1,816,822,814,-1,283,281,802,-1,802,281,823,-1,802,823,824,-1,824,823,825,-1,824,825,826,-1,826,825,827,-1,826,827,828,-1,828,827,829,-1,828,829,830,-1,830,829,831,-1,830,831,275,-1,275,831,273,-1,287,285,832,-1,832,285,802,-1,832,802,833,-1,833,802,824,-1,833,824,834,-1,834,824,826,-1,834,826,835,-1,835,826,828,-1,835,828,836,-1,836,828,830,-1,836,830,279,-1,279,830,275,-1,289,287,803,-1,803,287,832,-1,803,832,807,-1,807,832,833,-1,807,833,811,-1,811,833,834,-1,811,834,816,-1,816,834,835,-1,816,835,819,-1,819,835,836,-1,819,836,278,-1,278,836,279,-1,354,805,312,-1,312,805,321,-1,805,804,321,-1,321,804,806,-1,321,806,324,-1,324,806,808,-1,324,808,325,-1,325,808,813,-1,325,813,339,-1,339,813,812,-1,339,812,340,-1,812,810,340,-1,340,810,809,-1,340,809,338,-1,338,809,818,-1,338,818,326,-1,815,814,322,-1,322,814,822,-1,322,822,323,-1,326,818,322,-1,322,818,817,-1,322,817,815,-1,820,351,313,-1,323,822,313,-1,313,822,821,-1,313,821,820,-1,264,266,837,-1,260,262,838,-1,256,258,348,-1,348,258,839,-1,348,839,840,-1,840,839,841,-1,841,839,842,-1,842,839,843,-1,842,843,844,-1,845,846,847,-1,847,846,848,-1,847,848,843,-1,843,848,849,-1,843,849,844,-1,850,851,852,-1,852,851,853,-1,852,853,847,-1,847,853,854,-1,847,854,845,-1,301,303,855,-1,855,303,353,-1,353,856,855,-1,855,856,857,-1,855,857,852,-1,852,857,858,-1,852,858,850,-1,299,301,859,-1,859,301,855,-1,859,855,860,-1,860,855,852,-1,860,852,861,-1,861,852,847,-1,861,847,862,-1,862,847,843,-1,862,843,838,-1,838,843,839,-1,838,839,260,-1,260,839,258,-1,297,299,863,-1,863,299,859,-1,863,859,864,-1,864,859,860,-1,864,860,865,-1,865,860,861,-1,865,861,866,-1,866,861,862,-1,866,862,837,-1,837,862,838,-1,837,838,264,-1,264,838,262,-1,294,297,867,-1,867,297,863,-1,867,863,868,-1,868,863,864,-1,868,864,869,-1,869,864,865,-1,869,865,870,-1,870,865,866,-1,870,866,871,-1,871,866,837,-1,871,837,268,-1,268,837,266,-1,353,305,856,-1,856,305,857,-1,857,305,858,-1,858,305,304,-1,858,304,315,-1,854,853,315,-1,853,851,315,-1,315,851,850,-1,315,850,858,-1,315,314,854,-1,854,314,343,-1,854,343,845,-1,845,343,344,-1,845,344,846,-1,846,344,848,-1,848,344,342,-1,848,342,849,-1,849,342,341,-1,849,341,844,-1,844,341,316,-1,844,316,842,-1,842,316,327,-1,842,327,841,-1,841,327,840,-1,840,327,306,-1,840,306,348,-1,265,263,872,-1,271,270,350,-1,350,270,873,-1,350,873,874,-1,874,873,875,-1,875,873,876,-1,876,873,877,-1,876,877,878,-1,879,880,881,-1,881,880,882,-1,881,882,877,-1,877,882,883,-1,877,883,878,-1,884,885,886,-1,886,885,887,-1,886,887,881,-1,881,887,888,-1,881,888,879,-1,261,259,889,-1,889,259,257,-1,889,257,349,-1,349,890,889,-1,889,890,891,-1,889,891,886,-1,886,891,892,-1,886,892,884,-1,270,277,873,-1,873,277,893,-1,873,893,877,-1,877,893,894,-1,877,894,881,-1,881,894,895,-1,881,895,886,-1,886,895,896,-1,886,896,889,-1,889,896,872,-1,889,872,261,-1,261,872,263,-1,267,265,897,-1,897,265,872,-1,897,872,898,-1,898,872,896,-1,898,896,899,-1,899,896,895,-1,899,895,900,-1,900,895,894,-1,900,894,901,-1,901,894,893,-1,901,893,276,-1,276,893,277,-1,269,267,902,-1,902,267,897,-1,902,897,903,-1,903,897,898,-1,903,898,904,-1,904,898,899,-1,904,899,905,-1,905,899,900,-1,905,900,906,-1,906,900,901,-1,906,901,274,-1,274,901,276,-1,350,874,320,-1,320,874,328,-1,874,875,328,-1,328,875,876,-1,328,876,331,-1,331,876,878,-1,331,878,332,-1,332,878,883,-1,332,883,346,-1,346,883,882,-1,346,882,347,-1,882,880,347,-1,347,880,879,-1,347,879,345,-1,345,879,888,-1,345,888,333,-1,885,884,329,-1,329,884,892,-1,329,892,330,-1,333,888,329,-1,329,888,887,-1,329,887,885,-1,890,349,307,-1,330,892,307,-1,307,892,891,-1,307,891,890,-1,61,907,908,-1,83,909,910,-1,104,103,911,-1,911,103,912,-1,911,912,913,-1,913,912,914,-1,915,916,917,-1,917,916,914,-1,918,919,920,-1,920,919,921,-1,920,921,915,-1,922,923,924,-1,924,923,918,-1,925,926,927,-1,927,926,922,-1,109,108,925,-1,103,101,912,-1,912,101,99,-1,912,99,928,-1,928,99,97,-1,928,97,95,-1,93,929,95,-1,95,929,930,-1,95,930,928,-1,93,91,929,-1,929,91,89,-1,929,89,931,-1,931,89,87,-1,931,87,910,-1,910,87,85,-1,910,85,83,-1,909,83,932,-1,932,83,80,-1,932,80,79,-1,79,77,932,-1,932,77,75,-1,932,75,933,-1,933,75,73,-1,933,73,934,-1,934,73,71,-1,934,71,935,-1,71,69,935,-1,935,69,67,-1,935,67,936,-1,936,67,65,-1,936,65,908,-1,908,65,63,-1,908,63,61,-1,914,912,917,-1,917,912,928,-1,917,928,937,-1,937,928,930,-1,937,930,938,-1,938,930,929,-1,938,929,939,-1,939,929,931,-1,939,931,940,-1,940,931,910,-1,940,910,941,-1,941,910,909,-1,941,909,942,-1,942,909,932,-1,942,932,943,-1,943,932,933,-1,943,933,944,-1,944,933,934,-1,944,934,945,-1,945,934,935,-1,945,935,946,-1,946,935,936,-1,946,936,947,-1,947,936,908,-1,947,908,948,-1,948,908,907,-1,948,907,949,-1,915,917,920,-1,920,917,937,-1,920,937,950,-1,950,937,938,-1,950,938,951,-1,951,938,939,-1,951,939,952,-1,952,939,940,-1,952,940,953,-1,953,940,941,-1,953,941,954,-1,954,941,942,-1,954,942,955,-1,955,942,943,-1,955,943,956,-1,956,943,944,-1,956,944,957,-1,957,944,945,-1,957,945,958,-1,958,945,946,-1,958,946,959,-1,959,946,947,-1,959,947,960,-1,960,947,948,-1,960,948,961,-1,961,948,949,-1,961,949,962,-1,918,920,924,-1,924,920,950,-1,924,950,963,-1,963,950,951,-1,963,951,964,-1,964,951,952,-1,964,952,965,-1,965,952,953,-1,965,953,966,-1,966,953,954,-1,966,954,967,-1,967,954,955,-1,967,955,968,-1,968,955,956,-1,968,956,969,-1,969,956,957,-1,969,957,970,-1,970,957,958,-1,970,958,971,-1,971,958,959,-1,971,959,972,-1,972,959,960,-1,972,960,973,-1,973,960,961,-1,973,961,974,-1,974,961,962,-1,974,962,975,-1,922,924,927,-1,927,924,963,-1,927,963,976,-1,976,963,964,-1,976,964,977,-1,977,964,965,-1,977,965,978,-1,978,965,966,-1,978,966,979,-1,979,966,967,-1,979,967,980,-1,980,967,968,-1,980,968,981,-1,981,968,969,-1,981,969,982,-1,982,969,970,-1,982,970,983,-1,983,970,971,-1,983,971,984,-1,984,971,972,-1,984,972,985,-1,985,972,973,-1,985,973,986,-1,986,973,974,-1,986,974,987,-1,987,974,975,-1,987,975,988,-1,925,927,109,-1,109,927,976,-1,109,976,110,-1,110,976,977,-1,110,977,112,-1,112,977,978,-1,112,978,125,-1,125,978,979,-1,125,979,126,-1,126,979,980,-1,126,980,128,-1,128,980,981,-1,128,981,130,-1,130,981,982,-1,130,982,131,-1,131,982,983,-1,131,983,121,-1,121,983,984,-1,121,984,123,-1,123,984,985,-1,123,985,124,-1,124,985,986,-1,124,986,118,-1,118,986,987,-1,118,987,116,-1,116,987,988,-1,116,988,114,-1,139,114,988,-1,139,988,989,-1,989,988,975,-1,989,975,990,-1,990,975,962,-1,990,962,991,-1,991,962,949,-1,991,949,992,-1,992,949,907,-1,992,907,993,-1,993,907,61,-1,993,61,136,-1,191,190,994,-1,994,190,995,-1,994,995,996,-1,996,995,997,-1,996,997,998,-1,998,997,999,-1,998,999,1000,-1,1000,999,1001,-1,1000,1001,1002,-1,1002,1001,1003,-1,1002,1003,179,-1,179,1003,181,-1,190,199,995,-1,995,199,1004,-1,995,1004,997,-1,997,1004,1005,-1,997,1005,999,-1,999,1005,1006,-1,999,1006,1001,-1,1001,1006,1007,-1,1001,1007,1003,-1,1003,1007,1008,-1,1003,1008,181,-1,181,1008,183,-1,199,201,1004,-1,1004,201,1009,-1,1004,1009,1005,-1,1005,1009,1010,-1,1005,1010,1006,-1,1006,1010,1011,-1,1006,1011,1007,-1,1007,1011,1012,-1,1007,1012,1008,-1,1008,1012,1013,-1,1008,1013,183,-1,183,1013,185,-1,201,196,1009,-1,1009,196,1014,-1,1009,1014,1010,-1,1010,1014,1015,-1,1010,1015,1011,-1,1011,1015,1016,-1,1011,1016,1012,-1,1012,1016,1017,-1,1012,1017,1013,-1,1013,1017,1018,-1,1013,1018,185,-1,185,1018,187,-1,196,194,1014,-1,1014,194,1019,-1,1014,1019,1015,-1,1015,1019,1020,-1,1015,1020,1016,-1,1016,1020,1021,-1,1016,1021,1017,-1,1017,1021,1022,-1,1017,1022,1018,-1,1018,1022,1023,-1,1018,1023,187,-1,187,1023,189,-1,194,139,1019,-1,1019,139,989,-1,1019,989,1020,-1,1020,989,990,-1,1020,990,1021,-1,1021,990,991,-1,1021,991,1022,-1,1022,991,992,-1,1022,992,1023,-1,1023,992,993,-1,1023,993,189,-1,189,993,136,-1,211,191,360,-1,360,191,994,-1,360,994,1024,-1,1024,994,1025,-1,1025,994,996,-1,1025,996,1026,-1,1026,996,1027,-1,1027,996,998,-1,1027,998,1028,-1,1028,998,1029,-1,1029,998,1000,-1,1029,1000,1030,-1,1030,1000,1031,-1,1031,1000,1002,-1,1031,1002,1032,-1,179,209,1002,-1,1002,209,357,-1,1002,357,1032,-1,248,227,1027,-1,1027,227,1026,-1,1026,227,228,-1,1026,228,1025,-1,1025,228,229,-1,1025,229,1024,-1,1024,229,213,-1,1024,213,360,-1,248,1027,249,-1,249,1027,1028,-1,249,1028,247,-1,247,1028,1029,-1,247,1029,225,-1,1031,230,226,-1,225,1029,226,-1,226,1029,1030,-1,226,1030,1031,-1,230,1031,214,-1,214,1031,1032,-1,214,1032,357,-1,
        ]
    }
}
Shape{
    appearance Appearance {
        material  Material 	{
            diffuseColor 0.9019607843137255 0.8627450980392157 0.7843137254901961
            specularColor 0.27058823529411763 0.25882352941176473 0.23529411764705882
            ambientIntensity 0.8655
            transparency 0.0
            shininess 0.5
        }
    }
    geometry IndexedFaceSet {
        ccw TRUE
        solid FALSE
        coord DEF co Coordinate {
            point [
                -0.5059 0.8169 0.0591, -0.5059 0.8169 0.2953, -0.5059 0.6201 0.0591, -0.5059 0.6201 0.2953, -0.2697 0.6201 0.0591, -0.2697 0.6201 0.2953, -0.2697 0.8169 0.0591, -0.2697 0.8169 0.2953, -0.2697 0.8169 1.3268, -0.2697 0.8169 0.9882, -0.2697 0.6201 1.3268, -0.2697 0.6201 0.9882, -0.5059 0.6201 1.3268, -0.5059 0.6201 0.9882, -0.5059 0.8169 1.3268, -0.5059 0.8169 0.9882, -0.4665 0.6201 1.3268, -0.3091 0.6201 1.3268
            ]
        }
        coordIndex [
            0,1,2,-1,2,1,3,-1,4,5,6,-1,6,5,7,-1,8,9,10,-1,10,9,11,-1,12,13,14,-1,14,13,15,-1,12,14,16,-1,16,14,8,-1,16,8,17,-1,17,8,10,-1,
        ]
    }
}
Shape{
    appearance Appearance {
        material  Material 	{
            diffuseColor 0.7686274509803922 0.7686274509803922 0.7686274509803922
            specularColor 0.615686274509804 0.615686274509804 0.615686274509804
            ambientIntensity 0.7686
            transparency 0.0
            shininess 0.5
        }
    }
    geometry IndexedFaceSet {
        ccw TRUE
        solid FALSE
        coord DEF co Coordinate {
            point [
                -0.3091 0.6201 1.1299, -0.4665 0.6201 1.1299, -0.3091 0.6259 1.1298, -0.4665 0.6259 1.1298, -0.3091 0.6325 1.129, -0.4665 0.6325 1.129, -0.3091 0.6426 1.1278, -0.4665 0.6425 1.1278, -0.3091 0.6478 1.1259, -0.4665 0.6478 1.1259, -0.3091 0.6596 1.1217, -0.4665 0.6595 1.1217, -0.3091 0.6734 1.1142, -0.4665 0.6734 1.1142, -0.3091 0.6739 1.1139, -0.4665 0.6739 1.1139, -0.3091 0.6887 1.1021, -0.4665 0.6886 1.1021, -0.3091 0.6921 1.0985, -0.4665 0.6921 1.0985, -0.3091 0.6939 1.0966, -0.4665 0.6939 1.0966, -0.3091 0.7049 1.0813, -0.4665 0.7049 1.0813, -0.3091 0.7055 1.08, -0.4665 0.7055 1.08, -0.3091 0.7113 1.0683, -0.4665 0.7113 1.0683, -0.3091 0.7145 1.0575, -0.4665 0.7145 1.0575, -0.3091 0.7167 1.05, -0.4665 0.7167 1.05, -0.3091 0.7185 1.0343, -0.4665 0.7185 1.0343, -0.2894 0.736 1.0538, -0.2894 0.7381 1.0349, -0.2894 0.8956 1.0394, -0.2894 0.6201 1.3071, -0.2894 0.6201 1.1496, -0.2894 0.6319 1.3067, -0.2894 0.6266 1.1495, -0.2894 0.6507 1.3051, -0.2894 0.6473 1.1469, -0.2894 0.6847 1.1304, -0.2894 0.7544 1.2721, -0.2894 0.6675 1.1397, -0.2894 0.7221 1.2875, -0.2894 0.6874 1.2984, -0.2894 0.8922 1.0747, -0.2894 0.8856 1.1048, -0.2894 0.7295 1.0757, -0.2894 0.8734 1.1393, -0.2894 0.7219 1.0913, -0.2894 0.8571 1.1717, -0.2894 0.8461 1.189, -0.2894 0.7087 1.1095, -0.2894 0.8239 1.217, -0.2894 0.7024 1.1162, -0.2894 0.8121 1.2291, -0.2894 0.7845 1.2526, -0.3091 0.9152 1.0399, -0.4665 0.9152 1.0399, -0.3091 0.9116 1.0779, -0.4665 0.9116 1.0779, -0.3091 0.9048 1.1089, -0.4665 0.9048 1.1089, -0.3091 0.9045 1.11, -0.4665 0.9045 1.1101, -0.3091 0.8916 1.147, -0.4665 0.8916 1.147, -0.3091 0.878 1.1739, -0.4665 0.878 1.1739, -0.3091 0.8741 1.1817, -0.4665 0.8741 1.1817, -0.3091 0.8623 1.2002, -0.4665 0.8623 1.2002, -0.3091 0.8385 1.2302, -0.4665 0.8385 1.2302, -0.3091 0.8365 1.2323, -0.4665 0.8365 1.2323, -0.4665 0.8352 1.2336, -0.3091 0.8352 1.2336, -0.3091 0.8259 1.2432, -0.4665 0.8259 1.2433, -0.3091 0.7963 1.2684, -0.4665 0.7962 1.2684, -0.3091 0.7816 1.2779, -0.4665 0.7816 1.2779, -0.3091 0.7641 1.2893, -0.4665 0.764 1.2893, -0.3091 0.7293 1.3058, -0.4665 0.7293 1.3058, -0.3091 0.7192 1.309, -0.4665 0.7192 1.309, -0.3091 0.6921 1.3175, -0.4665 0.6921 1.3175, -0.3091 0.6531 1.3246, -0.4665 0.6531 1.3246, -0.3091 0.6516 1.3247, -0.4665 0.6516 1.3247, -0.3091 0.633 1.3264, -0.4665 0.633 1.3264, -0.3091 0.6319 1.3264, -0.4665 0.6319 1.3264, -0.4665 0.6201 1.3268, -0.3091 0.6201 1.3268, -0.4862 0.6265 1.1495, -0.4862 0.6201 1.1496, -0.4862 0.6201 1.3071, -0.4862 0.6319 1.3067, -0.4862 0.6507 1.3051, -0.4862 0.6473 1.1469, -0.4862 0.6874 1.2984, -0.4862 0.6674 1.1397, -0.4862 0.8956 1.0394, -0.4862 0.7381 1.0349, -0.4862 0.8922 1.0747, -0.4862 0.736 1.0538, -0.4862 0.8856 1.1048, -0.4862 0.7295 1.0757, -0.4862 0.7087 1.1095, -0.4862 0.8461 1.189, -0.4862 0.7219 1.0912, -0.4862 0.8571 1.1717, -0.4862 0.8734 1.1393, -0.4862 0.7221 1.2875, -0.4862 0.7544 1.2721, -0.4862 0.6846 1.1304, -0.4862 0.7845 1.2526, -0.4862 0.7024 1.1162, -0.4862 0.8121 1.2291, -0.4862 0.8239 1.217, -0.4665 0.7399 0.2868, -0.3091 0.7399 0.2868, -0.2894 0.917 0.2919, -0.2894 0.7595 0.2874, -0.4665 0.9366 0.2925, -0.3091 0.9366 0.2925, -0.4862 0.7595 0.2874, -0.4862 0.917 0.2919, -0.3091 0.747 0.2304, -0.4665 0.747 0.2304, -0.3091 0.7529 0.2125, -0.4665 0.7529 0.2125, -0.3091 0.7647 0.1764, -0.4665 0.7647 0.1764, -0.3091 0.7832 0.1434, -0.4665 0.7832 0.1434, -0.3091 0.7925 0.1269, -0.4665 0.7925 0.1269, -0.3091 0.8292 0.0835, -0.4665 0.8292 0.0835, -0.3091 0.8736 0.048, -0.4665 0.8736 0.048, -0.3091 0.8904 0.0392, -0.4665 0.8904 0.0392, -0.3091 0.924 0.0217, -0.4665 0.924 0.0217, -0.3091 0.9603 0.0109, -0.4665 0.9603 0.0109, -0.3091 0.9785 0.0055, -0.4665 0.9785 0.0055, -0.3091 1.035 0.0, -0.4665 1.035 0.0, -0.2894 0.9217 0.262, -0.2894 1.035 0.0197, -0.2894 1.035 0.1772, -0.2894 0.9822 0.0248, -0.2894 1.005 0.181, -0.2894 0.9314 0.0399, -0.2894 0.9769 0.1924, -0.2894 0.7662 0.2348, -0.2894 0.7827 0.1844, -0.2894 0.9339 0.2343, -0.2894 0.8087 0.1381, -0.2894 0.9527 0.2106, -0.2894 0.843 0.0976, -0.2894 0.8844 0.0645, -0.3091 1.035 0.1969, -0.4665 1.035 0.1969, -0.3091 1.01 0.2001, -0.4665 1.01 0.2001, -0.3091 0.9866 0.2096, -0.4665 0.9866 0.2096, -0.3091 0.9664 0.2247, -0.4665 0.9664 0.2247, -0.3091 0.9507 0.2444, -0.4665 0.9507 0.2444, -0.3091 0.9406 0.2675, -0.4665 0.9406 0.2675, -0.4862 1.005 0.181, -0.4862 1.035 0.1772, -0.4862 1.035 0.0197, -0.4862 0.7662 0.2348, -0.4862 0.9217 0.262, -0.4862 0.7827 0.1844, -0.4862 0.9339 0.2343, -0.4862 0.9822 0.0248, -0.4862 0.9314 0.0399, -0.4862 0.9769 0.1924, -0.4862 0.8844 0.0645, -0.4862 0.9527 0.2106, -0.4862 0.843 0.0976, -0.4862 0.8087 0.1381, -0.4665 1.6437 0.0, -0.3091 1.6437 0.0, -0.2894 1.6437 0.1772, -0.2894 1.6437 0.0197, -0.3091 1.6437 0.1969, -0.4665 1.6437 0.1969, -0.4862 1.6437 0.0197, -0.4862 1.6437 0.1772, -0.3341 1.8012 0.1452, -0.333 1.8012 0.143, -0.3432 1.8012 0.1532, -0.425 1.8012 0.1547, -0.3506 1.8012 0.1547, -0.3506 1.8012 0.0422, -0.3316 1.8012 0.1356, -0.3316 1.8012 0.0612, -0.425 1.8012 0.0422, -0.444 1.8012 0.0612, -0.444 1.8012 0.1356, -0.3456 1.8012 0.154, -0.3322 1.8012 0.1406, -0.43 1.8012 0.0428, -0.4426 1.8012 0.0538, -0.4434 1.8012 0.0562, -0.4324 1.8012 0.0436, -0.4346 1.8012 0.0447, -0.4415 1.8012 0.0516, -0.3322 1.8012 0.0562, -0.3432 1.8012 0.0436, -0.3456 1.8012 0.0428, -0.333 1.8012 0.0538, -0.3341 1.8012 0.0516, -0.341 1.8012 0.0447, -0.4346 1.8012 0.1521, -0.4324 1.8012 0.1532, -0.4415 1.8012 0.1452, -0.4426 1.8012 0.143, -0.4434 1.8012 0.1406, -0.43 1.8012 0.154, -0.341 1.8012 0.1521, -0.3389 1.8012 0.1508, -0.3354 1.8012 0.1473, -0.3371 1.8012 0.1492, -0.4401 1.8012 0.0495, -0.4367 1.8012 0.0461, -0.4385 1.8012 0.0477, -0.3389 1.8012 0.0461, -0.3354 1.8012 0.0495, -0.3371 1.8012 0.0477, -0.4367 1.8012 0.1508, -0.4401 1.8012 0.1473, -0.4385 1.8012 0.1492, -0.3091 -1.1909 1.1299, -0.4665 -1.1909 1.1299, -0.3091 -0.9097 1.1299, -0.4665 -0.9097 1.1299, -0.3091 -0.6542 1.1299, -0.4665 -0.6542 1.1299, -0.3091 -0.3839 1.1299, -0.4665 -0.3839 1.1299, -0.3091 0.1529 1.1299, -0.4665 0.1529 1.1299, -0.3091 0.3326 1.1299, -0.4665 0.3326 1.1299, -0.3091 0.4232 1.1299, -0.4665 0.4232 1.1299, -0.4862 -0.9097 1.1496, -0.4862 -1.1909 1.1496, -0.4862 -1.1909 1.3071, -0.4862 0.4232 1.3071, -0.4862 0.4232 1.1496, -0.4862 0.3334 1.3071, -0.4862 0.3326 1.1496, -0.4862 -0.3839 1.1496, -0.4862 -0.3839 1.3071, -0.4862 0.0373 1.3071, -0.3091 0.4232 1.3268, -0.4665 0.4232 1.3268, -0.3091 0.3334 1.3268, -0.4665 0.3334 1.3268, -0.3091 0.1529 1.3268, -0.4665 0.1529 1.3268, -0.3091 0.0373 1.3268, -0.4665 0.0373 1.3268, -0.3091 -0.3839 1.3268, -0.4665 -0.3839 1.3268, -0.3091 -0.6542 1.3268, -0.4665 -0.6542 1.3268, -0.4665 -1.1909 1.3268, -0.3091 -1.1909 1.3268, -0.2894 0.4232 1.1496, -0.2894 0.4232 1.3071, -0.2894 0.3334 1.3071, -0.2894 0.3326 1.1496, -0.2894 0.0373 1.3071, -0.2894 -0.3839 1.1496, -0.2894 -0.3839 1.3071, -0.2894 -0.9097 1.1496, -0.2894 -1.1909 1.3071, -0.2894 -1.1909 1.1496, -0.3316 -1.3484 1.1911, -0.3316 -1.3484 1.2656, -0.444 -1.3484 1.2656, -0.444 -1.3484 1.1911, -0.425 -1.3484 1.1721, -0.3506 -1.3484 1.1721, -0.341 -1.3484 1.2821, -0.3432 -1.3484 1.2832, -0.333 -1.3484 1.2729, -0.4434 -1.3484 1.1861, -0.4426 -1.3484 1.1838, -0.43 -1.3484 1.1728, -0.4324 -1.3484 1.1735, -0.425 -1.3484 1.2846, -0.3506 -1.3484 1.2846, -0.3456 -1.3484 1.2839, -0.3456 -1.3484 1.1728, -0.3432 -1.3484 1.1735, -0.3322 -1.3484 1.1861, -0.333 -1.3484 1.1838, -0.3322 -1.3484 1.2706, -0.43 -1.3484 1.2839, -0.4426 -1.3484 1.2729, -0.4434 -1.3484 1.2706, -0.4346 -1.3484 1.1746, -0.4415 -1.3484 1.1815, -0.4367 -1.3484 1.176, -0.4401 -1.3484 1.1795, -0.4385 -1.3484 1.1776, -0.3341 -1.3484 1.1815, -0.341 -1.3484 1.1746, -0.3354 -1.3484 1.1795, -0.3389 -1.3484 1.176, -0.3371 -1.3484 1.1776, -0.3341 -1.3484 1.2752, -0.3354 -1.3484 1.2772, -0.3389 -1.3484 1.2807, -0.3371 -1.3484 1.2791, -0.4324 -1.3484 1.2832, -0.4346 -1.3484 1.2821, -0.4415 -1.3484 1.2752, -0.4367 -1.3484 1.2807, -0.4401 -1.3484 1.2772, -0.4385 -1.3484 1.2791, -0.3084 -1.191 1.1299, -0.4672 -1.191 1.1299, -0.4862 -1.191 1.1489, -0.4862 -1.191 1.3077, -0.2894 -1.191 1.3077, -0.2894 -1.191 1.1489, -0.4672 -1.191 1.3268, -0.3084 -1.191 1.3268, -0.3084 1.6437 0.1968, -0.4672 1.6437 0.1968, -0.2894 1.6437 0.019, -0.2894 1.6437 0.1778, -0.4862 1.6437 0.1778, -0.4862 1.6437 0.019, -0.4672 1.6437 0.0, -0.3084 1.6437 0.0, -0.4716 0.6427 1.1285, -0.4728 0.6201 1.1309, -0.477 0.6201 1.1329, -0.4764 0.626 1.1325, -0.4831 0.6201 1.1389, -0.4835 0.6201 1.1398, -0.4836 0.6262 1.1397, -0.4857 0.6201 1.145, -0.4851 0.6201 1.1431, -0.4855 0.6201 1.1445, -0.4855 0.6264 1.1444, -0.4819 0.6201 1.1373, -0.4786 0.6201 1.134, -0.4804 0.6201 1.1358, -0.4805 0.6261 1.1356, -0.4716 0.6259 1.1305, -0.4716 0.6201 1.1306, -0.4709 0.6201 1.1304, -0.4716 0.6598 1.1223, -0.4716 0.6742 1.1145, -0.4716 0.6891 1.1026, -0.4716 0.6944 1.097, -0.4716 0.7055 1.0817, -0.4716 0.7119 1.0685, -0.4855 0.646 1.142, -0.4855 0.6654 1.135, -0.4855 0.6818 1.1261, -0.4855 0.6988 1.1126, -0.4855 0.7049 1.1062, -0.4855 0.7175 1.0887, -0.4855 0.7248 1.0738, -0.4855 0.731 1.0528, -0.4836 0.6449 1.1374, -0.4805 0.6439 1.1334, -0.4836 0.6635 1.1307, -0.4805 0.6619 1.1269, -0.4836 0.6792 1.1222, -0.4805 0.677 1.1187, -0.4836 0.6955 1.1092, -0.4805 0.6927 1.1062, -0.4836 0.7013 1.103, -0.4805 0.6983 1.1004, -0.4836 0.7134 1.0863, -0.4805 0.7099 1.0842, -0.4836 0.7204 1.072, -0.4805 0.7166 1.0705, -0.4836 0.7264 1.0519, -0.4805 0.7224 1.0511, -0.4764 0.6432 1.1304, -0.4764 0.6606 1.1241, -0.4764 0.6753 1.1161, -0.4764 0.6905 1.104, -0.4764 0.6959 1.0983, -0.4764 0.7072 1.0826, -0.4764 0.7137 1.0693, -0.4764 0.7193 1.0505, -0.4716 0.7174 1.0501, -0.4856 0.7338 1.0348, -0.4855 0.733 1.0347, -0.4841 0.7297 1.0346, -0.4836 0.7283 1.0346, -0.4818 0.726 1.0345, -0.4805 0.7242 1.0345, -0.4787 0.7229 1.0344, -0.4764 0.7211 1.0344, -0.475 0.7205 1.0344, -0.4716 0.7191 1.0343, -0.4709 0.719 1.0343, -0.4709 0.7404 0.2868, -0.4716 0.7405 0.2868, -0.475 0.7419 0.2869, -0.4764 0.7425 0.2869, -0.4787 0.7443 0.287, -0.4805 0.7456 0.287, -0.4818 0.7474 0.287, -0.4836 0.7497 0.2871, -0.4841 0.7511 0.2871, -0.4855 0.7544 0.2872, -0.4856 0.7552 0.2873, -0.4709 1.035 0.0006, -0.4716 0.9786 0.0061, -0.4716 1.035 0.0007, -0.4716 0.874 0.0486, -0.4716 0.9242 0.0223, -0.4716 0.7476 0.2306, -0.4716 0.7653 0.1767, -0.4716 0.8297 0.084, -0.4716 0.793 0.1272, -0.4787 1.035 0.0044, -0.4764 1.035 0.0026, -0.4764 0.979 0.0081, -0.475 1.035 0.0021, -0.4764 0.7495 0.231, -0.4764 0.7671 0.1775, -0.4764 0.7946 0.1284, -0.4764 0.8311 0.0854, -0.4764 0.8751 0.0502, -0.4764 0.925 0.0241, -0.4805 0.9796 0.0111, -0.4805 1.035 0.0058, -0.4805 0.9261 0.027, -0.4805 0.8768 0.0528, -0.4805 0.8333 0.0877, -0.4805 0.7972 0.1302, -0.4805 0.77 0.1788, -0.4805 0.7526 0.2317, -0.4841 1.035 0.0112, -0.4836 1.035 0.0098, -0.4836 0.9803 0.0151, -0.4818 1.035 0.0075, -0.4836 0.7566 0.2326, -0.4836 0.7737 0.1804, -0.4836 0.8006 0.1325, -0.4836 0.8361 0.0906, -0.4836 0.879 0.0563, -0.4836 0.9277 0.0308, -0.4856 1.035 0.0153, -0.4855 1.035 0.0146, -0.4855 0.9812 0.0198, -0.4855 0.9295 0.0352, -0.4855 0.8816 0.0602, -0.4855 0.8394 0.094, -0.4855 0.8045 0.1352, -0.4855 0.7781 0.1823, -0.4855 0.7612 0.2336, -0.4856 1.6441 0.0153, -0.4854 1.6443 0.0142, -0.4841 1.6445 0.0112, -0.4835 1.6446 0.0097, -0.4818 1.6447 0.0075, -0.4805 1.6447 0.0058, -0.4787 1.6447 0.0044, -0.4766 1.6446 0.0027, -0.475 1.6445 0.0021, -0.472 1.6443 0.0008, -0.4709 1.6441 0.0006, -0.2984 0.6201 1.1331, -0.2992 0.6201 1.1326, -0.2992 0.626 1.1325, -0.3044 0.6201 1.1305, -0.3025 0.6201 1.131, -0.304 0.6259 1.1305, -0.304 0.6201 1.1306, -0.2968 0.6201 1.1342, -0.2935 0.6201 1.1376, -0.2952 0.6201 1.1358, -0.2951 0.6261 1.1356, -0.2904 0.6201 1.1434, -0.2924 0.6201 1.1392, -0.292 0.6262 1.1397, -0.2898 0.6201 1.1453, -0.29 0.6264 1.1444, -0.2901 0.6201 1.1445, -0.304 0.6427 1.1285, -0.304 0.6598 1.1223, -0.304 0.6743 1.1145, -0.304 0.6891 1.1026, -0.304 0.6944 1.097, -0.304 0.7055 1.0817, -0.304 0.7119 1.0686, -0.304 0.7174 1.0502, -0.304 0.7191 1.0343, -0.2992 0.6432 1.1304, -0.2992 0.6606 1.1241, -0.2992 0.6753 1.1161, -0.2992 0.6905 1.104, -0.2992 0.6959 1.0983, -0.2992 0.7072 1.0827, -0.2992 0.7137 1.0693, -0.2992 0.7193 1.0505, -0.2992 0.7211 1.0344, -0.2951 0.6439 1.1334, -0.2951 0.6619 1.1269, -0.2951 0.677 1.1187, -0.2951 0.6927 1.1062, -0.2951 0.6982 1.1004, -0.2951 0.7099 1.0842, -0.2951 0.7166 1.0705, -0.2951 0.7224 1.0511, -0.2951 0.7242 1.0345, -0.292 0.6449 1.1374, -0.292 0.6635 1.1307, -0.292 0.6793 1.1221, -0.292 0.6955 1.1091, -0.292 0.7013 1.1031, -0.292 0.7134 1.0863, -0.292 0.7204 1.072, -0.292 0.7264 1.0519, -0.292 0.7283 1.0346, -0.29 0.6461 1.142, -0.29 0.6654 1.135, -0.29 0.6819 1.1261, -0.29 0.6988 1.1125, -0.29 0.7049 1.1062, -0.29 0.7175 1.0887, -0.29 0.7248 1.0738, -0.29 0.731 1.0528, -0.29 0.733 1.0347, -0.29 0.7544 0.2872, -0.292 0.7497 0.2871, -0.2951 0.7456 0.287, -0.2992 0.7425 0.2869, -0.304 0.7405 0.2868, -0.29 0.7612 0.2336, -0.292 0.7566 0.2326, -0.2992 0.7495 0.231, -0.304 0.793 0.1272, -0.304 0.7653 0.1767, -0.304 0.7476 0.2306, -0.304 0.9786 0.0061, -0.304 0.9242 0.0223, -0.304 0.8297 0.084, -0.304 0.874 0.0486, -0.3047 1.035 0.0006, -0.304 1.035 0.0007, -0.3006 1.035 0.0021, -0.2992 0.979 0.0081, -0.2992 0.925 0.0241, -0.2992 0.8751 0.0502, -0.2992 0.8311 0.0854, -0.2992 0.7946 0.1284, -0.2992 0.7671 0.1775, -0.2951 0.7526 0.2317, -0.2951 0.77 0.1788, -0.2951 0.7972 0.1302, -0.2951 0.8333 0.0877, -0.2951 0.8768 0.0528, -0.2951 0.9261 0.027, -0.2951 0.9796 0.0111, -0.2992 1.035 0.0026, -0.2969 1.035 0.0044, -0.2951 1.035 0.0058, -0.2938 1.035 0.0075, -0.292 0.9803 0.0151, -0.292 0.9277 0.0308, -0.292 0.879 0.0563, -0.292 0.8361 0.0906, -0.292 0.8006 0.1325, -0.292 0.7737 0.1804, -0.29 0.7781 0.1823, -0.29 0.8045 0.1352, -0.29 0.8394 0.094, -0.29 0.8816 0.0602, -0.29 0.9295 0.0352, -0.29 0.9812 0.0198, -0.292 1.035 0.0098, -0.2914 1.035 0.0112, -0.29 1.035 0.0146, -0.2899 1.035 0.0153, -0.3047 1.6441 0.0006, -0.3035 1.6443 0.0008, -0.3006 1.6445 0.0021, -0.299 1.6446 0.0027, -0.2969 1.6447 0.0044, -0.2951 1.6447 0.0058, -0.2938 1.6447 0.0075, -0.2921 1.6446 0.0097, -0.2914 1.6445 0.0112, -0.2902 1.6443 0.0142, -0.29 1.6441 0.0153, -0.304 0.8254 1.2428, -0.304 0.7637 1.2887, -0.304 0.6919 1.3168, -0.2899 0.6201 1.3117, -0.29 0.6322 1.3118, -0.2901 0.6201 1.3122, -0.2905 0.6201 1.3136, -0.292 0.6324 1.3166, -0.2921 0.6201 1.3169, -0.2925 0.6201 1.3178, -0.2951 0.6327 1.3206, -0.2937 0.6201 1.3194, -0.2992 0.6328 1.3238, -0.297 0.6201 1.3227, -0.2952 0.6201 1.3209, -0.3047 0.6201 1.3263, -0.304 0.6201 1.3261, -0.304 0.6329 1.3257, -0.3028 0.6201 1.3258, -0.2986 0.6201 1.3238, -0.304 0.653 1.3239, -0.2992 0.6528 1.322, -0.2951 0.6524 1.3189, -0.292 0.6519 1.3148, -0.29 0.6513 1.3101, -0.2992 0.6915 1.3149, -0.2951 0.6907 1.3119, -0.292 0.6898 1.3079, -0.29 0.6886 1.3033, -0.304 0.7291 1.3052, -0.2992 0.7284 1.3034, -0.2951 0.7272 1.3004, -0.292 0.7257 1.2967, -0.29 0.724 1.2922, -0.2992 0.7628 1.287, -0.2951 0.7612 1.2842, -0.292 0.7593 1.2807, -0.29 0.7569 1.2765, -0.304 0.7959 1.2679, -0.2992 0.7947 1.2663, -0.2951 0.7928 1.2638, -0.292 0.7904 1.2605, -0.29 0.7876 1.2567, -0.2992 0.824 1.2414, -0.2951 0.8218 1.2391, -0.292 0.819 1.2362, -0.29 0.8157 1.2328, -0.304 0.838 1.2297, -0.2992 0.8365 1.2284, -0.2951 0.8342 1.2263, -0.292 0.8312 1.2236, -0.29 0.8277 1.2204, -0.304 0.8617 1.1998, -0.2992 0.8601 1.1987, -0.2951 0.8575 1.1969, -0.292 0.8542 1.1946, -0.29 0.8503 1.1919, -0.29 0.8615 1.1743, -0.292 0.8656 1.1767, -0.2951 0.8691 1.1788, -0.2992 0.8718 1.1804, -0.304 0.8735 1.1814, -0.29 0.8781 1.1413, -0.29 0.8905 1.1061, -0.292 0.8825 1.1432, -0.292 0.895 1.1074, -0.2951 0.8863 1.1447, -0.2951 0.899 1.1085, -0.2992 0.8891 1.146, -0.2992 0.902 1.1093, -0.304 0.8909 1.1467, -0.304 0.9039 1.1099, -0.304 0.9109 1.0778, -0.2992 0.909 1.0775, -0.2951 0.9059 1.077, -0.292 0.9019 1.0763, -0.29 0.8972 1.0756, -0.304 0.9146 1.0399, -0.2992 0.9126 1.0399, -0.2951 0.9095 1.0398, -0.292 0.9054 1.0397, -0.29 0.9006 1.0395, -0.3047 0.9361 0.2924, -0.304 0.9359 0.2924, -0.3005 0.9347 0.2924, -0.2993 0.9339 0.2924, -0.2968 0.9323 0.2923, -0.2952 0.9308 0.2923, -0.2937 0.9292 0.2922, -0.2921 0.9267 0.2922, -0.2913 0.9255 0.2921, -0.2901 0.922 0.292, -0.2899 0.9213 0.292, -0.2899 1.0061 0.1853, -0.2899 0.9259 0.2632, -0.2913 0.9299 0.2644, -0.2899 1.035 0.1815, -0.2901 1.035 0.1822, -0.2913 1.0072 0.1893, -0.2937 0.9335 0.2655, -0.2913 1.035 0.1857, -0.2921 1.035 0.1869, -0.2937 1.0081 0.1929, -0.2968 0.9365 0.2663, -0.2937 1.035 0.1894, -0.2952 1.035 0.191, -0.2968 1.0089 0.1959, -0.3005 0.9387 0.267, -0.2899 0.9376 0.2365, -0.2913 0.9412 0.2387, -0.2937 0.9444 0.2406, -0.2968 0.9471 0.2422, -0.3005 0.9491 0.2434, -0.2899 0.9558 0.2137, -0.2913 0.9587 0.2167, -0.2937 0.9613 0.2194, -0.2968 0.9634 0.2216, -0.3005 0.9651 0.2233, -0.2899 0.9791 0.1962, -0.2913 0.9811 0.1999, -0.2937 0.983 0.2031, -0.2968 0.9845 0.2058, -0.3005 0.9857 0.2079, -0.3005 1.0095 0.1982, -0.3047 0.9401 0.2674, -0.2968 1.035 0.1926, -0.2993 1.035 0.1941, -0.3005 1.035 0.1949, -0.304 1.035 0.1961, -0.3047 0.9503 0.2442, -0.3047 0.9661 0.2243, -0.3047 0.9864 0.2091, -0.3047 1.0099 0.1996, -0.3047 1.035 0.1964, -0.304 1.6442 0.1961, -0.3035 1.6443 0.1961, -0.2992 1.6446 0.1942, -0.299 1.6446 0.1941, -0.2951 1.6447 0.1911, -0.2921 1.6446 0.1872, -0.292 1.6446 0.187, -0.2902 1.6443 0.1827, -0.2901 1.6442 0.1823, -0.304 0.0373 1.3261, -0.29 -0.3839 1.3122, -0.2898 -1.1914 1.3111, -0.2901 -1.1915 1.3121, -0.2903 -1.1915 1.3126, -0.292 -0.3839 1.3169, -0.2912 -1.1917 1.3154, -0.2963 -1.1919 1.3221, -0.2951 -1.192 1.321, -0.2951 -0.3839 1.321, -0.2949 -1.192 1.3208, -0.2921 -1.1918 1.3171, -0.302 -1.1917 1.3255, -0.3002 -1.1918 1.3246, -0.2992 -0.3839 1.3241, -0.2993 -1.1918 1.3241, -0.2991 -1.1918 1.3239, -0.304 -0.3839 1.3261, -0.3065 -1.1912 1.3266, -0.304 -1.1915 1.326, -0.3036 -1.1915 1.3259, -0.29 0.3334 1.3122, -0.29 0.4232 1.3122, -0.292 0.3334 1.3169, -0.292 0.4232 1.3169, -0.2951 0.3334 1.321, -0.2951 0.4232 1.321, -0.2992 0.3334 1.3241, -0.2992 0.4232 1.3241, -0.304 0.3334 1.3261, -0.304 0.4232 1.3261, -0.29 0.0373 1.3122, -0.292 0.0373 1.3169, -0.2951 0.0373 1.321, -0.2992 0.0373 1.3241, -0.4716 0.3334 1.3261, -0.4716 -0.3839 1.3261, -0.4716 -1.1915 1.326, -0.4705 -1.1914 1.3264, -0.472 -1.1915 1.3259, -0.4764 -0.3839 1.3241, -0.4749 -1.1917 1.3249, -0.4815 -1.1919 1.3198, -0.4804 -1.192 1.321, -0.4805 -0.3839 1.321, -0.4802 -1.192 1.3212, -0.4766 -1.1918 1.324, -0.4849 -1.1917 1.3142, -0.4841 -1.1918 1.316, -0.4836 -0.3839 1.3169, -0.4835 -1.1918 1.3169, -0.4834 -1.1918 1.3171, -0.4855 -0.3839 1.3122, -0.486 -1.1912 1.3097, -0.4854 -1.1915 1.3121, -0.4853 -1.1915 1.3126, -0.4716 0.4232 1.3261, -0.4764 0.3334 1.3241, -0.4764 0.4232 1.3241, -0.4805 0.3334 1.321, -0.4805 0.4232 1.321, -0.4836 0.3334 1.3169, -0.4836 0.4232 1.3169, -0.4855 0.3334 1.3122, -0.4855 0.4232 1.3122, -0.4716 0.0373 1.3261, -0.4764 0.0373 1.3241, -0.4805 0.0373 1.321, -0.4836 0.0373 1.3169, -0.4855 0.0373 1.3122, -0.304 0.3326 1.1306, -0.304 -0.3839 1.1306, -0.304 -0.9097 1.1306, -0.3051 -1.1914 1.1303, -0.304 -1.1915 1.1307, -0.3036 -1.1915 1.1308, -0.2992 -0.9097 1.1326, -0.3007 -1.1917 1.1318, -0.294 -1.1919 1.1369, -0.2951 -1.192 1.1357, -0.2951 -0.9097 1.1357, -0.2954 -1.192 1.1354, -0.299 -1.1918 1.1327, -0.2907 -1.1917 1.1425, -0.2915 -1.1918 1.1407, -0.292 -0.9097 1.1398, -0.2921 -1.1918 1.1398, -0.2922 -1.1918 1.1396, -0.29 -0.9097 1.1445, -0.2895 -1.1912 1.147, -0.2902 -1.1915 1.1445, -0.2903 -1.1915 1.1441, -0.29 -0.3839 1.1445, -0.292 -0.3839 1.1398, -0.2951 -0.3839 1.1357, -0.2992 -0.3839 1.1326, -0.29 0.3326 1.1445, -0.292 0.3326 1.1398, -0.2951 0.3326 1.1357, -0.2992 0.3326 1.1326, -0.29 0.4232 1.1445, -0.292 0.4232 1.1398, -0.2951 0.4232 1.1357, -0.2992 0.4232 1.1326, -0.304 0.4232 1.1306, -0.4716 -0.3839 1.1306, -0.4855 -0.9097 1.1445, -0.4858 -1.1914 1.1456, -0.4854 -1.1915 1.1445, -0.4853 -1.1915 1.1441, -0.4836 -0.9097 1.1398, -0.4844 -1.1917 1.1413, -0.4793 -1.1919 1.1346, -0.4804 -1.192 1.1357, -0.4805 -0.9097 1.1357, -0.4807 -1.192 1.1359, -0.4835 -1.1918 1.1396, -0.4736 -1.1917 1.1312, -0.4754 -1.1918 1.132, -0.4764 -0.9097 1.1326, -0.4763 -1.1918 1.1326, -0.4765 -1.1918 1.1328, -0.4716 -0.9097 1.1306, -0.4691 -1.1912 1.1301, -0.4716 -1.1915 1.1307, -0.472 -1.1915 1.1308, -0.4855 -0.3839 1.1445, -0.4836 -0.3839 1.1398, -0.4805 -0.3839 1.1357, -0.4764 -0.3839 1.1326, -0.4716 0.3326 1.1306, -0.4764 0.3326 1.1326, -0.4805 0.3326 1.1357, -0.4836 0.3326 1.1398, -0.4855 0.3326 1.1445, -0.4716 0.4232 1.1306, -0.4764 0.4232 1.1326, -0.4805 0.4232 1.1357, -0.4836 0.4232 1.1398, -0.4855 0.4232 1.1445, -0.4716 0.9146 1.0399, -0.4716 0.9109 1.0778, -0.4716 0.8254 1.2428, -0.4716 0.7958 1.2679, -0.4712 0.6201 1.3262, -0.4716 0.6329 1.3257, -0.4716 0.6201 1.3261, -0.473 0.6201 1.3257, -0.4772 0.6201 1.3236, -0.4763 0.6201 1.3241, -0.4764 0.6328 1.3238, -0.4821 0.6201 1.3191, -0.4804 0.6201 1.3209, -0.4805 0.6326 1.3206, -0.4788 0.6201 1.3225, -0.4852 0.6201 1.3133, -0.4832 0.6201 1.3175, -0.4836 0.6324 1.3166, -0.4857 0.6201 1.3114, -0.4855 0.6201 1.3122, -0.4855 0.6322 1.3118, -0.4716 0.653 1.3239, -0.4716 0.7291 1.3052, -0.4716 0.6919 1.3168, -0.4716 0.7637 1.2887, -0.4716 0.838 1.2297, -0.4716 0.8617 1.1998, -0.4716 0.8735 1.1814, -0.4716 0.8909 1.1468, -0.4716 0.9039 1.1099, -0.4764 0.6528 1.322, -0.4764 0.6914 1.3149, -0.4764 0.7284 1.3034, -0.4764 0.7628 1.287, -0.4764 0.7947 1.2663, -0.4764 0.824 1.2414, -0.4764 0.8365 1.2284, -0.4764 0.8601 1.1987, -0.4764 0.8718 1.1804, -0.4764 0.8891 1.146, -0.4764 0.902 1.1093, -0.4764 0.909 1.0775, -0.4764 0.9126 1.0399, -0.4805 0.6524 1.3189, -0.4805 0.6907 1.3119, -0.4805 0.7272 1.3005, -0.4805 0.7612 1.2842, -0.4805 0.7928 1.2638, -0.4805 0.8218 1.2391, -0.4805 0.8342 1.2263, -0.4805 0.8575 1.1969, -0.4805 0.8691 1.1788, -0.4805 0.8862 1.1448, -0.4805 0.899 1.1085, -0.4805 0.9059 1.077, -0.4805 0.9095 1.0398, -0.4836 0.6519 1.3148, -0.4836 0.6897 1.3079, -0.4836 0.7257 1.2967, -0.4836 0.7592 1.2807, -0.4836 0.7904 1.2605, -0.4836 0.819 1.2362, -0.4836 0.8312 1.2236, -0.4836 0.8542 1.1946, -0.4836 0.8656 1.1767, -0.4836 0.8825 1.1432, -0.4836 0.895 1.1074, -0.4836 0.9019 1.0763, -0.4836 0.9054 1.0397, -0.4855 0.6513 1.3101, -0.4855 0.6886 1.3033, -0.4855 0.724 1.2923, -0.4855 0.7569 1.2765, -0.4855 0.7875 1.2567, -0.4855 0.8157 1.2328, -0.4855 0.8277 1.2204, -0.4855 0.8503 1.1919, -0.4855 0.8615 1.1743, -0.4855 0.8781 1.1413, -0.4855 0.8905 1.1061, -0.4855 0.8972 1.0756, -0.4855 0.9006 1.0395, -0.4855 0.9221 0.292, -0.4836 0.9268 0.2922, -0.4805 0.9309 0.2923, -0.4764 0.934 0.2924, -0.4716 0.936 0.2924, -0.4855 1.035 0.1823, -0.4855 1.0063 0.186, -0.4836 1.035 0.187, -0.4836 1.0075 0.1906, -0.4805 1.035 0.1911, -0.4805 1.0085 0.1945, -0.4764 1.035 0.1942, -0.4764 1.0093 0.1975, -0.4716 1.035 0.1962, -0.4716 1.0098 0.1994, -0.4855 0.9794 0.1969, -0.4836 0.9818 0.201, -0.4805 0.9838 0.2046, -0.4764 0.9853 0.2073, -0.4716 0.9863 0.209, -0.4855 0.9563 0.2142, -0.4836 0.9596 0.2176, -0.4805 0.9624 0.2206, -0.4764 0.9646 0.2228, -0.4716 0.966 0.2242, -0.4855 0.9382 0.2369, -0.4836 0.9423 0.2394, -0.4805 0.9458 0.2415, -0.4764 0.9485 0.2431, -0.4716 0.9502 0.2441, -0.4855 0.9266 0.2634, -0.4836 0.9311 0.2648, -0.4805 0.9351 0.2659, -0.4764 0.9381 0.2668, -0.4716 0.9399 0.2674, -0.4855 1.6442 0.1823, -0.4854 1.6443 0.1827, -0.4836 1.6446 0.187, -0.4835 1.6446 0.1872, -0.4805 1.6447 0.1911, -0.4766 1.6446 0.1941, -0.4764 1.6446 0.1942, -0.472 1.6443 0.1961, -0.4716 1.6442 0.1961
            ]
        }
        coordIndex [
            0,1,2,-1,2,1,3,-1,2,3,4,-1,4,3,5,-1,4,5,6,-1,6,5,7,-1,6,7,8,-1,8,7,9,-1,8,9,10,-1,10,9,11,-1,10,11,12,-1,12,11,13,-1,12,13,14,-1,14,13,15,-1,14,15,16,-1,16,15,17,-1,16,17,18,-1,18,17,19,-1,18,19,20,-1,20,19,21,-1,20,21,22,-1,22,21,23,-1,22,23,24,-1,24,23,25,-1,24,25,26,-1,26,25,27,-1,26,27,28,-1,28,27,29,-1,28,29,30,-1,30,29,31,-1,30,31,32,-1,32,31,33,-1,34,35,36,-1,37,38,39,-1,39,38,40,-1,39,40,41,-1,41,40,42,-1,43,44,45,-1,45,44,46,-1,45,46,42,-1,42,46,47,-1,42,47,41,-1,36,48,34,-1,34,48,49,-1,34,49,50,-1,50,49,51,-1,50,51,52,-1,51,53,52,-1,52,53,54,-1,52,54,55,-1,55,54,56,-1,55,56,57,-1,57,56,58,-1,57,58,43,-1,43,58,59,-1,43,59,44,-1,60,61,62,-1,62,61,63,-1,62,63,64,-1,64,63,65,-1,64,65,66,-1,66,65,67,-1,66,67,68,-1,68,67,69,-1,68,69,70,-1,70,69,71,-1,70,71,72,-1,72,71,73,-1,72,73,74,-1,74,73,75,-1,74,75,76,-1,76,75,77,-1,76,77,78,-1,77,79,78,-1,78,79,80,-1,78,80,81,-1,81,80,82,-1,82,80,83,-1,82,83,84,-1,84,83,85,-1,84,85,86,-1,86,85,87,-1,86,87,88,-1,88,87,89,-1,88,89,90,-1,90,89,91,-1,90,91,92,-1,92,91,93,-1,92,93,94,-1,94,93,95,-1,94,95,96,-1,96,95,97,-1,96,97,98,-1,98,97,99,-1,98,99,100,-1,100,99,101,-1,100,101,102,-1,101,103,102,-1,102,103,104,-1,102,104,105,-1,106,107,108,-1,108,109,106,-1,106,109,110,-1,106,110,111,-1,111,110,112,-1,111,112,113,-1,114,115,116,-1,116,115,117,-1,116,117,118,-1,118,117,119,-1,120,121,122,-1,122,121,123,-1,122,123,119,-1,119,123,124,-1,119,124,118,-1,112,125,113,-1,113,125,126,-1,113,126,127,-1,127,126,128,-1,127,128,129,-1,129,128,130,-1,129,130,120,-1,120,130,131,-1,120,131,121,-1,132,133,33,-1,33,133,32,-1,36,35,134,-1,134,35,135,-1,61,60,136,-1,136,60,137,-1,115,114,138,-1,138,114,139,-1,133,132,140,-1,140,132,141,-1,140,141,142,-1,142,141,143,-1,142,143,144,-1,144,143,145,-1,144,145,146,-1,146,145,147,-1,146,147,148,-1,148,147,149,-1,148,149,150,-1,150,149,151,-1,150,151,152,-1,152,151,153,-1,152,153,154,-1,154,153,155,-1,154,155,156,-1,156,155,157,-1,156,157,158,-1,158,157,159,-1,158,159,160,-1,160,159,161,-1,160,161,162,-1,162,161,163,-1,164,134,135,-1,165,166,167,-1,167,166,168,-1,167,168,169,-1,169,168,170,-1,135,171,164,-1,164,171,172,-1,164,172,173,-1,173,172,174,-1,173,174,175,-1,175,174,176,-1,175,176,170,-1,170,176,177,-1,170,177,169,-1,178,179,180,-1,180,179,181,-1,180,181,182,-1,182,181,183,-1,182,183,184,-1,184,183,185,-1,184,185,186,-1,186,185,187,-1,186,187,188,-1,188,187,189,-1,188,189,137,-1,137,189,136,-1,190,191,192,-1,138,139,193,-1,193,139,194,-1,193,194,195,-1,195,194,196,-1,192,197,190,-1,190,197,198,-1,190,198,199,-1,199,198,200,-1,199,200,201,-1,201,200,202,-1,201,202,196,-1,196,202,203,-1,196,203,195,-1,204,205,163,-1,163,205,162,-1,166,165,206,-1,206,165,207,-1,208,209,178,-1,178,209,179,-1,192,191,210,-1,210,191,211,-1,212,213,214,-1,215,216,217,-1,217,216,218,-1,217,218,219,-1,217,220,215,-1,215,220,221,-1,215,221,222,-1,216,223,218,-1,218,223,214,-1,218,214,224,-1,224,214,213,-1,225,226,220,-1,220,226,227,-1,220,227,221,-1,225,228,226,-1,226,228,229,-1,226,229,230,-1,231,232,219,-1,219,232,233,-1,219,233,217,-1,231,234,232,-1,232,234,235,-1,232,235,236,-1,237,238,239,-1,239,238,240,-1,222,241,215,-1,215,241,240,-1,215,240,242,-1,242,240,238,-1,214,243,212,-1,212,243,244,-1,212,244,245,-1,245,244,246,-1,230,229,247,-1,247,229,248,-1,247,248,249,-1,236,235,250,-1,250,235,251,-1,250,251,252,-1,237,239,253,-1,253,239,254,-1,253,254,255,-1,256,257,258,-1,258,257,259,-1,258,259,260,-1,260,259,261,-1,260,261,262,-1,262,261,263,-1,262,263,264,-1,264,263,265,-1,264,265,266,-1,266,265,267,-1,266,267,268,-1,268,267,269,-1,270,271,272,-1,273,274,275,-1,275,274,276,-1,270,272,277,-1,277,272,278,-1,277,278,276,-1,276,278,279,-1,276,279,275,-1,280,281,282,-1,282,281,283,-1,282,283,284,-1,284,283,285,-1,284,285,286,-1,286,285,287,-1,286,287,288,-1,288,287,289,-1,288,289,290,-1,289,291,290,-1,290,291,292,-1,290,292,293,-1,294,295,296,-1,294,296,297,-1,297,296,298,-1,297,298,299,-1,299,298,300,-1,299,300,301,-1,301,300,302,-1,301,302,303,-1,304,305,306,-1,306,307,304,-1,304,307,308,-1,304,308,309,-1,310,311,312,-1,307,313,308,-1,308,313,314,-1,308,314,315,-1,315,314,316,-1,317,306,318,-1,318,306,305,-1,318,305,319,-1,309,320,304,-1,304,320,321,-1,304,321,322,-1,322,321,323,-1,319,305,311,-1,311,305,324,-1,311,324,312,-1,325,326,317,-1,317,326,327,-1,317,327,306,-1,316,314,328,-1,328,314,329,-1,328,329,330,-1,330,329,331,-1,330,331,332,-1,323,321,333,-1,333,321,334,-1,333,334,335,-1,335,334,336,-1,335,336,337,-1,312,338,310,-1,310,338,339,-1,310,339,340,-1,340,339,341,-1,325,342,326,-1,326,342,343,-1,326,343,344,-1,344,343,345,-1,344,345,346,-1,346,345,347,-1,256,348,309,-1,256,309,257,-1,257,309,308,-1,257,308,349,-1,350,307,271,-1,271,307,306,-1,271,306,272,-1,272,306,351,-1,352,305,302,-1,302,305,304,-1,302,304,303,-1,303,304,353,-1,354,317,292,-1,292,317,318,-1,292,318,293,-1,293,318,355,-1,356,216,208,-1,208,216,215,-1,208,215,209,-1,209,215,357,-1,358,219,207,-1,207,219,218,-1,207,218,206,-1,206,218,359,-1,211,360,222,-1,211,222,210,-1,210,222,221,-1,210,221,361,-1,362,220,204,-1,204,220,217,-1,204,217,205,-1,205,217,363,-1,9,7,364,-1,365,366,367,-1,368,369,370,-1,371,107,106,-1,372,373,374,-1,374,373,371,-1,368,370,375,-1,376,377,378,-1,378,377,375,-1,379,380,365,-1,3,1,379,-1,379,1,381,-1,379,381,380,-1,364,7,379,-1,379,7,5,-1,379,5,3,-1,9,364,11,-1,11,364,382,-1,11,382,13,-1,13,382,383,-1,13,383,15,-1,15,383,384,-1,15,384,17,-1,17,384,19,-1,19,384,385,-1,19,385,21,-1,21,385,386,-1,21,386,23,-1,23,386,25,-1,25,386,387,-1,25,387,27,-1,371,106,374,-1,374,106,111,-1,374,111,388,-1,388,111,113,-1,388,113,389,-1,389,113,127,-1,389,127,390,-1,390,127,129,-1,390,129,391,-1,391,129,120,-1,391,120,392,-1,392,120,122,-1,392,122,393,-1,393,122,119,-1,393,119,394,-1,394,119,117,-1,394,117,395,-1,375,370,378,-1,378,370,396,-1,378,396,397,-1,397,396,398,-1,397,398,399,-1,399,398,400,-1,399,400,401,-1,401,400,402,-1,401,402,403,-1,403,402,404,-1,403,404,405,-1,405,404,406,-1,405,406,407,-1,407,406,408,-1,407,408,409,-1,409,408,410,-1,409,410,411,-1,365,367,379,-1,379,367,412,-1,379,412,364,-1,364,412,413,-1,364,413,382,-1,382,413,414,-1,382,414,383,-1,383,414,415,-1,383,415,384,-1,384,415,416,-1,384,416,385,-1,385,416,417,-1,385,417,386,-1,386,417,418,-1,386,418,387,-1,387,418,419,-1,387,419,420,-1,117,115,421,-1,117,421,395,-1,395,421,422,-1,395,422,423,-1,423,410,395,-1,395,410,408,-1,395,408,394,-1,394,408,406,-1,394,406,393,-1,393,406,404,-1,393,404,392,-1,392,404,402,-1,392,402,391,-1,391,402,400,-1,391,400,390,-1,390,400,398,-1,390,398,389,-1,389,398,396,-1,389,396,388,-1,388,396,370,-1,388,370,374,-1,374,370,369,-1,374,369,372,-1,423,424,410,-1,410,424,425,-1,410,425,411,-1,411,425,426,-1,411,426,427,-1,427,419,411,-1,411,419,418,-1,411,418,409,-1,409,418,417,-1,409,417,407,-1,407,417,416,-1,407,416,405,-1,405,416,415,-1,405,415,403,-1,403,415,414,-1,403,414,401,-1,401,414,413,-1,401,413,399,-1,399,413,412,-1,399,412,397,-1,397,412,367,-1,397,367,378,-1,378,367,366,-1,378,366,376,-1,427,428,419,-1,419,428,429,-1,419,429,420,-1,420,429,430,-1,420,430,431,-1,27,387,29,-1,29,387,420,-1,29,420,31,-1,31,420,431,-1,31,431,33,-1,33,431,132,-1,132,431,432,-1,432,431,433,-1,433,431,430,-1,433,430,434,-1,434,430,429,-1,434,429,435,-1,435,429,428,-1,435,428,436,-1,436,428,427,-1,436,427,437,-1,437,427,426,-1,437,426,438,-1,438,426,425,-1,438,425,439,-1,439,425,424,-1,439,424,440,-1,440,424,423,-1,440,423,441,-1,441,423,422,-1,441,422,442,-1,422,421,442,-1,442,421,115,-1,442,115,138,-1,443,163,161,-1,444,445,443,-1,155,446,447,-1,443,161,444,-1,444,161,159,-1,444,159,447,-1,447,159,157,-1,447,157,155,-1,141,448,143,-1,143,448,449,-1,155,153,446,-1,446,153,151,-1,446,151,450,-1,450,151,149,-1,450,149,451,-1,451,149,147,-1,451,147,449,-1,449,147,145,-1,449,145,143,-1,141,132,432,-1,452,453,454,-1,454,453,455,-1,141,432,448,-1,448,432,433,-1,448,433,434,-1,434,456,448,-1,448,456,457,-1,448,457,449,-1,449,457,458,-1,449,458,451,-1,451,458,459,-1,451,459,450,-1,450,459,460,-1,450,460,446,-1,446,460,461,-1,446,461,447,-1,447,461,454,-1,447,454,444,-1,444,454,455,-1,444,455,445,-1,462,463,452,-1,452,454,462,-1,462,454,461,-1,462,461,464,-1,464,461,460,-1,464,460,465,-1,465,460,459,-1,465,459,466,-1,466,459,458,-1,466,458,467,-1,467,458,457,-1,467,457,468,-1,468,457,456,-1,468,456,469,-1,470,471,472,-1,472,471,473,-1,434,435,456,-1,456,435,436,-1,456,436,469,-1,469,436,437,-1,469,437,438,-1,438,474,469,-1,469,474,475,-1,469,475,468,-1,468,475,476,-1,468,476,467,-1,467,476,477,-1,467,477,466,-1,466,477,478,-1,466,478,465,-1,465,478,479,-1,465,479,464,-1,464,479,472,-1,464,472,462,-1,462,472,473,-1,462,473,463,-1,480,481,482,-1,482,481,470,-1,470,472,482,-1,482,472,479,-1,482,479,483,-1,483,479,478,-1,483,478,484,-1,484,478,477,-1,484,477,485,-1,485,477,476,-1,485,476,486,-1,486,476,475,-1,486,475,487,-1,487,475,474,-1,487,474,488,-1,197,192,480,-1,438,439,474,-1,474,439,440,-1,474,440,488,-1,488,440,441,-1,488,441,442,-1,480,482,197,-1,197,482,483,-1,197,483,198,-1,198,483,484,-1,198,484,200,-1,200,484,485,-1,200,485,202,-1,202,485,486,-1,202,486,203,-1,203,486,487,-1,203,487,195,-1,195,487,488,-1,195,488,193,-1,193,488,442,-1,193,442,138,-1,204,163,362,-1,362,163,443,-1,480,192,210,-1,210,361,480,-1,480,361,489,-1,480,489,481,-1,481,489,490,-1,481,490,470,-1,470,490,491,-1,470,491,471,-1,471,491,492,-1,471,492,473,-1,473,492,493,-1,473,493,463,-1,463,493,494,-1,463,494,452,-1,452,494,495,-1,452,495,453,-1,453,495,496,-1,453,496,455,-1,455,496,497,-1,455,497,445,-1,445,497,498,-1,445,498,443,-1,443,498,499,-1,443,499,362,-1,220,362,499,-1,220,499,225,-1,225,499,498,-1,225,498,228,-1,228,498,497,-1,228,497,229,-1,229,497,496,-1,229,496,248,-1,248,496,495,-1,248,495,249,-1,361,221,489,-1,489,221,227,-1,489,227,490,-1,490,227,226,-1,490,226,491,-1,491,226,230,-1,491,230,492,-1,492,230,247,-1,492,247,493,-1,493,247,249,-1,493,249,494,-1,494,249,495,-1,500,501,502,-1,503,0,2,-1,501,504,505,-1,505,504,506,-1,505,506,503,-1,500,502,507,-1,508,509,510,-1,510,509,507,-1,511,512,513,-1,513,512,508,-1,38,514,515,-1,515,514,516,-1,515,516,511,-1,503,2,505,-1,505,2,4,-1,505,4,517,-1,4,6,517,-1,517,6,8,-1,517,8,518,-1,8,10,518,-1,518,10,12,-1,518,12,519,-1,12,14,519,-1,519,14,16,-1,519,16,520,-1,520,16,18,-1,520,18,521,-1,18,20,521,-1,521,20,22,-1,521,22,522,-1,522,22,24,-1,522,24,523,-1,523,24,26,-1,523,26,524,-1,524,26,28,-1,28,30,524,-1,524,30,32,-1,524,32,525,-1,501,505,502,-1,502,505,517,-1,502,517,526,-1,526,517,518,-1,526,518,527,-1,527,518,519,-1,527,519,528,-1,528,519,520,-1,528,520,529,-1,529,520,521,-1,529,521,530,-1,530,521,522,-1,530,522,531,-1,531,522,523,-1,531,523,532,-1,532,523,524,-1,532,524,533,-1,533,524,525,-1,533,525,534,-1,507,502,510,-1,510,502,526,-1,510,526,535,-1,535,526,527,-1,535,527,536,-1,536,527,528,-1,536,528,537,-1,537,528,529,-1,537,529,538,-1,538,529,530,-1,538,530,539,-1,539,530,531,-1,539,531,540,-1,540,531,532,-1,540,532,541,-1,541,532,533,-1,541,533,542,-1,542,533,534,-1,542,534,543,-1,508,510,513,-1,513,510,535,-1,513,535,544,-1,544,535,536,-1,544,536,545,-1,545,536,537,-1,545,537,546,-1,546,537,538,-1,546,538,547,-1,547,538,539,-1,547,539,548,-1,548,539,540,-1,548,540,549,-1,549,540,541,-1,549,541,550,-1,550,541,542,-1,550,542,551,-1,551,542,543,-1,551,543,552,-1,511,513,515,-1,515,513,544,-1,515,544,553,-1,553,544,545,-1,553,545,554,-1,554,545,546,-1,554,546,555,-1,555,546,547,-1,555,547,556,-1,556,547,548,-1,556,548,557,-1,557,548,549,-1,557,549,558,-1,558,549,550,-1,558,550,559,-1,559,550,551,-1,559,551,560,-1,560,551,552,-1,560,552,561,-1,38,515,40,-1,40,515,553,-1,40,553,42,-1,42,553,554,-1,42,554,45,-1,45,554,555,-1,45,555,43,-1,43,555,556,-1,43,556,57,-1,57,556,557,-1,57,557,55,-1,55,557,558,-1,55,558,52,-1,52,558,559,-1,52,559,50,-1,50,559,560,-1,50,560,34,-1,34,560,561,-1,34,561,35,-1,135,35,561,-1,135,561,562,-1,562,561,552,-1,562,552,563,-1,563,552,543,-1,563,543,564,-1,564,543,534,-1,564,534,565,-1,565,534,525,-1,565,525,566,-1,566,525,32,-1,566,32,133,-1,135,562,567,-1,562,563,568,-1,564,565,569,-1,566,133,140,-1,146,570,571,-1,566,140,572,-1,572,140,142,-1,572,142,571,-1,571,142,144,-1,571,144,146,-1,160,573,158,-1,158,573,574,-1,146,148,570,-1,570,148,150,-1,570,150,575,-1,575,150,152,-1,575,152,576,-1,576,152,154,-1,576,154,574,-1,574,154,156,-1,574,156,158,-1,160,162,577,-1,160,577,573,-1,573,577,578,-1,573,578,579,-1,579,580,573,-1,573,580,581,-1,573,581,574,-1,574,581,582,-1,574,582,576,-1,576,582,583,-1,576,583,575,-1,575,583,584,-1,575,584,570,-1,570,584,585,-1,570,585,571,-1,571,585,569,-1,571,569,572,-1,572,569,565,-1,572,565,566,-1,564,569,586,-1,586,569,585,-1,586,585,587,-1,587,585,584,-1,587,584,588,-1,588,584,583,-1,588,583,589,-1,589,583,582,-1,589,582,590,-1,590,582,581,-1,590,581,591,-1,591,581,580,-1,591,580,592,-1,579,593,580,-1,580,593,594,-1,580,594,592,-1,592,594,595,-1,592,595,596,-1,596,597,592,-1,592,597,598,-1,592,598,591,-1,591,598,599,-1,591,599,590,-1,590,599,600,-1,590,600,589,-1,589,600,601,-1,589,601,588,-1,588,601,602,-1,588,602,587,-1,587,602,568,-1,587,568,586,-1,586,568,563,-1,586,563,564,-1,562,568,567,-1,567,568,602,-1,567,602,603,-1,603,602,601,-1,603,601,604,-1,604,601,600,-1,604,600,605,-1,605,600,599,-1,605,599,606,-1,606,599,598,-1,606,598,607,-1,607,598,597,-1,607,597,608,-1,596,609,597,-1,597,609,610,-1,597,610,608,-1,608,610,611,-1,608,611,612,-1,135,567,171,-1,171,567,603,-1,171,603,172,-1,172,603,604,-1,172,604,174,-1,174,604,605,-1,174,605,176,-1,176,605,606,-1,176,606,177,-1,177,606,607,-1,177,607,169,-1,169,607,608,-1,169,608,167,-1,167,608,612,-1,167,612,165,-1,207,165,358,-1,358,165,612,-1,577,162,205,-1,205,363,577,-1,577,363,613,-1,577,613,578,-1,578,613,614,-1,578,614,579,-1,579,614,615,-1,579,615,593,-1,593,615,616,-1,593,616,594,-1,594,616,617,-1,594,617,595,-1,595,617,618,-1,595,618,596,-1,596,618,619,-1,596,619,609,-1,609,619,620,-1,609,620,610,-1,610,620,621,-1,610,621,611,-1,611,621,622,-1,611,622,612,-1,612,622,623,-1,612,623,358,-1,363,217,613,-1,613,217,233,-1,613,233,614,-1,614,233,232,-1,614,232,615,-1,615,232,236,-1,615,236,616,-1,616,236,250,-1,616,250,617,-1,617,250,252,-1,617,252,618,-1,618,252,619,-1,619,252,251,-1,619,251,620,-1,620,251,235,-1,620,235,621,-1,621,235,234,-1,621,234,622,-1,622,234,231,-1,622,231,623,-1,623,231,219,-1,623,219,358,-1,81,82,624,-1,86,88,625,-1,92,94,626,-1,37,39,627,-1,627,39,628,-1,627,628,629,-1,629,628,630,-1,630,628,631,-1,630,631,632,-1,632,631,633,-1,633,631,634,-1,633,634,635,-1,636,637,634,-1,634,637,638,-1,634,638,635,-1,639,640,641,-1,641,640,642,-1,641,642,636,-1,636,642,643,-1,636,643,637,-1,105,639,102,-1,102,639,641,-1,102,641,100,-1,100,641,98,-1,96,98,644,-1,644,98,641,-1,644,641,645,-1,645,641,636,-1,645,636,646,-1,646,636,634,-1,646,634,647,-1,647,634,631,-1,647,631,648,-1,648,631,628,-1,648,628,41,-1,41,628,39,-1,94,96,626,-1,626,96,644,-1,626,644,649,-1,649,644,645,-1,649,645,650,-1,650,645,646,-1,650,646,651,-1,651,646,647,-1,651,647,652,-1,652,647,648,-1,652,648,47,-1,47,648,41,-1,90,92,653,-1,653,92,626,-1,653,626,654,-1,654,626,649,-1,654,649,655,-1,655,649,650,-1,655,650,656,-1,656,650,651,-1,656,651,657,-1,657,651,652,-1,657,652,46,-1,46,652,47,-1,88,90,625,-1,625,90,653,-1,625,653,658,-1,658,653,654,-1,658,654,659,-1,659,654,655,-1,659,655,660,-1,660,655,656,-1,660,656,661,-1,661,656,657,-1,661,657,44,-1,44,657,46,-1,84,86,662,-1,662,86,625,-1,662,625,663,-1,663,625,658,-1,663,658,664,-1,664,658,659,-1,664,659,665,-1,665,659,660,-1,665,660,666,-1,666,660,661,-1,666,661,59,-1,59,661,44,-1,82,84,624,-1,624,84,662,-1,624,662,667,-1,667,662,663,-1,667,663,668,-1,668,663,664,-1,668,664,669,-1,669,664,665,-1,669,665,670,-1,670,665,666,-1,670,666,58,-1,58,666,59,-1,671,76,78,-1,78,81,671,-1,671,81,624,-1,671,624,672,-1,672,624,667,-1,672,667,673,-1,673,667,668,-1,673,668,674,-1,674,668,669,-1,674,669,675,-1,675,669,670,-1,675,670,56,-1,56,670,58,-1,74,76,676,-1,676,76,671,-1,676,671,677,-1,677,671,672,-1,677,672,678,-1,678,672,673,-1,678,673,679,-1,679,673,674,-1,679,674,680,-1,680,674,675,-1,680,675,54,-1,54,675,56,-1,54,53,680,-1,680,53,681,-1,680,681,679,-1,679,681,682,-1,679,682,678,-1,678,682,683,-1,678,683,677,-1,677,683,684,-1,677,684,676,-1,676,684,685,-1,676,685,74,-1,68,70,685,-1,685,70,72,-1,685,72,74,-1,51,49,686,-1,686,49,687,-1,686,687,688,-1,688,687,689,-1,688,689,690,-1,690,689,691,-1,690,691,692,-1,692,691,693,-1,692,693,694,-1,694,693,695,-1,53,51,681,-1,681,51,686,-1,681,686,682,-1,682,686,688,-1,682,688,683,-1,683,688,690,-1,683,690,684,-1,684,690,692,-1,684,692,685,-1,685,692,694,-1,685,694,68,-1,68,694,695,-1,68,695,66,-1,66,695,64,-1,62,64,696,-1,696,64,695,-1,696,695,697,-1,697,695,693,-1,697,693,698,-1,698,693,691,-1,698,691,699,-1,699,691,689,-1,699,689,700,-1,700,689,687,-1,700,687,48,-1,48,687,49,-1,60,62,701,-1,701,62,696,-1,701,696,702,-1,702,696,697,-1,702,697,703,-1,703,697,698,-1,703,698,704,-1,704,698,699,-1,704,699,705,-1,705,699,700,-1,705,700,36,-1,36,700,48,-1,706,137,60,-1,706,60,707,-1,707,60,701,-1,707,701,708,-1,708,701,709,-1,709,701,702,-1,709,702,710,-1,710,702,711,-1,711,702,703,-1,711,703,712,-1,712,703,704,-1,712,704,713,-1,713,704,714,-1,714,704,705,-1,714,705,715,-1,715,705,716,-1,716,705,36,-1,716,36,134,-1,717,168,166,-1,134,164,716,-1,716,164,718,-1,716,718,715,-1,715,718,719,-1,166,720,717,-1,717,720,721,-1,717,721,722,-1,723,713,719,-1,719,713,714,-1,719,714,715,-1,721,724,722,-1,722,724,725,-1,722,725,726,-1,727,711,723,-1,723,711,712,-1,723,712,713,-1,725,728,726,-1,726,728,729,-1,726,729,730,-1,707,708,731,-1,731,708,709,-1,731,709,727,-1,727,709,710,-1,727,710,711,-1,164,173,718,-1,718,173,732,-1,718,732,719,-1,719,732,733,-1,719,733,723,-1,723,733,734,-1,723,734,727,-1,727,734,735,-1,727,735,731,-1,731,735,736,-1,173,175,732,-1,732,175,737,-1,732,737,733,-1,733,737,738,-1,733,738,734,-1,734,738,739,-1,734,739,735,-1,735,739,740,-1,735,740,736,-1,736,740,741,-1,175,170,737,-1,737,170,742,-1,737,742,738,-1,738,742,743,-1,738,743,739,-1,739,743,744,-1,739,744,740,-1,740,744,745,-1,740,745,741,-1,741,745,746,-1,170,168,742,-1,742,168,717,-1,742,717,743,-1,743,717,722,-1,743,722,744,-1,744,722,726,-1,744,726,745,-1,745,726,730,-1,745,730,746,-1,746,730,747,-1,137,706,748,-1,748,706,707,-1,729,749,730,-1,730,749,750,-1,730,750,747,-1,747,750,751,-1,747,751,752,-1,707,731,748,-1,748,731,736,-1,748,736,753,-1,753,736,741,-1,753,741,754,-1,754,741,746,-1,754,746,755,-1,755,746,747,-1,755,747,756,-1,756,747,752,-1,756,752,757,-1,137,748,188,-1,188,748,753,-1,188,753,186,-1,186,753,754,-1,186,754,184,-1,184,754,755,-1,184,755,182,-1,182,755,756,-1,182,756,180,-1,180,756,757,-1,180,757,178,-1,752,758,356,-1,752,356,757,-1,757,356,208,-1,757,208,178,-1,758,752,759,-1,759,752,751,-1,759,751,760,-1,760,751,750,-1,760,750,761,-1,761,750,749,-1,761,749,762,-1,762,749,729,-1,762,729,763,-1,763,729,728,-1,763,728,764,-1,764,728,725,-1,764,725,765,-1,765,725,724,-1,765,724,766,-1,766,724,721,-1,766,721,359,-1,359,721,206,-1,206,721,720,-1,206,720,166,-1,766,359,218,-1,766,218,765,-1,218,224,765,-1,765,224,213,-1,765,213,764,-1,764,213,763,-1,213,212,763,-1,763,212,245,-1,763,245,762,-1,762,245,246,-1,762,246,761,-1,246,244,761,-1,761,244,243,-1,761,243,760,-1,760,243,214,-1,760,214,759,-1,759,214,223,-1,759,223,758,-1,758,223,216,-1,758,216,356,-1,284,286,767,-1,302,300,352,-1,352,300,768,-1,352,768,769,-1,769,768,770,-1,770,768,771,-1,771,768,772,-1,771,772,773,-1,774,775,776,-1,776,775,777,-1,776,777,772,-1,772,777,778,-1,772,778,773,-1,779,780,781,-1,781,780,782,-1,781,782,776,-1,776,782,783,-1,776,783,774,-1,293,355,290,-1,290,355,784,-1,290,784,288,-1,355,785,784,-1,784,785,786,-1,784,786,781,-1,781,786,787,-1,781,787,779,-1,296,295,788,-1,788,295,789,-1,788,789,790,-1,790,789,791,-1,790,791,792,-1,792,791,793,-1,792,793,794,-1,794,793,795,-1,794,795,796,-1,796,795,797,-1,796,797,282,-1,282,797,280,-1,298,296,798,-1,798,296,788,-1,798,788,799,-1,799,788,790,-1,799,790,800,-1,800,790,792,-1,800,792,801,-1,801,792,794,-1,801,794,767,-1,767,794,796,-1,767,796,284,-1,284,796,282,-1,300,298,768,-1,768,298,798,-1,768,798,772,-1,772,798,799,-1,772,799,776,-1,776,799,800,-1,776,800,781,-1,781,800,801,-1,781,801,784,-1,784,801,767,-1,784,767,288,-1,288,767,286,-1,355,318,785,-1,785,318,786,-1,786,318,787,-1,787,318,319,-1,787,319,311,-1,783,782,311,-1,782,780,311,-1,311,780,779,-1,311,779,787,-1,311,310,783,-1,783,310,340,-1,783,340,774,-1,774,340,341,-1,774,341,775,-1,775,341,777,-1,777,341,339,-1,777,339,778,-1,778,339,338,-1,778,338,773,-1,773,338,312,-1,773,312,771,-1,771,312,324,-1,771,324,770,-1,770,324,769,-1,769,324,305,-1,769,305,352,-1,285,283,802,-1,291,289,803,-1,804,805,803,-1,803,805,354,-1,803,354,291,-1,291,354,292,-1,804,803,806,-1,806,803,807,-1,806,807,808,-1,809,810,811,-1,811,810,812,-1,811,812,807,-1,807,812,813,-1,807,813,808,-1,814,815,816,-1,816,815,817,-1,816,817,811,-1,811,817,818,-1,811,818,809,-1,278,272,819,-1,819,272,351,-1,351,820,819,-1,819,820,821,-1,819,821,816,-1,816,821,822,-1,816,822,814,-1,283,281,802,-1,802,281,823,-1,802,823,824,-1,824,823,825,-1,824,825,826,-1,826,825,827,-1,826,827,828,-1,828,827,829,-1,828,829,830,-1,830,829,831,-1,830,831,275,-1,275,831,273,-1,287,285,832,-1,832,285,802,-1,832,802,833,-1,833,802,824,-1,833,824,834,-1,834,824,826,-1,834,826,835,-1,835,826,828,-1,835,828,836,-1,836,828,830,-1,836,830,279,-1,279,830,275,-1,289,287,803,-1,803,287,832,-1,803,832,807,-1,807,832,833,-1,807,833,811,-1,811,833,834,-1,811,834,816,-1,816,834,835,-1,816,835,819,-1,819,835,836,-1,819,836,278,-1,278,836,279,-1,354,805,317,-1,317,805,325,-1,805,804,325,-1,325,804,806,-1,325,806,342,-1,342,806,808,-1,342,808,343,-1,343,808,813,-1,343,813,345,-1,345,813,812,-1,345,812,347,-1,812,810,347,-1,347,810,809,-1,347,809,346,-1,346,809,818,-1,346,818,344,-1,815,814,326,-1,326,814,822,-1,326,822,327,-1,344,818,326,-1,326,818,817,-1,326,817,815,-1,820,351,306,-1,327,822,306,-1,306,822,821,-1,306,821,820,-1,264,266,837,-1,260,262,838,-1,256,258,348,-1,348,258,839,-1,348,839,840,-1,840,839,841,-1,841,839,842,-1,842,839,843,-1,842,843,844,-1,845,846,847,-1,847,846,848,-1,847,848,843,-1,843,848,849,-1,843,849,844,-1,850,851,852,-1,852,851,853,-1,852,853,847,-1,847,853,854,-1,847,854,845,-1,301,303,855,-1,855,303,353,-1,353,856,855,-1,855,856,857,-1,855,857,852,-1,852,857,858,-1,852,858,850,-1,299,301,859,-1,859,301,855,-1,859,855,860,-1,860,855,852,-1,860,852,861,-1,861,852,847,-1,861,847,862,-1,862,847,843,-1,862,843,838,-1,838,843,839,-1,838,839,260,-1,260,839,258,-1,297,299,863,-1,863,299,859,-1,863,859,864,-1,864,859,860,-1,864,860,865,-1,865,860,861,-1,865,861,866,-1,866,861,862,-1,866,862,837,-1,837,862,838,-1,837,838,264,-1,264,838,262,-1,294,297,867,-1,867,297,863,-1,867,863,868,-1,868,863,864,-1,868,864,869,-1,869,864,865,-1,869,865,870,-1,870,865,866,-1,870,866,871,-1,871,866,837,-1,871,837,268,-1,268,837,266,-1,353,304,856,-1,856,304,857,-1,857,304,858,-1,858,304,322,-1,858,322,323,-1,854,853,323,-1,853,851,323,-1,323,851,850,-1,323,850,858,-1,323,333,854,-1,854,333,335,-1,854,335,845,-1,845,335,337,-1,845,337,846,-1,846,337,848,-1,848,337,336,-1,848,336,849,-1,849,336,334,-1,849,334,844,-1,844,334,321,-1,844,321,842,-1,842,321,320,-1,842,320,841,-1,841,320,840,-1,840,320,309,-1,840,309,348,-1,265,263,872,-1,271,270,350,-1,350,270,873,-1,350,873,874,-1,874,873,875,-1,875,873,876,-1,876,873,877,-1,876,877,878,-1,879,880,881,-1,881,880,882,-1,881,882,877,-1,877,882,883,-1,877,883,878,-1,884,885,886,-1,886,885,887,-1,886,887,881,-1,881,887,888,-1,881,888,879,-1,261,259,889,-1,889,259,257,-1,889,257,349,-1,349,890,889,-1,889,890,891,-1,889,891,886,-1,886,891,892,-1,886,892,884,-1,270,277,873,-1,873,277,893,-1,873,893,877,-1,877,893,894,-1,877,894,881,-1,881,894,895,-1,881,895,886,-1,886,895,896,-1,886,896,889,-1,889,896,872,-1,889,872,261,-1,261,872,263,-1,267,265,897,-1,897,265,872,-1,897,872,898,-1,898,872,896,-1,898,896,899,-1,899,896,895,-1,899,895,900,-1,900,895,894,-1,900,894,901,-1,901,894,893,-1,901,893,276,-1,276,893,277,-1,269,267,902,-1,902,267,897,-1,902,897,903,-1,903,897,898,-1,903,898,904,-1,904,898,899,-1,904,899,905,-1,905,899,900,-1,905,900,906,-1,906,900,901,-1,906,901,274,-1,274,901,276,-1,350,874,307,-1,307,874,313,-1,874,875,313,-1,313,875,876,-1,313,876,314,-1,314,876,878,-1,314,878,329,-1,329,878,883,-1,329,883,331,-1,331,883,882,-1,331,882,332,-1,882,880,332,-1,332,880,879,-1,332,879,330,-1,330,879,888,-1,330,888,328,-1,885,884,316,-1,316,884,892,-1,316,892,315,-1,328,888,316,-1,316,888,887,-1,316,887,885,-1,890,349,308,-1,315,892,308,-1,308,892,891,-1,308,891,890,-1,61,907,908,-1,83,909,910,-1,104,103,911,-1,911,103,912,-1,911,912,913,-1,913,912,914,-1,915,916,917,-1,917,916,914,-1,918,919,920,-1,920,919,921,-1,920,921,915,-1,922,923,924,-1,924,923,918,-1,925,926,927,-1,927,926,922,-1,109,108,925,-1,103,101,912,-1,912,101,99,-1,912,99,928,-1,928,99,97,-1,928,97,95,-1,93,929,95,-1,95,929,930,-1,95,930,928,-1,93,91,929,-1,929,91,89,-1,929,89,931,-1,931,89,87,-1,931,87,910,-1,910,87,85,-1,910,85,83,-1,909,83,932,-1,932,83,80,-1,932,80,79,-1,79,77,932,-1,932,77,75,-1,932,75,933,-1,933,75,73,-1,933,73,934,-1,934,73,71,-1,934,71,935,-1,71,69,935,-1,935,69,67,-1,935,67,936,-1,936,67,65,-1,936,65,908,-1,908,65,63,-1,908,63,61,-1,914,912,917,-1,917,912,928,-1,917,928,937,-1,937,928,930,-1,937,930,938,-1,938,930,929,-1,938,929,939,-1,939,929,931,-1,939,931,940,-1,940,931,910,-1,940,910,941,-1,941,910,909,-1,941,909,942,-1,942,909,932,-1,942,932,943,-1,943,932,933,-1,943,933,944,-1,944,933,934,-1,944,934,945,-1,945,934,935,-1,945,935,946,-1,946,935,936,-1,946,936,947,-1,947,936,908,-1,947,908,948,-1,948,908,907,-1,948,907,949,-1,915,917,920,-1,920,917,937,-1,920,937,950,-1,950,937,938,-1,950,938,951,-1,951,938,939,-1,951,939,952,-1,952,939,940,-1,952,940,953,-1,953,940,941,-1,953,941,954,-1,954,941,942,-1,954,942,955,-1,955,942,943,-1,955,943,956,-1,956,943,944,-1,956,944,957,-1,957,944,945,-1,957,945,958,-1,958,945,946,-1,958,946,959,-1,959,946,947,-1,959,947,960,-1,960,947,948,-1,960,948,961,-1,961,948,949,-1,961,949,962,-1,918,920,924,-1,924,920,950,-1,924,950,963,-1,963,950,951,-1,963,951,964,-1,964,951,952,-1,964,952,965,-1,965,952,953,-1,965,953,966,-1,966,953,954,-1,966,954,967,-1,967,954,955,-1,967,955,968,-1,968,955,956,-1,968,956,969,-1,969,956,957,-1,969,957,970,-1,970,957,958,-1,970,958,971,-1,971,958,959,-1,971,959,972,-1,972,959,960,-1,972,960,973,-1,973,960,961,-1,973,961,974,-1,974,961,962,-1,974,962,975,-1,922,924,927,-1,927,924,963,-1,927,963,976,-1,976,963,964,-1,976,964,977,-1,977,964,965,-1,977,965,978,-1,978,965,966,-1,978,966,979,-1,979,966,967,-1,979,967,980,-1,980,967,968,-1,980,968,981,-1,981,968,969,-1,981,969,982,-1,982,969,970,-1,982,970,983,-1,983,970,971,-1,983,971,984,-1,984,971,972,-1,984,972,985,-1,985,972,973,-1,985,973,986,-1,986,973,974,-1,986,974,987,-1,987,974,975,-1,987,975,988,-1,925,927,109,-1,109,927,976,-1,109,976,110,-1,110,976,977,-1,110,977,112,-1,112,977,978,-1,112,978,125,-1,125,978,979,-1,125,979,126,-1,126,979,980,-1,126,980,128,-1,128,980,981,-1,128,981,130,-1,130,981,982,-1,130,982,131,-1,131,982,983,-1,131,983,121,-1,121,983,984,-1,121,984,123,-1,123,984,985,-1,123,985,124,-1,124,985,986,-1,124,986,118,-1,118,986,987,-1,118,987,116,-1,116,987,988,-1,116,988,114,-1,139,114,988,-1,139,988,989,-1,989,988,975,-1,989,975,990,-1,990,975,962,-1,990,962,991,-1,991,962,949,-1,991,949,992,-1,992,949,907,-1,992,907,993,-1,993,907,61,-1,993,61,136,-1,191,190,994,-1,994,190,995,-1,994,995,996,-1,996,995,997,-1,996,997,998,-1,998,997,999,-1,998,999,1000,-1,1000,999,1001,-1,1000,1001,1002,-1,1002,1001,1003,-1,1002,1003,179,-1,179,1003,181,-1,190,199,995,-1,995,199,1004,-1,995,1004,997,-1,997,1004,1005,-1,997,1005,999,-1,999,1005,1006,-1,999,1006,1001,-1,1001,1006,1007,-1,1001,1007,1003,-1,1003,1007,1008,-1,1003,1008,181,-1,181,1008,183,-1,199,201,1004,-1,1004,201,1009,-1,1004,1009,1005,-1,1005,1009,1010,-1,1005,1010,1006,-1,1006,1010,1011,-1,1006,1011,1007,-1,1007,1011,1012,-1,1007,1012,1008,-1,1008,1012,1013,-1,1008,1013,183,-1,183,1013,185,-1,201,196,1009,-1,1009,196,1014,-1,1009,1014,1010,-1,1010,1014,1015,-1,1010,1015,1011,-1,1011,1015,1016,-1,1011,1016,1012,-1,1012,1016,1017,-1,1012,1017,1013,-1,1013,1017,1018,-1,1013,1018,185,-1,185,1018,187,-1,196,194,1014,-1,1014,194,1019,-1,1014,1019,1015,-1,1015,1019,1020,-1,1015,1020,1016,-1,1016,1020,1021,-1,1016,1021,1017,-1,1017,1021,1022,-1,1017,1022,1018,-1,1018,1022,1023,-1,1018,1023,187,-1,187,1023,189,-1,194,139,1019,-1,1019,139,989,-1,1019,989,1020,-1,1020,989,990,-1,1020,990,1021,-1,1021,990,991,-1,1021,991,1022,-1,1022,991,992,-1,1022,992,1023,-1,1023,992,993,-1,1023,993,189,-1,189,993,136,-1,211,191,360,-1,360,191,994,-1,360,994,1024,-1,1024,994,1025,-1,1025,994,996,-1,1025,996,1026,-1,1026,996,1027,-1,1027,996,998,-1,1027,998,1028,-1,1028,998,1029,-1,1029,998,1000,-1,1029,1000,1030,-1,1030,1000,1031,-1,1031,1000,1002,-1,1031,1002,1032,-1,179,209,1002,-1,1002,209,357,-1,1002,357,1032,-1,254,239,1027,-1,1027,239,1026,-1,1026,239,240,-1,1026,240,1025,-1,1025,240,241,-1,1025,241,1024,-1,1024,241,222,-1,1024,222,360,-1,254,1027,255,-1,255,1027,1028,-1,255,1028,253,-1,253,1028,1029,-1,253,1029,237,-1,1031,242,238,-1,237,1029,238,-1,238,1029,1030,-1,238,1030,1031,-1,242,1031,215,-1,215,1031,1032,-1,215,1032,357,-1,
        ]
    }
}
Shape{
    appearance Appearance {
        material  Material 	{
            diffuseColor 0.0 0.0 0.0
            specularColor 0.0 0.0 0.0
            ambientIntensity 0.0
            transparency 0.0
            shininess 0.5
        }
    }
    geometry IndexedFaceSet {
        ccw TRUE
        solid FALSE
        coord DEF co Coordinate {
            point [
                -0.1119 -1.2333 2.15, -0.1118 -1.2196 2.15, -0.1119 -1.2333 2.1496, -0.1118 -1.2196 2.1496, -0.064 -1.2336 2.15, -0.064 -1.2336 2.1496, -0.0648 -1.3401 2.15, -0.0648 -1.3401 2.1496, -0.0493 -1.3402 2.15, -0.0493 -1.3402 2.1496, -0.0484 -1.2201 2.15, -0.0484 -1.2201 2.1496, -0.1734 -1.2171 2.15, -0.1734 -1.2171 2.1496, -0.1807 -1.2173 2.1496, -0.1807 -1.2173 2.15, -0.1875 -1.2181 2.1496, -0.1875 -1.2181 2.15, -0.1937 -1.2192 2.1496, -0.1937 -1.2192 2.15, -0.1992 -1.2208 2.1496, -0.1992 -1.2208 2.15, -0.2042 -1.2227 2.1496, -0.2042 -1.2227 2.15, -0.2067 -1.2239 2.1496, -0.2067 -1.2239 2.15, -0.2068 -1.2388 2.15, -0.2068 -1.2388 2.1496, -0.2022 -1.2364 2.1496, -0.2022 -1.2364 2.15, -0.1974 -1.2344 2.1496, -0.1974 -1.2344 2.15, -0.1923 -1.2328 2.1496, -0.1923 -1.2328 2.15, -0.187 -1.2317 2.1496, -0.187 -1.2317 2.15, -0.1813 -1.2311 2.1496, -0.1813 -1.2311 2.15, -0.1757 -1.2309 2.1496, -0.1757 -1.2309 2.15, -0.1705 -1.2312 2.1496, -0.1705 -1.2312 2.15, -0.1655 -1.232 2.1496, -0.1655 -1.232 2.15, -0.161 -1.2333 2.1496, -0.161 -1.2333 2.15, -0.1568 -1.235 2.1496, -0.1568 -1.235 2.15, -0.153 -1.2371 2.1496, -0.153 -1.2371 2.15, -0.1494 -1.2396 2.1496, -0.1494 -1.2396 2.15, -0.146 -1.2427 2.1496, -0.146 -1.2427 2.15, -0.1449 -1.2438 2.1496, -0.1449 -1.2438 2.15, -0.142 -1.2474 2.1496, -0.142 -1.2474 2.15, -0.1396 -1.2512 2.1496, -0.1396 -1.2512 2.15, -0.1375 -1.2553 2.1496, -0.1375 -1.2553 2.15, -0.1359 -1.2598 2.1496, -0.1359 -1.2598 2.15, -0.1346 -1.2647 2.1496, -0.1346 -1.2647 2.15, -0.1338 -1.2699 2.1496, -0.1338 -1.2699 2.15, -0.1334 -1.2757 2.1496, -0.1334 -1.2757 2.15, -0.1334 -1.2782 2.1496, -0.1334 -1.2782 2.15, -0.1337 -1.2844 2.1496, -0.1337 -1.2844 2.15, -0.1345 -1.2902 2.1496, -0.1345 -1.2902 2.15, -0.1357 -1.2955 2.1496, -0.1357 -1.2955 2.15, -0.1374 -1.3004 2.1496, -0.1374 -1.3004 2.15, -0.1395 -1.3048 2.1496, -0.1395 -1.3048 2.15, -0.142 -1.3089 2.1496, -0.142 -1.3089 2.15, -0.1448 -1.3126 2.1496, -0.1448 -1.3126 2.15, -0.1463 -1.3142 2.1496, -0.1463 -1.3142 2.15, -0.1498 -1.3174 2.1496, -0.1498 -1.3174 2.15, -0.1535 -1.3202 2.1496, -0.1535 -1.3202 2.15, -0.1574 -1.3225 2.1496, -0.1574 -1.3225 2.15, -0.1616 -1.3244 2.1496, -0.1616 -1.3244 2.15, -0.166 -1.3258 2.1496, -0.166 -1.3258 2.15, -0.1708 -1.3267 2.1496, -0.1708 -1.3267 2.15, -0.1758 -1.3272 2.1496, -0.1758 -1.3272 2.15, -0.1791 -1.3273 2.1496, -0.1791 -1.3273 2.15, -0.1849 -1.327 2.1496, -0.1849 -1.327 2.15, -0.1904 -1.3262 2.1496, -0.1904 -1.3262 2.15, -0.1957 -1.3249 2.1496, -0.1957 -1.3249 2.15, -0.2008 -1.3231 2.1496, -0.2008 -1.3231 2.15, -0.2056 -1.3209 2.1496, -0.2056 -1.3209 2.15, -0.2073 -1.3199 2.1496, -0.2073 -1.3199 2.15, -0.2074 -1.3362 2.15, -0.2074 -1.3362 2.1496, -0.2028 -1.3379 2.1496, -0.2028 -1.3379 2.15, -0.1977 -1.3393 2.1496, -0.1977 -1.3393 2.15, -0.1919 -1.3404 2.1496, -0.1919 -1.3404 2.15, -0.1855 -1.341 2.1496, -0.1855 -1.341 2.15, -0.179 -1.3413 2.1496, -0.179 -1.3413 2.15, -0.1727 -1.3411 2.1496, -0.1727 -1.3411 2.15, -0.1668 -1.3403 2.1496, -0.1668 -1.3403 2.15, -0.1611 -1.3392 2.1496, -0.1611 -1.3392 2.15, -0.1559 -1.3375 2.1496, -0.1559 -1.3375 2.15, -0.1509 -1.3354 2.1496, -0.1509 -1.3354 2.15, -0.1461 -1.3329 2.1496, -0.1461 -1.3329 2.15, -0.1417 -1.3299 2.1496, -0.1417 -1.3299 2.15, -0.1374 -1.3264 2.1496, -0.1374 -1.3264 2.15, -0.1348 -1.3239 2.1496, -0.1348 -1.3239 2.15, -0.1311 -1.3198 2.1496, -0.1311 -1.3198 2.15, -0.1278 -1.3155 2.1496, -0.1278 -1.3155 2.15, -0.125 -1.3108 2.1496, -0.125 -1.3108 2.15, -0.1226 -1.3059 2.1496, -0.1226 -1.3059 2.15, -0.1206 -1.3007 2.1496, -0.1206 -1.3007 2.15, -0.1191 -1.2952 2.1496, -0.1191 -1.2952 2.15, -0.118 -1.2893 2.1496, -0.118 -1.2893 2.15, -0.1173 -1.283 2.1496, -0.1173 -1.283 2.15, -0.1171 -1.2774 2.1496, -0.1171 -1.2774 2.15, -0.1173 -1.2706 2.1496, -0.1173 -1.2706 2.15, -0.118 -1.2642 2.1496, -0.118 -1.2642 2.15, -0.1192 -1.2583 2.1496, -0.1192 -1.2583 2.15, -0.1208 -1.2529 2.1496, -0.1208 -1.2529 2.15, -0.1229 -1.2478 2.1496, -0.1229 -1.2478 2.15, -0.1253 -1.2431 2.1496, -0.1253 -1.2431 2.15, -0.1282 -1.2387 2.1496, -0.1282 -1.2387 2.15, -0.1313 -1.2349 2.1496, -0.1313 -1.2349 2.15, -0.1322 -1.2338 2.1496, -0.1322 -1.2338 2.15, -0.1359 -1.2302 2.1496, -0.1359 -1.2302 2.15, -0.1399 -1.227 2.1496, -0.1399 -1.227 2.15, -0.1441 -1.2243 2.1496, -0.1441 -1.2243 2.15, -0.1486 -1.2221 2.1496, -0.1486 -1.2221 2.15, -0.1534 -1.2202 2.1496, -0.1534 -1.2202 2.15, -0.1585 -1.2188 2.1496, -0.1585 -1.2188 2.15, -0.164 -1.2178 2.1496, -0.164 -1.2178 2.15, -0.1699 -1.2173 2.1496, -0.1699 -1.2173 2.15, -0.2953 -1.232 2.15, -0.2952 -1.2183 2.15, -0.2953 -1.232 2.1496, -0.2952 -1.2183 2.1496, -0.2463 -1.2324 2.15, -0.2463 -1.2324 2.1496, -0.2465 -1.2728 2.15, -0.2465 -1.2728 2.1496, -0.2895 -1.2724 2.15, -0.2895 -1.2724 2.1496, -0.2896 -1.2862 2.15, -0.2896 -1.2862 2.1496, -0.2466 -1.2865 2.15, -0.2466 -1.2865 2.1496, -0.2469 -1.3249 2.15, -0.2469 -1.3249 2.1496, -0.2933 -1.3246 2.15, -0.2933 -1.3246 2.1496, -0.2934 -1.3384 2.15, -0.2934 -1.3384 2.1496, -0.2315 -1.3389 2.15, -0.2315 -1.3389 2.1496, -0.2307 -1.2188 2.15, -0.2307 -1.2188 2.1496, -0.3734 -1.2353 2.15, -0.3816 -1.2238 2.15, -0.3777 -1.2373 2.15, -0.3866 -1.2263 2.15, -0.3817 -1.2397 2.15, -0.3913 -1.2293 2.15, -0.3853 -1.2425 2.15, -0.3957 -1.2327 2.15, -0.3868 -1.2439 2.15, -0.3977 -1.2344 2.15, -0.3898 -1.2472 2.15, -0.4016 -1.2383 2.15, -0.3925 -1.2508 2.15, -0.405 -1.2425 2.15, -0.3947 -1.2547 2.15, -0.4079 -1.2469 2.15, -0.3966 -1.259 2.15, -0.3989 -1.2903 2.15, -0.414 -1.2966 2.15, -0.3977 -1.2953 2.15, -0.4124 -1.3016 2.15, -0.3962 -1.2998 2.15, -0.4103 -1.3064 2.15, -0.3942 -1.3038 2.15, -0.4077 -1.3108 2.15, -0.3918 -1.3074 2.15, -0.4048 -1.315 2.15, -0.4013 -1.3189 2.15, -0.3891 -1.3106 2.15, -0.3983 -1.3218 2.15, -0.3869 -1.3127 2.15, -0.3939 -1.3254 2.15, -0.3832 -1.3155 2.15, -0.3892 -1.3285 2.15, -0.3792 -1.318 2.15, -0.3843 -1.3312 2.15, -0.3749 -1.3201 2.15, -0.3791 -1.3335 2.15, -0.3702 -1.3217 2.15, -0.3736 -1.3353 2.15, -0.3651 -1.323 2.15, -0.3678 -1.3366 2.15, -0.3596 -1.3238 2.15, -0.3617 -1.3375 2.15, -0.3538 -1.3242 2.15, -0.3552 -1.338 2.15, -0.3523 -1.3242 2.15, -0.3531 -1.338 2.15, -0.3342 -1.3243 2.15, -0.3188 -1.3383 2.15, -0.3335 -1.2317 2.15, -0.3179 -1.2182 2.15, -0.351 -1.2316 2.15, -0.351 -1.2179 2.15, -0.3573 -1.2318 2.15, -0.3579 -1.2181 2.15, -0.3632 -1.2325 2.15, -0.3644 -1.2188 2.15, -0.3685 -1.2337 2.15, -0.3705 -1.22 2.15, -0.3762 -1.2217 2.15, -0.4104 -1.2516 2.15, -0.4124 -1.2565 2.15, -0.398 -1.2636 2.15, -0.414 -1.2618 2.15, -0.3991 -1.2687 2.15, -0.4152 -1.2674 2.15, -0.3997 -1.2742 2.15, -0.4159 -1.2733 2.15, -0.3999 -1.2787 2.15, -0.4162 -1.279 2.15, -0.3996 -1.2848 2.15, -0.4159 -1.2852 2.15, -0.4152 -1.2911 2.15, -0.3832 -1.3155 2.1496, -0.3939 -1.3254 2.1496, -0.3869 -1.3127 2.1496, -0.3983 -1.3218 2.1496, -0.3891 -1.3106 2.1496, -0.4013 -1.3189 2.1496, -0.3918 -1.3074 2.1496, -0.4048 -1.315 2.1496, -0.3942 -1.3038 2.1496, -0.4077 -1.3108 2.1496, -0.3962 -1.2998 2.1496, -0.4103 -1.3064 2.1496, -0.3977 -1.2953 2.1496, -0.398 -1.2636 2.1496, -0.4124 -1.2565 2.1496, -0.3966 -1.259 2.1496, -0.4104 -1.2516 2.1496, -0.3947 -1.2547 2.1496, -0.4079 -1.2469 2.1496, -0.3925 -1.2508 2.1496, -0.405 -1.2425 2.1496, -0.3898 -1.2472 2.1496, -0.4016 -1.2383 2.1496, -0.3868 -1.2439 2.1496, -0.3977 -1.2344 2.1496, -0.3853 -1.2425 2.1496, -0.3957 -1.2327 2.1496, -0.3817 -1.2397 2.1496, -0.3913 -1.2293 2.1496, -0.3777 -1.2373 2.1496, -0.4124 -1.3016 2.1496, -0.414 -1.2966 2.1496, -0.3989 -1.2903 2.1496, -0.4152 -1.2911 2.1496, -0.3996 -1.2848 2.1496, -0.4159 -1.2852 2.1496, -0.3999 -1.2787 2.1496, -0.4162 -1.279 2.1496, -0.3997 -1.2742 2.1496, -0.4159 -1.2733 2.1496, -0.3991 -1.2687 2.1496, -0.4152 -1.2674 2.1496, -0.414 -1.2618 2.1496, -0.3866 -1.2263 2.1496, -0.3816 -1.2238 2.1496, -0.3734 -1.2353 2.1496, -0.3762 -1.2217 2.1496, -0.3685 -1.2337 2.1496, -0.3705 -1.22 2.1496, -0.3632 -1.2325 2.1496, -0.3644 -1.2188 2.1496, -0.3573 -1.2318 2.1496, -0.3579 -1.2181 2.1496, -0.351 -1.2316 2.1496, -0.351 -1.2179 2.1496, -0.3335 -1.2317 2.1496, -0.3179 -1.2182 2.1496, -0.3342 -1.3243 2.1496, -0.3188 -1.3383 2.1496, -0.3523 -1.3242 2.1496, -0.3531 -1.338 2.1496, -0.3538 -1.3242 2.1496, -0.3552 -1.338 2.1496, -0.3596 -1.3238 2.1496, -0.3617 -1.3375 2.1496, -0.3651 -1.323 2.1496, -0.3678 -1.3366 2.1496, -0.3702 -1.3217 2.1496, -0.3736 -1.3353 2.1496, -0.3749 -1.3201 2.1496, -0.3791 -1.3335 2.1496, -0.3792 -1.318 2.1496, -0.3843 -1.3312 2.1496, -0.3892 -1.3285 2.1496, -0.4563 -1.2636 2.15, -0.4513 -1.2501 2.15, -0.4966 -1.2633 2.15, -0.5013 -1.2497 2.15, -0.4746 -1.3134 2.15, -0.469 -1.3372 2.15, -0.4224 -1.2174 2.15, -0.4395 -1.2173 2.15, -0.4757 -1.317 2.15, -0.4766 -1.3218 2.15, -0.4856 -1.3371 2.15, -0.477 -1.3218 2.15, -0.4779 -1.3167 2.15, -0.4788 -1.3134 2.15, -0.5304 -1.2166 2.15, -0.5133 -1.2168 2.15, -0.4513 -1.2501 2.1496, -0.4563 -1.2636 2.1496, -0.5013 -1.2497 2.1496, -0.4966 -1.2633 2.1496, -0.4788 -1.3134 2.1496, -0.4856 -1.3371 2.1496, -0.5304 -1.2166 2.1496, -0.5133 -1.2168 2.1496, -0.4779 -1.3167 2.1496, -0.477 -1.3218 2.1496, -0.469 -1.3372 2.1496, -0.4766 -1.3218 2.1496, -0.4757 -1.317 2.1496, -0.4746 -1.3134 2.1496, -0.4224 -1.2174 2.1496, -0.4395 -1.2173 2.1496, -0.1118 -1.0428 2.15, -0.1117 -1.0291 2.15, -0.1118 -1.0428 2.1496, -0.1117 -1.0291 2.1496, -0.0627 -1.0431 2.15, -0.0627 -1.0431 2.1496, -0.063 -1.0835 2.15, -0.063 -1.0835 2.1496, -0.1059 -1.0832 2.15, -0.1059 -1.0832 2.1496, -0.106 -1.097 2.15, -0.106 -1.097 2.1496, -0.0631 -1.0973 2.15, -0.0631 -1.0973 2.1496, -0.0634 -1.1357 2.15, -0.0634 -1.1357 2.1496, -0.1097 -1.1354 2.15, -0.1097 -1.1354 2.1496, -0.1098 -1.1492 2.15, -0.1098 -1.1492 2.1496, -0.0479 -1.1496 2.15, -0.0479 -1.1496 2.1496, -0.0471 -1.0295 2.15, -0.0471 -1.0295 2.1496, -0.169 -1.1035 2.15, -0.1714 -1.1026 2.15, -0.1776 -1.1145 2.15, -0.136 -1.073 2.15, -0.1336 -1.071 2.15, -0.1456 -1.0639 2.15, -0.1442 -1.0623 2.15, -0.1388 -1.0748 2.15, -0.1473 -1.0652 2.15, -0.142 -1.0764 2.15, -0.1806 -1.1133 2.15, -0.1734 -1.1014 2.15, -0.1833 -1.1119 2.15, -0.1751 -1.1 2.15, -0.1857 -1.1102 2.15, -0.1332 -1.0706 2.15, -0.1312 -1.0684 2.15, -0.1431 -1.0604 2.15, -0.1296 -1.0659 2.15, -0.1422 -1.0583 2.15, -0.1458 -1.0778 2.15, -0.1494 -1.0663 2.15, -0.1501 -1.0789 2.15, -0.1521 -1.0674 2.15, -0.1549 -1.0797 2.15, -0.1443 -1.0446 2.15, -0.1431 -1.0464 2.15, -0.1305 -1.0371 2.15, -0.1417 -1.0506 2.15, -0.1269 -1.0451 2.15, -0.1422 -1.0484 2.15, -0.1278 -1.0422 2.15, -0.129 -1.0395 2.15, -0.1802 -1.0626 2.15, -0.1799 -1.0594 2.15, -0.1954 -1.0837 2.15, -0.1878 -1.1082 2.15, -0.1766 -1.0983 2.15, -0.1897 -1.1059 2.15, -0.1778 -1.0962 2.15, -0.1913 -1.1033 2.15, -0.1283 -1.0633 2.15, -0.1274 -1.0604 2.15, -0.1417 -1.0559 2.15, -0.1267 -1.0573 2.15, -0.1415 -1.0531 2.15, -0.1263 -1.0538 2.15, -0.1263 -1.0519 2.15, -0.1264 -1.0484 2.15, -0.18 -1.0286 2.15, -0.195 -1.0285 2.15, -0.1801 -1.0419 2.15, -0.1793 -1.0563 2.15, -0.1928 -1.1003 2.15, -0.1789 -1.0939 2.15, -0.1939 -1.0968 2.15, -0.1796 -1.0911 2.15, -0.1947 -1.0929 2.15, -0.1803 -1.0716 2.15, -0.1804 -1.0831 2.15, -0.1602 -1.0691 2.15, -0.1555 -1.0683 2.15, -0.1458 -1.043 2.15, -0.1384 -1.0302 2.15, -0.1476 -1.0416 2.15, -0.1412 -1.0289 2.15, -0.1497 -1.0405 2.15, -0.1442 -1.0279 2.15, -0.152 -1.0397 2.15, -0.1323 -1.0348 2.15, -0.1335 -1.0336 2.15, -0.1358 -1.0318 2.15, -0.1953 -1.0885 2.15, -0.1801 -1.0879 2.15, -0.1804 -1.0842 2.15, -0.1802 -1.0634 2.15, -0.1743 -1.1154 2.15, -0.1706 -1.1161 2.15, -0.1662 -1.104 2.15, -0.1665 -1.1164 2.15, -0.1631 -1.1042 2.15, -0.1646 -1.1164 2.15, -0.1616 -1.1042 2.15, -0.1596 -1.1163 2.15, -0.1576 -1.1039 2.15, -0.1547 -1.1158 2.15, -0.1537 -1.1033 2.15, -0.1501 -1.1149 2.15, -0.1498 -1.1022 2.15, -0.1458 -1.1137 2.15, -0.146 -1.1008 2.15, -0.1416 -1.1121 2.15, -0.1423 -1.099 2.15, -0.1377 -1.1102 2.15, -0.1386 -1.0967 2.15, -0.135 -1.1087 2.15, -0.1349 -1.0941 2.15, -0.1784 -1.0534 2.15, -0.1772 -1.0508 2.15, -0.1797 -1.0419 2.15, -0.1756 -1.0483 2.15, -0.1789 -1.0406 2.15, -0.1604 -1.0392 2.15, -0.1638 -1.0283 2.15, -0.1633 -1.0398 2.15, -0.1668 -1.0295 2.15, -0.1661 -1.0406 2.15, -0.1695 -1.0311 2.15, -0.1686 -1.0419 2.15, -0.1721 -1.0329 2.15, -0.1746 -1.0351 2.15, -0.1709 -1.0434 2.15, -0.1768 -1.0377 2.15, -0.173 -1.0453 2.15, -0.1736 -1.046 2.15, -0.1475 -1.0272 2.15, -0.1512 -1.0268 2.15, -0.1545 -1.0392 2.15, -0.1533 -1.0268 2.15, -0.1573 -1.0391 2.15, -0.157 -1.0269 2.15, -0.1605 -1.0274 2.15, -0.1386 -1.0967 2.1496, -0.1349 -1.0941 2.1496, -0.135 -1.1087 2.1496, -0.1734 -1.1014 2.1496, -0.1833 -1.1119 2.1496, -0.1751 -1.1 2.1496, -0.1857 -1.1102 2.1496, -0.1766 -1.0983 2.1496, -0.1793 -1.0563 2.1496, -0.1799 -1.0594 2.1496, -0.1954 -1.0837 2.1496, -0.1443 -1.0446 2.1496, -0.1305 -1.0371 2.1496, -0.1431 -1.0464 2.1496, -0.129 -1.0395 2.1496, -0.1422 -1.0484 2.1496, -0.1878 -1.1082 2.1496, -0.1897 -1.1059 2.1496, -0.1778 -1.0962 2.1496, -0.1913 -1.1033 2.1496, -0.1789 -1.0939 2.1496, -0.1662 -1.104 2.1496, -0.1706 -1.1161 2.1496, -0.169 -1.1035 2.1496, -0.1743 -1.1154 2.1496, -0.1714 -1.1026 2.1496, -0.1776 -1.1145 2.1496, -0.1806 -1.1133 2.1496, -0.1784 -1.0534 2.1496, -0.1801 -1.0419 2.1496, -0.18 -1.0286 2.1496, -0.195 -1.0285 2.1496, -0.1456 -1.0639 2.1496, -0.1388 -1.0748 2.1496, -0.1473 -1.0652 2.1496, -0.142 -1.0764 2.1496, -0.1494 -1.0663 2.1496, -0.1458 -1.0778 2.1496, -0.1521 -1.0674 2.1496, -0.1501 -1.0789 2.1496, -0.1555 -1.0683 2.1496, -0.1549 -1.0797 2.1496, -0.1442 -1.0623 2.1496, -0.1336 -1.071 2.1496, -0.136 -1.073 2.1496, -0.1458 -1.043 2.1496, -0.1335 -1.0336 2.1496, -0.1323 -1.0348 2.1496, -0.1476 -1.0416 2.1496, -0.1384 -1.0302 2.1496, -0.1358 -1.0318 2.1496, -0.1803 -1.0716 2.1496, -0.1953 -1.0885 2.1496, -0.1802 -1.0634 2.1496, -0.1802 -1.0626 2.1496, -0.1431 -1.0604 2.1496, -0.1312 -1.0684 2.1496, -0.1332 -1.0706 2.1496, -0.1928 -1.1003 2.1496, -0.1939 -1.0968 2.1496, -0.1796 -1.0911 2.1496, -0.1947 -1.0929 2.1496, -0.1801 -1.0879 2.1496, -0.1804 -1.0842 2.1496, -0.1278 -1.0422 2.1496, -0.1269 -1.0451 2.1496, -0.1417 -1.0506 2.1496, -0.1804 -1.0831 2.1496, -0.1602 -1.0691 2.1496, -0.1423 -1.099 2.1496, -0.1377 -1.1102 2.1496, -0.146 -1.1008 2.1496, -0.1416 -1.1121 2.1496, -0.1498 -1.1022 2.1496, -0.1458 -1.1137 2.1496, -0.1537 -1.1033 2.1496, -0.1501 -1.1149 2.1496, -0.1576 -1.1039 2.1496, -0.1547 -1.1158 2.1496, -0.1616 -1.1042 2.1496, -0.1596 -1.1163 2.1496, -0.1631 -1.1042 2.1496, -0.1646 -1.1164 2.1496, -0.1665 -1.1164 2.1496, -0.1417 -1.0559 2.1496, -0.1274 -1.0604 2.1496, -0.1422 -1.0583 2.1496, -0.1283 -1.0633 2.1496, -0.1296 -1.0659 2.1496, -0.1264 -1.0484 2.1496, -0.1263 -1.0519 2.1496, -0.1415 -1.0531 2.1496, -0.1263 -1.0538 2.1496, -0.1267 -1.0573 2.1496, -0.1789 -1.0406 2.1496, -0.1768 -1.0377 2.1496, -0.1709 -1.0434 2.1496, -0.1746 -1.0351 2.1496, -0.1686 -1.0419 2.1496, -0.1721 -1.0329 2.1496, -0.1661 -1.0406 2.1496, -0.1695 -1.0311 2.1496, -0.1633 -1.0398 2.1496, -0.1545 -1.0392 2.1496, -0.1512 -1.0268 2.1496, -0.152 -1.0397 2.1496, -0.1475 -1.0272 2.1496, -0.1497 -1.0405 2.1496, -0.1442 -1.0279 2.1496, -0.1412 -1.0289 2.1496, -0.1668 -1.0295 2.1496, -0.1638 -1.0283 2.1496, -0.1604 -1.0392 2.1496, -0.1605 -1.0274 2.1496, -0.1573 -1.0391 2.1496, -0.157 -1.0269 2.1496, -0.1533 -1.0268 2.1496, -0.173 -1.0453 2.1496, -0.1736 -1.046 2.1496, -0.1797 -1.0419 2.1496, -0.1756 -1.0483 2.1496, -0.1772 -1.0508 2.1496, -0.2402 -1.0384 2.15, -0.2402 -1.0384 2.1496, -0.2364 -1.0386 2.1496, -0.2364 -1.0386 2.15, -0.2326 -1.0392 2.1496, -0.2326 -1.0392 2.15, -0.229 -1.0401 2.1496, -0.229 -1.0401 2.15, -0.2254 -1.0413 2.1496, -0.2254 -1.0413 2.15, -0.2219 -1.043 2.1496, -0.2219 -1.043 2.15, -0.2184 -1.0449 2.1496, -0.2184 -1.0449 2.15, -0.2155 -1.0469 2.1496, -0.2155 -1.0469 2.15, -0.2154 -1.0313 2.15, -0.2154 -1.0313 2.1496, -0.219 -1.0297 2.1496, -0.219 -1.0297 2.15, -0.2228 -1.0284 2.1496, -0.2228 -1.0284 2.15, -0.2268 -1.0274 2.1496, -0.2268 -1.0274 2.15, -0.2311 -1.0266 2.1496, -0.2311 -1.0266 2.15, -0.2357 -1.0262 2.1496, -0.2357 -1.0262 2.15, -0.2387 -1.0261 2.1496, -0.2387 -1.0261 2.15, -0.2434 -1.0263 2.1496, -0.2434 -1.0263 2.15, -0.2479 -1.0268 2.1496, -0.2479 -1.0268 2.15, -0.252 -1.0276 2.1496, -0.252 -1.0276 2.15, -0.2557 -1.0287 2.1496, -0.2557 -1.0287 2.15, -0.259 -1.0301 2.1496, -0.259 -1.0301 2.15, -0.2621 -1.0317 2.1496, -0.2621 -1.0317 2.15, -0.2637 -1.0328 2.1496, -0.2637 -1.0328 2.15, -0.2661 -1.0347 2.1496, -0.2661 -1.0347 2.15, -0.2682 -1.0367 2.1496, -0.2682 -1.0367 2.15, -0.2699 -1.0389 2.1496, -0.2699 -1.0389 2.15, -0.2713 -1.0412 2.1496, -0.2713 -1.0412 2.15, -0.2723 -1.0437 2.1496, -0.2723 -1.0437 2.15, -0.273 -1.0464 2.1496, -0.273 -1.0464 2.15, -0.2734 -1.0492 2.1496, -0.2734 -1.0492 2.15, -0.2735 -1.0513 2.1496, -0.2735 -1.0513 2.15, -0.2733 -1.0543 2.1496, -0.2733 -1.0543 2.15, -0.2728 -1.0572 2.1496, -0.2728 -1.0572 2.15, -0.272 -1.0598 2.1496, -0.272 -1.0598 2.15, -0.2709 -1.0622 2.1496, -0.2709 -1.0622 2.15, -0.2694 -1.0644 2.1496, -0.2694 -1.0644 2.15, -0.2686 -1.0655 2.1496, -0.2686 -1.0655 2.15, -0.2667 -1.0673 2.1496, -0.2667 -1.0673 2.15, -0.2643 -1.0692 2.1496, -0.2643 -1.0692 2.15, -0.2612 -1.0712 2.1496, -0.2612 -1.0712 2.15, -0.2573 -1.0733 2.1496, -0.2573 -1.0733 2.15, -0.2525 -1.0754 2.1496, -0.2525 -1.0754 2.15, -0.2492 -1.0767 2.1496, -0.2492 -1.0767 2.15, -0.2427 -1.0795 2.1496, -0.2427 -1.0795 2.15, -0.2387 -1.0815 2.1496, -0.2387 -1.0815 2.15, -0.2361 -1.0831 2.1496, -0.2361 -1.0831 2.15, -0.2347 -1.0842 2.1496, -0.2347 -1.0842 2.15, -0.2334 -1.0855 2.1496, -0.2334 -1.0855 2.15, -0.2325 -1.0871 2.1496, -0.2325 -1.0871 2.15, -0.2318 -1.0888 2.1496, -0.2318 -1.0888 2.15, -0.2315 -1.0908 2.1496, -0.2315 -1.0908 2.15, -0.2314 -1.0922 2.1496, -0.2314 -1.0922 2.15, -0.2316 -1.0941 2.1496, -0.2316 -1.0941 2.15, -0.2322 -1.0959 2.1496, -0.2322 -1.0959 2.15, -0.233 -1.0975 2.1496, -0.233 -1.0975 2.15, -0.2342 -1.099 2.1496, -0.2342 -1.099 2.15, -0.2357 -1.1002 2.1496, -0.2357 -1.1002 2.15, -0.2361 -1.1005 2.1496, -0.2361 -1.1005 2.15, -0.2381 -1.1017 2.1496, -0.2381 -1.1017 2.15, -0.2403 -1.1026 2.1496, -0.2403 -1.1026 2.15, -0.2428 -1.1032 2.1496, -0.2428 -1.1032 2.15, -0.2456 -1.1036 2.1496, -0.2456 -1.1036 2.15, -0.248 -1.1036 2.1496, -0.248 -1.1036 2.15, -0.252 -1.1034 2.1496, -0.252 -1.1034 2.15, -0.2558 -1.1029 2.1496, -0.2558 -1.1029 2.15, -0.2595 -1.102 2.1496, -0.2595 -1.102 2.15, -0.263 -1.1008 2.1496, -0.263 -1.1008 2.15, -0.2664 -1.0992 2.1496, -0.2664 -1.0992 2.15, -0.2697 -1.0973 2.1496, -0.2697 -1.0973 2.15, -0.2698 -1.1119 2.15, -0.2698 -1.1119 2.1496, -0.2659 -1.1133 2.1496, -0.2659 -1.1133 2.15, -0.2619 -1.1144 2.1496, -0.2619 -1.1144 2.15, -0.2577 -1.1152 2.1496, -0.2577 -1.1152 2.15, -0.2533 -1.1157 2.1496, -0.2533 -1.1157 2.15, -0.2495 -1.1158 2.1496, -0.2495 -1.1158 2.15, -0.2451 -1.1157 2.1496, -0.2451 -1.1157 2.15, -0.2409 -1.1152 2.1496, -0.2409 -1.1152 2.15, -0.2371 -1.1144 2.1496, -0.2371 -1.1144 2.15, -0.2335 -1.1133 2.1496, -0.2335 -1.1133 2.15, -0.2302 -1.1118 2.1496, -0.2302 -1.1118 2.15, -0.2271 -1.1101 2.1496, -0.2271 -1.1101 2.15, -0.2257 -1.1092 2.1496, -0.2257 -1.1092 2.15, -0.2232 -1.1072 2.1496, -0.2232 -1.1072 2.15, -0.2211 -1.1051 2.1496, -0.2211 -1.1051 2.15, -0.2194 -1.1028 2.1496, -0.2194 -1.1028 2.15, -0.218 -1.1005 2.1496, -0.218 -1.1005 2.15, -0.217 -1.098 2.1496, -0.217 -1.098 2.15, -0.2164 -1.0953 2.1496, -0.2164 -1.0953 2.15, -0.216 -1.0925 2.1496, -0.216 -1.0925 2.15, -0.2159 -1.091 2.1496, -0.2159 -1.091 2.15, -0.2161 -1.0878 2.1496, -0.2161 -1.0878 2.15, -0.2166 -1.0849 2.1496, -0.2166 -1.0849 2.15, -0.2174 -1.0822 2.1496, -0.2174 -1.0822 2.15, -0.2186 -1.0798 2.1496, -0.2186 -1.0798 2.15, -0.2199 -1.0776 2.1496, -0.2199 -1.0776 2.15, -0.2201 -1.0774 2.1496, -0.2201 -1.0774 2.15, -0.2216 -1.0756 2.1496, -0.2216 -1.0756 2.15, -0.2236 -1.0739 2.1496, -0.2236 -1.0739 2.15, -0.2263 -1.072 2.1496, -0.2263 -1.072 2.15, -0.2299 -1.0699 2.1496, -0.2299 -1.0699 2.15, -0.2343 -1.0677 2.1496, -0.2343 -1.0677 2.15, -0.2385 -1.0659 2.1496, -0.2385 -1.0659 2.15, -0.2451 -1.0632 2.1496, -0.2451 -1.0632 2.15, -0.2494 -1.0611 2.1496, -0.2494 -1.0611 2.15, -0.2524 -1.0594 2.1496, -0.2524 -1.0594 2.15, -0.2542 -1.0581 2.1496, -0.2542 -1.0581 2.15, -0.2557 -1.0566 2.1496, -0.2557 -1.0566 2.15, -0.2568 -1.055 2.1496, -0.2568 -1.055 2.15, -0.2576 -1.0533 2.1496, -0.2576 -1.0533 2.15, -0.258 -1.0514 2.1496, -0.258 -1.0514 2.15, -0.258 -1.0499 2.1496, -0.258 -1.0499 2.15, -0.2579 -1.0477 2.1496, -0.2579 -1.0477 2.15, -0.2573 -1.0458 2.1496, -0.2573 -1.0458 2.15, -0.2565 -1.0441 2.1496, -0.2565 -1.0441 2.15, -0.2554 -1.0427 2.1496, -0.2554 -1.0427 2.15, -0.254 -1.0415 2.1496, -0.254 -1.0415 2.15, -0.2522 -1.0405 2.1496, -0.2522 -1.0405 2.15, -0.2501 -1.0396 2.1496, -0.2501 -1.0396 2.15, -0.2475 -1.039 2.1496, -0.2475 -1.039 2.15, -0.2443 -1.0386 2.1496, -0.2443 -1.0386 2.15, -0.3485 -1.1132 2.15, -0.3641 -1.1131 2.15, -0.3485 -1.1132 2.1496, -0.3641 -1.1131 2.1496, -0.3246 -1.0487 2.15, -0.3246 -1.0487 2.1496, -0.3234 -1.0448 2.1496, -0.3234 -1.0448 2.15, -0.3227 -1.0418 2.1496, -0.3227 -1.0418 2.15, -0.3223 -1.0418 2.15, -0.3223 -1.0418 2.1496, -0.3205 -1.0489 2.15, -0.3205 -1.0489 2.1496, -0.2986 -1.1135 2.15, -0.2986 -1.1135 2.1496, -0.2818 -1.1137 2.15, -0.2818 -1.1137 2.1496, -0.3148 -1.0278 2.15, -0.3148 -1.0278 2.1496, -0.3081 -1.0123 2.15, -0.3081 -1.0123 2.1496, -0.3063 -1.0087 2.1496, -0.3063 -1.0087 2.15, -0.3045 -1.0061 2.1496, -0.3045 -1.0061 2.15, -0.3024 -1.0038 2.1496, -0.3024 -1.0038 2.15, -0.3002 -1.0022 2.1496, -0.3002 -1.0022 2.15, -0.2978 -1.0011 2.1496, -0.2978 -1.0011 2.15, -0.2952 -1.0005 2.1496, -0.2952 -1.0005 2.15, -0.2926 -1.0003 2.1496, -0.2926 -1.0003 2.15, -0.2894 -1.0006 2.1496, -0.2894 -1.0006 2.15, -0.286 -1.0014 2.1496, -0.286 -1.0014 2.15, -0.2841 -1.0021 2.1496, -0.2841 -1.0021 2.15, -0.284 -0.9887 2.15, -0.284 -0.9887 2.1496, -0.2875 -0.9879 2.1496, -0.2875 -0.9879 2.15, -0.2917 -0.9874 2.1496, -0.2917 -0.9874 2.15, -0.2937 -0.9874 2.1496, -0.2937 -0.9874 2.15, -0.2974 -0.9876 2.1496, -0.2974 -0.9876 2.15, -0.3009 -0.9883 2.1496, -0.3009 -0.9883 2.15, -0.3042 -0.9895 2.1496, -0.3042 -0.9895 2.15, -0.3073 -0.9912 2.1496, -0.3073 -0.9912 2.15, -0.3104 -0.9934 2.1496, -0.3104 -0.9934 2.15, -0.3133 -0.9961 2.1496, -0.3133 -0.9961 2.15, -0.3162 -0.9995 2.1496, -0.3162 -0.9995 2.15, -0.3189 -1.0034 2.1496, -0.3189 -1.0034 2.15, -0.3216 -1.0082 2.1496, -0.3216 -1.0082 2.15, -0.3241 -1.0137 2.1496, -0.3241 -1.0137 2.15, -0.3245 -1.0146 2.1496, -0.3245 -1.0146 2.15, -0.4444 -1.0404 2.15, -0.4443 -1.0267 2.15, -0.4444 -1.0404 2.1496, -0.4443 -1.0267 2.1496, -0.3953 -1.0408 2.15, -0.3953 -1.0408 2.1496, -0.3956 -1.0812 2.15, -0.3956 -1.0812 2.1496, -0.4385 -1.0809 2.15, -0.4385 -1.0809 2.1496, -0.4386 -1.0946 2.15, -0.4386 -1.0946 2.1496, -0.3957 -1.0949 2.15, -0.3957 -1.0949 2.1496, -0.396 -1.1334 2.15, -0.396 -1.1334 2.1496, -0.4423 -1.133 2.15, -0.4423 -1.133 2.1496, -0.4424 -1.1468 2.15, -0.4424 -1.1468 2.1496, -0.3806 -1.1473 2.15, -0.3806 -1.1473 2.1496, -0.3797 -1.0272 2.15, -0.3797 -1.0272 2.1496, -0.5224 -1.0437 2.15, -0.5306 -1.0322 2.15, -0.5268 -1.0457 2.15, -0.5357 -1.0347 2.15, -0.5307 -1.0481 2.15, -0.5404 -1.0377 2.15, -0.5343 -1.0509 2.15, -0.5448 -1.0411 2.15, -0.5358 -1.0523 2.15, -0.5468 -1.0428 2.15, -0.5389 -1.0556 2.15, -0.5506 -1.0467 2.15, -0.5415 -1.0592 2.15, -0.5541 -1.0509 2.15, -0.5438 -1.0631 2.15, -0.557 -1.0553 2.15, -0.5456 -1.0674 2.15, -0.548 -1.0987 2.15, -0.5631 -1.105 2.15, -0.5468 -1.1037 2.15, -0.5614 -1.11 2.15, -0.5452 -1.1082 2.15, -0.5593 -1.1148 2.15, -0.5432 -1.1122 2.15, -0.5568 -1.1192 2.15, -0.5409 -1.1158 2.15, -0.5538 -1.1234 2.15, -0.5504 -1.1273 2.15, -0.5381 -1.119 2.15, -0.5474 -1.1302 2.15, -0.536 -1.1211 2.15, -0.543 -1.1338 2.15, -0.5323 -1.1239 2.15, -0.5383 -1.1369 2.15, -0.5283 -1.1264 2.15, -0.5333 -1.1396 2.15, -0.5239 -1.1285 2.15, -0.5282 -1.1419 2.15, -0.5192 -1.1301 2.15, -0.5227 -1.1437 2.15, -0.5142 -1.1314 2.15, -0.5169 -1.145 2.15, -0.5087 -1.1322 2.15, -0.5107 -1.1459 2.15, -0.5028 -1.1326 2.15, -0.5042 -1.1464 2.15, -0.5014 -1.1326 2.15, -0.5021 -1.1464 2.15, -0.4832 -1.1327 2.15, -0.4678 -1.1467 2.15, -0.4826 -1.0401 2.15, -0.467 -1.0266 2.15, -0.5 -1.04 2.15, -0.5 -1.0263 2.15, -0.5064 -1.0402 2.15, -0.5069 -1.0265 2.15, -0.5122 -1.0409 2.15, -0.5135 -1.0272 2.15, -0.5176 -1.0421 2.15, -0.5196 -1.0284 2.15, -0.5253 -1.0301 2.15, -0.5595 -1.06 2.15, -0.5615 -1.0649 2.15, -0.5471 -1.072 2.15, -0.5631 -1.0702 2.15, -0.5481 -1.0771 2.15, -0.5643 -1.0758 2.15, -0.5487 -1.0826 2.15, -0.565 -1.0817 2.15, -0.5489 -1.0871 2.15, -0.5652 -1.0874 2.15, -0.5487 -1.0932 2.15, -0.565 -1.0936 2.15, -0.5643 -1.0995 2.15, -0.5323 -1.1239 2.1496, -0.543 -1.1338 2.1496, -0.536 -1.1211 2.1496, -0.5474 -1.1302 2.1496, -0.5381 -1.119 2.1496, -0.5504 -1.1273 2.1496, -0.5409 -1.1158 2.1496, -0.5538 -1.1234 2.1496, -0.5432 -1.1122 2.1496, -0.5568 -1.1192 2.1496, -0.5452 -1.1082 2.1496, -0.5593 -1.1148 2.1496, -0.5468 -1.1037 2.1496, -0.5471 -1.072 2.1496, -0.5615 -1.0649 2.1496, -0.5456 -1.0674 2.1496, -0.5595 -1.06 2.1496, -0.5438 -1.0631 2.1496, -0.557 -1.0553 2.1496, -0.5415 -1.0592 2.1496, -0.5541 -1.0509 2.1496, -0.5389 -1.0556 2.1496, -0.5506 -1.0467 2.1496, -0.5358 -1.0523 2.1496, -0.5468 -1.0428 2.1496, -0.5343 -1.0509 2.1496, -0.5448 -1.0411 2.1496, -0.5307 -1.0481 2.1496, -0.5404 -1.0377 2.1496, -0.5268 -1.0457 2.1496, -0.5614 -1.11 2.1496, -0.5631 -1.105 2.1496, -0.548 -1.0987 2.1496, -0.5643 -1.0995 2.1496, -0.5487 -1.0932 2.1496, -0.565 -1.0936 2.1496, -0.5489 -1.0871 2.1496, -0.5652 -1.0874 2.1496, -0.5487 -1.0826 2.1496, -0.565 -1.0817 2.1496, -0.5481 -1.0771 2.1496, -0.5643 -1.0758 2.1496, -0.5631 -1.0702 2.1496, -0.5357 -1.0347 2.1496, -0.5306 -1.0322 2.1496, -0.5224 -1.0437 2.1496, -0.5253 -1.0301 2.1496, -0.5176 -1.0421 2.1496, -0.5196 -1.0284 2.1496, -0.5122 -1.0409 2.1496, -0.5135 -1.0272 2.1496, -0.5064 -1.0402 2.1496, -0.5069 -1.0265 2.1496, -0.5 -1.04 2.1496, -0.5 -1.0263 2.1496, -0.4826 -1.0401 2.1496, -0.467 -1.0266 2.1496, -0.4832 -1.1327 2.1496, -0.4678 -1.1467 2.1496, -0.5014 -1.1326 2.1496, -0.5021 -1.1464 2.1496, -0.5028 -1.1326 2.1496, -0.5042 -1.1464 2.1496, -0.5087 -1.1322 2.1496, -0.5107 -1.1459 2.1496, -0.5142 -1.1314 2.1496, -0.5169 -1.145 2.1496, -0.5192 -1.1301 2.1496, -0.5227 -1.1437 2.1496, -0.5239 -1.1285 2.1496, -0.5282 -1.1419 2.1496, -0.5283 -1.1264 2.1496, -0.5333 -1.1396 2.1496, -0.5383 -1.1369 2.1496, -0.6053 -1.072 2.15, -0.6003 -1.0585 2.15, -0.6457 -1.0717 2.15, -0.6504 -1.0581 2.15, -0.6237 -1.1218 2.15, -0.618 -1.1456 2.15, -0.5714 -1.0258 2.15, -0.5886 -1.0257 2.15, -0.6247 -1.1254 2.15, -0.6257 -1.1302 2.15, -0.6346 -1.1455 2.15, -0.6261 -1.1302 2.15, -0.627 -1.1251 2.15, -0.6279 -1.1218 2.15, -0.6795 -1.025 2.15, -0.6624 -1.0252 2.15, -0.6003 -1.0585 2.1496, -0.6053 -1.072 2.1496, -0.6504 -1.0581 2.1496, -0.6457 -1.0717 2.1496, -0.6279 -1.1218 2.1496, -0.6346 -1.1455 2.1496, -0.6795 -1.025 2.1496, -0.6624 -1.0252 2.1496, -0.627 -1.1251 2.1496, -0.6261 -1.1302 2.1496, -0.618 -1.1456 2.1496, -0.6257 -1.1302 2.1496, -0.6247 -1.1254 2.1496, -0.6237 -1.1218 2.1496, -0.5714 -1.0258 2.1496, -0.5886 -1.0257 2.1496, 0.4163 -1.2458 2.15, 0.4101 -1.2424 2.15, 0.4362 -1.305 2.15, 0.4193 -1.0282 2.15, 0.4272 -1.0312 2.15, 0.4919 -1.0346 2.15, 0.4339 -1.036 2.15, 0.3598 -1.3056 2.15, 0.3452 -1.3133 2.15, 0.3715 -1.358 2.15, 0.1903 -1.2605 2.15, 0.1833 -1.2454 2.15, 0.1342 -1.2618 2.15, 0.1786 -1.2295 2.15, 0.1763 -1.216 2.15, 0.1449 -1.0874 2.15, 0.1567 -1.0838 2.15, 0.1444 -1.033 2.15, 0.48 -1.2521 2.15, 0.4906 -1.3026 2.15, 0.5072 -1.2972 2.15, 0.2051 -1.1317 2.15, 0.2313 -1.1771 2.15, 0.3251 -1.0693 2.15, 0.3461 -1.1182 2.15, 0.3252 -1.0608 2.15, 0.3719 -0.9853 2.15, 0.3259 -1.0498 2.15, 0.3603 -0.9925 2.15, 0.3507 -1.0007 2.15, 0.4054 -1.0933 2.15, 0.3974 -1.0907 2.15, 0.3791 -1.1418 2.15, 0.493 -1.247 2.15, 0.5232 -1.2897 2.15, 0.5051 -1.2399 2.15, 0.5382 -1.2802 2.15, 0.5158 -1.2309 2.15, 0.4393 -1.0423 2.15, 0.4428 -1.0494 2.15, 0.5015 -1.0376 2.15, 0.4446 -1.0573 2.15, 0.5178 -1.0443 2.15, 0.533 -1.0529 2.15, 0.3807 -1.0735 2.15, 0.3785 -1.0657 2.15, 0.3783 -1.0574 2.15, 0.3801 -1.0492 2.15, 0.384 -1.0417 2.15, 0.1606 -1.0306 2.15, 0.1653 -1.0827 2.15, 0.2109 -1.0309 2.15, 0.2037 -1.083 2.15, 0.2152 -1.0316 2.15, 0.3533 -1.3654 2.15, 0.3297 -1.3189 2.15, 0.3346 -1.3707 2.15, 0.4906 -1.0919 2.15, 0.5029 -1.0988 2.15, 0.547 -1.0635 2.15, 0.5139 -1.1076 2.15, 0.5599 -1.0761 2.15, 0.5234 -1.118 2.15, 0.4734 -1.3058 2.15, 0.4663 -1.2549 2.15, 0.4558 -1.3068 2.15, 0.4553 -1.2556 2.15, 0.446 -1.3062 2.15, 0.442 -1.2544 2.15, 0.429 -1.2511 2.15, 0.3416 -1.0112 2.15, 0.3343 -1.0232 2.15, 0.329 -1.0362 2.15, 0.4035 -1.0282 2.15, 0.4117 -1.0272 2.15, 0.4112 -0.976 2.15, 0.106 -1.1681 2.15, 0.0606 -1.1957 2.15, 0.1106 -1.1796 2.15, 0.0682 -1.21 2.15, 0.1172 -1.19 2.15, 0.0779 -1.2235 2.15, 0.1256 -1.199 2.15, 0.0893 -1.2355 2.15, 0.1353 -1.2062 2.15, 0.54 -1.1554 2.15, 0.5909 -1.1348 2.15, 0.5364 -1.1419 2.15, 0.5855 -1.118 2.15, 0.5306 -1.129 2.15, 0.578 -1.1019 2.15, 0.5685 -1.0868 2.15, 0.3668 -1.1357 2.15, 0.3903 -1.0863 2.15, 0.3557 -1.1277 2.15, 0.129 -1.0375 2.15, 0.1142 -1.0441 2.15, 0.1339 -1.093 2.15, 0.1003 -1.0528 2.15, 0.1243 -1.1005 2.15, 0.0875 -1.0635 2.15, 0.1203 -1.1046 2.15, 0.0826 -1.0685 2.15, 0.1131 -1.1143 2.15, 0.389 -1.3484 2.15, 0.3983 -1.3423 2.15, 0.3731 -1.296 2.15, 0.4119 -1.3314 2.15, 0.3851 -1.2846 2.15, 0.4244 -1.319 2.15, 0.3953 -1.2717 2.15, 0.4037 -1.2577 2.15, 0.1415 -1.279 2.15, 0.1509 -1.2953 2.15, 0.1992 -1.2745 2.15, 0.1623 -1.311 2.15, 0.21 -1.2872 2.15, 0.4443 -1.0656 2.15, 0.442 -1.0737 2.15, 0.4867 -1.1006 2.15, 0.4378 -1.0809 2.15, 0.4112 -1.0939 2.15, 0.4235 -1.1466 2.15, 0.4192 -1.0929 2.15, 0.4365 -1.1435 2.15, 0.4267 -1.0901 2.15, 0.3925 -1.1458 2.15, 0.4055 -1.1475 2.15, 0.4099 -1.1476 2.15, 0.3895 -1.0355 2.15, 0.396 -1.031 2.15, 0.3844 -0.9801 2.15, 0.3975 -0.977 2.15, 0.1046 -1.1366 2.15, 0.0507 -1.1419 2.15, 0.1034 -1.1489 2.15, 0.0504 -1.1494 2.15, 0.1037 -1.1559 2.15, 0.0517 -1.1653 2.15, 0.0551 -1.1807 2.15, 0.0723 -1.0811 2.15, 0.0639 -1.0949 2.15, 0.1078 -1.1251 2.15, 0.0574 -1.1098 2.15, 0.053 -1.1255 2.15, 0.5314 -1.2099 2.15, 0.5837 -1.2236 2.15, 0.5368 -1.1975 2.15, 0.5896 -1.207 2.15, 0.5401 -1.1845 2.15, 0.5935 -1.1897 2.15, 0.5413 -1.1708 2.15, 0.595 -1.1731 2.15, 0.5413 -1.1683 2.15, 0.5951 -1.1694 2.15, 0.5941 -1.152 2.15, 0.3846 -1.0803 2.15, 0.4867 -1.0221 2.15, 0.4797 -1.0107 2.15, 0.4708 -1.0005 2.15, 0.4615 -0.9926 2.15, 0.4497 -0.9853 2.15, 0.2079 -1.0838 2.15, 0.229 -1.0402 2.15, 0.2265 -1.0376 2.15, 0.2956 -1.3748 2.15, 0.2951 -1.3236 2.15, 0.2896 -1.3747 2.15, 0.2789 -1.3224 2.15, 0.449 -1.1383 2.15, 0.4595 -1.132 2.15, 0.4335 -1.0855 2.15, 0.4701 -1.1231 2.15, 0.4793 -1.1125 2.15, 0.4367 -0.98 2.15, 0.423 -0.9769 2.15, 0.1695 -1.216 2.15, 0.1574 -1.2148 2.15, 0.1309 -1.2607 2.15, 0.146 -1.2115 2.15, 0.1167 -1.2546 2.15, 0.1023 -1.246 2.15, 0.2355 -1.0576 2.15, 0.2348 -1.0514 2.15, 0.2326 -1.0456 2.15, 0.2053 -1.0832 2.15, 0.2209 -1.0337 2.15, 0.3154 -1.3739 2.15, 0.3134 -1.3224 2.15, 0.2977 -1.3236 2.15, 0.5512 -1.2694 2.15, 0.5543 -1.2665 2.15, 0.5241 -1.2214 2.15, 0.5659 -1.2535 2.15, 0.5757 -1.2392 2.15, 0.2152 -1.0831 2.15, 0.2211 -1.0809 2.15, 0.2354 -1.0602 2.15, 0.2264 -1.0773 2.15, 0.2307 -1.0726 2.15, 0.2338 -1.0667 2.15, 0.2089 -1.0839 2.15, 0.1759 -1.3258 2.15, 0.1798 -1.3296 2.15, 0.2204 -1.2967 2.15, 0.1959 -1.3423 2.15, 0.2338 -1.3061 2.15, 0.2133 -1.3531 2.15, 0.2481 -1.3136 2.15, 0.2315 -1.3619 2.15, 0.2632 -1.319 2.15, 0.2505 -1.3684 2.15, 0.27 -1.3727 2.15, 0.2313 -1.1771 2.1496, 0.2051 -1.1317 2.1496, 0.3461 -1.1182 2.1496, 0.3251 -1.0693 2.1496, 0.5234 -1.118 2.1496, 0.5139 -1.1076 2.1496, 0.4919 -1.0346 2.1496, 0.5306 -1.129 2.1496, 0.384 -1.0417 2.1496, 0.3801 -1.0492 2.1496, 0.3719 -0.9853 2.1496, 0.3783 -1.0574 2.1496, 0.3791 -1.1418 2.1496, 0.3668 -1.1357 2.1496, 0.3507 -1.0007 2.1496, 0.3603 -0.9925 2.1496, 0.3259 -1.0498 2.1496, 0.3252 -1.0608 2.1496, 0.4615 -0.9926 2.1496, 0.4708 -1.0005 2.1496, 0.4906 -1.0919 2.1496, 0.4797 -1.0107 2.1496, 0.4037 -1.2577 2.1496, 0.4101 -1.2424 2.1496, 0.4362 -1.305 2.1496, 0.4163 -1.2458 2.1496, 0.493 -1.247 2.1496, 0.5072 -1.2972 2.1496, 0.48 -1.2521 2.1496, 0.4906 -1.3026 2.1496, 0.4663 -1.2549 2.1496, 0.4734 -1.3058 2.1496, 0.4553 -1.2556 2.1496, 0.3452 -1.3133 2.1496, 0.3598 -1.3056 2.1496, 0.389 -1.3484 2.1496, 0.3785 -1.0657 2.1496, 0.3807 -1.0735 2.1496, 0.3846 -1.0803 2.1496, 0.3557 -1.1277 2.1496, 0.4117 -1.0272 2.1496, 0.4035 -1.0282 2.1496, 0.3975 -0.977 2.1496, 0.4867 -1.0221 2.1496, 0.5029 -1.0988 2.1496, 0.429 -1.2511 2.1496, 0.442 -1.2544 2.1496, 0.446 -1.3062 2.1496, 0.4558 -1.3068 2.1496, 0.1992 -1.2745 2.1496, 0.1509 -1.2953 2.1496, 0.1903 -1.2605 2.1496, 0.1415 -1.279 2.1496, 0.1833 -1.2454 2.1496, 0.1342 -1.2618 2.1496, 0.1786 -1.2295 2.1496, 0.3983 -1.3423 2.1496, 0.3731 -1.296 2.1496, 0.4119 -1.3314 2.1496, 0.146 -1.2115 2.1496, 0.1574 -1.2148 2.1496, 0.3903 -1.0863 2.1496, 0.3974 -1.0907 2.1496, 0.3925 -1.1458 2.1496, 0.4054 -1.0933 2.1496, 0.4055 -1.1475 2.1496, 0.4112 -1.0939 2.1496, 0.4099 -1.1476 2.1496, 0.4235 -1.1466 2.1496, 0.4192 -1.0929 2.1496, 0.4365 -1.1435 2.1496, 0.449 -1.1383 2.1496, 0.4267 -1.0901 2.1496, 0.4595 -1.132 2.1496, 0.4335 -1.0855 2.1496, 0.4701 -1.1231 2.1496, 0.4793 -1.1125 2.1496, 0.4378 -1.0809 2.1496, 0.4867 -1.1006 2.1496, 0.442 -1.0737 2.1496, 0.329 -1.0362 2.1496, 0.3343 -1.0232 2.1496, 0.3416 -1.0112 2.1496, 0.4244 -1.319 2.1496, 0.3851 -1.2846 2.1496, 0.3953 -1.2717 2.1496, 0.1078 -1.1251 2.1496, 0.0639 -1.0949 2.1496, 0.1131 -1.1143 2.1496, 0.0723 -1.0811 2.1496, 0.1203 -1.1046 2.1496, 0.0826 -1.0685 2.1496, 0.1243 -1.1005 2.1496, 0.0875 -1.0635 2.1496, 0.1339 -1.093 2.1496, 0.1106 -1.1796 2.1496, 0.0606 -1.1957 2.1496, 0.106 -1.1681 2.1496, 0.0551 -1.1807 2.1496, 0.1037 -1.1559 2.1496, 0.0517 -1.1653 2.1496, 0.1034 -1.1489 2.1496, 0.1695 -1.216 2.1496, 0.1763 -1.216 2.1496, 0.4443 -1.0656 2.1496, 0.4446 -1.0573 2.1496, 0.4428 -1.0494 2.1496, 0.5368 -1.1975 2.1496, 0.5837 -1.2236 2.1496, 0.5314 -1.2099 2.1496, 0.5757 -1.2392 2.1496, 0.5241 -1.2214 2.1496, 0.5364 -1.1419 2.1496, 0.5909 -1.1348 2.1496, 0.54 -1.1554 2.1496, 0.5941 -1.152 2.1496, 0.5413 -1.1683 2.1496, 0.5951 -1.1694 2.1496, 0.5413 -1.1708 2.1496, 0.595 -1.1731 2.1496, 0.5401 -1.1845 2.1496, 0.5935 -1.1897 2.1496, 0.5896 -1.207 2.1496, 0.5599 -1.0761 2.1496, 0.5685 -1.0868 2.1496, 0.3844 -0.9801 2.1496, 0.396 -1.031 2.1496, 0.3895 -1.0355 2.1496, 0.5659 -1.2535 2.1496, 0.5543 -1.2665 2.1496, 0.5158 -1.2309 2.1496, 0.5512 -1.2694 2.1496, 0.5051 -1.2399 2.1496, 0.5382 -1.2802 2.1496, 0.5232 -1.2897 2.1496, 0.578 -1.1019 2.1496, 0.5855 -1.118 2.1496, 0.2265 -1.0376 2.1496, 0.229 -1.0402 2.1496, 0.2079 -1.0838 2.1496, 0.2326 -1.0456 2.1496, 0.0504 -1.1494 2.1496, 0.0507 -1.1419 2.1496, 0.1046 -1.1366 2.1496, 0.053 -1.1255 2.1496, 0.0574 -1.1098 2.1496, 0.1309 -1.2607 2.1496, 0.1167 -1.2546 2.1496, 0.1353 -1.2062 2.1496, 0.1023 -1.246 2.1496, 0.1256 -1.199 2.1496, 0.0893 -1.2355 2.1496, 0.1172 -1.19 2.1496, 0.0779 -1.2235 2.1496, 0.0682 -1.21 2.1496, 0.4393 -1.0423 2.1496, 0.4339 -1.036 2.1496, 0.4497 -0.9853 2.1496, 0.4272 -1.0312 2.1496, 0.4367 -0.98 2.1496, 0.4193 -1.0282 2.1496, 0.423 -0.9769 2.1496, 0.4112 -0.976 2.1496, 0.1003 -1.0528 2.1496, 0.1142 -1.0441 2.1496, 0.1449 -1.0874 2.1496, 0.129 -1.0375 2.1496, 0.1567 -1.0838 2.1496, 0.1444 -1.033 2.1496, 0.1653 -1.0827 2.1496, 0.1606 -1.0306 2.1496, 0.2037 -1.083 2.1496, 0.2109 -1.0309 2.1496, 0.2053 -1.0832 2.1496, 0.2152 -1.0316 2.1496, 0.2209 -1.0337 2.1496, 0.2348 -1.0514 2.1496, 0.2355 -1.0576 2.1496, 0.2354 -1.0602 2.1496, 0.5015 -1.0376 2.1496, 0.5178 -1.0443 2.1496, 0.2338 -1.0667 2.1496, 0.2307 -1.0726 2.1496, 0.2264 -1.0773 2.1496, 0.2211 -1.0809 2.1496, 0.533 -1.0529 2.1496, 0.547 -1.0635 2.1496, 0.2204 -1.2967 2.1496, 0.1798 -1.3296 2.1496, 0.21 -1.2872 2.1496, 0.1759 -1.3258 2.1496, 0.1623 -1.311 2.1496, 0.3715 -1.358 2.1496, 0.3533 -1.3654 2.1496, 0.3297 -1.3189 2.1496, 0.3346 -1.3707 2.1496, 0.3134 -1.3224 2.1496, 0.3154 -1.3739 2.1496, 0.2977 -1.3236 2.1496, 0.2956 -1.3748 2.1496, 0.2951 -1.3236 2.1496, 0.2896 -1.3747 2.1496, 0.2789 -1.3224 2.1496, 0.27 -1.3727 2.1496, 0.2632 -1.319 2.1496, 0.2505 -1.3684 2.1496, 0.2481 -1.3136 2.1496, 0.2315 -1.3619 2.1496, 0.2338 -1.3061 2.1496, 0.2133 -1.3531 2.1496, 0.1959 -1.3423 2.1496, 0.2152 -1.0831 2.1496, 0.2089 -1.0839 2.1496
            ]
        }
        coordIndex [
            0,1,2,-1,2,1,3,-1,4,0,5,-1,5,0,2,-1,6,4,7,-1,7,4,5,-1,8,6,9,-1,9,6,7,-1,10,8,11,-1,11,8,9,-1,1,10,3,-1,3,10,11,-1,6,8,4,-1,4,8,10,-1,4,10,0,-1,0,10,1,-1,2,3,5,-1,5,3,11,-1,5,11,7,-1,7,11,9,-1,12,13,14,-1,12,14,15,-1,15,14,16,-1,15,16,17,-1,17,16,18,-1,17,18,19,-1,19,18,20,-1,19,20,21,-1,21,20,22,-1,21,22,23,-1,23,22,24,-1,23,24,25,-1,26,25,27,-1,27,25,24,-1,26,27,28,-1,26,28,29,-1,29,28,30,-1,29,30,31,-1,31,30,32,-1,31,32,33,-1,33,32,34,-1,33,34,35,-1,35,34,36,-1,35,36,37,-1,37,36,38,-1,37,38,39,-1,39,38,40,-1,39,40,41,-1,41,40,42,-1,41,42,43,-1,43,42,44,-1,43,44,45,-1,45,44,46,-1,45,46,47,-1,47,46,48,-1,47,48,49,-1,49,48,50,-1,49,50,51,-1,51,50,52,-1,51,52,53,-1,53,52,54,-1,53,54,55,-1,55,54,56,-1,55,56,57,-1,57,56,58,-1,57,58,59,-1,59,58,60,-1,59,60,61,-1,61,60,62,-1,61,62,63,-1,63,62,64,-1,63,64,65,-1,65,64,66,-1,65,66,67,-1,67,66,68,-1,67,68,69,-1,69,68,70,-1,69,70,71,-1,71,70,72,-1,71,72,73,-1,73,72,74,-1,73,74,75,-1,75,74,76,-1,75,76,77,-1,77,76,78,-1,77,78,79,-1,79,78,80,-1,79,80,81,-1,81,80,82,-1,81,82,83,-1,83,82,84,-1,83,84,85,-1,85,84,86,-1,85,86,87,-1,87,86,88,-1,87,88,89,-1,89,88,90,-1,89,90,91,-1,91,90,92,-1,91,92,93,-1,93,92,94,-1,93,94,95,-1,95,94,96,-1,95,96,97,-1,97,96,98,-1,97,98,99,-1,99,98,100,-1,99,100,101,-1,101,100,102,-1,101,102,103,-1,103,102,104,-1,103,104,105,-1,105,104,106,-1,105,106,107,-1,107,106,108,-1,107,108,109,-1,109,108,110,-1,109,110,111,-1,111,110,112,-1,111,112,113,-1,113,112,114,-1,113,114,115,-1,116,115,117,-1,117,115,114,-1,116,117,118,-1,116,118,119,-1,119,118,120,-1,119,120,121,-1,121,120,122,-1,121,122,123,-1,123,122,124,-1,123,124,125,-1,125,124,126,-1,125,126,127,-1,127,126,128,-1,127,128,129,-1,129,128,130,-1,129,130,131,-1,131,130,132,-1,131,132,133,-1,133,132,134,-1,133,134,135,-1,135,134,136,-1,135,136,137,-1,137,136,138,-1,137,138,139,-1,139,138,140,-1,139,140,141,-1,141,140,142,-1,141,142,143,-1,143,142,144,-1,143,144,145,-1,145,144,146,-1,145,146,147,-1,147,146,148,-1,147,148,149,-1,149,148,150,-1,149,150,151,-1,151,150,152,-1,151,152,153,-1,153,152,154,-1,153,154,155,-1,155,154,156,-1,155,156,157,-1,157,156,158,-1,157,158,159,-1,159,158,160,-1,159,160,161,-1,161,160,162,-1,161,162,163,-1,163,162,164,-1,163,164,165,-1,165,164,166,-1,165,166,167,-1,167,166,168,-1,167,168,169,-1,169,168,170,-1,169,170,171,-1,171,170,172,-1,171,172,173,-1,173,172,174,-1,173,174,175,-1,175,174,176,-1,175,176,177,-1,177,176,178,-1,177,178,179,-1,179,178,180,-1,179,180,181,-1,181,180,182,-1,181,182,183,-1,183,182,184,-1,183,184,185,-1,185,184,186,-1,185,186,187,-1,187,186,188,-1,187,188,189,-1,189,188,190,-1,189,190,191,-1,191,190,192,-1,191,192,193,-1,193,192,194,-1,193,194,195,-1,195,194,196,-1,195,196,197,-1,197,196,13,-1,197,13,12,-1,113,115,116,-1,57,177,179,-1,33,21,31,-1,31,21,23,-1,31,23,29,-1,29,23,25,-1,29,25,26,-1,57,179,55,-1,55,179,181,-1,55,181,53,-1,53,181,183,-1,53,183,51,-1,51,183,185,-1,51,185,49,-1,49,185,187,-1,49,187,47,-1,187,189,47,-1,47,189,191,-1,47,191,45,-1,45,191,193,-1,45,193,43,-1,43,193,195,-1,43,195,41,-1,41,195,197,-1,41,197,39,-1,39,197,12,-1,39,12,37,-1,37,12,15,-1,37,15,35,-1,35,15,17,-1,35,17,33,-1,33,17,19,-1,33,19,21,-1,89,143,87,-1,87,143,145,-1,87,145,85,-1,85,145,147,-1,85,147,83,-1,83,147,149,-1,83,149,81,-1,81,149,151,-1,81,151,79,-1,79,151,153,-1,79,153,77,-1,77,153,155,-1,77,155,75,-1,113,116,111,-1,111,116,119,-1,111,119,109,-1,109,119,121,-1,109,121,107,-1,107,121,123,-1,107,123,105,-1,105,123,125,-1,105,125,103,-1,103,125,127,-1,103,127,101,-1,101,127,129,-1,101,129,99,-1,99,129,131,-1,99,131,97,-1,97,131,133,-1,97,133,95,-1,95,133,135,-1,95,135,93,-1,93,135,137,-1,93,137,91,-1,91,137,139,-1,91,139,89,-1,89,139,141,-1,89,141,143,-1,177,57,175,-1,175,57,59,-1,175,59,173,-1,173,59,61,-1,173,61,171,-1,171,61,63,-1,171,63,169,-1,169,63,65,-1,169,65,167,-1,167,65,165,-1,165,65,67,-1,165,67,163,-1,155,157,75,-1,75,157,159,-1,75,159,73,-1,73,159,161,-1,73,161,71,-1,71,161,163,-1,71,163,69,-1,69,163,67,-1,28,27,24,-1,28,24,30,-1,44,190,46,-1,46,190,188,-1,46,188,48,-1,48,188,186,-1,48,186,50,-1,50,186,184,-1,50,184,52,-1,52,184,182,-1,52,182,54,-1,114,112,117,-1,117,112,110,-1,117,110,118,-1,118,110,108,-1,182,180,54,-1,54,180,178,-1,54,178,56,-1,56,178,176,-1,56,176,58,-1,58,176,174,-1,58,174,60,-1,60,174,172,-1,60,172,62,-1,24,22,30,-1,30,22,20,-1,30,20,32,-1,32,20,18,-1,32,18,34,-1,34,18,16,-1,34,16,36,-1,36,16,14,-1,36,14,38,-1,38,14,13,-1,38,13,40,-1,40,13,196,-1,40,196,42,-1,42,196,194,-1,42,194,44,-1,44,194,192,-1,44,192,190,-1,82,146,84,-1,84,146,144,-1,84,144,86,-1,86,144,142,-1,86,142,88,-1,88,142,140,-1,88,140,90,-1,90,140,138,-1,90,138,92,-1,92,138,136,-1,92,136,94,-1,94,136,134,-1,94,134,96,-1,96,134,132,-1,96,132,98,-1,98,132,130,-1,98,130,100,-1,100,130,128,-1,100,128,102,-1,102,128,126,-1,102,126,104,-1,104,126,124,-1,104,124,106,-1,106,124,122,-1,106,122,108,-1,108,122,120,-1,108,120,118,-1,162,160,72,-1,72,160,158,-1,72,158,74,-1,74,158,156,-1,74,156,76,-1,76,156,154,-1,76,154,78,-1,78,154,152,-1,78,152,80,-1,80,152,150,-1,80,150,82,-1,82,150,148,-1,82,148,146,-1,172,170,62,-1,62,170,168,-1,62,168,64,-1,64,168,166,-1,64,166,66,-1,66,166,164,-1,66,164,68,-1,68,164,162,-1,68,162,70,-1,70,162,72,-1,198,199,200,-1,200,199,201,-1,202,198,203,-1,203,198,200,-1,204,202,205,-1,205,202,203,-1,206,204,207,-1,207,204,205,-1,208,206,209,-1,209,206,207,-1,210,208,211,-1,211,208,209,-1,212,210,213,-1,213,210,211,-1,214,212,215,-1,215,212,213,-1,216,214,217,-1,217,214,215,-1,218,216,219,-1,219,216,217,-1,220,218,221,-1,221,218,219,-1,199,220,201,-1,201,220,221,-1,220,199,198,-1,198,202,220,-1,220,202,204,-1,220,204,218,-1,214,216,212,-1,212,216,218,-1,212,218,210,-1,210,218,204,-1,210,204,208,-1,208,204,206,-1,200,201,203,-1,203,201,221,-1,203,221,205,-1,217,215,219,-1,219,215,213,-1,219,213,211,-1,209,207,211,-1,211,207,205,-1,211,205,219,-1,219,205,221,-1,222,223,224,-1,224,223,225,-1,224,225,226,-1,226,225,227,-1,226,227,228,-1,228,227,229,-1,228,229,230,-1,230,229,231,-1,230,231,232,-1,232,231,233,-1,232,233,234,-1,234,233,235,-1,234,235,236,-1,236,235,237,-1,236,237,238,-1,239,240,241,-1,241,240,242,-1,241,242,243,-1,243,242,244,-1,243,244,245,-1,245,244,246,-1,245,246,247,-1,246,248,247,-1,247,248,249,-1,247,249,250,-1,250,249,251,-1,250,251,252,-1,252,251,253,-1,252,253,254,-1,254,253,255,-1,254,255,256,-1,256,255,257,-1,256,257,258,-1,258,257,259,-1,258,259,260,-1,260,259,261,-1,260,261,262,-1,262,261,263,-1,262,263,264,-1,264,263,265,-1,264,265,266,-1,266,265,267,-1,266,267,268,-1,268,267,269,-1,268,269,270,-1,270,269,271,-1,270,271,272,-1,272,271,273,-1,272,273,274,-1,274,273,275,-1,274,275,276,-1,276,275,277,-1,276,277,278,-1,278,277,279,-1,278,279,280,-1,280,279,281,-1,280,281,222,-1,222,281,282,-1,222,282,223,-1,237,283,238,-1,238,283,284,-1,238,284,285,-1,285,284,286,-1,285,286,287,-1,287,286,288,-1,287,288,289,-1,289,288,290,-1,289,290,291,-1,291,290,292,-1,291,292,293,-1,293,292,294,-1,293,294,239,-1,239,294,295,-1,239,295,240,-1,296,297,298,-1,298,297,299,-1,298,299,300,-1,300,299,301,-1,300,301,302,-1,302,301,303,-1,302,303,304,-1,304,303,305,-1,304,305,306,-1,306,305,307,-1,306,307,308,-1,309,310,311,-1,311,310,312,-1,311,312,313,-1,313,312,314,-1,313,314,315,-1,315,314,316,-1,315,316,317,-1,317,316,318,-1,317,318,319,-1,319,318,320,-1,319,320,321,-1,321,320,322,-1,321,322,323,-1,323,322,324,-1,323,324,325,-1,307,326,308,-1,308,326,327,-1,308,327,328,-1,328,327,329,-1,328,329,330,-1,330,329,331,-1,330,331,332,-1,332,331,333,-1,332,333,334,-1,334,333,335,-1,334,335,336,-1,336,335,337,-1,336,337,309,-1,309,337,338,-1,309,338,310,-1,324,339,325,-1,325,339,340,-1,325,340,341,-1,341,340,342,-1,341,342,343,-1,343,342,344,-1,343,344,345,-1,345,344,346,-1,345,346,347,-1,347,346,348,-1,347,348,349,-1,349,348,350,-1,349,350,351,-1,351,350,352,-1,351,352,353,-1,353,352,354,-1,353,354,355,-1,355,354,356,-1,355,356,357,-1,357,356,358,-1,357,358,359,-1,359,358,360,-1,359,360,361,-1,361,360,362,-1,361,362,363,-1,363,362,364,-1,363,364,365,-1,365,364,366,-1,365,366,367,-1,367,366,368,-1,367,368,296,-1,296,368,369,-1,296,369,297,-1,275,273,350,-1,350,273,352,-1,275,350,348,-1,275,348,277,-1,277,348,346,-1,277,346,279,-1,279,346,344,-1,279,344,281,-1,281,344,342,-1,281,342,282,-1,282,342,340,-1,282,340,223,-1,223,340,339,-1,223,339,225,-1,225,339,324,-1,225,324,227,-1,227,324,322,-1,227,322,229,-1,229,322,320,-1,229,320,231,-1,231,320,318,-1,231,318,233,-1,233,318,316,-1,233,316,235,-1,235,316,314,-1,235,314,237,-1,237,314,312,-1,237,312,283,-1,283,312,310,-1,283,310,284,-1,284,310,338,-1,284,338,286,-1,286,338,337,-1,286,337,288,-1,288,337,335,-1,288,335,290,-1,290,335,333,-1,290,333,292,-1,292,333,331,-1,292,331,294,-1,294,331,329,-1,294,329,295,-1,295,329,327,-1,295,327,240,-1,240,327,326,-1,240,326,242,-1,242,326,307,-1,242,307,244,-1,244,307,305,-1,244,305,246,-1,246,305,303,-1,246,303,248,-1,248,303,301,-1,248,301,249,-1,249,301,299,-1,249,299,251,-1,251,299,297,-1,251,297,253,-1,253,297,369,-1,253,369,255,-1,255,369,368,-1,255,368,257,-1,257,368,366,-1,257,366,259,-1,259,366,364,-1,259,364,261,-1,261,364,362,-1,261,362,263,-1,263,362,360,-1,263,360,265,-1,265,360,358,-1,265,358,267,-1,267,358,356,-1,267,356,269,-1,271,269,354,-1,354,269,356,-1,273,271,352,-1,352,271,354,-1,268,270,355,-1,355,270,353,-1,270,272,353,-1,353,272,351,-1,272,274,351,-1,351,274,349,-1,230,319,321,-1,230,321,228,-1,228,321,323,-1,228,323,226,-1,226,323,325,-1,226,325,224,-1,224,325,341,-1,224,341,222,-1,222,341,343,-1,222,343,280,-1,280,343,345,-1,280,345,278,-1,278,345,347,-1,278,347,276,-1,276,347,349,-1,276,349,274,-1,291,332,334,-1,291,334,289,-1,289,334,336,-1,289,336,287,-1,287,336,309,-1,287,309,285,-1,285,309,311,-1,285,311,238,-1,238,311,313,-1,238,313,236,-1,236,313,315,-1,236,315,234,-1,234,315,317,-1,234,317,232,-1,232,317,319,-1,232,319,230,-1,252,298,300,-1,252,300,250,-1,250,300,302,-1,250,302,247,-1,247,302,304,-1,247,304,245,-1,245,304,306,-1,245,306,243,-1,243,306,308,-1,243,308,241,-1,241,308,328,-1,241,328,239,-1,239,328,330,-1,239,330,293,-1,293,330,332,-1,293,332,291,-1,268,355,357,-1,268,357,266,-1,266,357,359,-1,266,359,264,-1,264,359,361,-1,264,361,262,-1,262,361,363,-1,262,363,260,-1,260,363,365,-1,260,365,258,-1,258,365,367,-1,258,367,256,-1,256,367,296,-1,256,296,254,-1,254,296,298,-1,254,298,252,-1,370,371,372,-1,372,371,373,-1,374,375,370,-1,370,375,376,-1,370,376,371,-1,371,376,377,-1,374,378,375,-1,375,378,379,-1,375,379,380,-1,380,379,381,-1,380,381,382,-1,382,383,380,-1,380,383,372,-1,380,372,384,-1,384,372,373,-1,384,373,385,-1,386,387,388,-1,388,387,389,-1,390,391,389,-1,389,391,392,-1,389,392,388,-1,388,392,393,-1,390,394,391,-1,391,394,395,-1,391,395,396,-1,396,395,397,-1,396,397,398,-1,398,399,396,-1,396,399,387,-1,396,387,400,-1,400,387,386,-1,400,386,401,-1,380,384,391,-1,391,384,392,-1,375,380,396,-1,396,380,391,-1,376,375,400,-1,400,375,396,-1,377,376,401,-1,401,376,400,-1,371,377,386,-1,386,377,401,-1,373,371,388,-1,388,371,386,-1,385,373,393,-1,393,373,388,-1,384,385,392,-1,392,385,393,-1,370,372,387,-1,387,372,389,-1,372,383,389,-1,389,383,390,-1,381,395,394,-1,381,394,382,-1,382,394,390,-1,382,390,383,-1,381,379,395,-1,395,379,397,-1,374,399,398,-1,374,398,378,-1,378,398,397,-1,378,397,379,-1,374,370,399,-1,399,370,387,-1,402,403,404,-1,404,403,405,-1,406,402,407,-1,407,402,404,-1,408,406,409,-1,409,406,407,-1,410,408,411,-1,411,408,409,-1,412,410,413,-1,413,410,411,-1,414,412,415,-1,415,412,413,-1,416,414,417,-1,417,414,415,-1,418,416,419,-1,419,416,417,-1,420,418,421,-1,421,418,419,-1,422,420,423,-1,423,420,421,-1,424,422,425,-1,425,422,423,-1,403,424,405,-1,405,424,425,-1,424,403,402,-1,402,406,424,-1,424,406,408,-1,424,408,422,-1,418,420,416,-1,416,420,422,-1,416,422,414,-1,414,422,408,-1,414,408,412,-1,412,408,410,-1,421,419,423,-1,423,419,417,-1,413,411,415,-1,415,411,409,-1,404,405,407,-1,407,405,425,-1,407,425,409,-1,409,425,423,-1,409,423,415,-1,415,423,417,-1,426,427,428,-1,429,430,431,-1,431,430,432,-1,429,431,433,-1,433,431,434,-1,433,434,435,-1,428,427,436,-1,436,427,437,-1,436,437,438,-1,438,437,439,-1,438,439,440,-1,430,441,432,-1,432,441,442,-1,432,442,443,-1,443,442,444,-1,443,444,445,-1,435,434,446,-1,446,434,447,-1,446,447,448,-1,448,447,449,-1,448,449,450,-1,451,452,453,-1,454,455,456,-1,456,455,457,-1,456,457,452,-1,452,457,458,-1,452,458,453,-1,459,460,461,-1,440,439,462,-1,462,439,463,-1,462,463,464,-1,464,463,465,-1,464,465,466,-1,444,467,445,-1,445,467,468,-1,445,468,469,-1,469,468,470,-1,469,470,471,-1,470,472,471,-1,471,472,473,-1,471,473,454,-1,454,473,474,-1,454,474,455,-1,475,476,477,-1,477,476,461,-1,477,461,478,-1,478,461,460,-1,466,465,479,-1,479,465,480,-1,479,480,481,-1,481,480,482,-1,481,482,483,-1,484,485,486,-1,486,485,450,-1,486,450,487,-1,487,450,449,-1,488,489,490,-1,490,489,491,-1,490,491,492,-1,492,491,493,-1,492,493,494,-1,453,495,451,-1,451,495,496,-1,451,496,488,-1,488,496,497,-1,488,497,489,-1,483,482,498,-1,498,482,499,-1,498,499,500,-1,500,485,498,-1,498,485,484,-1,498,484,461,-1,461,484,501,-1,461,501,459,-1,428,502,426,-1,426,502,503,-1,426,503,504,-1,504,503,505,-1,504,505,506,-1,506,505,507,-1,506,507,508,-1,508,507,509,-1,508,509,510,-1,510,509,511,-1,510,511,512,-1,512,511,513,-1,512,513,514,-1,514,513,515,-1,514,515,516,-1,516,515,517,-1,516,517,518,-1,518,517,519,-1,518,519,520,-1,520,519,521,-1,520,521,522,-1,478,523,477,-1,477,523,524,-1,477,524,525,-1,525,524,526,-1,525,526,527,-1,528,529,530,-1,530,529,531,-1,530,531,532,-1,532,531,533,-1,532,533,534,-1,533,535,534,-1,534,535,536,-1,534,536,537,-1,537,536,538,-1,537,538,539,-1,539,538,527,-1,539,527,540,-1,540,527,526,-1,493,541,494,-1,494,541,542,-1,494,542,543,-1,543,542,544,-1,543,544,545,-1,545,544,546,-1,545,546,528,-1,528,546,547,-1,528,547,529,-1,548,549,550,-1,551,552,553,-1,553,552,554,-1,553,554,555,-1,556,557,558,-1,559,560,561,-1,561,560,562,-1,561,562,563,-1,554,564,555,-1,555,564,565,-1,555,565,566,-1,566,565,567,-1,566,567,568,-1,569,570,571,-1,571,570,572,-1,571,572,573,-1,573,572,574,-1,573,574,551,-1,551,574,575,-1,551,575,552,-1,576,556,577,-1,577,556,558,-1,577,558,578,-1,578,558,579,-1,580,581,582,-1,582,581,583,-1,582,583,584,-1,584,583,585,-1,584,585,586,-1,586,585,587,-1,586,587,588,-1,588,587,589,-1,590,591,580,-1,580,591,592,-1,580,592,581,-1,593,594,559,-1,559,594,595,-1,559,595,560,-1,596,597,593,-1,593,597,598,-1,593,598,594,-1,599,600,601,-1,601,600,558,-1,601,558,602,-1,602,558,557,-1,603,604,590,-1,590,604,605,-1,590,605,591,-1,567,606,568,-1,568,606,607,-1,568,607,608,-1,608,607,609,-1,608,609,610,-1,610,609,600,-1,610,600,611,-1,562,612,563,-1,563,612,613,-1,563,613,614,-1,611,600,615,-1,615,600,599,-1,615,599,589,-1,589,599,616,-1,589,616,588,-1,548,550,617,-1,617,550,618,-1,617,618,619,-1,619,618,620,-1,619,620,621,-1,621,620,622,-1,621,622,623,-1,623,622,624,-1,623,624,625,-1,625,624,626,-1,625,626,627,-1,627,626,628,-1,627,628,629,-1,629,628,630,-1,629,630,569,-1,569,630,631,-1,569,631,570,-1,632,633,634,-1,634,633,635,-1,634,635,603,-1,603,635,636,-1,603,636,604,-1,613,637,614,-1,614,637,638,-1,614,638,639,-1,639,638,640,-1,639,640,632,-1,632,640,641,-1,632,641,633,-1,642,643,644,-1,644,643,645,-1,644,645,646,-1,646,645,647,-1,646,647,648,-1,648,647,649,-1,648,649,650,-1,651,652,653,-1,653,652,654,-1,653,654,655,-1,655,654,656,-1,655,656,596,-1,596,656,657,-1,596,657,597,-1,649,658,650,-1,650,658,659,-1,650,659,660,-1,660,659,661,-1,660,661,662,-1,662,661,663,-1,662,663,651,-1,651,663,664,-1,651,664,652,-1,644,665,642,-1,642,665,666,-1,642,666,667,-1,667,666,668,-1,667,668,577,-1,577,668,669,-1,577,669,576,-1,507,630,628,-1,507,628,509,-1,509,628,626,-1,509,626,511,-1,511,626,624,-1,511,624,513,-1,513,624,622,-1,513,622,515,-1,515,622,620,-1,515,620,517,-1,517,620,618,-1,517,618,519,-1,519,618,550,-1,519,550,521,-1,522,521,549,-1,549,521,550,-1,522,549,548,-1,522,548,520,-1,520,548,617,-1,520,617,518,-1,518,617,619,-1,518,619,516,-1,516,619,621,-1,516,621,514,-1,514,621,623,-1,514,623,512,-1,512,623,625,-1,512,625,510,-1,510,625,627,-1,510,627,508,-1,508,627,629,-1,508,629,506,-1,506,629,569,-1,506,569,504,-1,504,569,571,-1,504,571,426,-1,426,571,573,-1,426,573,427,-1,427,573,551,-1,427,551,437,-1,437,551,553,-1,437,553,439,-1,439,553,555,-1,439,555,463,-1,463,555,566,-1,463,566,465,-1,465,566,568,-1,465,568,480,-1,480,568,608,-1,480,608,482,-1,482,608,610,-1,482,610,499,-1,499,610,611,-1,499,611,500,-1,500,611,615,-1,500,615,485,-1,450,485,589,-1,589,485,615,-1,450,589,587,-1,450,587,448,-1,448,587,585,-1,448,585,446,-1,446,585,583,-1,446,583,435,-1,435,583,581,-1,435,581,433,-1,433,581,592,-1,433,592,429,-1,429,592,591,-1,429,591,430,-1,430,591,605,-1,430,605,441,-1,441,605,604,-1,441,604,442,-1,442,604,636,-1,442,636,444,-1,444,636,635,-1,444,635,467,-1,467,635,633,-1,467,633,468,-1,468,633,641,-1,468,641,470,-1,470,641,640,-1,470,640,472,-1,472,640,638,-1,472,638,473,-1,473,638,637,-1,473,637,474,-1,474,637,613,-1,474,613,455,-1,455,613,612,-1,455,612,457,-1,457,612,562,-1,457,562,458,-1,458,562,560,-1,458,560,453,-1,453,560,595,-1,453,595,495,-1,495,595,594,-1,495,594,496,-1,496,594,598,-1,496,598,497,-1,497,598,597,-1,497,597,489,-1,489,597,657,-1,489,657,491,-1,491,657,656,-1,491,656,493,-1,493,656,654,-1,493,654,541,-1,541,654,652,-1,541,652,542,-1,542,652,664,-1,542,664,544,-1,544,664,663,-1,544,663,546,-1,546,663,661,-1,546,661,547,-1,547,661,659,-1,547,659,529,-1,529,659,658,-1,529,658,531,-1,531,658,649,-1,531,649,533,-1,533,649,647,-1,533,647,535,-1,535,647,645,-1,535,645,536,-1,536,645,643,-1,536,643,538,-1,538,643,642,-1,538,642,527,-1,527,642,667,-1,527,667,525,-1,477,525,577,-1,577,525,667,-1,475,477,578,-1,578,477,577,-1,476,475,579,-1,579,475,578,-1,461,476,558,-1,558,476,579,-1,461,558,600,-1,461,600,498,-1,498,600,609,-1,498,609,483,-1,483,609,607,-1,483,607,481,-1,481,607,606,-1,481,606,479,-1,479,606,567,-1,479,567,466,-1,466,567,565,-1,466,565,464,-1,464,565,564,-1,464,564,462,-1,462,564,554,-1,462,554,440,-1,440,554,552,-1,440,552,438,-1,438,552,575,-1,438,575,436,-1,436,575,574,-1,436,574,428,-1,428,574,572,-1,428,572,502,-1,502,572,570,-1,502,570,503,-1,503,570,631,-1,503,631,505,-1,505,631,630,-1,505,630,507,-1,431,580,582,-1,431,582,434,-1,434,582,584,-1,434,584,447,-1,447,584,586,-1,447,586,449,-1,449,586,588,-1,449,588,487,-1,487,588,616,-1,487,616,486,-1,471,639,632,-1,471,632,469,-1,469,632,634,-1,469,634,445,-1,445,634,603,-1,445,603,443,-1,443,603,590,-1,443,590,432,-1,432,590,580,-1,432,580,431,-1,488,593,559,-1,488,559,451,-1,451,559,561,-1,451,561,452,-1,452,561,563,-1,452,563,456,-1,456,563,614,-1,456,614,454,-1,454,614,639,-1,454,639,471,-1,545,662,651,-1,545,651,543,-1,543,651,653,-1,543,653,494,-1,494,653,655,-1,494,655,492,-1,492,655,596,-1,492,596,490,-1,490,596,593,-1,490,593,488,-1,540,666,665,-1,540,665,539,-1,539,665,644,-1,539,644,537,-1,537,644,646,-1,537,646,534,-1,534,646,648,-1,534,648,532,-1,532,648,650,-1,532,650,530,-1,530,650,660,-1,530,660,528,-1,528,660,662,-1,528,662,545,-1,501,601,602,-1,501,602,459,-1,459,602,557,-1,459,557,460,-1,460,557,556,-1,460,556,478,-1,478,556,576,-1,478,576,523,-1,523,576,669,-1,523,669,524,-1,524,669,668,-1,524,668,526,-1,526,668,666,-1,526,666,540,-1,501,484,601,-1,601,484,599,-1,484,486,599,-1,599,486,616,-1,670,671,672,-1,670,672,673,-1,673,672,674,-1,673,674,675,-1,675,674,676,-1,675,676,677,-1,677,676,678,-1,677,678,679,-1,679,678,680,-1,679,680,681,-1,681,680,682,-1,681,682,683,-1,683,682,684,-1,683,684,685,-1,686,685,687,-1,687,685,684,-1,686,687,688,-1,686,688,689,-1,689,688,690,-1,689,690,691,-1,691,690,692,-1,691,692,693,-1,693,692,694,-1,693,694,695,-1,695,694,696,-1,695,696,697,-1,697,696,698,-1,697,698,699,-1,699,698,700,-1,699,700,701,-1,701,700,702,-1,701,702,703,-1,703,702,704,-1,703,704,705,-1,705,704,706,-1,705,706,707,-1,707,706,708,-1,707,708,709,-1,709,708,710,-1,709,710,711,-1,711,710,712,-1,711,712,713,-1,713,712,714,-1,713,714,715,-1,715,714,716,-1,715,716,717,-1,717,716,718,-1,717,718,719,-1,719,718,720,-1,719,720,721,-1,721,720,722,-1,721,722,723,-1,723,722,724,-1,723,724,725,-1,725,724,726,-1,725,726,727,-1,727,726,728,-1,727,728,729,-1,729,728,730,-1,729,730,731,-1,731,730,732,-1,731,732,733,-1,733,732,734,-1,733,734,735,-1,735,734,736,-1,735,736,737,-1,737,736,738,-1,737,738,739,-1,739,738,740,-1,739,740,741,-1,741,740,742,-1,741,742,743,-1,743,742,744,-1,743,744,745,-1,745,744,746,-1,745,746,747,-1,747,746,748,-1,747,748,749,-1,749,748,750,-1,749,750,751,-1,751,750,752,-1,751,752,753,-1,753,752,754,-1,753,754,755,-1,755,754,756,-1,755,756,757,-1,757,756,758,-1,757,758,759,-1,759,758,760,-1,759,760,761,-1,761,760,762,-1,761,762,763,-1,763,762,764,-1,763,764,765,-1,765,764,766,-1,765,766,767,-1,767,766,768,-1,767,768,769,-1,769,768,770,-1,769,770,771,-1,771,770,772,-1,771,772,773,-1,773,772,774,-1,773,774,775,-1,775,774,776,-1,775,776,777,-1,777,776,778,-1,777,778,779,-1,779,778,780,-1,779,780,781,-1,781,780,782,-1,781,782,783,-1,783,782,784,-1,783,784,785,-1,785,784,786,-1,785,786,787,-1,787,786,788,-1,787,788,789,-1,789,788,790,-1,789,790,791,-1,791,790,792,-1,791,792,793,-1,793,792,794,-1,793,794,795,-1,795,794,796,-1,795,796,797,-1,797,796,798,-1,797,798,799,-1,799,798,800,-1,799,800,801,-1,801,800,802,-1,801,802,803,-1,803,802,804,-1,803,804,805,-1,806,805,807,-1,807,805,804,-1,806,807,808,-1,806,808,809,-1,809,808,810,-1,809,810,811,-1,811,810,812,-1,811,812,813,-1,813,812,814,-1,813,814,815,-1,815,814,816,-1,815,816,817,-1,817,816,818,-1,817,818,819,-1,819,818,820,-1,819,820,821,-1,821,820,822,-1,821,822,823,-1,823,822,824,-1,823,824,825,-1,825,824,826,-1,825,826,827,-1,827,826,828,-1,827,828,829,-1,829,828,830,-1,829,830,831,-1,831,830,832,-1,831,832,833,-1,833,832,834,-1,833,834,835,-1,835,834,836,-1,835,836,837,-1,837,836,838,-1,837,838,839,-1,839,838,840,-1,839,840,841,-1,841,840,842,-1,841,842,843,-1,843,842,844,-1,843,844,845,-1,845,844,846,-1,845,846,847,-1,847,846,848,-1,847,848,849,-1,849,848,850,-1,849,850,851,-1,851,850,852,-1,851,852,853,-1,853,852,854,-1,853,854,855,-1,855,854,856,-1,855,856,857,-1,857,856,858,-1,857,858,859,-1,859,858,860,-1,859,860,861,-1,861,860,862,-1,861,862,863,-1,863,862,864,-1,863,864,865,-1,865,864,866,-1,865,866,867,-1,867,866,868,-1,867,868,869,-1,869,868,870,-1,869,870,871,-1,871,870,872,-1,871,872,873,-1,873,872,874,-1,873,874,875,-1,875,874,876,-1,875,876,877,-1,877,876,878,-1,877,878,879,-1,879,878,880,-1,879,880,881,-1,881,880,882,-1,881,882,883,-1,883,882,884,-1,883,884,885,-1,885,884,886,-1,885,886,887,-1,887,886,888,-1,887,888,889,-1,889,888,890,-1,889,890,891,-1,891,890,892,-1,891,892,893,-1,893,892,894,-1,893,894,895,-1,895,894,896,-1,895,896,897,-1,897,896,898,-1,897,898,899,-1,899,898,900,-1,899,900,901,-1,901,900,902,-1,901,902,903,-1,903,902,904,-1,903,904,905,-1,905,904,906,-1,905,906,907,-1,907,906,671,-1,907,671,670,-1,683,685,686,-1,803,805,806,-1,713,715,897,-1,897,715,895,-1,777,837,775,-1,775,837,839,-1,775,839,773,-1,715,717,895,-1,895,717,719,-1,895,719,893,-1,779,833,777,-1,777,833,835,-1,777,835,837,-1,713,897,711,-1,711,897,899,-1,711,899,709,-1,709,899,901,-1,709,901,707,-1,707,901,903,-1,707,903,705,-1,855,765,853,-1,853,765,767,-1,737,883,735,-1,735,883,885,-1,839,841,773,-1,773,841,843,-1,773,843,771,-1,843,845,771,-1,771,845,847,-1,771,847,769,-1,769,847,849,-1,769,849,767,-1,767,849,851,-1,767,851,853,-1,855,857,765,-1,765,857,859,-1,765,859,763,-1,763,859,861,-1,763,861,761,-1,761,861,863,-1,761,863,759,-1,759,863,865,-1,759,865,757,-1,889,729,887,-1,887,729,731,-1,887,731,885,-1,885,731,733,-1,885,733,735,-1,719,721,893,-1,893,721,723,-1,893,723,891,-1,891,723,725,-1,891,725,889,-1,889,725,727,-1,889,727,729,-1,737,739,883,-1,883,739,741,-1,883,741,881,-1,881,741,743,-1,881,743,879,-1,879,743,745,-1,879,745,877,-1,877,745,747,-1,877,747,875,-1,705,903,703,-1,703,903,905,-1,703,905,701,-1,701,905,907,-1,701,907,699,-1,699,907,670,-1,699,670,697,-1,697,670,673,-1,697,673,695,-1,695,673,675,-1,695,675,693,-1,693,675,677,-1,693,677,691,-1,691,677,679,-1,691,679,689,-1,689,679,686,-1,686,679,681,-1,686,681,683,-1,747,749,875,-1,875,749,751,-1,875,751,873,-1,873,751,753,-1,873,753,871,-1,871,753,755,-1,871,755,869,-1,869,755,757,-1,869,757,867,-1,867,757,865,-1,803,806,801,-1,801,806,809,-1,801,809,799,-1,799,809,811,-1,799,811,797,-1,797,811,813,-1,797,813,795,-1,795,813,815,-1,795,815,793,-1,793,815,817,-1,793,817,791,-1,791,817,819,-1,791,819,789,-1,789,819,821,-1,789,821,787,-1,787,821,823,-1,787,823,785,-1,785,823,825,-1,785,825,783,-1,783,825,827,-1,783,827,781,-1,781,827,829,-1,781,829,779,-1,779,829,831,-1,779,831,833,-1,894,714,896,-1,896,714,712,-1,896,712,898,-1,898,712,710,-1,898,710,900,-1,776,774,836,-1,856,764,858,-1,858,764,762,-1,892,718,894,-1,894,718,716,-1,894,716,714,-1,886,884,732,-1,732,884,734,-1,734,884,882,-1,734,882,736,-1,856,854,764,-1,764,854,852,-1,764,852,766,-1,766,852,850,-1,766,850,768,-1,880,740,882,-1,882,740,738,-1,882,738,736,-1,770,842,772,-1,772,842,840,-1,772,840,774,-1,774,840,838,-1,774,838,836,-1,890,722,892,-1,892,722,720,-1,892,720,718,-1,850,848,768,-1,768,848,846,-1,768,846,770,-1,770,846,844,-1,770,844,842,-1,710,708,900,-1,900,708,706,-1,900,706,902,-1,902,706,704,-1,902,704,904,-1,904,704,702,-1,904,702,906,-1,906,702,700,-1,906,700,671,-1,671,700,698,-1,671,698,672,-1,672,698,696,-1,672,696,674,-1,674,696,694,-1,674,694,676,-1,732,730,886,-1,886,730,728,-1,886,728,888,-1,888,728,726,-1,888,726,890,-1,890,726,724,-1,890,724,722,-1,694,692,676,-1,676,692,690,-1,676,690,678,-1,678,690,688,-1,678,688,680,-1,680,688,687,-1,680,687,682,-1,682,687,684,-1,872,870,754,-1,754,870,868,-1,754,868,756,-1,756,868,866,-1,756,866,758,-1,758,866,864,-1,758,864,760,-1,760,864,862,-1,760,862,762,-1,762,862,860,-1,762,860,858,-1,836,834,776,-1,776,834,832,-1,776,832,778,-1,778,832,830,-1,778,830,780,-1,780,830,828,-1,780,828,782,-1,782,828,826,-1,782,826,784,-1,784,826,824,-1,784,824,786,-1,786,824,822,-1,786,822,788,-1,788,822,820,-1,788,820,790,-1,790,820,818,-1,790,818,792,-1,792,818,816,-1,792,816,794,-1,794,816,814,-1,794,814,796,-1,796,814,812,-1,796,812,798,-1,798,812,810,-1,798,810,800,-1,800,810,808,-1,800,808,802,-1,802,808,807,-1,802,807,804,-1,754,752,872,-1,872,752,750,-1,872,750,874,-1,874,750,748,-1,874,748,876,-1,876,748,746,-1,876,746,878,-1,878,746,744,-1,878,744,880,-1,880,744,742,-1,880,742,740,-1,908,909,910,-1,910,909,911,-1,912,908,913,-1,913,908,910,-1,912,913,914,-1,912,914,915,-1,915,914,916,-1,915,916,917,-1,918,917,919,-1,919,917,916,-1,920,918,921,-1,921,918,919,-1,922,920,923,-1,923,920,921,-1,924,922,925,-1,925,922,923,-1,926,924,927,-1,927,924,925,-1,928,926,929,-1,929,926,927,-1,928,929,930,-1,928,930,931,-1,931,930,932,-1,931,932,933,-1,933,932,934,-1,933,934,935,-1,935,934,936,-1,935,936,937,-1,937,936,938,-1,937,938,939,-1,939,938,940,-1,939,940,941,-1,941,940,942,-1,941,942,943,-1,943,942,944,-1,943,944,945,-1,945,944,946,-1,945,946,947,-1,947,946,948,-1,947,948,949,-1,950,949,951,-1,951,949,948,-1,950,951,952,-1,950,952,953,-1,953,952,954,-1,953,954,955,-1,955,954,956,-1,955,956,957,-1,957,956,958,-1,957,958,959,-1,959,958,960,-1,959,960,961,-1,961,960,962,-1,961,962,963,-1,963,962,964,-1,963,964,965,-1,965,964,966,-1,965,966,967,-1,967,966,968,-1,967,968,969,-1,969,968,970,-1,969,970,971,-1,971,970,972,-1,971,972,973,-1,973,972,974,-1,973,974,975,-1,975,974,976,-1,975,976,977,-1,977,976,978,-1,977,978,979,-1,909,979,911,-1,911,979,978,-1,915,917,979,-1,909,908,979,-1,979,908,912,-1,979,912,915,-1,922,924,920,-1,920,924,926,-1,920,926,918,-1,933,935,967,-1,967,935,965,-1,965,935,937,-1,965,937,963,-1,963,937,939,-1,963,939,961,-1,961,939,959,-1,959,939,941,-1,959,941,957,-1,957,941,943,-1,957,943,955,-1,967,969,933,-1,933,969,971,-1,933,971,931,-1,931,971,973,-1,931,973,928,-1,955,943,953,-1,953,943,945,-1,953,945,950,-1,950,945,947,-1,950,947,949,-1,973,975,928,-1,928,975,977,-1,928,977,926,-1,926,977,979,-1,926,979,918,-1,918,979,917,-1,940,938,960,-1,927,925,923,-1,910,911,913,-1,913,911,978,-1,960,938,962,-1,962,938,936,-1,962,936,964,-1,960,958,940,-1,940,958,956,-1,940,956,942,-1,942,956,954,-1,942,954,944,-1,944,954,952,-1,944,952,946,-1,946,952,951,-1,946,951,948,-1,964,936,966,-1,966,936,934,-1,966,934,968,-1,968,934,932,-1,968,932,970,-1,970,932,930,-1,970,930,972,-1,972,930,974,-1,974,930,929,-1,974,929,976,-1,919,916,978,-1,978,916,914,-1,978,914,913,-1,923,921,927,-1,927,921,919,-1,927,919,929,-1,929,919,978,-1,929,978,976,-1,980,981,982,-1,982,981,983,-1,984,980,985,-1,985,980,982,-1,986,984,987,-1,987,984,985,-1,988,986,989,-1,989,986,987,-1,990,988,991,-1,991,988,989,-1,992,990,993,-1,993,990,991,-1,994,992,995,-1,995,992,993,-1,996,994,997,-1,997,994,995,-1,998,996,999,-1,999,996,997,-1,1000,998,1001,-1,1001,998,999,-1,1002,1000,1003,-1,1003,1000,1001,-1,981,1002,983,-1,983,1002,1003,-1,996,998,994,-1,994,998,1000,-1,994,1000,992,-1,981,980,1002,-1,1002,980,984,-1,1002,984,986,-1,988,990,986,-1,986,990,992,-1,986,992,1002,-1,1002,992,1000,-1,1001,999,997,-1,997,995,1001,-1,1001,995,993,-1,1001,993,1003,-1,982,983,985,-1,985,983,1003,-1,985,1003,987,-1,987,1003,993,-1,987,993,989,-1,989,993,991,-1,1004,1005,1006,-1,1006,1005,1007,-1,1006,1007,1008,-1,1008,1007,1009,-1,1008,1009,1010,-1,1010,1009,1011,-1,1010,1011,1012,-1,1012,1011,1013,-1,1012,1013,1014,-1,1014,1013,1015,-1,1014,1015,1016,-1,1016,1015,1017,-1,1016,1017,1018,-1,1018,1017,1019,-1,1018,1019,1020,-1,1021,1022,1023,-1,1023,1022,1024,-1,1023,1024,1025,-1,1025,1024,1026,-1,1025,1026,1027,-1,1027,1026,1028,-1,1027,1028,1029,-1,1028,1030,1029,-1,1029,1030,1031,-1,1029,1031,1032,-1,1032,1031,1033,-1,1032,1033,1034,-1,1034,1033,1035,-1,1034,1035,1036,-1,1036,1035,1037,-1,1036,1037,1038,-1,1038,1037,1039,-1,1038,1039,1040,-1,1040,1039,1041,-1,1040,1041,1042,-1,1042,1041,1043,-1,1042,1043,1044,-1,1044,1043,1045,-1,1044,1045,1046,-1,1046,1045,1047,-1,1046,1047,1048,-1,1048,1047,1049,-1,1048,1049,1050,-1,1050,1049,1051,-1,1050,1051,1052,-1,1052,1051,1053,-1,1052,1053,1054,-1,1054,1053,1055,-1,1054,1055,1056,-1,1056,1055,1057,-1,1056,1057,1058,-1,1058,1057,1059,-1,1058,1059,1060,-1,1060,1059,1061,-1,1060,1061,1062,-1,1062,1061,1063,-1,1062,1063,1004,-1,1004,1063,1064,-1,1004,1064,1005,-1,1019,1065,1020,-1,1020,1065,1066,-1,1020,1066,1067,-1,1067,1066,1068,-1,1067,1068,1069,-1,1069,1068,1070,-1,1069,1070,1071,-1,1071,1070,1072,-1,1071,1072,1073,-1,1073,1072,1074,-1,1073,1074,1075,-1,1075,1074,1076,-1,1075,1076,1021,-1,1021,1076,1077,-1,1021,1077,1022,-1,1078,1079,1080,-1,1080,1079,1081,-1,1080,1081,1082,-1,1082,1081,1083,-1,1082,1083,1084,-1,1084,1083,1085,-1,1084,1085,1086,-1,1086,1085,1087,-1,1086,1087,1088,-1,1088,1087,1089,-1,1088,1089,1090,-1,1091,1092,1093,-1,1093,1092,1094,-1,1093,1094,1095,-1,1095,1094,1096,-1,1095,1096,1097,-1,1097,1096,1098,-1,1097,1098,1099,-1,1099,1098,1100,-1,1099,1100,1101,-1,1101,1100,1102,-1,1101,1102,1103,-1,1103,1102,1104,-1,1103,1104,1105,-1,1105,1104,1106,-1,1105,1106,1107,-1,1089,1108,1090,-1,1090,1108,1109,-1,1090,1109,1110,-1,1110,1109,1111,-1,1110,1111,1112,-1,1112,1111,1113,-1,1112,1113,1114,-1,1114,1113,1115,-1,1114,1115,1116,-1,1116,1115,1117,-1,1116,1117,1118,-1,1118,1117,1119,-1,1118,1119,1091,-1,1091,1119,1120,-1,1091,1120,1092,-1,1106,1121,1107,-1,1107,1121,1122,-1,1107,1122,1123,-1,1123,1122,1124,-1,1123,1124,1125,-1,1125,1124,1126,-1,1125,1126,1127,-1,1127,1126,1128,-1,1127,1128,1129,-1,1129,1128,1130,-1,1129,1130,1131,-1,1131,1130,1132,-1,1131,1132,1133,-1,1133,1132,1134,-1,1133,1134,1135,-1,1135,1134,1136,-1,1135,1136,1137,-1,1137,1136,1138,-1,1137,1138,1139,-1,1139,1138,1140,-1,1139,1140,1141,-1,1141,1140,1142,-1,1141,1142,1143,-1,1143,1142,1144,-1,1143,1144,1145,-1,1145,1144,1146,-1,1145,1146,1147,-1,1147,1146,1148,-1,1147,1148,1149,-1,1149,1148,1150,-1,1149,1150,1078,-1,1078,1150,1151,-1,1078,1151,1079,-1,1057,1055,1132,-1,1132,1055,1134,-1,1057,1132,1130,-1,1057,1130,1059,-1,1059,1130,1128,-1,1059,1128,1061,-1,1061,1128,1126,-1,1061,1126,1063,-1,1063,1126,1124,-1,1063,1124,1064,-1,1064,1124,1122,-1,1064,1122,1005,-1,1005,1122,1121,-1,1005,1121,1007,-1,1007,1121,1106,-1,1007,1106,1009,-1,1009,1106,1104,-1,1009,1104,1011,-1,1011,1104,1102,-1,1011,1102,1013,-1,1013,1102,1100,-1,1013,1100,1015,-1,1015,1100,1098,-1,1015,1098,1017,-1,1017,1098,1096,-1,1017,1096,1019,-1,1019,1096,1094,-1,1019,1094,1065,-1,1065,1094,1092,-1,1065,1092,1066,-1,1066,1092,1120,-1,1066,1120,1068,-1,1068,1120,1119,-1,1068,1119,1070,-1,1070,1119,1117,-1,1070,1117,1072,-1,1072,1117,1115,-1,1072,1115,1074,-1,1074,1115,1113,-1,1074,1113,1076,-1,1076,1113,1111,-1,1076,1111,1077,-1,1077,1111,1109,-1,1077,1109,1022,-1,1022,1109,1108,-1,1022,1108,1024,-1,1024,1108,1089,-1,1024,1089,1026,-1,1026,1089,1087,-1,1026,1087,1028,-1,1028,1087,1085,-1,1028,1085,1030,-1,1030,1085,1083,-1,1030,1083,1031,-1,1031,1083,1081,-1,1031,1081,1033,-1,1033,1081,1079,-1,1033,1079,1035,-1,1035,1079,1151,-1,1035,1151,1037,-1,1037,1151,1150,-1,1037,1150,1039,-1,1039,1150,1148,-1,1039,1148,1041,-1,1041,1148,1146,-1,1041,1146,1043,-1,1043,1146,1144,-1,1043,1144,1045,-1,1045,1144,1142,-1,1045,1142,1047,-1,1047,1142,1140,-1,1047,1140,1049,-1,1049,1140,1138,-1,1049,1138,1051,-1,1053,1051,1136,-1,1136,1051,1138,-1,1055,1053,1134,-1,1134,1053,1136,-1,1050,1052,1137,-1,1137,1052,1135,-1,1052,1054,1135,-1,1135,1054,1133,-1,1054,1056,1133,-1,1133,1056,1131,-1,1012,1101,1103,-1,1012,1103,1010,-1,1010,1103,1105,-1,1010,1105,1008,-1,1008,1105,1107,-1,1008,1107,1006,-1,1006,1107,1123,-1,1006,1123,1004,-1,1004,1123,1125,-1,1004,1125,1062,-1,1062,1125,1127,-1,1062,1127,1060,-1,1060,1127,1129,-1,1060,1129,1058,-1,1058,1129,1131,-1,1058,1131,1056,-1,1073,1114,1116,-1,1073,1116,1071,-1,1071,1116,1118,-1,1071,1118,1069,-1,1069,1118,1091,-1,1069,1091,1067,-1,1067,1091,1093,-1,1067,1093,1020,-1,1020,1093,1095,-1,1020,1095,1018,-1,1018,1095,1097,-1,1018,1097,1016,-1,1016,1097,1099,-1,1016,1099,1014,-1,1014,1099,1101,-1,1014,1101,1012,-1,1034,1080,1082,-1,1034,1082,1032,-1,1032,1082,1084,-1,1032,1084,1029,-1,1029,1084,1086,-1,1029,1086,1027,-1,1027,1086,1088,-1,1027,1088,1025,-1,1025,1088,1090,-1,1025,1090,1023,-1,1023,1090,1110,-1,1023,1110,1021,-1,1021,1110,1112,-1,1021,1112,1075,-1,1075,1112,1114,-1,1075,1114,1073,-1,1050,1137,1139,-1,1050,1139,1048,-1,1048,1139,1141,-1,1048,1141,1046,-1,1046,1141,1143,-1,1046,1143,1044,-1,1044,1143,1145,-1,1044,1145,1042,-1,1042,1145,1147,-1,1042,1147,1040,-1,1040,1147,1149,-1,1040,1149,1038,-1,1038,1149,1078,-1,1038,1078,1036,-1,1036,1078,1080,-1,1036,1080,1034,-1,1152,1153,1154,-1,1154,1153,1155,-1,1156,1157,1152,-1,1152,1157,1158,-1,1152,1158,1153,-1,1153,1158,1159,-1,1156,1160,1157,-1,1157,1160,1161,-1,1157,1161,1162,-1,1162,1161,1163,-1,1162,1163,1164,-1,1164,1165,1162,-1,1162,1165,1154,-1,1162,1154,1166,-1,1166,1154,1155,-1,1166,1155,1167,-1,1168,1169,1170,-1,1170,1169,1171,-1,1172,1173,1171,-1,1171,1173,1174,-1,1171,1174,1170,-1,1170,1174,1175,-1,1172,1176,1173,-1,1173,1176,1177,-1,1173,1177,1178,-1,1178,1177,1179,-1,1178,1179,1180,-1,1180,1181,1178,-1,1178,1181,1169,-1,1178,1169,1182,-1,1182,1169,1168,-1,1182,1168,1183,-1,1162,1166,1173,-1,1173,1166,1174,-1,1157,1162,1178,-1,1178,1162,1173,-1,1158,1157,1182,-1,1182,1157,1178,-1,1159,1158,1183,-1,1183,1158,1182,-1,1153,1159,1168,-1,1168,1159,1183,-1,1155,1153,1170,-1,1170,1153,1168,-1,1167,1155,1175,-1,1175,1155,1170,-1,1166,1167,1174,-1,1174,1167,1175,-1,1152,1154,1169,-1,1169,1154,1171,-1,1154,1165,1171,-1,1171,1165,1172,-1,1163,1177,1176,-1,1163,1176,1164,-1,1164,1176,1172,-1,1164,1172,1165,-1,1163,1161,1177,-1,1177,1161,1179,-1,1156,1181,1180,-1,1156,1180,1160,-1,1160,1180,1179,-1,1160,1179,1161,-1,1156,1152,1181,-1,1181,1152,1169,-1,1184,1185,1186,-1,1187,1188,1189,-1,1189,1188,1190,-1,1191,1192,1193,-1,1194,1195,1196,-1,1196,1195,1197,-1,1196,1197,1198,-1,1199,1200,1201,-1,1202,1203,1204,-1,1205,1206,1207,-1,1207,1206,1208,-1,1207,1208,1209,-1,1209,1208,1210,-1,1209,1210,1211,-1,1211,1210,1212,-1,1211,1212,1213,-1,1214,1215,1216,-1,1202,1204,1217,-1,1217,1204,1218,-1,1217,1218,1219,-1,1219,1218,1220,-1,1219,1220,1221,-1,1190,1222,1189,-1,1189,1222,1223,-1,1189,1223,1224,-1,1224,1223,1225,-1,1224,1225,1226,-1,1226,1225,1227,-1,1228,1229,1208,-1,1208,1229,1230,-1,1208,1230,1210,-1,1210,1230,1231,-1,1210,1231,1232,-1,1201,1200,1233,-1,1233,1200,1234,-1,1233,1234,1235,-1,1235,1234,1236,-1,1235,1236,1237,-1,1193,1192,1238,-1,1238,1192,1239,-1,1238,1239,1240,-1,1225,1241,1227,-1,1227,1241,1242,-1,1227,1242,1243,-1,1243,1242,1244,-1,1243,1244,1245,-1,1245,1244,1246,-1,1203,1202,1247,-1,1247,1202,1248,-1,1247,1248,1249,-1,1249,1248,1250,-1,1249,1250,1251,-1,1251,1250,1252,-1,1251,1252,1186,-1,1186,1252,1253,-1,1186,1253,1184,-1,1213,1254,1211,-1,1211,1254,1255,-1,1211,1255,1256,-1,1257,1258,1259,-1,1260,1261,1262,-1,1262,1261,1263,-1,1262,1263,1264,-1,1264,1263,1265,-1,1264,1265,1266,-1,1266,1265,1267,-1,1266,1267,1268,-1,1269,1270,1271,-1,1271,1270,1272,-1,1271,1272,1273,-1,1273,1272,1274,-1,1273,1274,1246,-1,1246,1274,1275,-1,1246,1275,1245,-1,1216,1215,1276,-1,1276,1215,1277,-1,1276,1277,1278,-1,1201,1279,1199,-1,1199,1279,1280,-1,1199,1280,1281,-1,1281,1280,1282,-1,1281,1282,1283,-1,1283,1282,1284,-1,1283,1284,1285,-1,1285,1284,1286,-1,1285,1286,1287,-1,1193,1288,1191,-1,1191,1288,1289,-1,1191,1289,1290,-1,1290,1289,1291,-1,1290,1291,1292,-1,1292,1291,1293,-1,1292,1293,1294,-1,1294,1293,1186,-1,1294,1186,1295,-1,1295,1186,1185,-1,1196,1296,1194,-1,1194,1296,1297,-1,1194,1297,1298,-1,1298,1297,1299,-1,1298,1299,1300,-1,1225,1301,1241,-1,1241,1301,1302,-1,1241,1302,1303,-1,1303,1302,1304,-1,1305,1306,1307,-1,1307,1306,1308,-1,1307,1308,1309,-1,1216,1310,1214,-1,1214,1310,1311,-1,1214,1311,1305,-1,1305,1311,1312,-1,1305,1312,1306,-1,1232,1313,1210,-1,1210,1313,1314,-1,1210,1314,1315,-1,1315,1314,1257,-1,1315,1257,1316,-1,1316,1257,1259,-1,1317,1318,1319,-1,1319,1318,1320,-1,1319,1320,1321,-1,1321,1320,1322,-1,1321,1322,1260,-1,1260,1322,1323,-1,1260,1323,1261,-1,1286,1324,1287,-1,1287,1324,1325,-1,1287,1325,1326,-1,1326,1325,1327,-1,1326,1327,1317,-1,1317,1327,1328,-1,1317,1328,1318,-1,1329,1330,1331,-1,1331,1330,1332,-1,1331,1332,1333,-1,1333,1332,1334,-1,1333,1334,1335,-1,1335,1334,1336,-1,1335,1336,1337,-1,1337,1336,1338,-1,1337,1338,1269,-1,1269,1338,1339,-1,1269,1339,1270,-1,1278,1277,1208,-1,1208,1277,1340,-1,1208,1340,1228,-1,1187,1189,1258,-1,1258,1189,1341,-1,1258,1341,1342,-1,1342,1343,1258,-1,1258,1343,1344,-1,1258,1344,1345,-1,1346,1347,1348,-1,1349,1350,1351,-1,1351,1350,1352,-1,1308,1353,1309,-1,1309,1353,1354,-1,1309,1354,1355,-1,1355,1354,1356,-1,1355,1356,1304,-1,1304,1356,1357,-1,1304,1357,1303,-1,1345,1358,1258,-1,1258,1358,1359,-1,1258,1359,1259,-1,1198,1360,1196,-1,1196,1360,1361,-1,1196,1361,1362,-1,1362,1361,1363,-1,1362,1363,1364,-1,1364,1363,1268,-1,1364,1268,1365,-1,1365,1268,1267,-1,1366,1367,1346,-1,1346,1367,1368,-1,1346,1368,1347,-1,1236,1369,1237,-1,1237,1369,1346,-1,1237,1346,1370,-1,1370,1346,1348,-1,1240,1239,1371,-1,1371,1239,1372,-1,1371,1372,1349,-1,1349,1372,1373,-1,1349,1373,1350,-1,1220,1374,1221,-1,1221,1374,1375,-1,1221,1375,1376,-1,1376,1375,1377,-1,1376,1377,1329,-1,1329,1377,1378,-1,1329,1378,1330,-1,1379,1380,1381,-1,1380,1382,1381,-1,1381,1382,1383,-1,1381,1383,1384,-1,1366,1346,1381,-1,1381,1346,1385,-1,1381,1385,1379,-1,1299,1386,1300,-1,1300,1386,1387,-1,1300,1387,1388,-1,1388,1387,1389,-1,1388,1389,1390,-1,1390,1389,1391,-1,1390,1391,1392,-1,1392,1391,1393,-1,1392,1393,1394,-1,1394,1393,1395,-1,1394,1395,1352,-1,1352,1395,1396,-1,1352,1396,1351,-1,1397,1398,1399,-1,1399,1398,1400,-1,1401,1402,1403,-1,1401,1403,1404,-1,1405,1406,1407,-1,1407,1406,1408,-1,1408,1409,1410,-1,1411,1412,1413,-1,1413,1412,1407,-1,1413,1407,1414,-1,1415,1416,1417,-1,1417,1416,1418,-1,1419,1420,1421,-1,1421,1420,1422,-1,1423,1424,1425,-1,1425,1424,1426,-1,1425,1426,1427,-1,1427,1426,1428,-1,1427,1428,1429,-1,1430,1431,1432,-1,1408,1433,1409,-1,1409,1433,1434,-1,1409,1434,1435,-1,1410,1436,1408,-1,1408,1436,1399,-1,1408,1399,1407,-1,1407,1399,1400,-1,1407,1400,1414,-1,1437,1438,1439,-1,1418,1440,1417,-1,1417,1440,1403,-1,1417,1403,1441,-1,1441,1403,1402,-1,1422,1442,1421,-1,1421,1442,1443,-1,1421,1443,1444,-1,1444,1443,1429,-1,1444,1429,1445,-1,1445,1429,1428,-1,1446,1447,1448,-1,1448,1447,1449,-1,1448,1449,1450,-1,1450,1449,1451,-1,1450,1451,1452,-1,1432,1431,1453,-1,1453,1431,1454,-1,1453,1454,1455,-1,1456,1457,1451,-1,1435,1458,1409,-1,1409,1458,1459,-1,1409,1459,1460,-1,1460,1459,1461,-1,1460,1461,1462,-1,1462,1461,1463,-1,1462,1463,1464,-1,1464,1463,1465,-1,1465,1463,1466,-1,1465,1466,1467,-1,1467,1466,1468,-1,1468,1466,1469,-1,1468,1469,1470,-1,1470,1469,1471,-1,1470,1471,1472,-1,1472,1471,1473,-1,1473,1471,1474,-1,1473,1474,1475,-1,1475,1474,1476,-1,1475,1476,1417,-1,1477,1478,1413,-1,1413,1478,1479,-1,1413,1479,1411,-1,1455,1454,1480,-1,1480,1454,1481,-1,1480,1481,1421,-1,1421,1481,1482,-1,1421,1482,1419,-1,1483,1484,1485,-1,1485,1484,1486,-1,1485,1486,1487,-1,1487,1486,1488,-1,1487,1488,1489,-1,1489,1488,1490,-1,1489,1490,1491,-1,1492,1493,1494,-1,1494,1493,1495,-1,1494,1495,1496,-1,1496,1495,1497,-1,1496,1497,1498,-1,1457,1499,1451,-1,1451,1499,1500,-1,1451,1500,1452,-1,1476,1501,1417,-1,1417,1501,1502,-1,1417,1502,1415,-1,1415,1502,1503,-1,1504,1505,1506,-1,1506,1505,1507,-1,1506,1507,1508,-1,1509,1510,1511,-1,1511,1510,1512,-1,1511,1512,1513,-1,1513,1512,1514,-1,1513,1514,1515,-1,1515,1514,1516,-1,1515,1516,1517,-1,1517,1516,1518,-1,1517,1518,1504,-1,1504,1518,1519,-1,1504,1519,1505,-1,1520,1521,1509,-1,1439,1438,1522,-1,1522,1438,1523,-1,1522,1523,1407,-1,1407,1523,1524,-1,1407,1524,1405,-1,1507,1525,1508,-1,1508,1525,1526,-1,1508,1526,1527,-1,1527,1526,1528,-1,1527,1528,1529,-1,1529,1528,1530,-1,1529,1530,1423,-1,1423,1530,1531,-1,1423,1531,1424,-1,1521,1532,1509,-1,1509,1532,1533,-1,1509,1533,1510,-1,1534,1535,1536,-1,1536,1535,1537,-1,1497,1538,1498,-1,1498,1538,1539,-1,1498,1539,1540,-1,1540,1539,1541,-1,1540,1541,1483,-1,1483,1541,1542,-1,1483,1542,1484,-1,1451,1543,1456,-1,1456,1543,1544,-1,1456,1544,1545,-1,1545,1544,1546,-1,1545,1546,1547,-1,1547,1546,1548,-1,1547,1548,1549,-1,1549,1548,1550,-1,1549,1550,1492,-1,1492,1550,1551,-1,1492,1551,1493,-1,1503,1552,1415,-1,1415,1552,1553,-1,1415,1553,1554,-1,1554,1553,1555,-1,1554,1555,1556,-1,1556,1555,1557,-1,1556,1557,1558,-1,1558,1557,1437,-1,1558,1437,1559,-1,1559,1437,1439,-1,1490,1560,1491,-1,1491,1560,1561,-1,1491,1561,1562,-1,1562,1561,1563,-1,1562,1563,1564,-1,1564,1563,1565,-1,1564,1565,1566,-1,1566,1565,1567,-1,1566,1567,1568,-1,1568,1567,1569,-1,1568,1569,1570,-1,1570,1569,1571,-1,1570,1571,1536,-1,1536,1571,1572,-1,1536,1572,1534,-1,1537,1573,1536,-1,1536,1573,1574,-1,1536,1574,1575,-1,1404,1403,1509,-1,1509,1403,1576,-1,1509,1576,1577,-1,1578,1579,1575,-1,1575,1579,1580,-1,1575,1580,1581,-1,1577,1582,1509,-1,1509,1582,1583,-1,1509,1583,1520,-1,1584,1585,1586,-1,1586,1585,1587,-1,1586,1587,1446,-1,1446,1587,1588,-1,1446,1588,1447,-1,1432,1589,1430,-1,1430,1589,1590,-1,1430,1590,1591,-1,1591,1590,1592,-1,1591,1592,1593,-1,1593,1592,1594,-1,1593,1594,1595,-1,1595,1594,1596,-1,1595,1596,1597,-1,1597,1596,1598,-1,1597,1598,1599,-1,1599,1598,1600,-1,1599,1600,1601,-1,1601,1600,1602,-1,1601,1602,1603,-1,1603,1602,1604,-1,1603,1604,1605,-1,1605,1604,1606,-1,1605,1606,1584,-1,1584,1606,1607,-1,1584,1607,1585,-1,1581,1608,1575,-1,1575,1608,1609,-1,1575,1609,1536,-1,1320,1538,1497,-1,1320,1497,1322,-1,1322,1497,1495,-1,1322,1495,1323,-1,1323,1495,1493,-1,1323,1493,1261,-1,1261,1493,1551,-1,1261,1551,1263,-1,1263,1551,1550,-1,1263,1550,1265,-1,1265,1550,1548,-1,1265,1548,1267,-1,1267,1548,1546,-1,1267,1546,1365,-1,1365,1546,1544,-1,1365,1544,1364,-1,1364,1544,1543,-1,1364,1543,1362,-1,1362,1543,1451,-1,1362,1451,1196,-1,1196,1451,1449,-1,1196,1449,1296,-1,1296,1449,1447,-1,1296,1447,1297,-1,1297,1447,1588,-1,1297,1588,1299,-1,1299,1588,1587,-1,1299,1587,1386,-1,1386,1587,1585,-1,1386,1585,1387,-1,1387,1585,1607,-1,1387,1607,1389,-1,1389,1607,1606,-1,1389,1606,1391,-1,1391,1606,1604,-1,1391,1604,1393,-1,1393,1604,1602,-1,1393,1602,1395,-1,1395,1602,1600,-1,1395,1600,1396,-1,1396,1600,1598,-1,1396,1598,1351,-1,1351,1598,1596,-1,1351,1596,1349,-1,1349,1596,1594,-1,1349,1594,1371,-1,1371,1594,1592,-1,1371,1592,1240,-1,1240,1592,1590,-1,1240,1590,1238,-1,1238,1590,1589,-1,1238,1589,1193,-1,1193,1589,1432,-1,1193,1432,1288,-1,1288,1432,1453,-1,1288,1453,1289,-1,1289,1453,1455,-1,1289,1455,1291,-1,1291,1455,1480,-1,1291,1480,1293,-1,1293,1480,1421,-1,1293,1421,1186,-1,1186,1421,1444,-1,1186,1444,1251,-1,1251,1444,1445,-1,1251,1445,1249,-1,1249,1445,1428,-1,1249,1428,1247,-1,1247,1428,1426,-1,1247,1426,1203,-1,1203,1426,1424,-1,1203,1424,1204,-1,1204,1424,1531,-1,1204,1531,1218,-1,1218,1531,1530,-1,1218,1530,1220,-1,1220,1530,1528,-1,1220,1528,1374,-1,1374,1528,1526,-1,1374,1526,1375,-1,1375,1526,1525,-1,1375,1525,1377,-1,1377,1525,1507,-1,1377,1507,1378,-1,1378,1507,1505,-1,1378,1505,1330,-1,1330,1505,1519,-1,1330,1519,1332,-1,1332,1519,1518,-1,1332,1518,1334,-1,1334,1518,1516,-1,1334,1516,1336,-1,1336,1516,1514,-1,1336,1514,1338,-1,1338,1514,1512,-1,1338,1512,1339,-1,1339,1512,1510,-1,1339,1510,1270,-1,1270,1510,1533,-1,1270,1533,1272,-1,1272,1533,1532,-1,1272,1532,1274,-1,1274,1532,1521,-1,1274,1521,1275,-1,1275,1521,1520,-1,1275,1520,1245,-1,1245,1520,1583,-1,1245,1583,1243,-1,1243,1583,1582,-1,1243,1582,1227,-1,1227,1582,1577,-1,1227,1577,1226,-1,1226,1577,1576,-1,1226,1576,1224,-1,1224,1576,1403,-1,1224,1403,1189,-1,1189,1403,1440,-1,1189,1440,1341,-1,1341,1440,1418,-1,1341,1418,1342,-1,1342,1418,1416,-1,1342,1416,1343,-1,1343,1416,1415,-1,1343,1415,1344,-1,1344,1415,1554,-1,1344,1554,1345,-1,1345,1554,1556,-1,1345,1556,1358,-1,1358,1556,1558,-1,1358,1558,1359,-1,1359,1558,1559,-1,1359,1559,1259,-1,1259,1559,1439,-1,1259,1439,1316,-1,1316,1439,1522,-1,1316,1522,1315,-1,1315,1522,1407,-1,1315,1407,1210,-1,1210,1407,1412,-1,1210,1412,1212,-1,1212,1412,1411,-1,1212,1411,1213,-1,1213,1411,1479,-1,1213,1479,1254,-1,1254,1479,1478,-1,1254,1478,1255,-1,1255,1478,1477,-1,1255,1477,1256,-1,1256,1477,1413,-1,1256,1413,1211,-1,1211,1413,1414,-1,1211,1414,1209,-1,1207,1209,1400,-1,1400,1209,1414,-1,1205,1207,1398,-1,1398,1207,1400,-1,1206,1205,1397,-1,1397,1205,1398,-1,1208,1206,1399,-1,1399,1206,1397,-1,1208,1399,1436,-1,1208,1436,1278,-1,1278,1436,1410,-1,1278,1410,1276,-1,1276,1410,1409,-1,1276,1409,1216,-1,1216,1409,1460,-1,1216,1460,1310,-1,1310,1460,1462,-1,1310,1462,1311,-1,1311,1462,1464,-1,1311,1464,1312,-1,1312,1464,1465,-1,1312,1465,1306,-1,1306,1465,1467,-1,1306,1467,1308,-1,1308,1467,1468,-1,1308,1468,1353,-1,1353,1468,1470,-1,1353,1470,1354,-1,1354,1470,1472,-1,1354,1472,1356,-1,1356,1472,1473,-1,1356,1473,1357,-1,1357,1473,1475,-1,1357,1475,1303,-1,1303,1475,1417,-1,1303,1417,1241,-1,1241,1417,1441,-1,1241,1441,1242,-1,1242,1441,1402,-1,1242,1402,1244,-1,1244,1402,1401,-1,1244,1401,1246,-1,1246,1401,1404,-1,1246,1404,1273,-1,1273,1404,1509,-1,1273,1509,1271,-1,1271,1509,1511,-1,1271,1511,1269,-1,1269,1511,1513,-1,1269,1513,1337,-1,1337,1513,1515,-1,1337,1515,1335,-1,1335,1515,1517,-1,1335,1517,1333,-1,1333,1517,1504,-1,1333,1504,1331,-1,1331,1504,1506,-1,1331,1506,1329,-1,1329,1506,1508,-1,1329,1508,1376,-1,1376,1508,1527,-1,1376,1527,1221,-1,1221,1527,1529,-1,1221,1529,1219,-1,1219,1529,1423,-1,1219,1423,1217,-1,1217,1423,1425,-1,1217,1425,1202,-1,1202,1425,1427,-1,1202,1427,1248,-1,1248,1427,1429,-1,1248,1429,1250,-1,1250,1429,1443,-1,1250,1443,1252,-1,1252,1443,1442,-1,1252,1442,1253,-1,1253,1442,1422,-1,1253,1422,1184,-1,1184,1422,1420,-1,1184,1420,1185,-1,1185,1420,1419,-1,1185,1419,1295,-1,1295,1419,1482,-1,1295,1482,1294,-1,1294,1482,1481,-1,1294,1481,1292,-1,1292,1481,1454,-1,1292,1454,1290,-1,1290,1454,1431,-1,1290,1431,1191,-1,1191,1431,1430,-1,1191,1430,1192,-1,1192,1430,1591,-1,1192,1591,1239,-1,1239,1591,1593,-1,1239,1593,1372,-1,1372,1593,1595,-1,1372,1595,1373,-1,1373,1595,1597,-1,1373,1597,1350,-1,1350,1597,1599,-1,1350,1599,1352,-1,1352,1599,1601,-1,1352,1601,1394,-1,1394,1601,1603,-1,1394,1603,1392,-1,1392,1603,1605,-1,1392,1605,1390,-1,1390,1605,1584,-1,1390,1584,1388,-1,1388,1584,1586,-1,1388,1586,1300,-1,1300,1586,1446,-1,1300,1446,1298,-1,1298,1446,1448,-1,1298,1448,1194,-1,1194,1448,1450,-1,1194,1450,1195,-1,1195,1450,1452,-1,1195,1452,1197,-1,1197,1452,1500,-1,1197,1500,1198,-1,1360,1198,1499,-1,1499,1198,1500,-1,1360,1499,1457,-1,1360,1457,1361,-1,1361,1457,1456,-1,1361,1456,1363,-1,1363,1456,1545,-1,1363,1545,1268,-1,1268,1545,1547,-1,1268,1547,1266,-1,1266,1547,1549,-1,1266,1549,1264,-1,1264,1549,1492,-1,1264,1492,1262,-1,1262,1492,1494,-1,1262,1494,1260,-1,1260,1494,1496,-1,1260,1496,1321,-1,1321,1496,1498,-1,1321,1498,1319,-1,1319,1498,1540,-1,1319,1540,1317,-1,1317,1540,1483,-1,1317,1483,1326,-1,1326,1483,1485,-1,1326,1485,1287,-1,1287,1485,1487,-1,1287,1487,1285,-1,1285,1487,1489,-1,1285,1489,1283,-1,1283,1489,1491,-1,1283,1491,1281,-1,1281,1491,1562,-1,1281,1562,1199,-1,1199,1562,1564,-1,1199,1564,1200,-1,1200,1564,1566,-1,1200,1566,1234,-1,1236,1234,1568,-1,1568,1234,1566,-1,1236,1568,1570,-1,1236,1570,1369,-1,1369,1570,1536,-1,1369,1536,1346,-1,1346,1536,1609,-1,1346,1609,1385,-1,1385,1609,1608,-1,1385,1608,1379,-1,1379,1608,1581,-1,1379,1581,1380,-1,1380,1581,1580,-1,1380,1580,1382,-1,1382,1580,1579,-1,1382,1579,1383,-1,1383,1579,1578,-1,1383,1578,1384,-1,1384,1578,1575,-1,1384,1575,1381,-1,1381,1575,1574,-1,1381,1574,1366,-1,1366,1574,1573,-1,1366,1573,1367,-1,1367,1573,1537,-1,1367,1537,1368,-1,1368,1537,1535,-1,1368,1535,1347,-1,1347,1535,1534,-1,1347,1534,1348,-1,1348,1534,1572,-1,1348,1572,1370,-1,1370,1572,1571,-1,1370,1571,1237,-1,1237,1571,1569,-1,1237,1569,1235,-1,1233,1235,1567,-1,1567,1235,1569,-1,1233,1567,1565,-1,1233,1565,1201,-1,1201,1565,1563,-1,1201,1563,1279,-1,1279,1563,1561,-1,1279,1561,1280,-1,1280,1561,1560,-1,1280,1560,1282,-1,1282,1560,1490,-1,1282,1490,1284,-1,1284,1490,1488,-1,1284,1488,1286,-1,1286,1488,1486,-1,1286,1486,1324,-1,1324,1486,1484,-1,1324,1484,1325,-1,1325,1484,1542,-1,1325,1542,1327,-1,1327,1542,1541,-1,1327,1541,1328,-1,1328,1541,1539,-1,1328,1539,1318,-1,1318,1539,1538,-1,1318,1538,1320,-1,1305,1463,1461,-1,1305,1461,1214,-1,1214,1461,1459,-1,1214,1459,1215,-1,1215,1459,1458,-1,1215,1458,1277,-1,1277,1458,1435,-1,1277,1435,1340,-1,1340,1435,1434,-1,1340,1434,1228,-1,1228,1434,1433,-1,1228,1433,1229,-1,1229,1433,1408,-1,1229,1408,1230,-1,1230,1408,1406,-1,1230,1406,1231,-1,1231,1406,1405,-1,1231,1405,1232,-1,1232,1405,1524,-1,1232,1524,1313,-1,1313,1524,1523,-1,1313,1523,1314,-1,1314,1523,1438,-1,1314,1438,1257,-1,1257,1438,1437,-1,1257,1437,1258,-1,1258,1437,1557,-1,1258,1557,1187,-1,1187,1557,1555,-1,1187,1555,1188,-1,1188,1555,1553,-1,1188,1553,1190,-1,1190,1553,1552,-1,1190,1552,1222,-1,1222,1552,1503,-1,1222,1503,1223,-1,1223,1503,1502,-1,1223,1502,1225,-1,1225,1502,1501,-1,1225,1501,1301,-1,1301,1501,1476,-1,1301,1476,1302,-1,1302,1476,1474,-1,1302,1474,1304,-1,1304,1474,1471,-1,1304,1471,1355,-1,1355,1471,1469,-1,1355,1469,1309,-1,1309,1469,1466,-1,1309,1466,1307,-1,1307,1466,1463,-1,1307,1463,1305,-1,
        ]
    }
}